Year,STN_Code,Monitoring_Location,State,Temp_Min_C,Temp_Max_C,pH_Min,pH_Max,Conductivity_Min,Conductivity_Max,BOD_Min,BOD_Max,NitrateN_NitriteN_Min,NitrateN_NitriteN_Max,Fecal_Coliform_Min,Fecal_Coliform_Max,Total_Coliform_Min,Total_Coliform_Max,TDS_Min,TDS_Max,Fluoride_Min,Fluoride_Max,Arsenic_Min,Arsenic_Max,Temp_Mean,Temp_Exceeds_BIS,pH_Mean,pH_Exceeds_BIS,Conductivity_Mean,BOD_Mean,NitrateN_NitriteN_Mean,NitrateN_NitriteN_Exceeds_BIS,Fecal_Coliform_Mean,Total_Coliform_Mean,TDS_Mean,TDS_Exceeds_BIS,Fluoride_Mean,Fluoride_Exceeds_BIS,Arsenic_Mean,Arsenic_Exceeds_BIS
2024,26,"BORE WELL AT KANURU PANCHAYAT,",Andhra Pradesh,26.0,28.0,7.36,7.48,2384.0,2498.0,1.8,2.2,2.1,2.22,3.0,3.0,7.0,11.0,1390.0,1463.0,0.69,0.82,0.00049,0.00049,27.0,0,7.42,0,2441.0,2.0,2.16,0,3.0,9.0,1426.5,0,0.7549999999999999,0,0.00049,0
2024,1513,"VIJAYAWADA BORE WELL AT AUTONAGAR, VIJAYAWADA.( IN THE R/O OF MR",Andhra Pradesh,24.0,27.0,7.36,7.52,2074.0,2138.0,1.7,2.0,2.17,2.26,3.0,3.0,9.0,11.0,1220.0,1280.0,0.68,0.73,0.00049,0.00049,25.5,0,7.4399999999999995,0,2106.0,1.85,2.215,0,3.0,10.0,1250.0,0,0.7050000000000001,0,0.00049,0
2024,1514,"SATYANARAYANA PLOT NO:79 H.NO:74-1- 7/2C,AUTO NAGAR VIJAYAWADA) BORE WELL AT AUTONAGAR, VIJAYAWADA.",Andhra Pradesh,25.0,26.0,7.46,7.53,2148.0,2210.0,2.1,2.3,2.51,2.59,3.0,3.0,9.0,11.0,1260.0,1340.0,0.69,0.71,0.00049,0.00049,25.5,0,7.495,0,2179.0,2.2,2.55,0,3.0,10.0,1300.0,0,0.7,0,0.00049,0
2024,1516,"( IN THE R/O OF MR. VIJAY KUMAR) BOREWELL OF NAVLOK GARDENS,",Andhra Pradesh,28.0,30.0,7.76,7.9,1120.0,1260.0,1.0,1.9,1.37,5.95,1.8,4.0,10.0,12.0,664.0,736.0,0.69,0.75,0.00049,0.00049,29.0,0,7.83,0,1190.0,1.45,3.66,0,2.9,11.0,700.0,0,0.72,0,0.00049,0
2024,1517,"NELLORE TOWN BOREWELL NEAR TUNGBHADRA RIVER,",Andhra Pradesh,24.0,25.0,7.6,7.9,2365.0,4130.0,1.0,1.1,3.05,12.3,1.8,1.8,4.0,11.0,1365.0,2721.0,0.5,0.62,,,24.5,0,7.75,0,3247.5,1.05,7.675000000000001,0,1.8,7.5,2043.0,1,0.56,0,,0
2024,1518,"BOREWELL AT NANDYAL TOWN MAMIDALAPADU (V), KURNOOL (M)",Andhra Pradesh,24.0,25.0,7.2,7.7,5940.0,6445.0,1.0,1.0,4.97,8.3,2.0,3.0,10.0,17.0,3540.0,3800.0,0.6,1.08,,,24.5,0,7.45,0,6192.5,1.0,6.635,0,2.5,13.5,3670.0,1,0.8400000000000001,0,,0
2024,1519,BOREWELL AT NAGIRI TOWN,Andhra Pradesh,26.0,27.0,7.2,7.4,1832.0,1854.0,1.0,1.0,6.76,9.72,1.8,1.8,6.0,8.0,1021.0,1022.0,0.66,0.69,,,26.5,0,7.300000000000001,0,1843.0,1.0,8.24,0,1.8,7.0,1021.5,0,0.675,0,,0
2024,1520,BOREWELL NEAR SWARNAMUKHI RIVER,Andhra Pradesh,26.0,28.0,7.5,7.5,1053.0,1095.0,1.0,1.0,0.76,0.87,1.8,1.8,9.0,12.0,599.0,608.0,0.62,0.77,,,27.0,0,7.5,0,1074.0,1.0,0.815,0,1.8,10.5,603.5,0,0.6950000000000001,0,,0
2024,1521,"AT SRIKALAHASTI TOWN OPEN WELL NEAR RAMA TEMPLE, WARD",Andhra Pradesh,27.0,28.0,7.39,7.55,1396.0,1399.0,2.0,2.6,5.66,7.67,1.8,1.8,3.0,3.0,928.0,936.0,0.2,0.74,0.001,0.001,27.5,0,7.47,0,1397.5,2.3,6.665,0,1.8,3.0,932.0,0,0.47,0,0.001,0
2024,1522,"NO.2, MINDI, VISAKHAPATNAM OPEN WELL PEDDANUVVI, PONNADA (V),",Andhra Pradesh,26.0,32.0,6.97,7.33,1674.0,1704.0,2.0,2.4,6.16,7.85,1.8,1.8,3.0,39.0,1108.0,1156.0,0.2,0.99,0.001,0.001,29.0,0,7.15,0,1689.0,2.2,7.005,0,1.8,21.0,1132.0,0,0.595,0,0.001,0
2024,1523,ETCHERLA (M) BOREWELL NEAR M/S ANDHRA SUGARS,Andhra Pradesh,26.0,28.0,7.36,7.41,352.0,796.0,1.4,3.6,0.8,1.79,1.8,1.8,3.0,3.0,244.0,528.0,0.31,0.82,0.001,0.001,27.0,0,7.385,0,574.0,2.5,1.295,0,1.8,3.0,386.0,0,0.565,0,0.001,0
2024,1524,"LTD., KOVVUR TOWN OPEN WELL NEAR PARTAP NAGAR",Andhra Pradesh,26.0,29.0,7.39,7.64,1203.0,1302.0,1.2,2.2,0.7,0.71,1.8,1.8,3.0,3.0,792.0,840.0,0.35,0.67,0.001,0.001,27.5,0,7.515,0,1252.5,1.7000000000000002,0.705,0,1.8,3.0,816.0,0,0.51,0,0.001,0
2024,3087,"OFFICE, PATHAPADU (V), VIJAYAWADA BRIDGE - KAKINADA TOWN BOREWELL NEAR GRAMPANCHAYAT",Andhra Pradesh,24.0,28.0,6.96,7.62,2105.0,2160.0,1.8,2.0,2.36,2.42,3.0,3.0,9.0,11.0,1240.0,1278.0,0.65,0.69,0.00049,0.00049,26.0,0,7.29,0,2132.5,1.9,2.3899999999999997,0,3.0,10.0,1259.0,0,0.6699999999999999,0,0.00049,0
2024,3089,"RURAL HAND PUMP AT TANAM (V), PARAWADA",Andhra Pradesh,29.0,29.0,8.1,8.2,1840.0,2107.0,1.7,2.1,0.32,4.27,1.8,1.8,3.0,3.0,1200.0,1388.0,0.66,0.82,0.00049,0.00049,29.0,0,8.149999999999999,0,1973.5,1.9,2.295,0,1.8,3.0,1294.0,0,0.74,0,0.00049,0
2024,3090,"(M) HAND PUMP AT PITTAVANIPALEM (V),",Andhra Pradesh,27.0,28.0,7.34,7.56,1515.0,1696.0,1.6,1.9,0.63,9.86,1.8,1.8,3.0,3.0,1020.0,1090.0,0.2,0.62,0.00049,0.00049,27.5,0,7.449999999999999,0,1605.5,1.75,5.245,0,1.8,3.0,1055.0,0,0.41000000000000003,0,0.00049,0
2024,3091,PARAWADA (M) BORE WELL AT KAPULUPPADA,Andhra Pradesh,24.0,28.0,7.0,7.23,2682.0,3210.0,1.8,3.4,9.41,9.62,1.8,1.8,3.0,3.0,1720.0,2012.0,0.2,1.08,0.00049,0.00049,26.0,0,7.115,0,2946.0,2.6,9.515,0,1.8,3.0,1866.0,1,0.64,0,0.00049,0
2024,3092,"DUMPSITE, VISHAKHAPATNAM BORE WELL AT ARINAM AKKIVALASA (V),",Andhra Pradesh,26.0,30.0,7.13,7.38,1320.0,1555.0,1.8,1.9,4.35,5.22,1.8,1.8,3.0,3.0,832.0,1040.0,0.2,1.06,0.001,0.001,28.0,0,7.255,0,1437.5,1.85,4.785,0,1.8,3.0,936.0,0,0.63,0,0.001,0
2024,3093,"ETCHERLA (M) BORE WELL AT ALLADAPALEM (V),",Andhra Pradesh,23.0,25.0,7.6,7.77,1052.0,1185.0,2.0,2.8,4.37,6.05,1.8,1.8,3.0,3.0,640.0,796.0,0.43,0.96,0.00049,0.00049,24.0,0,7.685,0,1118.5,2.4,5.21,0,1.8,3.0,718.0,0,0.695,0,0.00049,0
2024,4350,"UDDANAM REGION, AMALAPADU (V), PUSAPATIREGA(M) BOREWELL AT ZP HIGH SCHOOL,",Andhra Pradesh,30.0,34.0,6.9,6.92,1117.0,1258.0,3.2,3.8,8.63,9.84,1.8,1.8,3.0,3.0,722.0,836.0,0.2,0.83,0.001,0.001,32.0,0,6.91,0,1187.5,3.5,9.235,0,1.8,3.0,779.0,0,0.515,0,0.001,0
2024,4353,"GAJAPATHINAGARAM VILLAGE, BORE WELL AT MANGARAJU HOUSE,",Andhra Pradesh,25.0,26.0,7.64,8.02,3090.0,3385.0,2.0,2.4,8.48,9.36,1.8,1.8,1.8,3.0,2020.0,2165.0,0.41,1.27,,,25.5,0,7.83,0,3237.5,2.2,8.92,0,1.8,2.4,2092.5,1,0.84,0,,0
2024,4354,"PAYAKARAOPETA (M) BORE WELL, SRI NOOKATATA TEMPLE",Andhra Pradesh,26.0,27.0,7.18,7.94,1444.0,12070.0,1.6,3.6,1.87,8.75,1.8,1.8,3.0,3.0,956.0,7932.0,0.36,0.92,,,26.5,0,7.5600000000000005,0,6757.0,2.6,5.3100000000000005,0,1.8,3.0,4444.0,1,0.64,0,,0
2024,4355,"RAJAYYAPETA VILLAGE, NAKKAPALLI (M) BORE WELL, CHIPPADA (V),",Andhra Pradesh,26.0,26.0,6.69,6.9,790.0,906.0,2.0,2.3,6.97,8.51,1.8,1.8,3.0,3.0,516.0,620.0,0.2,0.97,0.00049,0.00049,26.0,0,6.795,0,848.0,2.15,7.74,0,1.8,3.0,568.0,0,0.585,0,0.00049,0
2024,4360,"BHEEMUNIPATNAM (M) BORE WELL AT IDA, RAMANAYYAPETA,",Andhra Pradesh,27.0,28.0,7.76,7.9,960.0,1057.0,1.1,2.1,5.58,6.44,1.8,1.8,3.0,3.0,624.0,772.0,0.21,0.28,0.004,0.004,27.5,0,7.83,0,1008.5,1.6,6.01,0,1.8,3.0,698.0,0,0.245,0,0.004,0
2024,4364,"KAKINADA TOWN BORE WALL AT RAJIV GRUHAKALAPA, NEAR AP PAPER MILLS WORKERS",Andhra Pradesh,27.0,29.0,7.31,7.56,1007.0,1062.0,1.3,3.8,0.41,0.56,1.8,1.8,3.0,3.0,604.0,712.0,0.2,0.46,0.001,0.001,28.0,0,7.435,0,1034.5,2.55,0.485,0,1.8,3.0,658.0,0,0.33,0,0.001,0
2024,4376,"KONDAPALLI, KONDAPALLI (V), COLONY, MALLAYYAPETA, KATHERU, RAJAMAHENDRAVARAM BOREWELL WATER , APIIC OFFICE, IDA",Andhra Pradesh,22.0,28.0,7.29,7.34,7700.0,7840.0,2.5,2.6,3.39,3.67,3.0,4.0,9.0,11.0,4600.0,4740.0,0.64,0.69,0.00049,0.00049,25.0,0,7.3149999999999995,0,7770.0,2.55,3.5300000000000002,0,3.5,10.0,4670.0,1,0.665,0,0.00049,0
2024,4377,IBRAHIMPATNAM (M) BOREWELL AT IMITATION JEWELLARY,Andhra Pradesh,26.0,28.0,8.06,8.1,7320.0,9400.0,2.4,2.7,3.3,4.59,3.0,4.0,9.0,11.0,4390.0,5820.0,0.76,0.87,0.00049,0.00049,27.0,0,8.08,0,8360.0,2.55,3.945,0,3.5,10.0,5105.0,1,0.815,0,0.00049,0
2024,4380,"SWAMY TEMPLE, VENKATA PALEM (V), PARK, MACHILIPTNAM TOWN BOREWELL WATER , SRI VENKATESWARA",Andhra Pradesh,22.0,31.0,7.19,7.48,758.0,760.0,1.6,1.8,0.85,0.9,3.0,3.0,9.0,9.0,440.0,448.0,0.56,0.59,0.00049,0.00049,26.5,0,7.335000000000001,0,759.0,1.7000000000000002,0.875,0,3.0,9.0,444.0,0,0.575,0,0.00049,0
2024,4382,"STATION, AUTONAGAR, PEDAKAKANI (V TULLUR (M) BOREWELL AT PEDAKAKANI POLICE",Andhra Pradesh,24.0,29.0,7.51,7.58,4210.0,4326.0,2.2,2.3,5.1,5.41,3.0,4.0,14.0,15.0,2520.0,2608.0,0.63,0.69,0.00049,0.00049,26.5,0,7.545,0,4268.0,2.25,5.255,0,3.5,14.5,2564.0,1,0.6599999999999999,0,0.00049,0
2024,4384,"INDUSTRIES LTD, & M) BOREWELL IN FRONT OF M/S BHAGEERADHA CHEMICALS &",Andhra Pradesh,23.0,27.0,7.7,7.86,8943.0,9140.0,2.6,2.9,9.6,10.17,3.0,7.0,11.0,15.0,5372.0,5480.0,0.73,0.76,0.00049,0.00049,25.0,0,7.78,0,9041.5,2.75,9.885,0,5.0,13.0,5426.0,1,0.745,0,0.00049,0
2024,4392,"CHERUVUKOMMUPALEM (V), ONGOLE (M) BOREWELL NEAR SRI GOVINDARAJA",Andhra Pradesh,26.0,28.0,7.0,7.3,883.0,1060.0,1.0,1.0,4.41,9.65,1.8,1.8,5.0,5.0,461.0,604.0,0.75,0.81,,,27.0,0,7.15,0,971.5,1.0,7.03,0,1.8,5.0,532.5,0,0.78,0,,0
2024,4393,"SWAMY TEMPLE, TIRUPATI TOWN CLOSED MSW DUMPSITE, UKKAYAPALLI",Andhra Pradesh,26.0,26.0,7.0,7.1,2082.0,2505.0,1.0,1.0,6.69,10.7,1.8,2.0,4.0,14.0,1370.0,1388.0,0.9,1.51,,,26.0,0,7.05,0,2293.5,1.0,8.695,0,1.9,9.0,1379.0,0,1.205,1,,0
2024,4394,"ESTATE GROWTH CENTRE, THUMAKUNTA (V), KADAPA (M) BOREWELL AT APIIC OFFICE INDUSTRIAL",Andhra Pradesh,20.0,23.0,6.9,7.4,3964.0,4050.0,1.0,1.5,1.7,4.25,1.8,1.8,6.0,10.0,2262.0,2610.0,0.3,1.32,,,21.5,0,7.15,0,4007.0,1.25,2.975,0,1.8,8.0,2436.0,1,0.81,0,,0
2024,4395,"(V), HINDUPUR (M) BOREWELL AT APIIC OFFICE INDUSTRIAL",Andhra Pradesh,20.0,22.0,7.1,7.1,2710.0,3870.0,1.0,1.2,5.02,12.2,1.8,2.0,2.0,12.0,1640.0,2110.0,0.3,1.26,,,21.0,0,7.1,0,3290.0,1.1,8.61,0,1.9,7.0,1875.0,1,0.78,0,,0
2024,1533,"GROUND WATER AT DIGBOI, TINSUKIA",Assam,18.0,18.0,7.0,7.0,232.0,232.0,2.0,2.0,0.8,0.8,1.8,1.8,1.8,1.8,152.0,152.0,0.26,0.26,,,18.0,0,7.0,0,232.0,2.0,0.8,0,1.8,1.8,152.0,0,0.26,0,,0
2024,1534,"DISTT., ASSAM GROUND WATER AT KARBI ANGLONG",Assam,25.0,25.0,7.0,7.0,242.0,242.0,1.9,1.9,0.8,0.8,1.8,1.8,1.8,1.8,158.0,158.0,0.31,0.31,,,25.0,0,7.0,0,242.0,1.9,0.8,0,1.8,1.8,158.0,0,0.31,0,,0
2024,1535,"ME SCHOOL WARD 6, RED CROSS ROAD , TOWN, ASSAM GROUND WATER AT SIVASAGAR GOVT",Assam,23.0,26.0,7.5,7.8,284.0,318.0,1.8,2.0,0.9,1.1,1.8,1.8,1.8,1.8,180.0,208.0,0.31,0.33,,,24.5,0,7.65,0,301.0,1.9,1.0,0,1.8,1.8,194.0,0,0.32,0,,0
2024,1536,GROUND WATER FROM NEAR BPMS H.S.,Assam,25.0,26.0,7.0,7.4,345.0,366.0,1.7,2.1,0.9,1.0,1.8,1.8,1.8,1.8,232.0,234.0,0.26,0.28,,,25.5,0,7.2,0,355.5,1.9,0.95,0,1.8,1.8,233.0,0,0.27,0,,0
2024,1537,"SCHOOL SONARI TOWN DIST CHARAIDEO GROUND WATER FROM JORHAT TOWN,",Assam,20.0,24.0,7.0,7.2,294.0,302.0,1.9,2.2,0.9,1.1,1.8,1.8,1.8,1.8,194.0,202.0,0.3,0.31,,,22.0,0,7.1,0,298.0,2.05,1.0,0,1.8,1.8,198.0,0,0.305,0,,0
2024,1538,"GROUND WATER FROM SILCHAR TOWN ,",Assam,23.0,24.0,6.4,6.8,138.0,226.0,2.4,2.9,0.8,1.1,1.8,1.8,1.8,1.8,98.0,128.0,0.28,0.31,,,23.5,0,6.6,0,182.0,2.65,0.9500000000000001,0,1.8,1.8,113.0,0,0.29500000000000004,0,,0
2024,1539,"GROUND WATER FROM BARPETA TOWN,",Assam,26.0,26.0,7.1,7.2,218.0,250.0,1.9,2.2,0.9,0.9,1.8,1.8,1.8,1.8,148.0,172.0,0.28,0.33,,,26.0,0,7.15,0,234.0,2.05,0.9,0,1.8,1.8,160.0,0,0.30500000000000005,0,,0
2024,1540,GROUND WATER FROM BONAIGAON,Assam,29.0,30.0,7.0,7.2,302.0,302.0,1.8,2.0,0.9,1.2,1.8,1.8,1.8,1.8,198.0,206.0,0.3,0.32,,,29.5,0,7.1,0,302.0,1.9,1.05,0,1.8,1.8,202.0,0,0.31,0,,0
2024,1541,"TOWN, ASSAM GROUND WATER FROM NOONMATI",Assam,24.0,26.0,6.9,7.2,328.0,368.0,2.0,2.2,1.0,1.2,1.8,1.8,1.8,1.8,220.0,228.0,0.27,0.29,,,25.0,0,7.050000000000001,0,348.0,2.1,1.1,0,1.8,1.8,224.0,0,0.28,0,,0
2024,1542,"MAZAR, NATBOMA HATIGAON, GUWAHATI, ASSAM GROUND WATER FROM SIJUBARI",Assam,23.0,28.0,6.6,7.2,360.0,386.0,2.2,2.2,0.8,1.0,1.8,1.8,1.8,1.8,242.0,268.0,0.26,0.29,,,25.5,0,6.9,0,373.0,2.2,0.9,0,1.8,1.8,255.0,0,0.275,0,,0
2024,2243,"GUWAHATI GROUND WATER FROM LEDO,",Assam,18.0,18.0,7.6,7.6,240.0,240.0,2.2,2.2,1.0,1.0,1.8,1.8,1.8,1.8,166.0,166.0,0.28,0.28,,,18.0,0,7.6,0,240.0,2.2,1.0,0,1.8,1.8,166.0,0,0.28,0,,0
2024,2244,"GROUND WATER FROM NAZIRA, ASSAM MARGHERITA, ASSAM",Assam,25.0,26.0,7.1,7.5,330.0,340.0,1.8,2.0,0.9,0.9,1.8,1.8,1.8,1.8,226.0,234.0,0.28,0.31,,,25.5,0,7.3,0,335.0,1.9,0.9,0,1.8,1.8,230.0,0,0.29500000000000004,0,,0
2024,2245,GROUND WATER FROM NUMALIGARH,Assam,22.0,25.0,6.9,7.5,186.0,230.0,2.0,2.4,0.8,0.9,1.8,1.8,1.8,1.8,128.0,150.0,0.27,0.34,,,23.5,0,7.2,0,208.0,2.2,0.8500000000000001,0,1.8,1.8,139.0,0,0.30500000000000005,0,,0
2024,2246,"(NEAR NRL TE LABOR COLONY), ASSAM GROUND WATER FROM SEMENCHAPARI,",Assam,25.0,25.0,7.1,7.1,292.0,292.0,2.2,2.2,1.0,1.0,1.8,1.8,1.8,1.8,192.0,192.0,0.31,0.31,,,25.0,0,7.1,0,292.0,2.2,1.0,0,1.8,1.8,192.0,0,0.31,0,,0
2024,2247,"GROUND WATER FROM SILAPATHAR,",Assam,26.0,26.0,7.0,7.2,262.0,270.0,2.0,2.4,1.0,1.4,1.8,1.8,1.8,1.8,160.0,168.0,0.3,0.3,,,26.0,0,7.1,0,266.0,2.2,1.2,0,1.8,1.8,164.0,0,0.3,0,,0
2024,2248,GROUND WATER FROM LAKHIMPUR,Assam,25.0,25.0,7.2,7.3,240.0,270.0,2.0,2.3,0.8,0.8,1.8,1.8,1.8,1.8,166.0,170.0,0.28,0.32,,,25.0,0,7.25,0,255.0,2.15,0.8,0,1.8,1.8,168.0,0,0.30000000000000004,0,,0
2024,2249,"TOWN, ASSAM GROUND WATER FROM TEZPUR",Assam,26.0,26.0,6.8,7.0,254.0,260.0,2.1,2.2,0.9,1.0,1.8,1.8,1.8,1.8,168.0,174.0,0.33,0.33,,,26.0,0,6.9,0,257.0,2.1500000000000004,0.95,0,1.8,1.8,171.0,0,0.33,0,,0
2024,2250,"(MISSION CHARIALI), ASSAM GROUND WATER FROM NAGAON",Assam,25.0,25.0,7.1,7.1,290.0,290.0,2.0,2.0,1.0,1.0,1.8,1.8,1.8,1.8,198.0,198.0,0.28,0.28,,,25.0,0,7.1,0,290.0,2.0,1.0,0,1.8,1.8,198.0,0,0.28,0,,0
2024,2251,"HPC EFFLUENT DISCHARGE POINT, GROUND WATER FROM JAGIROAD NEAR",Assam,25.0,26.0,6.8,7.0,360.0,380.0,2.0,2.1,1.2,2.0,1.8,1.8,1.8,1.8,238.0,256.0,0.3,0.3,,,25.5,0,6.9,0,370.0,2.05,1.6,0,1.8,1.8,247.0,0,0.3,0,,0
2024,2252,GROUND WATER NEAR MSW DUMPING,Assam,25.0,27.0,6.7,6.9,350.0,394.0,2.0,2.8,1.4,1.7,1.8,1.8,1.8,1.8,236.0,262.0,0.28,0.3,,,26.0,0,6.800000000000001,0,372.0,2.4,1.5499999999999998,0,1.8,1.8,249.0,0,0.29000000000000004,0,,0
2024,2253,"GROUND WATER FROM NALBARI, ASSAM SITE AT GARCHUK-GUWAHATI, ASSAM",Assam,24.0,27.0,7.0,7.2,208.0,290.0,2.0,2.5,0.8,1.0,1.8,1.8,1.8,1.8,136.0,200.0,0.27,0.3,,,25.5,0,7.1,0,249.0,2.25,0.9,0,1.8,1.8,168.0,0,0.28500000000000003,0,,0
2024,2254,GROUND WATER FROM BARPETA,Assam,23.0,25.0,6.9,7.4,228.0,270.0,1.8,2.0,0.9,1.0,1.8,1.8,1.8,1.8,146.0,184.0,0.28,0.3,,,24.0,0,7.15,0,249.0,1.9,0.95,0,1.8,1.8,165.0,0,0.29000000000000004,0,,0
2024,2255,"ROAD(RLY STATION), ASSAM GROUND WATER NEAR BPRL,",Assam,25.0,31.0,6.9,7.2,318.0,320.0,1.8,2.2,1.0,1.2,1.8,1.8,1.8,1.8,206.0,210.0,0.29,0.31,,,28.0,0,7.050000000000001,0,319.0,2.0,1.1,0,1.8,1.8,208.0,0,0.3,0,,0
2024,2256,"DHALIGAON, ASSAM GROUND WATER FROM KOKRAJHAR",Assam,25.0,27.0,7.0,7.2,302.0,330.0,1.8,2.2,1.0,1.0,1.8,1.8,1.8,1.8,190.0,218.0,0.28,0.33,,,26.0,0,7.1,0,316.0,2.0,1.0,0,1.8,1.8,204.0,0,0.30500000000000005,0,,0
2024,2257,"DISTRICT (HS SCHOOL ), ASSAM GROUND WATER FROM DHUBRI DISTRICT",Assam,23.0,30.0,7.0,7.2,296.0,312.0,1.8,2.0,0.8,1.0,1.8,1.8,1.8,1.8,186.0,208.0,0.28,0.3,,,26.5,0,7.1,0,304.0,1.9,0.9,0,1.8,1.8,197.0,0,0.29000000000000004,0,,0
2024,2258,"(COLLEGE NAGAR ), ASSAM GROUND WATER FROM GOALPARA DIST.",Assam,25.0,25.0,6.9,6.9,334.0,334.0,1.8,1.8,0.8,0.8,1.8,1.8,1.8,1.8,214.0,214.0,0.28,0.28,,,25.0,0,6.9,0,334.0,1.8,0.8,0,1.8,1.8,214.0,0,0.28,0,,0
2024,2259,"(GOALPARA COLLEGE ), ASSAM GROUND WATER FROM DIPHU (GOVT.",Assam,26.0,26.0,7.0,7.0,240.0,240.0,2.0,2.0,1.0,1.0,1.8,1.8,1.8,1.8,156.0,156.0,0.3,0.3,,,26.0,0,7.0,0,240.0,2.0,1.0,0,1.8,1.8,156.0,0,0.3,0,,0
2024,2260,"COLLEGE), ASSAM GROUND WATER FROM HAMREN,",Assam,22.0,22.0,7.0,7.0,240.0,240.0,2.2,2.2,0.9,0.9,1.8,1.8,1.8,1.8,152.0,152.0,0.28,0.28,,,22.0,0,7.0,0,240.0,2.2,0.9,0,1.8,1.8,152.0,0,0.28,0,,0
2024,2261,"GROUND WATER FROM HAFLONG,",Assam,21.0,21.0,7.0,7.0,158.0,158.0,2.4,2.4,0.9,0.9,1.8,1.8,1.8,1.8,98.0,98.0,0.28,0.28,,,21.0,0,7.0,0,158.0,2.4,0.9,0,1.8,1.8,98.0,0,0.28,0,,0
2024,2262,GROUND WATER FROM KARIMGANJ,Assam,22.0,23.0,6.7,6.7,112.0,126.0,2.3,2.3,0.7,1.1,1.8,1.8,1.8,1.8,70.0,94.0,0.26,0.28,,,22.5,0,6.7,0,119.0,2.3,0.9,0,1.8,1.8,82.0,0,0.27,0,,0
2024,2263,"(COLLEGE), ASSAM GROUND WATER FROM HIALAKANDI",Assam,22.0,23.0,6.4,6.5,176.0,190.0,2.1,2.1,0.7,0.9,1.8,1.8,1.8,1.8,110.0,110.0,0.26,0.28,,,22.5,0,6.45,0,183.0,2.1,0.8,0,1.8,1.8,110.0,0,0.27,0,,0
2024,2264,"MARKET NEAR CACHAR PAPER MILL, (NEAR ASTC BUS STAND ), ASSAM GROUND WATER IN PANCHGRAM",Assam,22.0,22.0,6.5,6.5,156.0,168.0,2.8,2.8,0.7,0.9,1.8,1.8,1.8,1.8,104.0,110.0,0.28,0.3,,,22.0,0,6.5,0,162.0,2.8,0.8,0,1.8,1.8,107.0,0,0.29000000000000004,0,,0
2024,3761,GROUND WATER FROM BISWANATH,Assam,24.0,26.0,7.0,7.3,230.0,260.0,2.0,2.4,1.1,1.2,1.8,1.8,1.8,1.8,146.0,180.0,0.29,0.33,,,25.0,0,7.15,0,245.0,2.2,1.15,0,1.8,1.8,163.0,0,0.31,0,,0
2024,3762,"WASTE PROCESSING FACILITY, CHARIALI TOWN GROUND WATER NEAR MUNICIPAL",Assam,26.0,26.0,6.8,6.8,220.0,280.0,2.0,2.1,0.8,1.0,1.8,1.8,1.8,1.8,146.0,168.0,0.3,0.3,,,26.0,0,6.8,0,250.0,2.05,0.9,0,1.8,1.8,157.0,0,0.3,0,,0
2024,3766,"MORABHARLI, TEZPUR GROUND WATER FROM MANGALDOI",Assam,23.0,26.0,6.8,6.8,196.0,366.0,2.1,2.2,0.9,1.0,1.8,1.8,1.8,1.8,140.0,226.0,0.3,0.31,,,24.5,0,6.8,0,281.0,2.1500000000000004,0.95,0,1.8,1.8,183.0,0,0.305,0,,0
2024,3770,TOWN GROUND WATER NEAR GARMUR,Assam,19.0,25.0,7.0,7.4,190.0,250.0,1.8,2.4,0.9,1.0,1.8,1.8,1.8,1.8,128.0,160.0,0.28,0.3,,,22.0,0,7.2,0,220.0,2.1,0.95,0,1.8,1.8,144.0,0,0.29000000000000004,0,,0
2024,3771,"RECREATION GROUND, JORHAT GROUND WATER FROM TITABAR URBAN",Assam,19.0,25.0,7.2,7.4,228.0,392.0,1.8,2.1,1.0,1.4,1.8,1.8,1.8,1.8,146.0,232.0,0.3,0.3,,,22.0,0,7.300000000000001,0,310.0,1.9500000000000002,1.2,0,1.8,1.8,189.0,0,0.3,0,,0
2024,3779,"WATER SUPPLY, TITABAR GROUND WATER FROM GARMUR,",Assam,20.0,29.0,7.3,7.6,230.0,254.0,2.0,2.1,1.0,1.0,1.8,1.8,1.8,1.8,158.0,158.0,0.26,0.3,,,24.5,0,7.449999999999999,0,242.0,2.05,1.0,0,1.8,1.8,158.0,0,0.28,0,,0
2024,3782,MAJULI GROUND WATER FROM NIZ KODOMONI,Assam,21.0,21.0,7.2,7.2,296.0,296.0,2.3,2.3,1.0,1.0,1.8,1.8,1.8,1.8,198.0,198.0,0.26,0.26,,,21.0,0,7.2,0,296.0,2.3,1.0,0,1.8,1.8,198.0,0,0.26,0,,0
2024,3785,"RAM NAGAR, DIGBOI, PUBLIC WATER GROUND WATER FROM BORBEEL NO. 1 ,",Assam,18.0,18.0,7.1,7.1,258.0,258.0,2.1,2.1,1.0,1.0,1.8,1.8,1.8,1.8,176.0,176.0,0.27,0.27,,,18.0,0,7.1,0,258.0,2.1,1.0,0,1.8,1.8,176.0,0,0.27,0,,0
2024,3790,"PUBLIC WATER SUPPLY SCHEME, SUPPLY, TINSUKIA GROUND WATER NEAR GOGAMUKH",Assam,26.0,26.0,7.0,7.0,210.0,256.0,1.9,2.1,1.0,1.0,1.8,1.8,1.8,1.8,142.0,178.0,0.32,0.32,,,26.0,0,7.0,0,233.0,2.0,1.0,0,1.8,1.8,160.0,0,0.32,0,,0
2024,3793,"GOGAMUKH, DHEMAJI TUBE WELL AT R/O SRI TANKESWAR DAS, RUPJYOTI COLONY (NAGABALI)",Assam,21.0,25.0,6.8,6.8,232.0,242.0,2.0,2.2,0.9,1.0,1.8,1.8,1.8,1.8,160.0,162.0,0.3,0.36,,,23.0,0,6.8,0,237.0,2.1,0.95,0,1.8,1.8,161.0,0,0.32999999999999996,0,,0
2024,3794,"BOSAGAON NEAR BY THE ATHKHALIA, MUNICIPALITY DUMPING SITE, GOLAGHAT TUBE WELL AT R/O SRI ANIL BAORA AT",Assam,23.0,25.0,7.0,7.2,258.0,290.0,2.1,2.2,1.0,1.1,1.8,1.8,1.8,1.8,168.0,198.0,0.28,0.32,,,24.0,0,7.1,0,274.0,2.1500000000000004,1.05,0,1.8,1.8,183.0,0,0.30000000000000004,0,,0
2024,3795,"ME SCHOOL, GOROUNGA TINIALI, NAMGHAR, PO: PULIKAITONI TUBE WELL OF WOKHA GORONGA GIRLS",Assam,23.0,25.0,7.2,7.4,300.0,328.0,2.0,2.4,0.7,1.0,1.8,1.8,1.8,1.8,194.0,216.0,0.28,0.3,,,24.0,0,7.300000000000001,0,314.0,2.2,0.85,0,1.8,1.8,205.0,0,0.29000000000000004,0,,0
2024,3801,"TRENCHING GROUND, MEHERPUR, FURKATING GROUND WATER FROM MEHEPUR",Assam,21.0,24.0,6.8,7.1,228.0,302.0,2.1,2.7,0.8,1.2,1.8,1.8,1.8,1.8,156.0,188.0,0.29,0.32,,,22.5,0,6.949999999999999,0,265.0,2.4000000000000004,1.0,0,1.8,1.8,172.0,0,0.305,0,,0
2024,3802,CACHAR GROUND WATER FROM MEHEPUR NEAR A CLUSTER OF NURSING HOME &,Assam,21.0,24.0,6.8,7.2,296.0,306.0,2.2,2.8,0.8,1.0,1.8,1.8,1.8,1.8,194.0,196.0,0.3,0.31,,,22.5,0,7.0,0,301.0,2.5,0.9,0,1.8,1.8,195.0,0,0.305,0,,0
2024,3805,"INDUSTRIAL AREA AT BADARPUR GHAT, DIAGNOSTIC CENTRE, MEHERPUR, CACHAR GROUND WATER NEAR BADARPUR",Assam,22.0,23.0,6.4,6.6,150.0,156.0,2.4,2.5,1.0,1.1,1.8,1.8,1.8,1.8,106.0,114.0,0.28,0.32,,,22.5,0,6.5,0,153.0,2.45,1.05,0,1.8,1.8,110.0,0,0.30000000000000004,0,,0
2024,3813,"KARIMGANJ GROUND WATER FROM BONDA,",Assam,24.0,26.0,7.2,7.2,260.0,322.0,2.0,2.2,1.0,1.0,1.8,1.8,1.8,1.8,166.0,208.0,0.26,0.3,,,25.0,0,7.2,0,291.0,2.1,1.0,0,1.8,1.8,187.0,0,0.28,0,,0
2024,3815,"GUWAHATI GROUND WATER FROM KHANAPARA,",Assam,23.0,28.0,6.8,7.4,210.0,326.0,2.1,2.2,1.0,1.0,1.8,1.8,1.8,1.8,128.0,206.0,0.28,0.3,,,25.5,0,7.1,0,268.0,2.1500000000000004,1.0,0,1.8,1.8,167.0,0,0.29000000000000004,0,,0
2024,3816,"GUWAHATI GROUND WATER FROM BASISTHA,",Assam,24.0,29.0,7.2,7.4,192.0,326.0,2.1,2.2,1.0,1.0,1.8,1.8,1.8,1.8,138.0,210.0,0.3,0.31,,,26.5,0,7.300000000000001,0,259.0,2.1500000000000004,1.0,0,1.8,1.8,174.0,0,0.305,0,,0
2024,3817,"GUWAHATI GROUND WATER FROM KAHILIPARA,",Assam,26.0,29.0,7.0,7.3,308.0,330.0,2.0,2.1,0.8,1.8,1.8,1.8,1.8,1.8,192.0,220.0,0.28,0.3,,,27.5,0,7.15,0,319.0,2.05,1.3,0,1.8,1.8,206.0,0,0.29000000000000004,0,,0
2024,3818,"GUWAHATI GROUND WATER FROM MALIGAON,",Assam,24.0,25.0,6.5,6.8,190.0,310.0,2.2,2.4,0.9,1.0,1.8,1.8,1.8,1.8,128.0,194.0,0.28,0.28,,,24.5,0,6.65,0,250.0,2.3,0.95,0,1.8,1.8,161.0,0,0.28,0,,0
2024,4001,GROUND WATER FROM PANJABARI GUWAHATI,Assam,23.0,28.0,7.0,7.1,230.0,330.0,2.0,2.2,0.9,1.0,1.8,1.8,1.8,1.8,148.0,204.0,0.3,0.3,,,25.5,0,7.05,0,280.0,2.1,0.95,0,1.8,1.8,176.0,0,0.3,0,,0
2024,4002,GROUND WATER FROM SANTIPUR,Assam,25.0,29.0,6.8,6.9,216.0,316.0,2.1,2.2,1.0,1.2,1.8,1.8,1.8,1.8,146.0,198.0,0.27,0.3,,,27.0,0,6.85,0,266.0,2.1500000000000004,1.1,0,1.8,1.8,172.0,0,0.28500000000000003,0,,0
2024,4003,GROUND WATER FROM TEZPUR,Assam,26.0,26.0,7.0,7.0,180.0,260.0,2.2,2.2,1.0,1.0,1.8,1.8,1.8,1.8,106.0,176.0,0.31,0.33,,,26.0,0,7.0,0,220.0,2.2,1.0,0,1.8,1.8,141.0,0,0.32,0,,0
2024,4007,GROUND WATER FROM LAKWAH COLLEGIATE HIGH SCHOOL,Assam,20.0,30.0,7.6,7.6,240.0,298.0,1.8,2.0,0.9,0.9,1.8,1.8,1.8,1.8,146.0,190.0,0.3,0.3,,,25.0,0,7.6,0,269.0,1.9,0.9,0,1.8,1.8,168.0,0,0.3,0,,0
2024,4008,GROUND WATER FROM GELEKY,Assam,25.0,28.0,7.1,7.2,246.0,270.0,1.8,2.2,0.9,1.0,1.8,1.8,1.8,1.8,150.0,180.0,0.29,0.31,,,26.5,0,7.15,0,258.0,2.0,0.95,0,1.8,1.8,165.0,0,0.3,0,,0
2024,4303,GROUND WATER FROM SATGAON,Assam,25.0,28.0,6.9,7.4,286.0,318.0,2.1,2.2,0.9,1.2,1.8,1.8,1.8,1.8,186.0,210.0,0.31,0.33,,,26.5,0,7.15,0,302.0,2.1500000000000004,1.05,0,1.8,1.8,198.0,0,0.32,0,,0
2024,4327,GROUND WATER FROM RAILWAY,Assam,24.0,26.0,6.8,6.8,194.0,326.0,2.1,2.2,1.0,1.0,1.8,1.8,1.8,1.8,138.0,198.0,0.3,0.33,,,25.0,0,6.8,0,260.0,2.1500000000000004,1.0,0,1.8,1.8,168.0,0,0.315,0,,0
2024,4328,GROUND WATER BESIDE MSW DUMPING,Assam,24.0,26.0,6.6,7.2,212.0,338.0,2.0,2.1,0.9,1.0,1.8,1.8,1.8,1.8,138.0,216.0,0.28,0.31,,,25.0,0,6.9,0,275.0,2.05,0.95,0,1.8,1.8,177.0,0,0.29500000000000004,0,,0
2024,4330,"SITE, DHEKIAJULI GROUND WATER NEAR PANGRAM STONE",Assam,23.0,24.0,6.8,6.8,156.0,252.0,2.6,2.9,0.9,1.0,1.8,1.8,1.8,1.8,94.0,176.0,0.24,0.31,,,23.5,0,6.8,0,204.0,2.75,0.95,0,1.8,1.8,135.0,0,0.275,0,,0
2024,4333,CRASHER CLUSTER GROUND WATER FROM DEMOW WATER,Assam,21.0,24.0,7.5,7.6,240.0,326.0,1.6,2.1,0.9,1.0,1.8,1.8,1.8,1.8,154.0,204.0,0.3,0.31,,,22.5,0,7.55,0,283.0,1.85,0.95,0,1.8,1.8,179.0,0,0.305,0,,0
2024,4335,"SUPPLY DEMOW TOWN GROUND WATER FROM AMGURI,",Assam,20.0,30.0,7.2,7.4,226.0,228.0,1.7,2.0,0.8,1.1,1.8,1.8,1.8,1.8,136.0,154.0,0.28,0.28,,,25.0,0,7.300000000000001,0,227.0,1.85,0.9500000000000001,0,1.8,1.8,145.0,0,0.28,0,,0
2024,4338,KUKURACHOWA WATER SUPPLY TENGA AMGURI TOWN GROUND WATER FORM TENGA PUKHURI,Assam,20.0,37.0,7.0,7.6,272.0,290.0,1.8,2.2,0.9,1.0,1.8,1.8,1.8,1.8,178.0,184.0,0.3,0.3,,,28.5,0,7.3,0,281.0,2.0,0.95,0,1.8,1.8,181.0,0,0.3,0,,0
2024,4339,"PIPE WATER SUPPLY SCHEME(Z-111), PUKHURI GROUND WATER NEAR NAGAON TOWN",Assam,25.0,29.0,7.0,7.6,204.0,324.0,2.0,2.0,0.8,0.9,1.8,1.8,1.8,1.8,136.0,204.0,0.32,0.33,,,27.0,0,7.3,0,264.0,2.0,0.8500000000000001,0,1.8,1.8,170.0,0,0.325,0,,0
2024,4340,NAGAON GROUND WATER FROM NAGAON,Assam,23.0,33.0,6.8,7.0,210.0,330.0,2.0,2.2,1.0,1.0,1.8,1.8,1.8,1.8,130.0,206.0,0.32,0.33,,,28.0,0,6.9,0,270.0,2.1,1.0,0,1.8,1.8,168.0,0,0.325,0,,0
2024,5143,"COLLEGE, NAGAON GROUND WATER FROM DHEKIAJULI",Assam,24.0,24.0,6.6,6.6,210.0,210.0,2.1,2.1,1.2,1.2,1.8,1.8,1.8,1.8,138.0,138.0,0.3,0.3,,,24.0,0,6.6,0,210.0,2.1,1.2,0,1.8,1.8,138.0,0,0.3,0,,0
2024,1826,"ROAD WATER TANK SEC-3, BORE WELL WATER AT BHOOTNATH",Bihar,21.0,29.0,7.11,7.7,410.0,526.0,1.0,1.5,0.3,0.3,1.8,1.8,1.8,1.8,294.0,294.0,0.68,0.68,,,25.0,0,7.405,0,468.0,1.25,0.3,0,1.8,1.8,294.0,0,0.68,0,,0
2024,1827,"KANKARBAGH,PATNA TAP WATER COMING FROM OVER HEAD",Bihar,21.0,29.0,7.15,7.76,471.0,556.0,1.0,1.6,0.37,0.83,1.8,1.8,1.8,1.8,316.0,342.0,0.95,0.95,,,25.0,0,7.455,0,513.5,1.3,0.6,0,1.8,1.8,329.0,0,0.95,0,,0
2024,1828,"PATNA WATER BOARD HEAD OFFICE, TANK PMCH CAMPUS, PATNA BORE WELL WATER IN CAMPUS OF",Bihar,24.0,27.0,7.64,7.96,513.0,887.0,1.0,1.0,0.61,1.53,1.8,1.8,1.8,1.8,356.0,508.0,0.84,0.84,,,25.5,0,7.8,0,700.0,1.0,1.07,0,1.8,1.8,432.0,0,0.84,0,,0
2024,1829,"NEAR HIGH COURT, PATNA BORE WELL WATER FROM IGIMS",Bihar,20.0,28.0,7.04,7.63,436.0,774.0,1.0,1.0,0.3,0.93,1.8,1.8,1.8,1.8,306.0,446.0,0.27,0.58,,,24.0,0,7.335,0,605.0,1.0,0.615,0,1.8,1.8,376.0,0,0.425,0,,0
2024,1830,"SADAR HOSPITAL CAMPUS, CAMPUS, PATNA BORE WELL WATER (PHED PUMP HOUSE)",Bihar,22.0,25.0,7.02,7.29,855.0,892.0,1.0,1.0,0.3,0.3,1.8,1.8,1.8,1.8,492.0,688.0,0.2,0.88,,,23.5,0,7.154999999999999,0,873.5,1.0,0.3,0,1.8,1.8,590.0,0,0.54,0,,0
2024,1831,MUZAFFARPUR BORE WELL WATER MMC PUMP HOUSE,Bihar,22.0,27.0,7.38,7.41,286.0,812.0,1.0,1.0,0.59,2.33,1.8,1.8,1.8,1.8,214.0,506.0,0.2,0.87,,,24.5,0,7.395,0,549.0,1.0,1.46,0,1.8,1.8,360.0,0,0.535,0,,0
2024,1832,"BRAHMPURA NAKA, MUZAFFARPUR TAP WATER IN CAMPUS OF KALI",Bihar,20.0,26.0,6.91,7.59,524.0,988.0,1.0,1.0,0.3,0.3,1.8,17000.0,1.8,22000.0,460.0,718.0,0.51,0.9,,,23.0,0,7.25,0,756.0,1.0,0.3,0,8500.9,11000.9,589.0,0,0.7050000000000001,0,,0
2024,1833,"CAMPUS OF S.P OFFICE, POKHARIA, ASTHAN, BISHANPUR, BEGUSARAI GROUND WATER NEAR TAP WATER IN",Bihar,20.0,26.0,7.02,7.63,567.0,972.0,1.0,1.0,0.3,1.21,1.8,1.8,1.8,1.8,560.0,710.0,0.63,0.82,,,23.0,0,7.324999999999999,0,769.5,1.0,0.755,0,1.8,1.8,635.0,0,0.725,0,,0
2024,1834,HAND PUMP WATER NEAR GOVT.,Bihar,20.0,22.0,6.65,7.73,699.0,916.0,1.0,1.0,0.3,14.22,1.8,7.0,1.8,13.0,428.0,560.0,0.59,0.98,,,21.0,0,7.19,0,807.5,1.0,7.260000000000001,0,4.4,7.4,494.0,0,0.7849999999999999,0,,0
2024,1835,"HOSPITAL, PURNEA HAND PUMP WATER NEAR LOWER",Bihar,19.0,22.0,6.98,7.6,428.0,483.0,1.0,1.0,0.3,0.3,1.8,4900.0,1.8,7000.0,100.0,284.0,0.55,0.82,,,20.5,0,7.29,0,455.5,1.0,0.3,0,2450.9,3500.9,192.0,0,0.685,0,,0
2024,1836,"COURT LOWER COURT, PURNEA HAND PUMP WATER NEAR BUS STAND",Bihar,20.0,22.0,7.15,7.23,620.0,794.0,1.0,1.0,0.33,2.82,1.8,1.8,1.8,1.8,330.0,380.0,0.2,0.88,,,21.0,0,7.19,0,707.0,1.0,1.575,0,1.8,1.8,355.0,0,0.54,0,,0
2024,1837,"TILKA MANJHI CHOWK, BHAGALPUR GROUND WATER FROM RAILWAY",Bihar,21.0,22.0,7.09,7.1,884.0,1409.0,1.0,1.0,2.82,4.49,1.8,1.8,1.8,1.8,648.0,1038.0,0.2,1.1,,,21.5,0,7.095,0,1146.5,1.0,3.6550000000000002,0,1.8,1.8,843.0,0,0.65,0,,0
2024,1838,"NEAR VEER KUWAR SINGH CHOWK, STATION, BHAGALPUR GROUND WATER FROM TAP WATER",Bihar,23.0,28.0,6.96,7.8,1070.0,1523.0,1.0,1.0,1.69,5.38,1.8,1.8,1.8,1.8,664.0,1330.0,0.2,0.86,,,25.5,0,7.38,0,1296.5,1.0,3.535,0,1.8,1.8,997.0,0,0.53,0,,0
2024,1839,MUNGER HAND PUMP WATER IN CAMPUS OF,Bihar,22.0,28.0,7.05,7.11,305.0,898.0,1.0,1.0,0.3,3.92,1.8,1.8,1.8,1.8,198.0,550.0,0.2,0.64,,,25.0,0,7.08,0,601.5,1.0,2.11,0,1.8,1.8,374.0,0,0.42000000000000004,0,,0
2024,1840,"KASTURBA WATER WORKS, MUNGER TAP WATER PHED PUMP HOUSE MAIN",Bihar,27.0,27.0,7.15,7.15,546.0,546.0,1.0,1.0,0.3,0.3,,,,,378.0,378.0,0.27,0.27,,,27.0,0,7.15,0,546.0,1.0,0.3,0,,,378.0,0,0.27,0,,0
2024,1841,"ROAD, MOTIHARI GROUNDWATER WATER FROM T.",Bihar,20.0,25.0,7.13,7.39,720.0,1015.0,1.0,1.0,0.3,2.49,1.8,13.0,1.8,23.0,574.0,684.0,0.6,1.0,,,22.5,0,7.26,0,867.5,1.0,1.395,0,7.4,12.4,629.0,0,0.8,0,,0
2024,1842,"MODAL INTER SCHOOL, G.B ROAD, GAYA BOREWELL WATER DANDIBAGH WATER",Bihar,31.0,31.0,7.08,7.08,512.0,512.0,1.0,1.0,3.7,3.7,1.8,1.8,1.8,1.8,358.0,358.0,1.07,1.07,,,31.0,0,7.08,0,512.0,1.0,3.7,0,1.8,1.8,358.0,0,1.07,0,,0
2024,1843,"WORKS, PHED, GAYA SUPPLY WATER NEAR BUS STAND,",Bihar,20.0,27.0,7.6,7.7,410.0,565.0,1.0,1.0,0.3,0.3,1.8,1.8,1.8,4.5,218.0,316.0,0.39,0.59,,,23.5,0,7.65,0,487.5,1.0,0.3,0,1.8,3.15,267.0,0,0.49,0,,0
2024,1844,RAJGIR BORE WELL WATER NEAR,Bihar,26.0,28.0,7.08,7.14,832.0,1175.0,1.0,1.0,2.3,3.43,1.8,13.0,1.8,23.0,420.0,694.0,0.86,1.47,,,27.0,0,7.109999999999999,0,1003.5,1.0,2.865,0,7.4,12.4,557.0,0,1.165,0,,0
2024,2576,"COMMISSIONARY OFFICE, CHAPRA HAND PUMP WATER AT CIVIL COURT,",Bihar,25.0,25.0,7.07,7.07,1377.0,1377.0,1.1,1.1,4.02,4.02,1.8,1.8,1.8,1.8,868.0,868.0,1.27,1.27,,,25.0,0,7.07,0,1377.0,1.1,4.02,0,1.8,1.8,868.0,0,1.27,0,,0
2024,2577,AURANGABAD HAND PUMP WATER AT COURT,Bihar,22.0,28.0,6.83,7.62,486.0,526.0,1.0,1.0,0.3,5.36,1.8,1.8,1.8,1.8,100.0,348.0,0.94,0.94,,,25.0,0,7.225,0,506.0,1.0,2.83,0,1.8,1.8,224.0,0,0.94,0,,0
2024,2578,"CAMPOUND, ARARIA HAND PUMP WATER AT SARDAR PATEL",Bihar,21.0,21.0,7.05,7.14,844.0,878.0,1.0,1.0,0.54,3.98,1.8,1.8,1.8,1.8,500.0,544.0,0.61,0.63,,,21.0,0,7.095,0,861.0,1.0,2.26,0,1.8,1.8,522.0,0,0.62,0,,0
2024,2579,"BUS STAND, ARA, BHOJPUR TUBE WELL WATER AT COLLECTRIATE",Bihar,22.0,29.0,7.05,7.17,553.0,720.0,1.0,1.0,2.29,2.33,1.8,1.8,1.8,1.8,280.0,484.0,0.2,1.11,,,25.5,0,7.109999999999999,0,636.5,1.0,2.31,0,1.8,1.8,382.0,0,0.655,0,,0
2024,2580,"CAMPUS, BUXAR HAND PUMP WATER FROM NAGAR",Bihar,27.0,28.0,6.69,7.21,611.0,873.0,1.0,1.2,0.3,2.41,1.8,1.8,1.8,1.8,456.0,500.0,0.25,0.46,,,27.5,0,6.95,0,742.0,1.1,1.355,0,1.8,1.8,478.0,0,0.355,0,,0
2024,2581,"RAMBAGH MITHILA UNIVERSITY, PARISHAD OFFICE, BHABHUA HAND PUMP WATER AT KILA GATE NEAR",Bihar,23.0,27.0,7.64,7.89,484.0,521.0,1.0,1.0,0.3,0.32,1.8,1.8,1.8,2.0,294.0,300.0,0.74,1.04,,,25.0,0,7.765,0,502.5,1.0,0.31,0,1.8,1.9,297.0,0,0.89,0,,0
2024,2582,DARBHANGA HAND PUMP WATER AT DARBHANGA,Bihar,26.0,26.0,7.62,7.62,402.0,402.0,1.0,1.0,0.32,0.32,1.8,1.8,1.8,1.8,240.0,240.0,0.2,0.2,,,26.0,0,7.62,0,402.0,1.0,0.32,0,1.8,1.8,240.0,0,0.2,0,,0
2024,2583,"BUS STAND, DARBHANGA HAND PUMP WATER AT BUS STAND,",Bihar,26.0,26.0,7.01,7.13,768.0,1398.0,1.0,1.0,0.45,1.9,1.8,1.8,1.8,4.5,628.0,744.0,0.42,0.95,,,26.0,0,7.07,0,1083.0,1.0,1.175,0,1.8,3.15,686.0,0,0.6849999999999999,0,,0
2024,2584,GOPALGANJ HAND PUMP WATER AT THAWAY,Bihar,27.0,28.0,7.13,7.16,820.0,1078.0,1.0,1.0,0.71,4.54,1.8,4.5,1.8,7.8,420.0,698.0,0.2,0.36,,,27.5,0,7.145,0,949.0,1.0,2.625,0,3.15,4.8,559.0,0,0.28,0,,0
2024,2585,"MANDIR CAMPUS, GOPALGANJ TAP WATER NEAR PANI TANKI AT",Bihar,20.0,25.0,7.05,7.08,702.0,1379.0,1.0,1.0,0.5,5.25,1.8,1.8,1.8,1.8,328.0,842.0,0.56,1.32,,,22.5,0,7.0649999999999995,0,1040.5,1.0,2.875,0,1.8,1.8,585.0,0,0.9400000000000001,0,,0
2024,2586,"HAND PUMP WATER AT BUS STAND,",Bihar,19.0,24.0,6.57,7.58,443.0,550.0,1.0,1.0,0.3,0.53,1.8,13.0,1.8,23.0,160.0,284.0,0.34,1.6,,,21.5,0,7.075,0,496.5,1.0,0.41500000000000004,0,7.4,12.4,222.0,0,0.9700000000000001,1,,0
2024,2587,KATIHAR HAND PUMP WATER NEAR SADAR,Bihar,21.0,26.0,6.88,7.68,898.0,910.0,1.0,1.0,0.4,4.37,1.8,1.8,1.8,1.8,480.0,526.0,1.48,1.53,,,23.5,0,7.279999999999999,0,904.0,1.0,2.3850000000000002,0,1.8,1.8,503.0,0,1.505,1,,0
2024,2588,"HOSPITAL, KHAGARIA HAND PUMP WATER AT D.M OFFICE,",Bihar,22.0,26.0,6.77,7.52,415.0,481.0,1.0,1.0,0.64,4.58,1.8,13.0,1.8,23.0,186.0,220.0,1.46,1.46,,,24.0,0,7.145,0,448.0,1.0,2.61,0,7.4,12.4,203.0,0,1.46,0,,0
2024,2589,"KISHANGANJ HAND PUMP WATER NEAR D.M OFFICE,",Bihar,20.0,28.0,7.09,7.82,705.0,758.0,1.0,1.0,0.3,0.3,1.8,22000.0,1.8,28000.0,300.0,476.0,1.5,3.13,,,24.0,0,7.455,0,731.5,1.0,0.3,0,11000.9,14000.9,388.0,0,2.315,1,,0
2024,2590,MADHEPURA HAND PUMP WATER AT COLLECTRIATE,Bihar,24.0,28.0,7.52,7.65,535.0,894.0,1.0,1.0,0.3,0.77,1.8,1.8,1.8,1.8,284.0,500.0,0.2,0.36,,,26.0,0,7.585,0,714.5,1.0,0.535,0,1.8,1.8,392.0,0,0.28,0,,0
2024,2591,"GOVERNMENT TOURIST CAFETERIA, OFFICE, MADHUBANI TAP WATER INSIDE THE CAMPUS OF",Bihar,21.0,27.0,7.05,7.11,507.0,936.0,1.0,1.0,1.39,3.6,1.8,1.8,23.0,23.0,402.0,910.0,0.71,1.39,,,24.0,0,7.08,0,721.5,1.0,2.495,0,1.8,23.0,656.0,0,1.0499999999999998,0,,0
2024,2592,NALANDA HAND WATER AT CIVIL COURT BIHAR,Bihar,20.0,28.0,7.09,7.52,941.0,1055.0,1.0,1.0,5.64,11.5,1.8,1.8,1.8,13.0,736.0,926.0,0.56,1.08,,,24.0,0,7.305,0,998.0,1.0,8.57,0,1.8,7.4,831.0,0,0.8200000000000001,0,,0
2024,2593,"SHARIF, NALANDA HANDPUMP WATER AT COLLECTRIATE",Bihar,19.0,26.0,7.02,7.13,571.0,802.0,1.0,1.0,0.5,3.06,1.8,1.8,1.8,1.8,488.0,608.0,0.37,0.92,,,22.5,0,7.074999999999999,0,686.5,1.0,1.78,0,1.8,1.8,548.0,0,0.645,0,,0
2024,2594,"CAMPUS,NAWADAH HAND PUMP WATER NEAR SADAR",Bihar,19.0,26.0,6.73,7.45,886.0,1120.0,1.0,1.0,0.3,1.2,1.8,1.8,1.8,1.8,540.0,632.0,0.68,1.53,,,22.5,0,7.09,0,1003.0,1.0,0.75,0,1.8,1.8,586.0,0,1.105,1,,0
2024,2595,"HOSPITAL,SAHARSA GROUND WATER FROM COLLECTRIATE",Bihar,29.0,29.0,7.38,7.38,821.0,821.0,1.0,1.0,0.3,0.3,1.8,1.8,1.8,1.8,380.0,380.0,1.32,1.32,,,29.0,0,7.38,0,821.0,1.0,0.3,0,1.8,1.8,380.0,0,1.32,0,,0
2024,2596,"CAMPUS ,SAMASTIPUR GROUND WATER FROM SRI RAM JANKI",Bihar,22.0,24.0,7.16,7.2,398.0,715.0,1.0,1.0,0.3,0.81,1.8,1.8,1.8,1.8,202.0,514.0,0.2,0.45,,,23.0,0,7.18,0,556.5,1.0,0.555,0,1.8,1.8,358.0,0,0.325,0,,0
2024,2597,"MANDIR, SITAMARHI GROUND WATER AT COLLECTRIATE",Bihar,27.0,28.0,7.09,7.15,650.0,1742.0,1.0,1.0,0.3,5.89,1.8,1.8,1.8,23.0,400.0,1328.0,1.42,1.55,,,27.5,0,7.12,0,1196.0,1.0,3.0949999999999998,0,1.8,12.4,864.0,0,1.4849999999999999,1,,0
2024,2598,"CAMPUS, SIWAN BOREWELL WATER NEAR DHARMSHALA",Bihar,24.0,28.0,6.64,7.7,354.0,414.0,1.0,1.0,0.3,0.4,1.8,1.8,1.8,1.8,236.0,240.0,0.3,0.85,,,26.0,0,7.17,0,384.0,1.0,0.35,0,1.8,1.8,238.0,0,0.575,0,,0
2024,2599,"SASARAM, ROHTAS GROUND WATER BUS STAND SASARAM,",Bihar,25.0,28.0,6.89,7.3,678.0,1225.0,1.0,1.0,0.8,1.4,1.8,2300.0,1.8,7900.0,504.0,918.0,0.5,1.0,,,26.5,0,7.095,0,951.5,1.0,1.1,0,1150.9,3950.9,711.0,0,0.75,0,,0
2024,2600,ROHTAS GROUND WATER AT RAILWAY STATION,Bihar,21.0,29.0,7.36,7.37,761.0,871.0,1.0,1.3,0.3,2.27,1.8,1.8,1.8,1.8,478.0,802.0,0.2,1.27,,,25.0,0,7.365,0,816.0,1.15,1.285,0,1.8,1.8,640.0,0,0.735,0,,0
2024,3138,"CAMPUS,HAJIPUR AT VAISHALI GROUND WATER FROM ARA NEAR",Bihar,21.0,22.0,7.08,7.12,537.0,779.0,1.0,1.0,0.3,1.64,1.8,1.8,1.8,1.8,300.0,372.0,0.2,0.72,,,21.5,0,7.1,0,658.0,1.0,0.97,0,1.8,1.8,336.0,0,0.45999999999999996,0,,0
2024,3139,"RAILWAY STATION, ARA GROUND WATER NEAR BUS STAND",Bihar,22.0,28.0,6.89,7.66,489.0,523.0,1.0,1.0,0.3,2.0,1.8,1.8,1.8,1.8,240.0,330.0,0.62,0.62,,,25.0,0,7.275,0,506.0,1.0,1.15,0,1.8,1.8,285.0,0,0.62,0,,0
2024,3140,"ARARIA GROUND WATER AT RAILWAY SATION,",Bihar,23.0,31.0,7.02,7.04,462.0,498.0,1.0,1.0,0.3,0.3,1.8,1.8,1.8,1.8,296.0,322.0,0.51,0.64,,,27.0,0,7.029999999999999,0,480.0,1.0,0.3,0,1.8,1.8,309.0,0,0.575,0,,0
2024,3141,TEMPLE OUTSIDE MAIN BETTIAH GROUND WATER AT LORD BUDDHA,Bihar,21.0,25.0,7.02,7.05,676.0,899.0,1.0,1.0,0.3,1.5,1.8,1.8,1.8,23.0,382.0,558.0,0.26,0.76,,,23.0,0,7.035,0,787.5,1.0,0.9,0,1.8,12.4,470.0,0,0.51,0,,0
2024,3142,GROUND WATER FROMN BUS STAND,Bihar,28.0,28.0,6.91,7.67,534.0,801.0,1.0,1.2,2.5,2.75,1.8,1.8,1.8,1.8,468.0,476.0,0.81,1.11,,,28.0,0,7.29,0,667.5,1.1,2.625,0,1.8,1.8,472.0,0,0.9600000000000001,0,,0
2024,3143,"CHOWK,BIKRAMGANJ GROUND WATER FROM BAGAHA BAZAR",Bihar,18.0,25.0,6.93,7.03,726.0,986.0,1.0,1.0,0.3,3.13,1.8,7.0,13.0,23.0,464.0,720.0,1.12,1.58,,,21.5,0,6.98,0,856.0,1.0,1.7149999999999999,0,4.4,18.0,592.0,0,1.35,1,,0
2024,3144,BAGAHA GROUND WATER NEAR ANS,Bihar,21.0,22.0,7.01,7.13,688.0,830.0,1.0,1.0,0.3,0.3,1.8,1.8,1.8,1.8,420.0,530.0,0.52,1.45,,,21.5,0,7.07,0,759.0,1.0,0.3,0,1.8,1.8,475.0,0,0.985,0,,0
2024,3145,GROUND WATER NEAR MUFFASIL THANA,Bihar,27.0,28.0,6.52,7.1,598.0,974.0,1.0,1.0,6.3,6.33,1.8,2200.0,1.8,2800.0,400.0,736.0,0.2,0.59,,,27.5,0,6.81,0,786.0,1.0,6.3149999999999995,0,1100.9,1400.9,568.0,0,0.395,0,,0
2024,3146,"MORE,DEHRI ON SONE GROUND WATER FROM DUMRAON,PANI",Bihar,22.0,22.0,7.13,7.39,640.0,771.0,1.0,1.0,0.3,2.12,1.8,1.8,1.8,1.8,310.0,460.0,1.02,1.79,,,22.0,0,7.26,0,705.5,1.0,1.21,0,1.8,1.8,385.0,0,1.405,1,,0
2024,3147,TANKI (PHED) GROUND WATER FROM JAYNAGAR,Bihar,23.0,29.0,7.58,7.67,555.0,662.0,1.0,1.0,0.3,0.3,1.8,1.8,1.8,1.8,320.0,380.0,0.54,0.56,,,26.0,0,7.625,0,608.5,1.0,0.3,0,1.8,1.8,350.0,0,0.55,0,,0
2024,3148,"RAILWAY STATION ,JAYNAGAR GROUND WATER FROM JAMALPUR",Bihar,23.0,27.0,6.82,7.08,916.0,946.0,1.0,1.0,0.89,4.12,1.8,1.8,1.8,1.8,602.0,604.0,0.2,0.64,,,25.0,0,6.95,0,931.0,1.0,2.505,0,1.8,1.8,603.0,0,0.42000000000000004,0,,0
2024,3149,"POLICE STATION, JAMALPUR GROUND WATER FROM KUDRA RAILWAY",Bihar,27.0,28.0,7.03,7.49,565.0,1472.0,1.0,1.0,0.3,0.92,1.8,13.0,1.8,23.0,412.0,1094.0,0.6,0.72,,,27.5,0,7.26,0,1018.5,1.0,0.61,0,7.4,12.4,753.0,0,0.6599999999999999,0,,0
2024,3150,"STATION, KAIMUR GROUND WATER AT MAIN ROAD NEAR",Bihar,20.0,20.0,7.02,7.09,811.0,814.0,1.0,1.0,0.86,1.83,1.8,1.8,1.8,1.8,424.0,500.0,0.31,0.74,,,20.0,0,7.055,0,812.5,1.0,1.345,0,1.8,1.8,462.0,0,0.525,0,,0
2024,3151,"KALI MANIR,MANER GROUND WATER FROM GOVT. GUEST",Bihar,22.0,29.0,6.84,7.17,655.0,1366.0,1.0,1.0,0.5,1.78,1.8,1.8,1.8,1.8,472.0,838.0,0.23,1.07,,,25.5,0,7.005,0,1010.5,1.0,1.1400000000000001,0,1.8,1.8,655.0,0,0.65,0,,0
2024,3152,HOUSE MOHANIA GROUND WATER FROM OLD BUS,Bihar,18.0,18.0,7.05,7.05,267.0,267.0,1.0,1.0,0.3,0.3,22000.0,22000.0,28000.0,28000.0,206.0,206.0,1.22,1.22,,,18.0,0,7.05,0,267.0,1.0,0.3,0,22000.0,28000.0,206.0,0,1.22,0,,0
2024,3153,"STAND,NARKATIAGANJ GROUND WATER NEAR CHURCH HIGH",Bihar,28.0,28.0,6.86,7.43,745.0,1559.0,1.0,1.0,0.3,2.6,1.8,1700.0,1.8,2800.0,470.0,1044.0,0.36,0.79,,,28.0,0,7.145,0,1152.0,1.0,1.45,0,850.9,1400.9,757.0,0,0.575,0,,0
2024,3154,"GROUND WATER FROM RAMKUND GAYA SCHOOL,PIRO",Bihar,19.0,26.0,7.12,7.33,676.0,1099.0,1.0,1.0,0.5,2.09,4.5,4.5,7.8,7.8,580.0,672.0,1.0,1.15,,,22.5,0,7.225,0,887.5,1.0,1.295,0,4.5,7.8,626.0,0,1.075,0,,0
2024,3155,GROUND WATER FROM SUPUAL BUS,Bihar,19.0,28.0,7.01,7.53,924.0,992.0,1.0,1.2,0.39,4.62,1.8,7900.0,1.8,11000.0,304.0,688.0,0.82,1.37,,,23.5,0,7.27,0,958.0,1.1,2.505,0,3950.9,5500.9,496.0,0,1.095,0,,0
2024,3156,"STAND, SUPAUL GROUND WATER FROM SAMASTIPUR",Bihar,29.0,29.0,7.46,7.46,1240.0,1240.0,1.0,1.0,1.9,1.9,1.8,1.8,1.8,1.8,680.0,680.0,,,,,29.0,0,7.46,0,1240.0,1.0,1.9,0,1.8,1.8,680.0,0,,0,,0
2024,3157,"BUS STAND,SAMASTIPUR GROUND WATER FROM J.P. PARK",Bihar,18.0,23.0,6.96,7.12,710.0,1430.0,1.0,1.0,0.3,4.96,1.8,1300.0,1.8,2300.0,530.0,530.0,0.2,0.2,,,20.5,0,7.04,0,1070.0,1.0,2.63,0,650.9,1150.9,530.0,0,0.2,0,,0
2024,3158,"CHOWK ,SULTANGANJ GROUND WATER NEAR GOVT. HOSPITAL,",Bihar,20.0,26.0,7.02,7.02,741.0,802.0,1.0,1.0,2.5,3.06,1.8,1.8,1.8,1.8,592.0,608.0,0.79,0.92,,,23.0,0,7.02,0,771.5,1.0,2.7800000000000002,0,1.8,1.8,600.0,0,0.855,0,,0
2024,3159,SHERGHATI GROUND WATER FROM RAJKIYA HIGH,Bihar,20.0,21.0,7.15,7.19,845.0,847.0,1.0,1.0,1.68,2.5,1.8,1.8,1.8,1.8,460.0,542.0,1.32,1.82,,,20.5,0,7.17,0,846.0,1.0,2.09,0,1.8,1.8,501.0,0,1.57,1,,0
2024,3160,"SCHOOL ,SHAHPUR GROUND WATER FROM RAXAUL BUS",Bihar,24.0,33.0,6.78,7.11,309.0,341.0,1.0,1.0,0.3,0.3,1.8,1.8,1.8,1.8,220.0,220.0,0.68,1.32,,,28.5,0,6.945,0,325.0,1.0,0.3,0,1.8,1.8,220.0,0,1.0,0,,0
2024,3161,STAND RAXAUL GROUND WATER NEAR BUS STAND,Bihar,19.0,24.0,6.99,7.44,883.0,1270.0,1.0,1.0,1.49,10.93,1.8,7900.0,1.8,11000.0,380.0,704.0,0.86,1.09,,,21.5,0,7.215,0,1076.5,1.0,6.21,0,3950.9,5500.9,542.0,0,0.9750000000000001,0,,0
2024,3162,KATIHAR GROUND WATER NEAR VAISHALI BLOCK,Bihar,20.0,20.0,7.43,7.43,939.0,939.0,1.0,1.0,0.3,0.3,,,,,560.0,560.0,0.41,0.41,,,20.0,0,7.43,0,939.0,1.0,0.3,0,,,560.0,0,0.41,0,,0
2024,2043,GROUND WATER PALSORA CHANDIGARH,Chandigarh,24.0,29.0,7.1,7.5,833.0,963.0,1.0,1.0,3.8,3.9,1.8,1.8,31.0,49.0,480.0,500.0,0.2,0.31,,,26.5,0,7.3,0,898.0,1.0,3.8499999999999996,0,1.8,40.0,490.0,0,0.255,0,,0
2024,2044,GROUND DHANAS CHANDIGARH,Chandigarh,24.0,28.0,7.4,7.5,388.0,425.0,1.0,1.0,2.2,2.7,1.8,1.8,1.8,1.8,220.0,249.0,0.2,0.24,,,26.0,0,7.45,0,406.5,1.0,2.45,0,1.8,1.8,234.5,0,0.22,0,,0
2024,2045,"GROUND WATER DADU MAJRA COLONY,",Chandigarh,24.0,28.0,7.4,7.5,638.0,989.0,1.0,1.0,3.6,3.7,1.8,1.8,46.0,47.0,334.0,416.0,0.2,0.29,,,26.0,0,7.45,0,813.5,1.0,3.6500000000000004,0,1.8,46.5,375.0,0,0.245,0,,0
2024,5448,Ground Water at sector -20,Chandigarh,23.0,28.0,7.4,7.6,699.0,719.0,1.0,1.0,3.7,4.1,1.8,1.8,32.0,46.0,396.0,450.0,0.2,0.2,,,25.5,0,7.5,0,709.0,1.0,3.9,0,1.8,39.0,423.0,0,0.2,0,,0
2024,5449,Ground Water at sector -35,Chandigarh,23.0,28.0,7.2,7.3,754.0,979.0,1.0,1.0,3.9,4.3,1.8,1.8,26.0,40.0,424.0,494.0,0.22,0.22,,,25.5,0,7.25,0,866.5,1.0,4.1,0,1.8,33.0,459.0,0,0.22,0,,0
2024,5450,Ground Water Near dumping ground (vill-,Chandigarh,24.0,28.0,7.2,7.5,741.0,812.0,1.0,1.0,3.6,3.6,1.8,1.8,33.0,46.0,474.0,478.0,0.2,0.2,,,26.0,0,7.35,0,776.5,1.0,3.6,0,1.8,39.5,476.0,0,0.2,0,,0
2024,1620,GROUND WATER AT NEW HIG-11,Chhattisgarh,24.0,25.0,7.02,7.63,183.0,294.0,,,0.0,0.0,,,,,182.0,276.0,,,,,24.5,0,7.324999999999999,0,238.5,,0.0,0,,,229.0,0,,0,,0
2024,1621,TATIBANDH GROUND WATER AT AT M/S PRAKRITI,Chhattisgarh,23.0,25.0,7.18,7.4,178.0,198.0,2.1,2.1,0.0,0.0,,,,,158.0,172.0,,,,,24.0,0,7.29,0,188.0,2.1,0.0,0,,,165.0,0,,0,,0
2024,1622,INDUSTRIES RAWABHATA BORE WELL WATER SAMPLE NEAR TIFRA,Chhattisgarh,25.5,27.6,7.1,7.6,448.0,448.0,1.0,1.0,3.02,3.24,1.8,1.8,1.8,1.8,256.0,258.0,,,,,26.55,0,7.35,0,448.0,1.0,3.13,0,1.8,1.8,257.0,0,,0,,0
2024,1623,FERTILIZER OUTSIDE OF FACTORY I.A. BILASPUR BORE WELL WATER SAMPLE FROM BEC,Chhattisgarh,25.4,27.8,7.2,7.7,436.0,440.0,1.0,1.0,3.98,4.04,1.8,1.8,1.8,1.8,251.6,254.0,,,,,26.6,0,7.45,0,438.0,1.0,4.01,0,1.8,1.8,252.8,0,,0,,0
2024,3171,PREMISES (NEAR BANAK CHOWK) HAND PUMP WATER 14/10 NEPALI,Chhattisgarh,26.0,27.0,7.42,7.7,156.0,418.0,1.0,1.4,0.4,0.55,,,11.0,580.0,128.0,190.0,,,,,26.5,0,7.5600000000000005,0,287.0,1.2,0.47500000000000003,0,,295.5,159.0,0,,0,,0
2024,3172,"MOHLLA, SHANKAR BOREWELL/ HANDPUMP IN ROGBAHRI",Chhattisgarh,26.0,26.4,7.43,7.45,321.0,480.0,1.0,1.0,0.32,7.12,2.0,2.0,22.0,26.0,120.0,138.0,,,,,26.2,0,7.4399999999999995,0,400.5,1.0,3.72,0,2.0,24.0,129.0,0,,0,,0
2024,3173,"VILLAGE, KORBA BOREWELL/ HANDPUMP IN",Chhattisgarh,26.3,26.3,7.4,7.41,418.0,482.0,1.0,1.0,0.88,5.17,2.0,2.0,20.0,20.0,120.0,120.0,,,,,26.3,0,7.405,0,450.0,1.0,3.025,0,2.0,20.0,120.0,0,,0,,0
2024,3174,"PARSABHATA, BALCO, KORBA BOREWELL/ HANDPUMP IN DHANRAS,",Chhattisgarh,26.3,26.3,7.32,7.42,232.0,436.0,1.0,2.4,0.54,6.1,2.0,4.0,14.0,24.0,135.0,180.0,,,,,26.3,0,7.37,0,334.0,1.7,3.32,0,3.0,19.0,157.5,0,,0,,0
2024,2277,WELL AT VERNA INDI.ESTATE.(M/S CIPLA,Goa,28.0,30.0,6.44,7.29,385.0,428.0,1.5,1.9,0.32,1.82,1.8,110.0,7.8,220.0,233.0,257.0,0.2,0.3,0.00049,0.001,29.0,0,6.865,0,406.5,1.7,1.07,0,55.9,113.9,245.0,0,0.25,0,0.000745,0
2024,2278,WELL AT SANCOALE INDL.ESTATE LIMITED),Goa,28.0,29.0,6.15,6.5,239.0,344.0,1.6,1.6,1.73,2.12,79.0,130.0,240.0,350.0,148.0,209.0,0.2,0.2,0.00049,0.001,28.5,0,6.325,0,291.5,1.6,1.925,0,104.5,295.0,178.5,0,0.2,0,0.000745,0
2024,2280,WELL AT KUDAI INDL. ESTATE(M/S,Goa,26.0,28.0,6.26,6.64,375.0,433.0,1.9,4.0,0.32,0.32,1.8,1.8,1.8,2.0,242.0,243.0,0.2,0.4,0.00049,0.001,27.0,0,6.449999999999999,0,404.0,2.95,0.32,0,1.8,1.9,242.5,0,0.30000000000000004,0,0.000745,0
2024,2281,WELL AT CORLIM INDL. ESTATE CADILA HEALTHCARE LIMITED),Goa,26.0,28.0,5.82,6.54,71.0,98.0,1.0,1.9,0.32,1.02,1.8,7.8,2.0,23.0,41.0,59.0,0.2,0.3,0.00049,0.001,27.0,0,6.18,0,84.5,1.45,0.67,0,4.8,12.5,50.0,0,0.25,0,0.000745,0
2024,2282,WELL AT PILERNE INDUSTRIAL,Goa,28.0,28.0,6.63,7.09,341.0,453.0,1.2,3.5,0.32,0.32,1.8,4.5,1.8,7.8,211.0,308.0,0.44,0.56,0.00049,0.007,28.0,0,6.859999999999999,0,397.0,2.35,0.32,0,3.15,4.8,259.5,0,0.5,0,0.003745,0
2024,3193,ESTATE(M/S UNICHEM ) BORE WELL AT CUNCOLIM INDUSTRIAL,Goa,30.0,30.0,7.32,7.32,66.0,66.0,1.0,1.0,0.32,0.32,33.0,33.0,49.0,49.0,44.0,44.0,0.2,0.2,0.00049,0.00049,30.0,0,7.32,0,66.0,1.0,0.32,0,33.0,49.0,44.0,0,0.2,0,0.00049,0
2024,3194,ESTATE BORE WELL AT BETHORA INDUSTRIAL,Goa,29.0,31.0,5.58,5.9,87.0,110.0,1.0,1.9,1.55,2.41,1.8,1.8,1.8,1.8,56.0,73.0,0.2,0.2,0.00049,0.001,30.0,0,5.74,0,98.5,1.45,1.98,0,1.8,1.8,64.5,0,0.2,0,0.000745,0
2024,3195,ESTATE BORE WELL AT MADKAIM INDUSTRIAL,Goa,29.0,30.0,5.91,6.2,97.0,105.0,1.0,1.6,1.29,1.98,1.8,1.8,1.8,1.8,59.0,70.0,0.2,0.3,0.00049,0.001,29.5,0,6.055,0,101.0,1.3,1.635,0,1.8,1.8,64.5,0,0.25,0,0.000745,0
2024,4409,SALMONA SPRING ESTATE,Goa,26.0,32.0,5.52,7.2,49.0,123.0,1.0,1.9,0.32,4.13,130.0,540.0,230.0,920.0,32.0,78.0,0.2,0.3,0.00049,0.001,29.0,0,6.359999999999999,0,86.0,1.45,2.225,0,335.0,575.0,55.0,0,0.25,0,0.000745,0
2024,3,WELL AT AHMEDABAD,Gujarat,30.0,30.0,8.1,8.1,468.0,468.0,1.0,1.0,0.38,0.38,2.0,2.0,2.0,2.0,305.0,305.0,0.83,0.83,,,30.0,0,8.1,0,468.0,1.0,0.38,0,2.0,2.0,305.0,0,0.83,0,,0
2024,6,WELL AT BARODA,Gujarat,27.0,28.0,7.6,8.08,1032.0,1534.0,1.0,1.3,0.32,0.54,1.8,1.8,1.8,1.8,794.0,1058.0,0.81,1.08,0.00049,0.00049,27.5,0,7.84,0,1283.0,1.15,0.43000000000000005,0,1.8,1.8,926.0,0,0.9450000000000001,0,0.00049,0
2024,1950,GROUND WATER AT JUNAGADH,Gujarat,28.0,31.0,7.41,7.51,921.0,972.0,1.0,1.1,1.33,1.38,1.8,1.8,1.8,1.8,652.0,668.0,0.2,0.25,0.00049,0.00049,29.5,0,7.46,0,946.5,1.05,1.355,0,1.8,1.8,660.0,0,0.225,0,0.00049,0
2024,1951,GROUND WATER AT RAJKOTGROUND WATER NR. DISTRICT CO-OPERATIVE,Gujarat,28.0,30.0,7.34,7.44,431.0,740.0,1.0,2.1,1.35,1.4,1.8,1.8,1.8,1.8,384.0,444.0,0.2,1.3,0.00049,0.00049,29.0,0,7.390000000000001,0,585.5,1.55,1.375,0,1.8,1.8,414.0,0,0.75,0,0.00049,0
2024,1952,"BANK, NR. RAIYA CIRCLE, RAIYA ROAD RAJKOT GROUND WATER AT SURENDRANAGARAT. BHAVANI PLASTIC (STEELMAN OXYGEN, PLOT NO.C1/613,",Gujarat,28.0,29.0,7.24,7.39,2240.0,4049.0,1.0,1.0,1.35,1.4,1.8,1.8,1.8,1.8,1576.0,3164.0,0.6,0.87,0.00049,0.00049,28.5,0,7.3149999999999995,0,3144.5,1.0,1.375,0,1.8,1.8,2370.0,1,0.735,0,0.00049,0
2024,1953,GROUND WATER AT JAMNAGARBOREWELL OF RAMESHWAR,Gujarat,27.0,28.0,7.12,7.61,780.0,790.0,1.0,1.0,0.32,0.32,1.8,1.8,1.8,2.0,510.0,556.0,0.2,0.21,0.00049,0.00049,27.5,0,7.365,0,785.0,1.0,0.32,0,1.8,1.9,533.0,0,0.20500000000000002,0,0.00049,0
2024,1954,"TEMPLE, NEAR RAMESHWAR CHOWK, JAMNAGAR GROUND WATER AT BHUJODHAV PARK SOCIETY-2,PRAMUKH SWAMI NAGAR",Gujarat,30.0,33.0,7.66,7.94,3450.0,3770.0,1.7,1.8,0.32,0.6,1.8,1.8,1.8,2.0,2218.0,2486.0,0.51,0.56,,,31.5,0,7.800000000000001,0,3610.0,1.75,0.45999999999999996,0,1.8,1.9,2352.0,1,0.535,0,,0
2024,1955,"JILLA SEVA SADAN-2, NEAR JORAVAR ROAD,BEHIND ASHAPURA SCHOOL,TA:BHUJ, DIST;KUTCH (WEST) GROUND WATER AT PALANPURBEHIND",Gujarat,26.0,27.0,7.37,7.57,1827.0,1952.0,1.0,1.0,0.9,1.59,2.0,2.0,2.0,2.0,960.0,964.0,0.26,0.36,0.00049,0.00049,26.5,0,7.470000000000001,0,1889.5,1.0,1.245,0,2.0,2.0,962.0,0,0.31,0,0.00049,0
2024,1956,"MEHASANAMODHERA GIDC, TAL & DIST : PALACE, PALANPUR, DIST-BANASKANTHA GROUND WATER AT",Gujarat,29.0,29.0,8.06,8.06,1225.0,1225.0,1.0,1.0,1.2,1.2,1.8,1.8,1.8,1.8,792.0,792.0,0.26,0.26,0.00049,0.00049,29.0,0,8.06,0,1225.0,1.0,1.2,0,1.8,1.8,792.0,0,0.26,0,0.00049,0
2024,1957,MEHSANA GROUND WATER AT SIDDHPUR (DIST.PATAN)AHMEDABAD- PALANUR,Gujarat,27.0,27.0,7.66,7.7,1590.0,1664.0,1.0,1.0,0.6,0.9,2.0,2.0,2.0,2.0,810.0,956.0,0.89,1.46,0.00049,0.00049,27.0,0,7.68,0,1627.0,1.0,0.75,0,2.0,2.0,883.0,0,1.175,0,0.00049,0
2024,1958,"HIGHWAY, TAVADIYA CROSSING, NEAR MADHIVAI, SIDDPUR, DIST-PATAN GROUND WATER AT HIMATNAGARBOREWELL OF",Gujarat,25.0,26.0,7.21,7.6,740.0,938.0,1.0,1.0,0.77,0.9,1.8,2.0,1.8,2.0,430.0,502.0,0.22,0.99,0.00049,0.00049,25.5,0,7.404999999999999,0,839.0,1.0,0.835,0,1.9,1.9,466.0,0,0.605,0,0.00049,0
2024,1959,"OF SANTRAM MANDIR, NADIAD,DIST: HIMATNAGAR NAGARPALIKA, AT. HIMATNAGAR, DIST. SABARKANTHA GROUND WATER AT NADIADBOREWELL",Gujarat,24.0,24.0,7.68,7.68,1611.0,1611.0,,,6.9,6.9,1.8,1.8,1.8,1.8,1132.0,1132.0,,,0.00049,0.00049,24.0,0,7.68,0,1611.0,,6.9,0,1.8,1.8,1132.0,0,,0,0.00049,0
2024,1960,"HINDU DHARAMASHALA, STATION ROAD, KHEDA GROUND WATER AT DAHODWELL AT",Gujarat,26.0,27.0,7.74,7.94,800.0,883.0,1.1,1.3,0.96,1.92,1.8,1.8,1.8,1.8,510.0,590.0,0.76,1.5,0.00049,0.00049,26.5,0,7.84,0,841.5,1.2000000000000002,1.44,0,1.8,1.8,550.0,0,1.13,0,0.00049,0
2024,1961,DAHOD GROUND WATER AT GODHARAWELL AT OFFICE OF PANCHMAHAL INDUSTRIES,Gujarat,26.0,27.0,7.06,7.14,764.0,938.0,1.2,1.4,1.82,3.32,1.8,1.8,1.8,1.8,550.0,682.0,0.81,0.89,0.00049,0.00049,26.5,0,7.1,0,851.0,1.2999999999999998,2.57,0,1.8,1.8,616.0,0,0.8500000000000001,0,0.00049,0
2024,1962,"FADERATION, NEAR CIRCUIT HOUSE, GODHRA VADODARA (INDUSTRIAL-",Gujarat,28.0,28.0,7.3,7.58,3240.0,4066.0,1.6,2.7,3.46,8.6,1.8,1.8,1.8,1.8,2428.0,3856.0,0.82,0.82,0.00049,0.00049,28.0,0,7.4399999999999995,0,3653.0,2.1500000000000004,6.029999999999999,0,1.8,1.8,3142.0,1,0.82,0,0.00049,0
2024,1964,NANDESARI)GIDC-NANDESARI PANDESARA (INDSTRIAL),Gujarat,27.0,32.0,7.62,8.02,4166.0,7748.0,2.4,2.5,0.32,0.34,1.8,1.8,1.8,1.8,2458.0,4494.0,0.2,0.2,0.00049,0.00049,29.5,0,7.82,0,5957.0,2.45,0.33,0,1.8,1.8,3476.0,1,0.2,0,0.00049,0
2024,1967,"SURATPANDESARA GIDC, SURAT ATUL, VILLAGE G.W, (VALSAD)B/W AT",Gujarat,28.0,29.0,7.49,8.0,1603.0,1631.0,1.0,1.0,0.33,0.4,1.8,1.8,1.8,1.8,952.0,1096.0,0.2,0.34,,,28.5,0,7.745,0,1617.0,1.0,0.365,0,1.8,1.8,1024.0,0,0.27,0,,0
2024,1968,"VAPI INDUSTRIAL AREA (RAJASHTHAN BHAVAN) U/S, VAPIB/W AT VAPI INDUSTRIAL AREA U/S IN RAJASTHAN",Gujarat,28.0,29.0,7.95,8.03,663.0,764.0,1.0,1.0,0.32,0.43,1.8,1.8,1.8,1.8,366.0,456.0,0.27,0.36,,,28.5,0,7.99,0,713.5,1.0,0.375,0,1.8,1.8,411.0,0,0.315,0,,0
2024,1969,"DIST:VALSADB/W AT COSTAL HIGHWAY BHAVAN SILVASA RD, OPPOSITE GURUDWARA, GIDC, VAPI, GUJARAT 396195 B/W AT COSTAL HIGHWAY CHAR RASTA, FANSA, TA:UMBERGA N,",Gujarat,28.0,28.0,7.86,8.06,906.0,906.0,1.0,1.0,0.32,0.49,1.8,1.8,1.8,1.8,452.0,520.0,0.2,0.4,,,28.0,0,7.960000000000001,0,906.0,1.0,0.405,0,1.8,1.8,486.0,0,0.30000000000000004,0,,0
2024,1970,"CHAR RASTA, FANSA, TA:UMBERGAON, DIST:VALSAD BOREWELL D/S TSDF SITE, GIDC INDUSTRIAL AREA, VAPIB/W AT D/S TSDF",Gujarat,28.0,29.0,7.32,8.15,422.0,603.0,1.0,1.0,0.33,0.47,1.8,1.8,1.8,1.8,334.0,372.0,0.4,0.46,,,28.5,0,7.735,0,512.5,1.0,0.4,0,1.8,1.8,353.0,0,0.43000000000000005,0,,0
2024,2083,"GIDC.BOREWELL OF GIDC CHHATRAL, SITE PLOT NO.4807, PHASE 4, GIDC, VAPI BORE WELL OF CHHATRAL",Gujarat,30.0,30.0,7.35,7.35,2388.0,2388.0,1.0,1.0,1.09,1.09,2.0,2.0,2.0,2.0,1362.0,1362.0,0.6,0.6,0.00049,0.00049,30.0,0,7.35,0,2388.0,1.0,1.09,0,2.0,2.0,1362.0,0,0.6,0,0.00049,0
2024,2084,PHASE I BORE WELL OF PALSANA,Gujarat,29.0,30.0,7.84,8.11,1185.0,1331.0,2.0,2.3,0.32,0.34,1.8,1.8,1.8,1.8,700.0,772.0,0.2,0.22,0.00049,0.00049,29.5,0,7.975,0,1258.0,2.15,0.33,0,1.8,1.8,736.0,0,0.21000000000000002,0,0.00049,0
2024,2085,"VILLAGE.BOREWELL OF SANTEJ GRAM VILLAGE.PALASANA,SURAT. BORE WELL OF SANTEJ",Gujarat,38.0,38.0,6.82,6.82,2484.0,2484.0,1.0,1.0,0.33,0.33,2.0,2.0,2.0,2.0,1442.0,1442.0,0.36,0.36,0.00049,0.00049,38.0,0,6.82,0,2484.0,1.0,0.33,0,2.0,2.0,1442.0,0,0.36,0,0.00049,0
2024,2088,PANCHAYAT BORE WELL OF SACHIN GIDC.SACHIN,Gujarat,30.0,30.0,7.09,7.15,2523.0,7422.0,2.2,2.8,0.32,0.35,1.8,1.8,1.8,1.8,1716.0,4306.0,0.2,0.27,0.00049,0.00049,30.0,0,7.12,0,4972.5,2.5,0.33499999999999996,0,1.8,1.8,3011.0,1,0.23500000000000001,0,0.00049,0
2024,2089,"NAVAPURA, DIST. SURAT.PLOT-202 GIDC, SACHIN,SURAT B/W NEAR INDL. AREA BORASARA &",Gujarat,30.0,30.0,7.28,7.44,3109.0,3408.0,2.4,2.4,0.32,0.32,1.8,1.8,1.8,1.8,1834.0,1976.0,0.2,0.2,0.00049,0.00049,30.0,0,7.36,0,3258.5,2.4,0.32,0,1.8,1.8,1905.0,0,0.2,0,0.00049,0
2024,2090,"WELL AT OLPAD.OLPAD ,SURAT ,KIM,SURAT.",Gujarat,27.0,30.0,7.07,8.44,4690.0,13270.0,1.0,2.7,0.32,0.32,1.8,1.8,1.8,1.8,2876.0,8688.0,0.2,0.21,0.00049,0.00049,28.5,0,7.755,0,8980.0,1.85,0.32,0,1.8,1.8,5782.0,1,0.20500000000000002,0,0.00049,0
2024,2091,BORE WELL OF NAVSARI GIDC INDUSTRIES ASSOCIATION OFFICE.AT-,Gujarat,28.0,29.0,7.13,7.73,1883.0,2080.0,2.2,2.5,0.37,0.37,2.0,2.0,2.0,2.1,1092.0,1226.0,0.2,0.25,0.00049,0.00049,28.5,0,7.43,0,1981.5,2.35,0.37,0,2.0,2.05,1159.0,0,0.225,0,0.00049,0
2024,2093,WELL OF BARDOLI AT REST,Gujarat,29.0,29.0,6.96,7.46,2436.0,2814.0,2.1,2.2,0.32,0.33,1.8,1.8,1.8,1.8,1058.0,1412.0,0.2,0.21,0.00049,0.00049,29.0,0,7.21,0,2625.0,2.1500000000000004,0.325,0,1.8,1.8,1235.0,0,0.20500000000000002,0,0.00049,0
2024,2094,CARBON AT ANKLESHWAR- RAJPIPLA HOUSE.BARDOLI-VYARA ROAD WELL AT ANKLESHWAR INDUSTRIAL AREA (BORE WELL OF M/S INDUSTRIAL,Gujarat,28.0,29.0,7.41,7.54,5200.0,5956.0,1.0,4.0,0.76,1.01,1.8,1.8,1.8,1.8,3338.0,4526.0,0.2,0.75,,,28.5,0,7.475,0,5578.0,2.5,0.885,0,1.8,1.8,3932.0,1,0.475,0,,0
2024,2095,"BORE WELL OF NARSHIBHAI BECHARBHAI ZALAWADIA @ 200 METER AWAY FROM MADHAPAR STP TOWARD ISWARIA MAHADEV TEMPLE,",Gujarat,29.0,30.0,7.24,7.56,1468.0,1680.0,1.0,1.1,1.35,1.4,1.8,1.8,1.8,1.8,1264.0,1464.0,0.24,1.25,0.00049,0.00049,29.5,0,7.4,0,1574.0,1.05,1.375,0,1.8,1.8,1364.0,0,0.745,0,0.00049,0
2024,2096,"(CETP ), VILL. BAVLA, DIST. MADHAPAR, DIST. RAJKOT.BORE WELL OF NARSHIBHAI BECHARBHAI ZALAVADIYA, NR. MADHAPAR STP PLANT, RAJKOT BORE WELL, SNR. VINAYAK JAL SUDDHIKARAN SAHAKARI MANDALI LTD.",Gujarat,30.0,31.0,7.37,7.45,5544.0,6318.0,1.0,1.2,0.69,1.04,2.0,2.0,2.0,2.0,3126.0,3642.0,1.54,1.84,0.00049,0.00049,30.5,0,7.41,0,5931.0,1.1,0.865,0,2.0,2.0,3384.0,1,1.69,1,0.00049,0
2024,2097,"BAVLA, DIST. AHMEDABAD.DEDHAL AHMEDABAD.S. N. 644/1-4, VILL. BAVLA, DIST. AHMEDABAD. BORE WELL OF SOMESHWAR RICE MILL, NR. BAVLA ECO PROJECT,(CETP), VILL.",Gujarat,26.0,29.0,6.77,7.59,6031.0,6554.0,1.2,1.2,0.48,0.78,2.0,2.0,2.0,2.0,3240.0,3798.0,0.76,1.42,0.00049,0.00049,27.5,0,7.18,0,6292.5,1.2,0.63,0,2.0,2.0,3519.0,1,1.0899999999999999,0,0.00049,0
2024,2098,"ROAD, NR. BAVLA ECO PROJECT, (CETP ), VILL. BAVLA, DIST. AHMEDABAD. BORE WELL OF PIRANA TERMINAL PUMPING STATION, PIRANA, NR. V. N.",Gujarat,30.0,30.0,7.44,7.44,3640.0,3640.0,1.0,1.0,0.51,0.51,2.0,2.0,2.0,2.0,2028.0,2028.0,0.85,0.85,,,30.0,0,7.44,0,3640.0,1.0,0.51,0,2.0,2.0,2028.0,1,0.85,0,,0
2024,3207,"PUMPING STATION, GIDC JHAGHADIA, BRIDGE, AHMEDABAD.NR. V.N BRIDGE, PIRANA, AHMEDABAD BOREWELL OF GIDC, JHAGADIAAT FINAL",Gujarat,30.0,30.0,7.34,7.34,2944.0,2944.0,1.0,1.0,0.97,0.97,1.8,1.8,1.8,1.8,1482.0,1482.0,0.3,0.3,,,30.0,0,7.34,0,2944.0,1.0,0.97,0,1.8,1.8,1482.0,0,0.3,0,,0
2024,3208,"DIST BHARUCH JILLA PANCHAYAT SCHOOL, NEAR GRAM PANCHAYAT KATA FALIA, VILLAGE NAMDHA, VALSADB/W AT JILLA",Gujarat,28.0,29.0,7.58,7.72,664.0,821.0,1.0,1.0,0.32,0.34,1.8,1.8,1.8,1.8,386.0,462.0,0.2,0.4,,,28.5,0,7.65,0,742.5,1.0,0.33,0,1.8,1.8,424.0,0,0.30000000000000004,0,,0
2024,3209,"FALIA, SARIGAM, VALSADBOREWELL OF PANCHAY SCHOOL NEAR GRAM PANCHAYAT KATA FALIA, VILLAGE NAMDHA, VALSAD BOREWELL OF GAYATRI PRAGNA SCHOOL, BHADARWAD ROAD, BAZAR",Gujarat,27.0,29.0,7.72,8.11,1123.0,1189.0,1.0,1.0,0.39,0.47,1.8,1.8,1.8,1.8,742.0,830.0,0.2,0.38,,,28.0,0,7.914999999999999,0,1156.0,1.0,0.43,0,1.8,1.8,786.0,0,0.29000000000000004,0,,0
2024,3210,"TARSADI AT KOSAMBA INDUSTRIAL GAYATRI PRAGNA SCHOOL, BHADARWAD ROAD, BAZAR FALIA, SARIGAM, VALSAD BOREWELL AT PIRAMAL GLASS, VILLAGE",Gujarat,30.0,30.0,7.06,7.96,3515.0,3541.0,2.1,2.2,0.32,0.34,1.8,1.8,1.8,1.8,2054.0,2074.0,0.2,0.21,0.00049,0.00049,30.0,0,7.51,0,3528.0,2.1500000000000004,0.33,0,1.8,1.8,2064.0,1,0.20500000000000002,0,0.00049,0
2024,3211,"AREA, SURATKOSAMBA,SURAT BOREWELL AT PRIMARY HEALTH CENTER,",Gujarat,27.0,29.0,7.48,7.8,1843.0,1940.0,2.1,2.3,0.32,0.32,1.8,1.8,1.8,1.8,1086.0,1126.0,0.2,0.2,0.00049,0.00049,28.0,0,7.640000000000001,0,1891.5,2.2,0.32,0,1.8,1.8,1106.0,0,0.2,0,0.00049,0
2024,3212,"AHMEDABADCENTER OF EXCELLENCE BOREWELL NEAR CENTER OF EXCELLENCE BUILDING, GIDC, VATVA,",Gujarat,28.0,28.0,7.52,7.52,2395.0,2395.0,1.0,1.0,0.8,0.8,2.0,2.0,2.0,2.0,1442.0,1442.0,0.37,0.37,0.00049,0.00049,28.0,0,7.52,0,2395.0,1.0,0.8,0,2.0,2.0,1442.0,0,0.37,0,0.00049,0
2024,3214,"BUILDING, PLOT NO 511 GIDC- PHASE IV, VATVA, AHMEDABAD BOREWELL NEAR GIDC ODHAV INDUSTRIAL ASSOCIATION BUILDING, GIDC, ODHAV, AHMEDABADODHAV",Gujarat,28.0,28.0,7.97,7.97,2430.0,2430.0,1.0,1.0,0.46,0.46,2.0,2.0,2.0,2.0,1320.0,1320.0,0.2,0.2,0.00049,0.00049,28.0,0,7.97,0,2430.0,1.0,0.46,0,2.0,2.0,1320.0,0,0.2,0,0.00049,0
2024,3216,"INDUSTRIAL ASSOCIATION BUILDING, PLOT NO H 35, GIDC, ODHAV, ODHAV ROAD AHMEDABAD BOREWELL NEAR TSDF SITE OF GREEN ENVIRONMNET SERVICES CO. OP.LTD, VATVA, AHMEDABADTSDF SITE OF GREEN",Gujarat,28.0,28.0,7.72,7.72,2761.0,2761.0,1.0,1.0,0.48,0.48,2.0,2.0,2.0,2.0,1628.0,1628.0,0.8,0.8,0.00049,0.00049,28.0,0,7.72,0,2761.0,1.0,0.48,0,2.0,2.0,1628.0,0,0.8,0,0.00049,0
2024,3218,"ENVIRONMNET SERVICES CO. OP.LTD, S. NO 89,90,91 VINZOL TAL DASKROI , AHMEDABAD WELL OF MODASA, NAGAR PALIKA, VARIGRUH, MODASAWELL OF MODASA,",Gujarat,25.0,28.0,6.86,7.33,1062.0,1342.0,1.0,1.0,0.62,0.76,1.8,2.0,1.8,2.0,610.0,752.0,0.31,0.76,0.00049,0.00049,26.5,0,7.095000000000001,0,1202.0,1.0,0.69,0,1.9,1.9,681.0,0,0.535,0,0.00049,0
2024,3219,"NAGAR PALIKA, VARIGRUH, AT. MODASA. DIST. ARVALLI WELL OF IDAR, NAGAR PALIKA, SAKARIA, IDARBOREWELL OF IDAR NAGARPALIKA,",Gujarat,25.0,26.0,6.7,7.46,1461.0,1580.0,1.0,1.0,0.61,0.63,1.8,2.0,1.8,2.0,814.0,862.0,0.72,3.58,0.00049,0.00049,25.5,0,7.08,0,1520.5,1.0,0.62,0,1.9,1.9,838.0,0,2.15,1,0.00049,0
2024,3220,"AT. SAKARIA, TA. IDAR, DIST. SABARKANTHA BOREWELL OF GIDC-NADIAD AT GIDC OFFICE, GIDC NADIAD, KHEDABOREWELL",Gujarat,32.0,32.0,8.1,8.1,2712.0,2712.0,,,6.48,6.48,1.8,1.8,1.8,1.8,1680.0,1680.0,,,0.00049,0.00049,32.0,0,8.1,0,2712.0,,6.48,0,1.8,1.8,1680.0,0,,0,0.00049,0
2024,3221,"DIST.NARMADANAGARPALIKA OFFICE, OF GIDC-NADIAD AT GIDC OFFICE, GIDC NADIAD, KHEDA BOREWELL OF TOWN RAJPIPLA,",Gujarat,33.0,34.0,7.11,7.67,940.0,1158.0,1.0,1.0,0.32,0.32,1.8,20.0,1.8,92.0,588.0,938.0,0.2,0.55,,,33.5,0,7.390000000000001,0,1049.0,1.0,0.32,0,10.9,46.9,763.0,0,0.375,0,,0
2024,3222,"TREATMENT PLANT , GIDC PANOLI, DIST AT RAJPIPLA, DIST NARMADA BOREWELL OF GIDC, PANOLIAT WATER",Gujarat,35.0,35.0,8.37,8.37,400.0,400.0,1.0,1.0,0.65,0.65,1.8,1.8,1.8,1.8,220.0,220.0,1.01,1.01,,,35.0,0,8.37,0,400.0,1.0,0.65,0,1.8,1.8,220.0,0,1.01,0,,0
2024,3223,BHARUCH BOREWELL KADI INDUSTRIAL AREAKADI,Gujarat,32.0,32.0,7.67,7.67,1778.0,1778.0,1.0,1.0,1.33,1.33,1.8,1.8,1.8,1.8,1084.0,1084.0,0.51,0.51,0.00049,0.00049,32.0,0,7.67,0,1778.0,1.0,1.33,0,1.8,1.8,1084.0,0,0.51,0,0.00049,0
2024,3224,"DEESA BOREWELLMAIN WATER TANK, BESIDE BHANASALI HOSPITAL, NEAR",Gujarat,26.0,27.0,7.5,7.53,1080.0,1137.0,1.0,1.0,0.48,9.67,2.0,2.0,2.0,2.0,578.0,604.0,0.28,0.64,0.00049,0.00049,26.5,0,7.515000000000001,0,1108.5,1.0,5.075,0,2.0,2.0,591.0,0,0.46,0,0.00049,0
2024,3225,"SARDAR GARDEN, DEESA, DIST- BANASKANTHA VISNAGAR BOREWELLVISNAGAR GIDC,",Gujarat,29.0,29.0,7.75,7.75,1917.0,1917.0,1.0,1.0,0.7,0.7,,,,,1122.0,1122.0,0.62,0.62,0.00049,0.00049,29.0,0,7.75,0,1917.0,1.0,0.7,0,,,1122.0,0,0.62,0,0.00049,0
2024,3226,"STATION, GANDHIBAG, JANTA HOSPITAL TAL : VISNAGAR, DIST: MEHSANA PATAN BOREWELLWATER PUMPING",Gujarat,27.0,27.0,7.7,7.97,2308.0,2412.0,1.0,1.0,0.43,0.84,2.0,2.0,2.0,2.0,1396.0,1450.0,0.41,2.22,0.00049,0.00049,27.0,0,7.835,0,2360.0,1.0,0.635,0,2.0,2.0,1423.0,0,1.3150000000000002,1,0.00049,0
2024,3227,"ROAD, PATAN, DIST-PATAN VIJAPUR (RANASAN) BOREWELLRANASAN GIDC, VILL:",Gujarat,30.0,30.0,7.54,7.54,3015.0,3015.0,1.0,1.0,0.75,0.75,1.8,1.8,1.8,1.8,1802.0,1802.0,0.43,0.43,0.00049,0.00049,30.0,0,7.54,0,3015.0,1.0,0.75,0,1.8,1.8,1802.0,0,0.43,0,0.00049,0
2024,3228,"OF M/S. SAFARI INDUSTRIES, GIDC, RANASAN, TAL : VIJAPUR, DIST: MEHSANA GIDC, HALOL, PANCHMAHALBORE WELL",Gujarat,26.0,27.0,7.31,7.33,2569.0,3098.0,1.3,1.6,2.96,6.24,1.8,1.8,1.8,1.8,1960.0,2100.0,0.82,1.31,0.00049,0.00049,26.5,0,7.32,0,2833.5,1.4500000000000002,4.6,0,1.8,1.8,2030.0,1,1.065,0,0.00049,0
2024,3229,"M/S STAR REDIATOR, CHAKALIYA ROAD, HALOL, DIST. PNCHMAHAL GIDC, DAHOD, DAHODHAND PUMP OPP.",Gujarat,26.0,27.0,6.96,7.19,1284.0,1382.0,1.2,1.3,3.12,8.18,1.8,1.8,1.8,1.8,890.0,902.0,0.85,1.3,0.00049,0.00049,26.5,0,7.075,0,1333.0,1.25,5.65,0,1.8,1.8,896.0,0,1.075,0,0.00049,0
2024,3230,"317, GIDC-II, DOLATPARA, AT:JUNAGADH, GIDC, DAHOD, DIST. DAHOD BOREWELL OF GIDC, JUNAGADHPLOT NO.",Gujarat,28.0,31.0,7.33,7.36,1267.0,2312.0,1.0,1.1,1.33,1.33,1.8,1.8,1.8,1.8,912.0,1752.0,0.48,1.13,0.00049,0.00049,29.5,0,7.345000000000001,0,1789.5,1.05,1.33,0,1.8,1.8,1332.0,0,0.8049999999999999,0,0.00049,0
2024,3232,"TAL:JUNAGADH, DIST:JUNAGADH BOREWELL OF GIDC, ANTALIA WATER SUPPLY, BILLIMORA, GANDEVIAT- GIDC -",Gujarat,30.0,30.0,7.25,8.22,2488.0,2860.0,2.4,2.5,0.34,0.34,2.0,2.0,2.0,2.1,1468.0,1660.0,0.2,0.23,0.00049,0.00049,30.0,0,7.735,0,2674.0,2.45,0.34,0,2.0,2.05,1564.0,0,0.21500000000000002,0,0.00049,0
2024,3233,"NAVSARIAT - KALIYAWADI, NAVSARI ANTALIA, TA- GANDEVI, DI - NAVSARI, GUJARAT. BOREWELL OF KALIAWADI GRID ROAD,",Gujarat,28.0,29.0,7.48,8.11,2255.0,2562.0,2.4,2.7,0.33,0.33,2.0,2.0,2.0,2.1,1308.0,1512.0,0.22,0.26,0.00049,0.00049,28.5,0,7.795,0,2408.5,2.55,0.33,0,2.0,2.05,1410.0,0,0.24,0,0.00049,0
2024,3234,"ENVIRO CONTROL LIMITED, NADESARI, CITY, TA & DI - NAVSARI, GUJARAT. BOREWELL NERA TSDF OF NANDESARI",Gujarat,28.0,28.0,6.96,7.58,6568.0,8212.0,1.8,2.9,1.32,1.34,1.8,1.8,1.8,1.8,5998.0,7132.0,0.86,0.91,0.00049,0.00049,28.0,0,7.27,0,7390.0,2.35,1.33,0,1.8,1.8,6565.0,1,0.885,0,0.00049,0
2024,3235,"VADODARATSDF SITE OF NANDESARI BOREWELL OF GIDC KALOL, B/H GIDC OFFICE, GIDC, KALOL,",Gujarat,29.0,29.0,7.3,7.3,2424.0,2424.0,1.0,1.0,0.33,0.33,2.0,2.0,2.0,2.0,1376.0,1376.0,0.36,0.36,0.00049,0.00049,29.0,0,7.3,0,2424.0,1.0,0.33,0,2.0,2.0,1376.0,0,0.36,0,0.00049,0
2024,3236,"BOREWELL OF M/S ALFA ECA (I) LTD., UNIT-1, SR.NO. 249, UMA IND. ESTATE, VASNA , IYAVA, SANAND,",Gujarat,28.0,28.0,7.03,7.48,3807.0,3816.0,1.0,1.0,0.53,0.87,2.0,2.0,2.0,2.0,1958.0,2182.0,0.36,1.05,0.00049,0.00049,28.0,0,7.255000000000001,0,3811.5,1.0,0.7,0,2.0,2.0,2070.0,1,0.7050000000000001,0,0.00049,0
2024,3237,"SANAND, AHMEDABAD PLOT NO. AHMEDABADSR.NO. 249, UMA IND. ESTATE, VASNA , IYAVA, SANAND, AHMEDABAD BOREWELL OF L & T LTD., PLOT NO. 144/146, SARKHEJ-BAVLA ROAD,",Gujarat,29.0,29.0,7.42,7.42,2078.0,2078.0,1.0,1.0,0.5,0.5,2.0,2.0,2.0,2.0,1068.0,1068.0,0.63,0.63,0.00049,0.00049,29.0,0,7.42,0,2078.0,1.0,0.5,0,2.0,2.0,1068.0,0,0.63,0,0.00049,0
2024,3238,"IN THE PREMISES OF GIDC WATER 144/146, SARKHEJ-BAVLA ROAD, SANAND, AHMEDABAD BOREWELL OF GIDC KANSARIBORE WELL OF GIDC KANSARI,",Gujarat,29.0,29.0,7.84,8.1,4650.0,4726.0,1.0,1.1,0.32,5.5,1.8,1.8,1.8,1.8,3076.0,3098.0,0.62,0.92,0.00049,0.00049,29.0,0,7.97,0,4688.0,1.05,2.91,0,1.8,1.8,3087.0,1,0.77,0,0.00049,0
2024,3239,"SOJITRA IN THE PREMISES OF GIDC SUPPLY TANK, GIDC KANSARI, TA. KHAMBHAT, DIST. ANAND BOREWELL OF GIDC, SOJITRABOREWELL OF GIDC,",Gujarat,29.0,29.0,7.71,8.32,2996.0,3340.0,1.0,1.2,0.32,8.12,1.8,1.8,1.8,1.8,2004.0,2104.0,0.67,0.71,0.00049,0.00049,29.0,0,8.015,0,3168.0,1.1,4.22,0,1.8,1.8,2054.0,1,0.69,0,0.00049,0
2024,3240,"WATER SUPPLY TANK, GIDC-SOJITRA, TA. SOJITRA, DIST. ANAND. BOREWELL OF AJI GIDC ASSOCIATION OFFICE, PLOT NO. C-1/2, ROAD NO -B NR.",Gujarat,29.0,30.0,7.19,7.49,1210.0,1362.0,1.0,1.0,1.35,1.4,1.8,1.8,1.8,1.8,916.0,1032.0,0.2,0.44,0.00049,0.00049,29.5,0,7.34,0,1286.0,1.0,1.375,0,1.8,1.8,974.0,0,0.32,0,0.00049,0
2024,3241,"ASHISH METAL, RAJKOTBORE WELL OF AUSTIN AUTO ENG. AJI GIDC, RAJKOT BOREWELL NEAR MUNICIPAL SOLID",Gujarat,29.0,30.0,7.1,7.54,1496.0,2210.0,1.0,1.2,1.35,1.4,1.8,1.8,1.8,1.8,1492.0,1568.0,0.31,0.53,0.00049,0.00049,29.5,0,7.32,0,1853.0,1.1,1.375,0,1.8,1.8,1530.0,0,0.42000000000000004,0,0.00049,0
2024,3244,"WASTE SITE, NAKARWADI, RAJKOT BOREWELL NEAR TSDF OF BHARUCH ENVIRO INFRASTRUCTURE LIMITED,",Gujarat,28.0,29.0,7.11,7.11,3666.0,4896.0,1.0,1.0,0.32,3.68,1.8,1.8,1.8,1.8,2270.0,2904.0,0.2,0.67,,,28.5,0,7.11,0,4281.0,1.0,2.0,0,1.8,1.8,2587.0,1,0.43500000000000005,0,,0
2024,3245,"DHRANGADHRA, NEAR DCW LIMITED, ANKLESHWAR, BHARUCHAT BEIL TSDF SITE, GIDC ANKLESHWAR, DIST BHARUCH BOREWELL AT DHANGADHRA NEAR DHANGADHRA CHEMICALSBOREWELL AT",Gujarat,26.0,28.0,7.36,7.48,2160.0,5547.0,1.0,1.0,1.35,1.7,1.8,1.8,1.8,1.8,1708.0,3748.0,0.57,1.13,0.00049,0.00049,27.0,0,7.42,0,3853.5,1.0,1.525,0,1.8,1.8,2728.0,1,0.8499999999999999,0,0.00049,0
2024,3246,"DHRANGADHRA, TAL. DHRANGADHRA, DIST. SURENDRANAGAR BOREWELL OF GIDC OFFICE, SHANKAR TEKRI, UDHYOGNAGAR,",Gujarat,27.0,29.0,7.05,7.52,2350.0,2595.0,1.2,1.4,0.32,0.32,1.8,1.8,2.0,2.0,1678.0,1858.0,0.21,0.22,0.00049,0.00049,28.0,0,7.285,0,2472.5,1.2999999999999998,0.32,0,1.8,2.0,1768.0,0,0.215,0,0.00049,0
2024,4840,"TUBEWELL AT HATHIN, PLAWAL",Haryana,37.0,37.0,7.85,7.85,5310.0,5310.0,4.0,4.0,3.7,3.7,,,,,2920.0,2920.0,1.9,1.9,,,37.0,0,7.85,0,5310.0,4.0,3.7,0,,,2920.0,1,1.9,1,,0
2024,4841,"TUBEWELL AT GARHI, HODAL , PALWAL",Haryana,38.0,38.0,7.63,7.63,4370.0,4370.0,1.0,1.0,4.7,4.7,,,,,2410.0,2410.0,1.3,1.3,,,38.0,0,7.63,0,4370.0,1.0,4.7,0,,,2410.0,1,1.3,0,,0
2024,4843,"GEPIL, VILLAGE PALI, MOHABATABAD",Haryana,15.0,15.0,7.0,7.0,1270.0,1270.0,1.0,1.0,0.3,0.3,,,,,695.0,695.0,0.8,0.8,,,15.0,0,7.0,0,1270.0,1.0,0.3,0,,,695.0,0,0.8,0,,0
2024,4844,"SECTOR - 14, PHASE - II, VILLAGE CRUSHER ZONE, FARIDABAD BOREWELL NEAR POSCO COMPANY,",Haryana,27.1,27.1,7.8,7.8,1740.0,1740.0,1.0,1.0,0.3,0.3,1.8,1.8,1.8,1.8,795.0,795.0,0.2,0.2,,,27.1,0,7.8,0,1740.0,1.0,0.3,0,1.8,1.8,795.0,0,0.2,0,,0
2024,4845,"PATHUHERA, HSIIDC, IMT, BAWAL BOREWELL OF HSIIDC PARK, SECTOR - 1,",Haryana,26.8,26.8,7.2,7.2,1610.0,1610.0,1.0,1.0,0.3,0.3,1.8,1.8,1.8,1.8,816.0,816.0,0.2,0.2,,,26.8,0,7.2,0,1610.0,1.0,0.3,0,1.8,1.8,816.0,0,0.2,0,,0
2024,4846,"NO. 237, SECTOR - 8, IMT MANESAR, IMT, MANESAR, GURUGRAM TUBEWELL NO. 6 OF HSIIDC, NEAR PLOT",Haryana,28.1,28.1,7.8,7.8,1620.0,1620.0,1.0,1.0,0.3,0.3,1.8,1.8,1.8,1.8,828.0,828.0,0.2,0.2,,,28.1,0,7.8,0,1620.0,1.0,0.3,0,1.8,1.8,828.0,0,0.2,0,,0
2024,4847,"GURUGRAM TUBEWELL NO. 4, HAILY MANDI, TEHSIL -",Haryana,27.1,27.1,7.4,7.4,1780.0,1780.0,1.0,1.0,0.3,0.3,1.8,1.8,1.8,1.8,784.0,784.0,0.2,0.2,,,27.1,0,7.4,0,1780.0,1.0,0.3,0,1.8,1.8,784.0,0,0.2,0,,0
2024,4848,"PATAUDI (PWD), GURUGRAM TUBEWELL HSSIDC, NEAR PLOT NO. 7,",Haryana,27.4,27.4,7.4,7.4,1780.0,1780.0,1.0,1.0,0.0,0.0,,,,,784.0,784.0,0.2,0.2,,,27.4,0,7.4,0,1780.0,1.0,0.0,0,,,784.0,0,0.2,0,,0
2024,4849,"PIONEER INDUSTRIAL PARK, PATHERI, SECTOR 37, GURUGRAM BOREWELL AT ENTRY GATE OF ANSAL",Haryana,27.6,27.6,7.3,7.3,1210.0,1210.0,1.0,1.0,0.3,0.3,1.8,1.8,1.8,1.8,680.0,680.0,0.2,0.2,,,27.6,0,7.3,0,1210.0,1.0,0.3,0,1.8,1.8,680.0,0,0.2,0,,0
2024,4850,"BILASPUR, GURUGRAM BOREWELL OF WATER WORKS, SECTOR -",Haryana,26.8,26.8,8.0,8.0,1350.0,1350.0,1.0,1.0,0.3,0.3,1.8,1.8,1.8,1.8,712.0,712.0,0.2,0.2,,,26.8,0,8.0,0,1350.0,1.0,0.3,0,1.8,1.8,712.0,0,0.2,0,,0
2024,4851,"35, HSIIDC, NH - 8, GURUGRAM BOREWELL OF PHED OFFICE, PATAUDI,",Haryana,27.1,27.1,7.1,7.1,1410.0,1410.0,1.0,1.0,0.3,0.3,1.8,1.8,1.8,1.8,732.0,732.0,0.2,0.2,,,27.1,0,7.1,0,1410.0,1.0,0.3,0,1.8,1.8,732.0,0,0.2,0,,0
2024,1555,TUBEWELL NEAR JSV PUMP STATION,Himachal Pradesh,,,7.31,7.88,518.0,1067.0,1.0,1.0,0.47,0.68,1.8,1.8,1.8,1.8,444.0,650.0,0.26,0.55,,,,0,7.595,0,792.5,1.0,0.575,0,1.8,1.8,547.0,0,0.405,0,,0
2024,1556,"RESIDENTIAL AREA KHERI, KALA AMB, BOREWELL NEAR JSV TANK HEERPUR AT",Himachal Pradesh,,,7.62,7.83,670.0,745.0,1.0,1.0,0.67,0.73,1.8,1.8,1.8,1.8,454.0,498.0,0.28,0.42,,,,0,7.725,0,707.5,1.0,0.7,0,1.8,1.8,476.0,0,0.35,0,,0
2024,1562,BOREWELL NEAR ISBT UNA PAONTA SAHIB,Himachal Pradesh,21.0,25.0,7.47,8.02,361.0,438.0,1.0,1.0,0.32,2.15,1.8,1.8,1.8,21.0,248.0,296.0,0.2,0.2,0.00049,0.00049,23.0,0,7.744999999999999,0,399.5,1.0,1.2349999999999999,0,1.8,11.4,272.0,0,0.2,0,0.00049,0
2024,1874,"BELOW SWM SITE AT SALOGRA, VILL. SPRING SOURCE (GROUND WATER)",Himachal Pradesh,10.0,20.0,7.02,7.72,382.0,774.0,1.0,1.0,0.58,2.84,2.0,4.0,17.0,26.0,263.0,392.0,0.24,0.28,,,15.0,0,7.369999999999999,0,578.0,1.0,1.71,0,3.0,21.5,327.5,0,0.26,0,,0
2024,2645,HAND PUMP AT NAHAN NEAR POLICE,Himachal Pradesh,,,7.43,8.04,576.0,1048.0,1.0,1.0,0.63,0.65,1.8,1.8,1.8,1.8,440.0,640.0,0.3,0.51,,,,0,7.734999999999999,0,812.0,1.0,0.64,0,1.8,1.8,540.0,0,0.405,0,,0
2024,2646,POST GUNNUGHAT HAND PUMP NEAR MOGINANAD AT,Himachal Pradesh,,,7.44,7.75,516.0,1035.0,1.0,1.0,0.38,0.7,1.8,1.8,1.8,1.8,450.0,630.0,0.31,0.55,,,,0,7.595000000000001,0,775.5,1.0,0.54,0,1.8,1.8,540.0,0,0.43000000000000005,0,,0
2024,2648,HAND PUMP AT KEYLONG KALA AMB,Himachal Pradesh,11.0,18.0,6.74,7.6,138.0,356.0,1.0,1.0,0.32,0.32,1.8,1.8,1.8,1.8,92.0,241.0,0.24,0.6,,,14.5,0,7.17,0,247.0,1.0,0.32,0,1.8,1.8,166.5,0,0.42,0,,0
2024,4434,BOREWELL NEAR UNA-HAROLI BRIDGE,Himachal Pradesh,,,7.98,8.1,375.0,388.0,1.0,1.0,0.32,5.0,1.8,13.0,21.0,110.0,260.0,268.0,0.2,0.2,0.00049,0.00049,,0,8.04,0,381.5,1.0,2.66,0,7.4,65.5,264.0,0,0.2,0,0.00049,0
2024,4456,INDUSTRIAL AREA JEETPUR BEHRI HANDPUMP NEAR SATSANG BHAWAN,Himachal Pradesh,11.0,17.0,7.02,8.05,289.0,512.0,1.0,1.0,0.63,3.23,,,,,179.0,333.0,0.2,0.7,,,14.0,0,7.535,0,400.5,1.0,1.93,0,,,256.0,0,0.44999999999999996,0,,0
2024,4465,VILLAGE MUGLA GROUND WATER INTAKE POINT OF BBMB,Himachal Pradesh,14.0,27.0,6.75,8.34,163.0,680.0,1.0,1.0,0.32,1.21,26.0,58.0,140.0,280.0,110.0,420.0,0.2,0.63,,,20.5,0,7.545,0,421.5,1.0,0.765,0,42.0,210.0,265.0,0,0.41500000000000004,0,,0
2024,4467,AT VILL. HARABAGH GROUND WATER NEAR LIFT WATER SUPPLY SCHEME AT DARI DHARAMSHALA,Himachal Pradesh,14.0,14.0,6.92,7.52,112.0,393.0,1.0,1.1,0.3,2.3,1.8,2.0,2.0,17.0,71.0,247.0,0.2,0.2,,,14.0,0,7.22,0,252.5,1.05,1.2999999999999998,0,1.9,9.5,159.0,0,0.2,0,,0
2024,4468,"AT HOTEL DHAULADHAR HEIGHTS DARI, DHARAMSHALA GROUND WATER SUPPLY SCHEME NEAR",Himachal Pradesh,14.0,14.0,6.58,7.6,99.0,394.0,1.0,1.3,0.48,1.54,1.8,1.8,2.0,2.0,66.0,242.0,0.2,0.2,,,14.0,0,7.09,0,246.5,1.15,1.01,0,1.8,2.0,154.0,0,0.2,0,,0
2024,4472,"MELA GROUND DARI, DHARAMSHALA GROUND WATER NEAR SUPPLY SCHEME",Himachal Pradesh,14.0,14.0,7.21,8.1,143.0,654.0,1.0,1.0,0.5,2.72,2.0,40.0,2.0,350.0,100.0,339.0,0.2,0.9,,,14.0,0,7.654999999999999,0,398.5,1.0,1.61,0,21.0,176.0,219.5,0,0.55,0,,0
2024,4478,"SHAMSHI, NEAR SABJI MANDI BHUNTER, AT NAGROTA BHAGWAN LIFTING WATER SUPPLY SCHEME",Himachal Pradesh,15.0,16.0,7.17,7.72,101.0,260.0,1.0,1.0,0.32,3.11,23.0,32.0,210.0,240.0,68.0,169.0,0.26,0.51,,,15.5,0,7.445,0,180.5,1.0,1.7149999999999999,0,27.5,225.0,118.5,0,0.385,0,,0
2024,4483,TEHSIL KULLU GROUND WATER SUPPLY SCHEME (MC,Himachal Pradesh,21.0,24.0,7.81,8.09,402.0,404.0,1.0,1.3,0.32,5.09,1.8,26.0,1.8,84.0,256.0,274.0,0.2,0.2,0.00049,0.00049,22.5,0,7.949999999999999,0,403.0,1.15,2.705,0,13.9,42.9,265.0,0,0.2,0,0.00049,0
2024,5249,UNA) GROUND WATER NEAR PULGHRAT,Himachal Pradesh,20.0,21.0,7.7,8.2,268.0,272.0,1.0,1.0,0.57,1.06,1.8,1.8,1.8,1.8,164.0,183.0,0.2,0.2,,,20.5,0,7.949999999999999,0,270.0,1.0,0.815,0,1.8,1.8,173.5,0,0.2,0,,0
2024,5250,"BHAGWATI AUTOMOBILE, PLOT NO. 13, BRIDGE ALONG NATIONAL HIGHWAY BOREWELL IN THE PREMISES OF M/S",Himachal Pradesh,22.0,24.0,6.52,6.52,256.0,273.0,1.0,1.0,2.47,3.98,1.8,1.8,1.8,1.8,154.0,184.0,0.2,0.28,,,23.0,0,6.52,0,264.5,1.0,3.225,0,1.8,1.8,169.0,0,0.24000000000000002,0,,0
2024,5258,"TEHSIL MEHTAPUR (DRINKING WATER INDL AREA SAULI KHAD, DIST. MANDI GROUUND WATER AT VPO SANOLI, SUB-",Himachal Pradesh,20.0,28.0,7.19,8.1,633.0,1398.0,1.0,3.0,0.32,11.02,8.2,920.0,54.0,1600.0,419.0,828.0,0.2,0.27,0.00049,0.00049,24.0,0,7.645,0,1015.5,2.0,5.67,0,464.1,827.0,623.5,0,0.23500000000000001,0,0.00049,0
2024,3564,MANGALIJYOTHI SCHOOL MSW SITE BOREWELL WATER NEAR,Karnataka,28.0,30.0,7.5,8.0,124.0,184.0,2.4,2.4,0.3,1.7,1.8,13.0,23.0,540.0,80.0,128.0,0.2,0.3,,,29.0,0,7.75,0,154.0,2.4,1.0,0,7.4,281.5,104.0,0,0.25,0,,0
2024,19,"WELL AT ELOOR,ERNAKULAM",Kerala,27.0,28.0,6.4,6.43,120.0,227.0,1.0,3.8,0.72,2.93,540.0,1100.0,3100.0,4600.0,67.0,126.0,0.2,0.2,0.00049,0.00049,27.5,0,6.415,0,173.5,2.4,1.8250000000000002,0,820.0,3850.0,96.5,0,0.2,0,0.00049,0
2024,22,"WELL AT CHUNGAPALLY, KERALA",Kerala,27.0,29.0,5.4,6.7,123.0,132.0,1.0,1.5,1.9,2.43,380.0,1100.0,460.0,2900.0,70.0,73.0,0.2,0.2,0.00049,0.015,28.0,0,6.050000000000001,0,127.5,1.25,2.165,0,740.0,1680.0,71.5,0,0.2,0,0.007745,0
2024,35,"WELL AT PUNALUR, KERALA",Kerala,25.0,25.0,7.0,7.8,152.0,246.0,1.1,1.2,0.3,5.36,20.0,20.0,110.0,110.0,93.0,137.0,0.2,0.2,0.00049,0.056,25.0,0,7.4,0,199.0,1.15,2.83,0,20.0,110.0,115.0,0,0.2,0,0.028245,1
2024,1581,"WELL AT PAPPANAMKODE,",Kerala,28.0,28.0,6.0,6.0,136.0,232.0,1.0,1.0,0.3,0.3,400.0,800.0,600.0,1400.0,75.0,135.0,0.2,0.2,0.00049,0.013,28.0,0,6.0,0,184.0,1.0,0.3,0,600.0,1000.0,105.0,0,0.2,0,0.006744999999999999,0
2024,1582,"THIRUVANANTHAPURAM, KERALA WELL AT NEDUMANGAD,",Kerala,28.0,28.0,6.0,6.9,552.0,670.0,1.0,1.0,0.3,0.3,1.8,100.0,400.0,500.0,302.0,512.0,0.2,0.2,0.00049,0.001,28.0,0,6.45,0,611.0,1.0,0.3,0,50.9,450.0,407.0,0,0.2,0,0.000745,0
2024,1583,"THIRUVANANTHAPURAM, KERALA WELL AT KUNDARA, KOLLAM DISTT. ,",Kerala,24.0,25.0,6.5,7.5,128.0,188.0,1.0,1.2,0.3,0.31,2.0,10.0,40.0,110.0,86.0,160.0,0.2,0.2,0.00049,0.008,24.5,0,7.0,0,158.0,1.1,0.305,0,6.0,75.0,123.0,0,0.2,0,0.0042450000000000005,0
2024,1586,"WELL AT EDAYAR ERNAKULAM DISTT.,",Kerala,27.2,28.0,6.31,6.53,310.0,470.0,1.0,1.7,2.09,9.2,1200.0,4000.0,1500.0,6300.0,171.0,259.0,0.2,0.2,0.00049,0.00049,27.6,0,6.42,0,390.0,1.35,5.645,0,2600.0,3900.0,215.0,0,0.2,0,0.00049,0
2024,1587,WELL AT KALAMASSERY ERNAKULAM,Kerala,27.0,28.0,5.9,6.4,291.0,292.0,2.3,2.3,6.22,7.85,1.8,3.0,10.0,240.0,168.0,190.0,0.2,0.2,0.00049,0.00049,27.5,0,6.15,0,291.5,2.3,7.035,0,2.4,125.0,179.0,0,0.2,0,0.00049,0
2024,1588,"DISTT. ,KERALA WELL AT PUNKUNNAM TRISSUR DISTT. ,",Kerala,26.0,26.0,5.7,7.8,150.0,204.0,1.4,3.8,0.3,5.6,1.8,70.0,240.0,250.0,90.0,122.0,0.2,0.2,0.00049,0.00049,26.0,0,6.75,0,177.0,2.5999999999999996,2.9499999999999997,0,35.9,245.0,106.0,0,0.2,0,0.00049,0
2024,1589,"WELL AT MALAPURAM , KERALA",Kerala,25.0,31.0,3.0,5.8,146.0,178.0,1.0,1.6,0.3,0.42,170.0,280.0,630.0,630.0,96.0,98.0,0.2,0.5,0.00049,0.00049,28.0,0,4.4,0,162.0,1.3,0.36,0,225.0,630.0,97.0,0,0.35,0,0.00049,0
2024,1590,"WELL AT MAVOOR, KOZHIKKODE DISTT. ,",Kerala,27.0,29.0,6.5,6.8,103.0,108.0,1.0,1.0,1.89,2.33,520.0,1100.0,800.0,2600.0,60.0,62.0,0.2,0.2,0.00049,0.011,28.0,0,6.65,0,105.5,1.0,2.11,0,810.0,1700.0,61.0,0,0.2,0,0.005745,0
2024,1591,WELL AT KANNUR MUNICIPALITY,Kerala,26.0,30.0,5.1,6.1,100.0,107.0,1.0,1.8,0.3,0.3,230.0,500.0,350.0,2400.0,62.0,90.0,0.2,0.9,0.00049,0.00049,28.0,0,5.6,0,103.5,1.4,0.3,0,365.0,1375.0,76.0,0,0.55,0,0.00049,0
2024,1592,"KANNUR WELL AT PAYYANNUR, KANNUR DISTT. ,",Kerala,26.0,30.0,5.8,7.4,219.0,242.0,2.1,3.1,0.3,0.3,1.8,280.0,350.0,350.0,126.0,136.0,0.2,0.2,0.00049,0.001,28.0,0,6.6,0,230.5,2.6,0.3,0,140.9,350.0,131.0,0,0.2,0,0.000745,0
2024,2308,WELL AT FATHIMAPURAM,Kerala,27.0,28.0,6.5,6.6,111.0,159.0,1.0,1.5,0.72,0.77,48.0,150.0,210.0,240.0,69.0,95.0,0.2,0.2,0.00049,0.012,27.5,0,6.55,0,135.0,1.25,0.745,0,99.0,225.0,82.0,0,0.2,0,0.0062450000000000006,0
2024,2309,WELL AT KAROOR (PALA) (CHANGANASSERY),Kerala,27.0,28.0,5.1,6.2,76.0,116.0,1.0,1.0,0.3,0.92,49.0,110.0,150.0,490.0,50.0,69.0,0.2,0.2,0.002,0.005,27.5,0,5.65,0,96.0,1.0,0.61,0,79.5,320.0,59.5,0,0.2,0,0.0035,0
2024,2310,WELL AT VAIKOM,Kerala,27.0,27.0,6.2,6.2,180.0,258.0,1.0,1.0,0.3,0.3,150.0,150.0,350.0,430.0,108.0,154.0,0.2,0.2,0.00049,0.023,27.0,0,6.2,0,219.0,1.0,0.3,0,150.0,390.0,131.0,0,0.2,0,0.011745,0
2024,2311,WELL AT VADAVATHOOR (KOTTAYAM),Kerala,27.0,27.0,6.4,6.4,142.0,142.0,1.0,1.0,0.3,0.3,150.0,150.0,750.0,750.0,87.0,87.0,0.2,0.2,0.00049,0.00049,27.0,0,6.4,0,142.0,1.0,0.3,0,150.0,750.0,87.0,0,0.2,0,0.00049,0
2024,2313,"WELL AT SARVODAPURAM, ALAPPUZHA",Kerala,29.0,29.0,8.3,8.4,346.0,394.0,3.2,8.4,0.3,0.3,500.0,5300.0,700.0,12500.0,259.0,300.0,0.2,0.2,0.00049,0.003,29.0,0,8.350000000000001,0,370.0,5.800000000000001,0.3,0,2900.0,6600.0,279.5,0,0.2,0,0.001745,0
2024,2314,WELL AT KUREEPUZHA (KOLLAM),Kerala,24.0,24.0,7.5,7.5,142.0,406.0,1.0,1.0,0.3,0.36,10.0,20.0,94.0,130.0,87.0,232.0,0.2,0.2,0.00049,0.071,24.0,0,7.5,0,274.0,1.0,0.32999999999999996,0,15.0,112.0,159.5,0,0.2,0,0.035745,1
2024,2315,WELL AT K.M.M.L. (KOLLAM),Kerala,23.0,24.0,7.2,7.5,176.0,389.0,1.0,1.5,0.3,0.48,20.0,23.0,70.0,100.0,135.0,218.0,0.2,0.2,0.00049,0.004,23.5,0,7.35,0,282.5,1.25,0.39,0,21.5,85.0,176.5,0,0.2,0,0.002245,0
2024,2316,WELL AT CHELLORA TRENCHING GROUND,Kerala,27.0,31.0,4.8,6.2,48.0,97.0,1.2,1.7,0.3,0.3,1.8,1.8,1.8,1.8,38.0,63.0,0.2,0.8,0.00049,0.00049,29.0,0,5.5,0,72.5,1.45,0.3,0,1.8,1.8,50.5,0,0.5,0,0.00049,0
2024,2317,WELL AT PUNNALPETTIPPALAM (KANNUR),Kerala,26.0,30.0,6.4,7.9,244.0,346.0,1.0,1.0,0.3,0.3,10.0,150.0,40.0,330.0,152.0,210.0,0.2,0.8,0.00049,0.00049,28.0,0,7.15,0,295.0,1.0,0.3,0,80.0,185.0,181.0,0,0.5,0,0.00049,0
2024,2320,WELL AT MANJERI,Kerala,24.0,30.0,6.3,6.8,160.0,161.0,1.1,1.3,0.3,0.57,1.8,540.0,110.0,1200.0,89.0,113.0,0.2,0.45,0.00049,0.001,27.0,0,6.55,0,160.5,1.2000000000000002,0.43499999999999994,0,270.9,655.0,101.0,0,0.325,0,0.000745,0
2024,2321,WELL AT LALOOR (THRISSUR),Kerala,27.0,28.0,4.4,7.6,233.0,286.0,3.0,3.8,0.3,4.6,1.8,70.0,140.0,700.0,140.0,171.0,0.2,0.4,0.00049,0.00049,27.5,0,6.0,0,259.5,3.4,2.4499999999999997,0,35.9,420.0,155.5,0,0.30000000000000004,0,0.00049,0
2024,2322,WELL AT OLLUR (THRISSUR),Kerala,28.0,30.0,5.4,7.6,206.0,217.0,1.0,2.0,0.3,5.2,1.8,60.0,120.0,600.0,124.0,130.0,0.2,0.2,0.00049,0.00049,29.0,0,6.5,0,211.5,1.5,2.75,0,30.9,360.0,127.0,0,0.2,0,0.00049,0
2024,2323,WELL AT BRAHMAPURAM M.S.W.,Kerala,26.0,27.0,6.4,7.9,205.0,221.0,1.0,1.0,0.3,0.3,310.0,400.0,1400.0,3500.0,86.0,126.8,0.2,0.2,0.00049,0.00049,26.5,0,7.15,0,213.0,1.0,0.3,0,355.0,2450.0,106.4,0,0.2,0,0.00049,0
2024,2324,DUMPARK WELL AT HAZARDOUS WASTE DUMP,Kerala,26.0,27.0,5.5,8.5,145.0,154.0,1.0,1.0,5.57,5.9,10.0,28.0,79.0,1100.0,86.0,86.0,0.2,0.2,0.00049,0.001,26.5,0,7.0,0,149.5,1.0,5.735,0,19.0,589.5,86.0,0,0.2,0,0.000745,0
2024,2327,WELL AT KARUKAMANI (AMBALAMUGAL BOREWELL),Kerala,29.0,30.0,8.2,8.3,705.0,1149.0,1.0,1.4,0.3,0.74,1.8,100.0,300.0,800.0,400.0,635.0,0.2,0.3,0.003,0.01,29.5,0,8.25,0,927.0,1.2,0.52,0,50.9,550.0,517.5,0,0.25,0,0.006500000000000001,0
2024,3463,"WELL AT VELLIPARAMBA, KOZHEKODE",Kerala,28.0,29.0,5.3,6.5,91.0,137.0,1.0,1.0,2.74,4.44,480.0,1100.0,820.0,2100.0,54.0,81.0,0.2,0.2,0.00049,0.01,28.5,0,5.9,0,114.0,1.0,3.5900000000000003,0,790.0,1460.0,67.5,0,0.2,0,0.005245,0
2024,3472,"WELL OF TEMPLE PARASSINIKADAVU,",Kerala,27.0,30.0,7.5,7.5,411.0,834.0,2.2,4.0,0.3,0.3,17.0,1200.0,24.0,2000.0,250.0,467.0,0.2,0.3,0.00049,0.003,28.5,0,7.5,0,622.5,3.1,0.3,0,608.5,1012.0,358.5,0,0.25,0,0.001745,0
2024,3474,"WELL AT PAYANOOR, KANNUR KANNUR",Kerala,27.0,30.0,6.9,7.6,125.0,139.0,1.5,1.9,0.3,0.3,350.0,350.0,400.0,430.0,89.0,97.0,0.2,0.6,0.00049,0.001,28.5,0,7.25,0,132.0,1.7,0.3,0,350.0,415.0,93.0,0,0.4,0,0.000745,0
2024,3475,"WELL AT KARIMBAM, KANNUR",Kerala,26.0,30.0,5.0,5.8,56.0,98.0,1.0,1.7,0.3,0.3,58.0,150.0,79.0,200.0,37.0,69.0,0.2,0.7,0.00049,0.00049,28.0,0,5.4,0,77.0,1.35,0.3,0,104.0,139.5,53.0,0,0.44999999999999996,0,0.00049,0
2024,5219,WELL AT SRI KIRATHAMOORTHY SIVA,Kerala,28.0,28.0,6.5,6.5,122.0,122.0,1.8,1.8,0.94,0.94,1.8,1.8,500.0,500.0,71.0,71.0,0.4,0.4,0.00049,0.00049,28.0,0,6.5,0,122.0,1.8,0.94,0,1.8,500.0,71.0,0,0.4,0,0.00049,0
2024,1402,WELL C/O KULAKKINAPURA,Lakshadweep,27.6,27.6,7.6,7.6,575.0,575.0,1.0,1.0,0.0,0.0,1600.0,1600.0,1600.0,1600.0,385.0,385.0,,,,,27.6,0,7.6,0,575.0,1.0,0.0,0,1600.0,1600.0,385.0,0,,0,,0
2024,1593,WELL NEAR JB SCHOOL (E),Lakshadweep,27.6,27.6,7.8,7.8,703.0,703.0,1.0,1.0,0.0,0.0,30.0,30.0,40.0,40.0,471.0,471.0,,,,,27.6,0,7.8,0,703.0,1.0,0.0,0,30.0,40.0,471.0,0,,0,,0
2024,1594,WELL NEAR OTTAVATHIL PALLI,Lakshadweep,28.2,28.2,7.5,7.5,743.0,743.0,1.0,1.0,0.0,0.0,26.0,26.0,1600.0,1600.0,503.0,503.0,,,,,28.2,0,7.5,0,743.0,1.0,0.0,0,26.0,1600.0,503.0,0,,0,,0
2024,1595,WELL C/O CHEKKILLAM HOUSE,Lakshadweep,27.5,27.5,7.8,7.8,406.0,406.0,1.0,1.0,0.0,0.0,900.0,900.0,900.0,900.0,340.0,340.0,,,,,27.5,0,7.8,0,406.0,1.0,0.0,0,900.0,900.0,340.0,0,,0,,0
2024,1596,WELL C/O KADATH PALLI,Lakshadweep,27.4,27.4,7.7,7.7,603.0,603.0,1.0,1.0,0.0,0.0,23.0,23.0,23.0,23.0,470.0,470.0,,,,,27.4,0,7.7,0,603.0,1.0,0.0,0,23.0,23.0,470.0,0,,0,,0
2024,1597,WELL C/O BADAR PALLI,Lakshadweep,28.0,28.0,8.0,8.0,536.0,536.0,1.0,1.0,0.0,0.0,17.0,17.0,30.0,30.0,359.0,359.0,,,,,28.0,0,8.0,0,536.0,1.0,0.0,0,17.0,30.0,359.0,0,,0,,0
2024,1598,WELL C/O PUTHIYA PALLI,Lakshadweep,27.5,27.5,7.8,7.8,542.0,542.0,1.0,1.0,0.0,0.0,22.0,22.0,130.0,130.0,350.0,350.0,,,,,27.5,0,7.8,0,542.0,1.0,0.0,0,22.0,130.0,350.0,0,,0,,0
2024,1599,WELL C/O PURATHA PALLI,Lakshadweep,27.2,27.2,7.7,7.7,493.0,493.0,2.0,2.0,0.0,0.0,6.0,6.0,17.0,17.0,380.0,380.0,,,,,27.2,0,7.7,0,493.0,2.0,0.0,0,6.0,17.0,380.0,0,,0,,0
2024,1600,WELL C/O ANDAM PALLI,Lakshadweep,28.8,28.8,7.4,7.4,790.0,790.0,1.0,1.0,0.0,0.0,17.0,17.0,70.0,70.0,529.0,529.0,,,,,28.8,0,7.4,0,790.0,1.0,0.0,0,17.0,70.0,529.0,0,,0,,0
2024,1601,WELL C/O CIRCUIT HOUSE,Lakshadweep,25.9,25.9,7.6,7.6,729.0,729.0,1.0,1.0,0.0,0.0,26.0,26.0,900.0,900.0,488.0,488.0,,,,,25.9,0,7.6,0,729.0,1.0,0.0,0,26.0,900.0,488.0,0,,0,,0
2024,1602,WELL C/O GOVT. PRESS,Lakshadweep,25.4,25.4,7.7,7.7,705.0,705.0,1.0,1.0,0.0,0.0,17.0,17.0,1600.0,1600.0,472.0,472.0,,,,,25.4,0,7.7,0,705.0,1.0,0.0,0,17.0,1600.0,472.0,0,,0,,0
2024,1603,WELL C/O POLICE QUARTERS,Lakshadweep,25.7,25.7,7.2,7.2,1541.0,1541.0,1.0,1.0,0.0,0.0,26.0,26.0,900.0,900.0,1200.0,1200.0,,,,,25.7,0,7.2,0,1541.0,1.0,0.0,0,26.0,900.0,1200.0,0,,0,,0
2024,52,"(T/W OF HANIF KHAN S/O JABBAR KHAN, WELL, SHRI RAO PRAJAPATI WELL , M. P.",Madhya Pradesh,20.0,21.0,7.3,7.4,1244.0,1245.0,1.0,1.0,3.21,3.38,1.8,1.8,3.7,3.7,700.0,750.0,0.71,0.81,,,20.5,0,7.35,0,1244.5,1.0,3.295,0,1.8,3.7,725.0,0,0.76,0,,0
2024,1616,"AMRAWATI ROAD, BURHANPUR ) TUBE WELL WATER - INDUSTRIAL AREA,",Madhya Pradesh,26.0,26.0,7.38,7.88,1473.0,4872.0,1.2,1.3,42.7,61.36,1.8,1.8,43.0,120.0,970.0,3246.0,0.2,0.96,0.00049,0.00049,26.0,0,7.63,0,3172.5,1.25,52.03,1,1.8,81.5,2108.0,1,0.58,0,0.00049,0
2024,1618,"GOVINDPURA, BHOPAL, (M.P) HAND PUMP, MALANPUR HARI RAM KA",Madhya Pradesh,22.0,24.0,7.2,7.6,340.0,620.0,,,0.8,0.84,,,,,220.0,400.0,,,,,23.0,0,7.4,0,480.0,,0.8200000000000001,0,,,310.0,0,,0,,0
2024,1619,"PURA (EAST) HAND PUMP, JHIRONGI, MALANPUR",Madhya Pradesh,21.0,24.0,7.2,7.5,350.0,620.0,,,0.7,1.8,,,,,225.0,400.0,,,,,22.5,0,7.35,0,485.0,,1.25,0,,,312.5,0,,0,,0
2024,1897,"RIVER BRIDGE, PUMPING BHIND (WEST) TUBE WELL AT JAINABAD, NEAR TAPTI",Madhya Pradesh,20.0,21.0,7.36,7.46,1002.0,1100.0,1.0,1.0,2.62,2.76,1.8,1.8,3.1,3.4,610.0,688.0,0.7,0.78,,,20.5,0,7.41,0,1051.0,1.0,2.69,0,1.8,3.25,649.0,0,0.74,0,,0
2024,2143,"STN. BURHANPUR, M.P. HAND PUMP WATER AT KATHONDA,",Madhya Pradesh,22.3,26.8,7.06,7.23,532.0,789.0,1.0,1.0,3.32,3.62,1.8,1.8,2.0,6.0,495.0,670.0,0.2,0.2,0.00049,0.00049,24.55,0,7.145,0,660.5,1.0,3.4699999999999998,0,1.8,4.0,582.5,0,0.2,0,0.00049,0
2024,2144,"JABALPUR HAND PUMP WATER AT MADAI GRAM,",Madhya Pradesh,23.8,26.7,7.18,7.32,272.0,638.0,1.0,1.0,0.3,4.22,1.8,1.8,2.0,4.0,242.0,541.0,0.2,0.2,0.00049,0.00049,25.25,0,7.25,0,455.0,1.0,2.26,0,1.8,3.0,391.5,0,0.2,0,0.00049,0
2024,2145,"WELL AT MEHATWAS, NAGDA JABALPUR",Madhya Pradesh,27.0,27.0,7.32,7.81,1078.0,4236.0,1.0,1.4,7.66,12.63,1.8,1.8,10.0,10.0,862.0,2966.0,0.2,0.2,0.00049,0.00049,27.0,0,7.5649999999999995,0,2657.0,1.2,10.145,0,1.8,10.0,1914.0,1,0.2,0,0.00049,0
2024,2146,"WELL AT BHAGATPURI VILLAGE, NAGDA",Madhya Pradesh,27.0,27.0,7.13,7.17,1894.0,3672.0,1.2,1.4,4.18,8.68,1.8,1.8,12.0,12.0,1478.0,2938.0,0.21,0.21,0.00049,0.00049,27.0,0,7.15,0,2783.0,1.2999999999999998,6.43,0,1.8,12.0,2208.0,1,0.21,0,0.00049,0
2024,2147,"WELL AT PRATAL NAGAR, DEWAS",Madhya Pradesh,21.0,22.0,6.84,7.68,1714.0,1960.0,1.4,18.0,0.61,6.31,,,,,1196.0,1360.0,,,0.00049,0.00049,21.5,0,7.26,0,1837.0,9.7,3.46,0,,,1278.0,0,,0,0.00049,0
2024,2148,"WELL AT DOSIGAON, RATLAM",Madhya Pradesh,26.0,27.0,7.1,7.5,1910.0,2556.0,1.2,1.6,5.66,8.39,1.8,1.8,11.0,11.0,1428.0,1790.0,0.31,0.31,0.00049,0.00049,26.5,0,7.3,0,2233.0,1.4,7.025,0,1.8,11.0,1609.0,0,0.31,0,0.00049,0
2024,2149,"WELL AT CULVERT ON A.B. ROAD, MAKSI",Madhya Pradesh,22.0,26.0,7.4,7.6,1460.0,1640.0,1.4,1.4,2.16,4.98,,,,,876.0,1088.0,,,0.00049,0.00049,24.0,0,7.5,0,1550.0,1.4,3.5700000000000003,0,,,982.0,0,,0,0.00049,0
2024,2150,"WELL AT TRENCHING GROUND, NEAR",Madhya Pradesh,21.0,21.0,7.43,7.8,1632.0,2042.0,1.0,1.0,2.04,3.22,1.8,1.8,10.0,12.0,1002.0,1460.0,0.69,0.69,,,21.0,0,7.615,0,1837.0,1.0,2.63,0,1.8,11.0,1231.0,0,0.69,0,,0
2024,2151,"PREMISES OF M/S RISHABH MASALA GARDEN, DEV GURADIYA ROAD, INDORE WELL AT TRENCHING GROUND IN THE",Madhya Pradesh,20.5,21.0,7.3,7.41,2730.0,4771.0,1.9,2.0,3.02,8.38,1.8,1.8,11.0,14.0,1692.0,2900.0,0.82,0.92,,,20.75,0,7.355,0,3750.5,1.95,5.7,0,1.8,12.5,2296.0,1,0.87,0,,0
2024,2152,"PREMISES OF M/S LAKHANI FOOT WEAR, UDYOG, INDORE WELL AT TRENCHING GROUND IN THE",Madhya Pradesh,20.5,21.0,7.32,7.36,2085.0,4175.0,1.0,1.4,3.11,3.63,1.8,1.8,6.8,8.1,1294.0,2555.0,0.78,0.88,,,20.75,0,7.34,0,3130.0,1.2,3.37,0,1.8,7.449999999999999,1924.5,1,0.8300000000000001,0,,0
2024,2153,INDORE TUBWELL WATER AT IBRAHIMGANJ NEAR,Madhya Pradesh,25.0,26.0,7.1,7.16,786.0,897.0,1.0,1.2,8.85,32.05,1.8,1.8,48.0,63.0,468.0,594.0,0.2,0.2,0.00049,0.00049,25.5,0,7.13,0,841.5,1.1,20.45,0,1.8,55.5,531.0,0,0.2,0,0.00049,0
2024,2154,"BUS STAND, BHOPAL (M.P.) WELL AT NEAR PRIMARY SCHOOL,",Madhya Pradesh,19.0,23.0,7.03,7.48,2414.0,2570.0,1.6,2.6,7.69,46.92,1.8,1.8,1.8,70.0,1474.0,1920.0,0.2,0.22,,,21.0,0,7.255000000000001,0,2492.0,2.1,27.305,1,1.8,35.9,1697.0,0,0.21000000000000002,0,,0
2024,3332,"PILUKHEDI, RAJGARH. TUBE WELL/ HAND PUMP AT INDUSTRIAL",Madhya Pradesh,22.0,26.0,7.4,7.5,1210.0,1500.0,1.2,1.4,1.91,4.02,,,,,804.0,1170.0,,,0.00049,0.00049,24.0,0,7.45,0,1355.0,1.2999999999999998,2.965,0,,,987.0,0,,0,0.00049,0
2024,3333,"AREA, DEWAS HAND PUMP WATER AT BANSKHEDI,",Madhya Pradesh,22.0,25.0,7.12,7.31,785.0,798.0,1.0,1.0,2.3,6.1,1.8,1.8,1.8,14.0,522.0,522.0,0.2,0.2,,,23.5,0,7.215,0,791.5,1.0,4.199999999999999,0,1.8,7.9,522.0,0,0.2,0,,0
2024,3334,BHOPAL(M.P.) HAND PUMP WATER SAMPLE BUS,Madhya Pradesh,20.0,20.0,7.71,7.71,523.0,523.0,1.0,1.0,2.6,2.6,15.0,15.0,,,395.0,395.0,0.2,0.2,,,20.0,0,7.71,0,523.0,1.0,2.6,0,15.0,,395.0,0,0.2,0,,0
2024,3335,"AREA RECHHAI, TUBE WELL/ HAND PUMP AT INDUSTRIAL",Madhya Pradesh,23.9,27.0,7.12,7.21,278.0,685.0,1.0,1.0,1.12,5.22,1.8,1.8,1.8,4.0,266.0,583.0,0.2,0.2,0.00049,0.00049,25.45,0,7.165,0,481.5,1.0,3.17,0,1.8,2.9,424.5,0,0.2,0,0.00049,0
2024,3336,WATER SAMPLE INDUSTRIAL AREA JABALPUR TUBE WELL/ HAND PUMP GROUND,Madhya Pradesh,24.0,24.0,7.74,7.74,619.0,619.0,,,2.86,2.86,3.0,3.0,15.0,15.0,508.0,508.0,0.2,0.2,,,24.0,0,7.74,0,619.0,,2.86,0,3.0,15.0,508.0,0,0.2,0,,0
2024,3337,"IMLIKHEDA, CHHINDWARA TUBE WELL/ HAND PUMP AT INDL AREA",Madhya Pradesh,23.0,27.2,7.14,7.18,272.0,452.0,1.0,1.0,0.32,2.82,1.8,1.8,2.0,4.0,242.0,386.0,0.2,0.2,0.00049,0.00049,25.1,0,7.16,0,362.0,1.0,1.5699999999999998,0,1.8,3.0,314.0,0,0.2,0,0.00049,0
2024,3338,"BHAWAN, VILLAGE TINAWALI SEONI NEAR BARAPATTHAR HAND PUMP NEAR PANCHAYAT",Madhya Pradesh,21.0,22.0,7.43,7.5,700.0,730.0,,,0.74,0.81,,,,,445.0,464.0,,,,,21.5,0,7.465,0,715.0,,0.775,0,,,454.5,0,,0,,0
2024,3339,"MANGLIA INDUSTRIAL AREA , RAIRU TUBE WELL/ HAND PUMP NEAR",Madhya Pradesh,20.0,21.0,7.41,7.59,710.0,902.0,1.0,1.0,1.08,2.64,1.8,1.8,3.7,3.7,440.0,594.0,0.62,0.66,,,20.5,0,7.5,0,806.0,1.0,1.86,0,1.8,3.7,517.0,0,0.64,0,,0
2024,3340,INDORE TUBE WELL AT NEAR TRENCHING,Madhya Pradesh,20.5,21.0,7.3,7.8,1995.0,2069.0,1.0,1.1,2.1,3.02,1.8,1.8,3.7,4.5,1236.0,1242.0,0.62,0.78,,,20.75,0,7.55,0,2032.0,1.05,2.56,0,1.8,4.1,1239.0,0,0.7,0,,0
2024,3341,"GROUND, INDORE TUBE WELL AT SECTOR-III, PITHAMPUR",Madhya Pradesh,20.4,20.5,7.44,7.62,690.0,791.0,1.0,1.0,1.01,2.9,1.8,1.8,3.7,3.7,427.0,475.0,0.69,0.73,,,20.45,0,7.53,0,740.5,1.0,1.955,0,1.8,3.7,451.0,0,0.71,0,,0
2024,3342,"SECTOR-II, PITHAMPUR,INDUSTRIAL INDUSTRIAL AREA BOREWELL WATER AT VILLAGE TARPUR,",Madhya Pradesh,21.0,21.0,7.36,7.4,405.0,610.0,1.0,1.0,1.92,2.28,1.8,1.8,3.6,3.7,270.0,408.0,0.71,0.8,,,21.0,0,7.380000000000001,0,507.5,1.0,2.0999999999999996,0,1.8,3.6500000000000004,339.0,0,0.755,0,,0
2024,3343,"UDYOG VIHAR , CHURAT, AREA TUBE WELL NEAR INDUSTRIAL AREA",Madhya Pradesh,24.2,24.2,7.35,7.35,1179.0,1179.0,1.0,1.0,4.47,4.47,1.8,1.8,8.2,8.2,973.0,973.0,,,,,24.2,0,7.35,0,1179.0,1.0,4.47,0,1.8,8.2,973.0,0,,0,,0
2024,3344,"WATER SAMPLE FROM INDUSTRIAL REWA TUBEWELL AT INDL AREA, SHAHDOLU/G",Madhya Pradesh,29.1,29.1,6.89,6.89,602.0,602.0,1.0,1.0,2.65,2.65,1.8,1.8,1.8,1.8,566.0,566.0,,,,,29.1,0,6.89,0,602.0,1.0,2.65,0,1.8,1.8,566.0,0,,0,,0
2024,3345,"TUBEWELL AT INDL AREA, ANUPPUR AREA,NARSARHA,DISTT. SHAHDOL(M.P.)",Madhya Pradesh,28.9,28.9,7.04,7.04,612.0,612.0,1.0,1.0,2.14,2.14,1.8,1.8,1.8,1.8,532.0,532.0,,,,,28.9,0,7.04,0,612.0,1.0,2.14,0,1.8,1.8,532.0,0,,0,,0
2024,3822,"GROUND WATER NEAR BUS STAND, DIST",Madhya Pradesh,23.0,27.0,7.32,8.14,348.0,683.0,1.0,1.0,0.32,0.32,1.8,1.8,2.0,2.1,342.0,444.0,0.2,0.2,0.00049,0.00049,25.0,0,7.73,0,515.5,1.0,0.32,0,1.8,2.05,393.0,0,0.2,0,0.00049,0
2024,3823,"NARSINGPUR GROUND WATER NEAR BUS STAND, DIST",Madhya Pradesh,23.1,25.3,7.32,7.52,358.0,384.0,1.0,1.0,0.52,4.22,1.8,1.8,2.0,5.5,132.0,356.0,0.2,0.2,0.00049,0.00049,24.200000000000003,0,7.42,0,371.0,1.0,2.37,0,1.8,3.75,244.0,0,0.2,0,0.00049,0
2024,3824,"BALAGHAT GROUND WATER VILL BHEEMJORI,",Madhya Pradesh,24.1,25.3,7.11,7.14,292.0,312.0,1.0,1.0,0.36,0.52,1.8,1.8,1.8,4.0,222.0,288.0,0.2,0.2,0.00049,0.00049,24.700000000000003,0,7.125,0,302.0,1.0,0.44,0,1.8,2.9,255.0,0,0.2,0,0.00049,0
2024,3825,"MALAJKH, DIST BALAGHAT GROUND WATER NEAR BUS STAND, DIST",Madhya Pradesh,24.0,25.8,7.21,7.8,304.0,306.0,1.0,1.0,0.32,1.12,1.8,1.8,1.8,4.0,296.0,300.0,0.2,0.2,0.00049,0.00049,24.9,0,7.505,0,305.0,1.0,0.7200000000000001,0,1.8,2.9,298.0,0,0.2,0,0.00049,0
2024,3826,"MANDLA GROUND WATER NEAR BUS STAND, DIST",Madhya Pradesh,23.0,26.2,7.2,7.42,304.0,368.0,1.0,1.0,0.32,3.34,1.8,1.9,2.0,2.8,174.0,272.0,0.2,0.2,0.00049,0.00049,24.6,0,7.3100000000000005,0,336.0,1.0,1.8299999999999998,0,1.85,2.4,223.0,0,0.2,0,0.00049,0
2024,3827,"SEONI GROUND WATER VILL IMALIA, DIST",Madhya Pradesh,24.0,26.9,7.19,7.29,712.0,826.0,1.0,1.0,3.82,4.92,1.8,2.0,1.8,6.0,584.0,692.0,0.2,0.2,0.00049,0.00049,25.45,0,7.24,0,769.0,1.0,4.37,0,1.9,3.9,638.0,0,0.2,0,0.00049,0
2024,3854,JABALPUR TUBE WELL WATER SAMPLE OF SIDHI,Madhya Pradesh,24.8,26.3,7.08,7.8,1126.0,1138.0,1.0,1.1,4.38,4.88,1.8,1.8,6.8,8.1,1032.0,1086.0,,,,,25.55,0,7.4399999999999995,0,1132.0,1.05,4.63,0,1.8,7.449999999999999,1059.0,0,,0,,0
2024,4618,"CITY GROUND WATER AT INDUSTRIAL AREA,",Madhya Pradesh,24.4,25.9,7.1,7.28,266.0,302.0,1.0,1.0,0.52,5.6,1.8,1.8,1.8,4.0,182.0,260.0,0.2,0.2,0.00049,0.00049,25.15,0,7.1899999999999995,0,284.0,1.0,3.0599999999999996,0,1.8,2.9,221.0,0,0.2,0,0.00049,0
2024,4625,HAND PUMP WATER AT DISTRICT,Madhya Pradesh,21.0,22.0,7.18,7.38,694.0,728.0,1.0,1.9,2.21,4.8,1.8,1.8,1.8,58.0,436.0,486.0,0.2,0.2,0.00049,0.00049,21.5,0,7.279999999999999,0,711.0,1.45,3.505,0,1.8,29.9,461.0,0,0.2,0,0.00049,0
2024,4626,"HOSPITAL, BHOPAL (M.P.) HAND PUMP WATER AT DISTRICT",Madhya Pradesh,24.0,25.0,7.14,8.04,1150.0,1742.0,1.2,1.7,23.93,38.52,1.8,5.4,33.0,70.0,736.0,1302.0,0.2,0.2,0.00049,0.00049,24.5,0,7.59,0,1446.0,1.45,31.225,0,3.6,51.5,1019.0,0,0.2,0,0.00049,0
2024,4628,"HOSPITAL ,SEHORE ( M.P.) HAND PUMP WATER AT DISTRICT",Madhya Pradesh,25.0,25.0,6.88,7.45,703.0,775.0,1.2,1.3,3.2,5.3,1.8,6.8,84.0,430.0,508.0,540.0,0.2,0.2,,,25.0,0,7.165,0,739.0,1.25,4.25,0,4.3,257.0,524.0,0,0.2,0,,0
2024,4630,"HAND PUMP DISTRICT HOSPITAL BETUL HOSPITAL ,VIDISHA( M.P.)",Madhya Pradesh,20.0,20.0,7.73,7.73,516.0,516.0,1.0,1.0,2.64,2.64,3.0,3.0,15.0,15.0,,,0.2,0.2,,,20.0,0,7.73,0,516.0,1.0,2.64,0,3.0,15.0,,0,0.2,0,,0
2024,1985,"ESTATE, VILLAGE-KASHIMIRA , TALUKA- DUG WELL AT 5 -STAR INDUSTRIAL",Maharashtra,26.0,29.0,7.2,7.4,2265.0,3728.0,18.0,20.0,1.2,12.18,7.8,17.0,39.0,240.0,1970.0,3170.0,0.22,0.93,0.00049,0.00049,27.5,0,7.300000000000001,0,2996.5,19.0,6.6899999999999995,0,12.4,139.5,2570.0,1,0.5750000000000001,0,0.00049,0
2024,1987,"GOKHIWARE, TALUKA- VASAI, DISTRICT- THANE, DISTRICT-THANE. BORE WELL AT VASAI, VILLAGE-",Maharashtra,26.0,28.0,7.2,7.3,836.0,6416.0,2.0,4.0,0.39,1.0,4.5,17.0,33.0,46.0,546.0,720.0,0.2,0.76,0.00049,0.00049,27.0,0,7.25,0,3626.0,3.0,0.6950000000000001,0,10.75,39.5,633.0,0,0.48,0,0.00049,0
2024,1989,"VILLAGE-KARAWLA- TALOJA,TALUKA- PALGHAR. BORE WELL AT MWML SITE AT TALOJA,",Maharashtra,27.0,28.0,7.3,7.4,2515.0,2592.0,3.0,8.0,0.79,2.7,1.8,23.0,70.0,240.0,2180.0,2490.0,0.2,0.2,0.00049,0.00049,27.5,0,7.35,0,2553.5,5.5,1.745,0,12.4,155.0,2335.0,1,0.2,0,0.00049,0
2024,1990,"BURUDGAON ,TALUKA- PANVEL, DISTRICT- RAIGAD. BORE WELL AT BMW SITE, VILLAGE-",Maharashtra,25.0,27.0,7.8,8.1,2689.0,2824.0,3.2,4.0,3.48,4.68,4.0,4.5,40.0,70.0,2098.0,2390.0,0.2,0.2,0.00049,0.00049,26.0,0,7.949999999999999,0,2756.5,3.6,4.08,0,4.25,55.0,2244.0,1,0.2,0,0.00049,0
2024,1991,"PATHARDI ,TALUKA- NASHIK,DISTRICT- AHMEDNAGAR,DISTRICT-AHMEDNAGAR. BORE WELL AT MSW SITE,VILLAGE-",Maharashtra,20.0,20.0,7.5,7.5,1410.0,1410.0,5.5,5.5,5.75,5.75,12.0,12.0,140.0,140.0,1056.0,1056.0,0.2,0.2,0.00049,0.00049,20.0,0,7.5,0,1410.0,5.5,5.75,0,12.0,140.0,1056.0,0,0.2,0,0.00049,0
2024,1992,"BORATE VASTHI, VILLAGE- MOSHI, NASHIK. DUG WELL AT MSW SITE, OWNED BY SHRI. DATTU KONDIBA BORATE AT",Maharashtra,27.0,29.0,7.5,7.9,615.0,807.0,2.0,2.5,0.39,3.14,21.0,70.0,275.0,900.0,510.0,664.0,0.29,0.42,0.00049,0.00049,28.0,0,7.7,0,711.0,2.25,1.7650000000000001,0,45.5,587.5,587.0,0,0.355,0,0.00049,0
2024,1993,"PANDHARPUR, TALUKA-GANGAPUR, PIMPRI CHINCHWAD, TALUKA- HAWELI, DISTRICT- PUNE. DUG WELL AT PANDHARPUR, VILLAGE-",Maharashtra,28.0,32.0,7.6,7.9,1745.0,1774.0,3.2,6.0,4.24,5.58,1.8,1.8,17.0,20.0,1142.0,1284.0,0.82,0.83,0.00049,0.00049,30.0,0,7.75,0,1759.5,4.6,4.91,0,1.8,18.5,1213.0,0,0.825,0,0.00049,0
2024,1994,"DISTRICT - AURANGABAD. DUG WELL AT TPS-DURGAPUR, NEAR NASEEB KIRANA AND GENERAL STORES,",Maharashtra,20.0,22.0,7.3,7.5,692.0,1179.0,3.2,3.3,0.73,2.69,34.0,40.0,280.0,340.0,540.0,888.0,0.2,0.2,0.00049,0.00049,21.0,0,7.4,0,935.5,3.25,1.71,0,37.0,310.0,714.0,0,0.2,0,0.00049,0
2024,1995,"GRAM PANCHAYATH DUG WELL , NEAR BALAJI GAJBHIYE HOUSE,VILLAGE-",Maharashtra,19.0,26.0,7.6,7.9,610.0,1150.0,3.0,3.2,4.79,5.26,21.0,24.0,110.0,110.0,470.0,890.0,0.2,0.2,0.00049,0.00049,22.5,0,7.75,0,880.0,3.1,5.025,0,22.5,110.0,680.0,0,0.2,0,0.00049,0
2024,1996,"KHAPERKHEDA ( WARD NO.4) , TALUKA- SAONER, DISTRICT- NAGPUR. GRAM PANCHAYATH DUG WELL , NEAR JAGADAMBA G. M. S. MANDIR SAHAKARI",Maharashtra,26.0,26.0,8.0,8.0,1170.0,1170.0,3.4,3.4,0.62,0.62,23.0,23.0,150.0,150.0,898.0,898.0,0.2,0.2,0.00049,0.00049,26.0,0,8.0,0,1170.0,3.4,0.62,0,23.0,150.0,898.0,0,0.2,0,0.00049,0
2024,1997,"CENTRE, VILLAGE-RAIPUR,TALUKA- SANSTHA, VILLAGE-KORADI,TALUKA- KAMPTEE, DISTRICT- NAGPUR. BORE WELL NEAR PRIMARY HEALTH",Maharashtra,19.0,20.0,7.6,8.3,546.0,984.0,3.0,3.4,1.13,6.28,26.0,34.0,120.0,170.0,508.0,752.0,0.2,0.2,,,19.5,0,7.95,0,765.0,3.2,3.705,0,30.0,145.0,630.0,0,0.2,0,,0
2024,1999,"OFFICE, VILLAGE-CHANGERA,TALUKA- HINGNA, DISTRICT- NAGPUR. BORE WELL NEAR GRAM PANCHAYAT",Maharashtra,16.0,16.0,7.3,7.3,779.0,779.0,4.0,4.0,0.3,0.3,22.0,22.0,110.0,110.0,588.0,588.0,0.2,0.2,,,16.0,0,7.3,0,779.0,4.0,0.3,0,22.0,110.0,588.0,0,0.2,0,,0
2024,2000,"VILLAGE-BHANDEWADI,TALUKA- GONDIA, DISTRICT- GONDIA. DUG WELL NEAR SARODE KIRANA STORE,",Maharashtra,26.0,26.0,7.9,7.9,1259.0,1259.0,3.4,3.4,0.46,0.46,32.0,32.0,220.0,220.0,948.0,948.0,0.2,0.2,0.00049,0.00049,26.0,0,7.9,0,1259.0,3.4,0.46,0,32.0,220.0,948.0,0,0.2,0,0.00049,0
2024,2002,"NAGPUR, DISTRICT- NAGPUR. BORE WELL OPP.GAJANAN MAHARAJ TEMPLE AT ANJANGAON ROAD, VILLAGE-",Maharashtra,26.0,26.0,8.0,8.1,872.0,989.0,3.0,3.6,0.92,6.07,21.0,32.0,220.0,220.0,656.0,764.0,0.2,0.2,0.00049,0.00049,26.0,0,8.05,0,930.5,3.3,3.495,0,26.5,220.0,710.0,0,0.2,0,0.00049,0
2024,2003,"ANJANGAON,TALUKA- AKOT, DISTRICT- AKOLA. DUG WELL AT PLOT NO- 4, STREET NO.49- C, AT NEHRU BAL UDYAN AZAD MAIDAN,",Maharashtra,22.0,22.0,7.4,8.4,772.0,898.0,3.2,3.4,0.4,6.55,21.0,33.0,110.0,350.0,590.0,680.0,0.2,0.2,0.00049,0.00049,22.0,0,7.9,0,835.0,3.3,3.475,0,27.0,230.0,635.0,0,0.2,0,0.00049,0
2024,2004,"ESTATE, VILLAGE-YADRAV, TALUKA- OWNED BY YAVATMAL M.C. TALUKA- YAVATMAL, DISTRICT-YAVATMAL. BORE WELL AT PARVATI INDUSTRIAL",Maharashtra,28.0,30.0,7.6,7.7,1127.0,2611.0,2.8,3.0,0.3,1.18,5.5,7.8,20.0,27.0,1068.0,2248.0,0.2,0.2,0.00049,0.00049,29.0,0,7.65,0,1869.0,2.9,0.74,0,6.65,23.5,1658.0,1,0.2,0,0.00049,0
2024,2005,"KHANJIRENAGAR,TALUKA- SHIROL, DISTRICT- KOLHAPUR. BORE WELL AT KHANJIRENAGAR, VILLAGE-",Maharashtra,28.0,30.0,7.7,7.9,1268.0,1328.0,3.0,3.4,0.3,1.08,5.5,8.3,21.0,34.0,1014.0,1148.0,0.2,0.2,0.00049,0.00049,29.0,0,7.800000000000001,0,1298.0,3.2,0.6900000000000001,0,6.9,27.5,1081.0,0,0.2,0,0.00049,0
2024,2006,"HATKANANGALE, DISTRICT- KOLHAPUR. BORE WELL AT SHINOLI NEAR M/S AQUA ALLOY STEEL ,MIDC, VILLAGE-SHINOLI,",Maharashtra,27.0,30.0,7.6,7.7,567.0,675.0,3.0,3.0,0.3,1.12,6.0,6.1,24.0,24.0,523.0,536.0,0.2,0.2,0.00049,0.00049,28.5,0,7.65,0,621.0,3.0,0.7100000000000001,0,6.05,24.0,529.5,0,0.2,0,0.00049,0
2024,2007,"PANCHAYAT OFFICE, VILLAGE-SAVALI, TALUKA-CHANDGAD, DISTRICT- KOLHAPUR. BORE WELL AT SAVALI, NEAR GRAM",Maharashtra,27.0,28.0,7.2,7.2,2593.0,5892.0,3.0,3.6,0.98,4.93,5.6,8.3,21.0,33.0,2241.0,4968.0,0.2,0.33,0.00049,0.00049,27.5,0,7.2,0,4242.5,3.3,2.955,0,6.95,27.0,3604.5,1,0.265,0,0.00049,0
2024,2008,DUG WELL AT SAMBARWADI OWNED BY SHRI. KISHAN HALI RAJPUT. VILLAGE-,Maharashtra,26.0,28.0,7.3,7.5,1728.0,2656.0,3.2,3.4,1.0,5.06,6.0,8.2,24.0,32.0,1452.0,2348.0,0.2,0.38,0.00049,0.00049,27.0,0,7.4,0,2192.0,3.3,3.03,0,7.1,28.0,1900.0,1,0.29000000000000004,0,0.00049,0
2024,2200,"SCHOOL, VILLAGE-KATPUR,TALUKA- SAMBARWADI, TALUKA- MIRAJ, DISTRICT- SANGLI. BORE WELL AT KATPUR, NEAR Z.P.",Maharashtra,28.0,32.0,8.2,8.3,2772.0,2790.0,2.8,3.6,3.11,7.1,1.8,1.8,2.0,9.0,1848.0,1908.0,0.29,0.8,0.00049,0.00049,30.0,0,8.25,0,2781.0,3.2,5.1049999999999995,0,1.8,5.5,1878.0,0,0.545,0,0.00049,0
2024,2201,"RANJANGAON, TALUKA-GANGAPUR, PAITHAN,DISTRICT-AURANGABAD. DUG WELL AT RANJANGAON, VILLAGE-",Maharashtra,32.0,32.0,8.2,8.2,1885.0,1885.0,3.6,3.6,5.9,5.9,2.0,2.0,25.0,25.0,1288.0,1288.0,0.38,0.38,0.00049,0.00049,32.0,0,8.2,0,1885.0,3.6,5.9,0,2.0,25.0,1288.0,0,0.38,0,0.00049,0
2024,2203,"DISTRICT- AURANGABAD. HAND PUMP IN THE PREMISES OF ZILLA PARISHAD PRIMARY SCHOOL, VILLAGE-",Maharashtra,19.0,19.0,8.3,8.3,910.0,910.0,3.5,3.5,8.9,8.9,21.0,21.0,110.0,110.0,711.0,711.0,0.2,0.2,,,19.0,0,8.3,0,910.0,3.5,8.9,0,21.0,110.0,711.0,0,0.2,0,,0
2024,2204,"PRIMARY HEALTH CARE CENTER, VILLAGE- BHUGAON,TALUKA- WARDHA,DISTRICT- WARDHA. DUG WELL AT GUNJALWADI,SANGAMNER NEAR",Maharashtra,25.0,26.0,7.7,8.2,204.0,8742.0,3.2,3.8,1.12,3.84,3.7,4.0,43.0,43.0,158.0,758.0,0.2,0.2,0.00049,0.00049,25.5,0,7.949999999999999,0,4473.0,3.5,2.48,0,3.85,43.0,458.0,0,0.2,0,0.00049,0
2024,2816,"GUNJALWADI,TALUKA- SANGAMNER,DISTRICT-AHMADNAGAR. DUG WELL OF MR.SAMPAT WALUNJ, NEAR M/S MAHAJEET CLAYTON, VILLAGE-",Maharashtra,20.0,20.0,7.8,7.8,636.0,636.0,5.6,5.6,3.06,3.06,11.0,11.0,130.0,130.0,510.0,510.0,0.2,0.2,0.00049,0.00049,20.0,0,7.8,0,636.0,5.6,3.06,0,11.0,130.0,510.0,0,0.2,0,0.00049,0
2024,2817,"VASTHI, VILLAGE- CHITALI, TALUKA- SHINDE VILLAGE, TALUKA- NASHIK, DISTRICT- NASHIK. BORE WELL AT CHITALI NEAR WAGH",Maharashtra,25.0,26.0,7.9,8.1,292.0,820.0,3.0,4.8,1.26,3.53,4.5,6.0,47.0,84.0,230.0,682.0,0.2,0.2,0.00049,0.00049,25.5,0,8.0,0,556.0,3.9,2.395,0,5.25,65.5,456.0,0,0.2,0,0.00049,0
2024,2819,"VILLAGE- MALEGAON, TALUKA- RAHATA, DISTRICT- AHMEDNAGAR. DUG WELL OWNED BY SHRI DESHMUKH,",Maharashtra,27.5,28.0,7.9,8.0,2786.0,3046.0,2.4,6.5,0.3,2.89,6.0,45.0,350.0,350.0,2342.0,2496.0,0.2,0.38,0.00049,0.00049,27.75,0,7.95,0,2916.0,4.45,1.595,0,25.5,350.0,2419.0,1,0.29000000000000004,0,0.00049,0
2024,2820,"BABAN DAREKAR, VILLAGE- SANASWADI, BARAMATI, DISTRICT- PUNE. DUG WELL OWNED BY SHRI SHIVAJI",Maharashtra,27.0,27.0,8.2,8.2,296.0,296.0,2.2,2.2,0.32,0.32,45.0,45.0,550.0,550.0,244.0,244.0,0.24,0.24,0.00049,0.00049,27.0,0,8.2,0,296.0,2.2,0.32,0,45.0,550.0,244.0,0,0.24,0,0.00049,0
2024,2821,"TALUKA- SHIRUR, DISTRICT- PUNE. BORE WELL AT BALE RAILWAY STATION PREMISES OWNED BY SHRI. DIGAMBAR",Maharashtra,30.0,32.0,7.4,8.0,4996.0,5712.0,2.0,6.4,0.55,1.77,14.0,35.0,350.0,350.0,4098.0,4788.0,0.24,0.25,0.00049,0.00049,31.0,0,7.7,0,5354.0,4.2,1.1600000000000001,0,24.5,350.0,4443.0,1,0.245,0,0.00049,0
2024,2822,"VILLAGE- CHINCHOLI, TALUKA- MOHOL, JOSHI, VILLAGE- DAHEGAON, TALUKA- NORTH SOLAPUR, DISTRICT- SOLAPUR. BORE WELL NEAR CHINCHOLI MIDC,",Maharashtra,30.0,36.0,7.4,7.8,3113.0,3214.0,2.0,3.6,1.04,2.11,17.0,25.0,250.0,275.0,2634.0,2652.0,0.28,0.42,0.00049,0.00049,33.0,0,7.6,0,3163.5,2.8,1.575,0,21.0,262.5,2643.0,1,0.35,0,0.00049,0
2024,2825,"BORE WELL AT WAHEGAON, NEAR ZILLA PARISHAD SCHOOL,VILLAGE-",Maharashtra,28.0,32.0,7.8,8.1,1906.0,2042.0,3.4,3.8,6.12,6.18,1.8,1.8,2.0,17.0,1574.0,1782.0,0.26,0.47,0.00049,0.00049,30.0,0,7.949999999999999,0,1974.0,3.5999999999999996,6.15,0,1.8,9.5,1678.0,0,0.365,0,0.00049,0
2024,2826,"COTTON MARKET, VILLAGE- WARDHA, WAHEGAON,TALUKA-PAITHAN, DISTRICT - AURANGABAD DUG WELL NEAR RAILWAY STATION &",Maharashtra,19.0,20.0,7.5,8.2,613.0,992.0,3.3,3.4,6.84,8.4,23.0,26.0,110.0,120.0,564.0,768.0,0.2,0.2,,,19.5,0,7.85,0,802.5,3.3499999999999996,7.62,0,24.5,115.0,666.0,0,0.2,0,,0
2024,2828,"TALUKA- WARDHA, DISTRICT- WARDHA. DUG WELL NEAR ZILLA PARISHAD PRIMARY SCHOOL, AT VILLAGE- VISAPUR,",Maharashtra,20.0,22.0,7.2,7.4,744.0,1049.0,3.4,3.4,0.64,3.82,21.0,32.0,110.0,220.0,585.0,817.0,0.2,0.2,0.00049,0.00049,21.0,0,7.300000000000001,0,896.5,3.4,2.23,0,26.5,165.0,701.0,0,0.2,0,0.00049,0
2024,2829,"TALUKA- BALLARPUR, DISTRICT- CHANDRAPUR. BORE WELL AT MIDC, SHIROLI NEAR M/S PRATIBHA ENTERPRISES, VILLAGE-",Maharashtra,28.0,30.0,7.7,7.7,313.0,685.0,3.0,3.2,0.3,1.11,5.6,8.1,24.0,32.0,285.0,598.0,0.2,0.2,0.00049,0.00049,29.0,0,7.7,0,499.0,3.1,0.7050000000000001,0,6.85,28.0,441.5,0,0.2,0,0.00049,0
2024,2830,"VILLAGE- GOKUL-SHIRGAON, TALUKA- SHIROLI,TALUKA-HATKANANGALE, DISTRICT- KOLHAPUR. BORE WELL AT MIDC GOKUL - SHIRGAON,",Maharashtra,26.0,30.0,8.2,8.2,317.0,494.0,3.0,3.0,0.3,1.01,5.6,6.1,21.0,26.0,302.0,389.0,0.2,0.2,0.00049,0.00049,28.0,0,8.2,0,405.5,3.0,0.655,0,5.85,23.5,345.5,0,0.2,0,0.00049,0
2024,2831,"KARVIR, DISTRICT - KOLHAPUR. DUG WELL AT SAKHARALI, NEAR MIDC ISLAMPUR NEAR KRISHNA MILK",Maharashtra,28.0,29.0,7.7,7.7,915.0,1538.0,3.0,3.0,1.11,3.85,5.6,9.3,25.0,38.0,784.0,1378.0,0.2,0.35,0.00049,0.00049,28.5,0,7.7,0,1226.5,3.0,2.48,0,7.45,31.5,1081.0,0,0.275,0,0.00049,0
2024,2832,"INDUSTRY, VILLAGE- SAKHARALI, TALUKA- WALWA, DISTRICT- SANGLI. DUG WELL NO. 1 AT BRAHMANWADI- ANJANWEL, OWNED BY SHRI. VAIDYA,",Maharashtra,29.0,29.0,6.6,6.6,146.0,146.0,2.8,2.8,0.54,0.54,5.6,5.6,26.0,26.0,118.0,118.0,0.2,0.2,0.00049,0.00049,29.0,0,6.6,0,146.0,2.8,0.54,0,5.6,26.0,118.0,0,0.2,0,0.00049,0
2024,2833,"VILLAGE- ANJANWEL, TALUKA- GUHAGAR, DISTRICT- RATNAGIRI. DUG WELL NO. 1 OWNED BY GROUP GRAM PANCHAYAT AT ARKETWADI,",Maharashtra,29.0,29.0,6.5,6.5,9914.0,9914.0,4.2,4.2,0.3,0.3,5.6,5.6,31.0,31.0,7824.0,7824.0,0.2,0.2,0.00049,0.00049,29.0,0,6.5,0,9914.0,4.2,0.3,0,5.6,31.0,7824.0,1,0.2,0,0.00049,0
2024,2834,"VILLAGE- ARKETWADI, TALUKA - KHED, NEAR MASJID, VILLAGE- ARKETWADI, TALUKA- KHED, DISTRICT- RATNAGIRI. DUG WELL NO. 2 AT ARKETWADI,",Maharashtra,29.0,29.0,7.2,7.2,216.0,216.0,3.2,3.2,0.67,0.67,13.0,13.0,43.0,43.0,194.0,194.0,0.2,0.2,0.00049,0.00049,29.0,0,7.2,0,216.0,3.2,0.67,0,13.0,43.0,194.0,0,0.2,0,0.00049,0
2024,2835,"ANJANWEL, VILLAGE- ANJANWEL, DISTRICT- RATNAGIRI. DUG WELL NO. 2, OWNED BY GROUP GRAM PANCHAYAT, BRAHMANWADI-",Maharashtra,29.0,29.0,8.0,8.0,155.0,155.0,2.8,2.8,0.48,0.48,6.1,6.1,25.0,25.0,126.0,126.0,0.2,0.2,0.00049,0.00049,29.0,0,8.0,0,155.0,2.8,0.48,0,6.1,25.0,126.0,0,0.2,0,0.00049,0
2024,1634,"POLICE BAZAR, SHILLONG (POLICE",Meghalaya,17.0,21.0,6.2,6.3,220.0,253.0,1.1,1.2,6.22,10.92,1.8,1.8,70.0,79.0,150.0,172.0,0.2,0.2,,,19.0,0,6.25,0,236.5,1.15,8.57,0,1.8,74.5,161.0,0,0.2,0,,0
2024,1635,"BAZAAR SPRING) MAWLAI, SHILLONG (MAWPDANG",Meghalaya,16.0,22.0,5.6,5.8,254.0,273.0,1.3,1.4,9.42,18.02,1.8,1.8,1.8,1.8,175.0,180.0,0.2,0.2,,,19.0,0,5.699999999999999,0,263.5,1.35,13.719999999999999,0,1.8,1.8,177.5,0,0.2,0,,0
2024,1636,EPIP BYRNIHAT (NARBONG- WELL) SPRING),Meghalaya,18.0,19.0,6.4,6.9,102.0,132.0,1.0,1.1,0.44,0.61,1.8,1.8,1.8,1.8,71.0,92.0,0.2,0.2,,,18.5,0,6.65,0,117.0,1.05,0.525,0,1.8,1.8,81.5,0,0.2,0,,0
2024,1637,"SOHRA, CHERRAPUNJEE (WAH U DKHAR -",Meghalaya,15.0,16.0,5.8,6.1,92.0,110.0,1.1,1.3,1.22,4.52,1.8,1.8,1.8,1.8,63.0,77.0,0.2,0.2,,,15.5,0,5.949999999999999,0,101.0,1.2000000000000002,2.8699999999999997,0,1.8,1.8,70.0,0,0.2,0,,0
2024,1638,SHANGPUNG (UMSAHEP SPRING) SPRING),Meghalaya,17.0,17.0,5.1,5.7,133.0,145.0,1.0,1.2,2.52,8.92,1.8,1.8,1.8,1.8,100.0,107.0,0.2,0.2,,,17.0,0,5.4,0,139.0,1.1,5.72,0,1.8,1.8,103.5,0,0.2,0,,0
2024,3385,MAWTHADRISHAN WELL AT MARKASA,Meghalaya,17.0,18.0,6.5,6.5,36.0,40.0,1.1,1.3,0.32,0.36,1.8,1.8,1.8,1.8,25.0,29.0,0.2,0.2,,,17.5,0,6.5,0,38.0,1.2000000000000002,0.33999999999999997,0,1.8,1.8,27.0,0,0.2,0,,0
2024,3386,JAKREM HOT SPRING AT JAKREM,Meghalaya,40.0,41.0,8.8,9.0,359.0,380.0,1.2,1.3,0.32,0.4,1.8,1.8,1.8,1.8,253.0,262.0,20.0,22.0,,,40.5,0,8.9,1,369.5,1.25,0.36,0,1.8,1.8,257.5,0,21.0,1,,0
2024,4323,BOREWELL AT GOOD SHEPHERD PARISH,Meghalaya,16.0,17.0,6.6,6.7,223.0,230.0,1.2,1.3,0.32,0.43,1.8,1.8,1.8,1.8,108.0,154.0,0.2,0.2,,,16.5,0,6.65,0,226.5,1.25,0.375,0,1.8,1.8,131.0,0,0.2,0,,0
2024,4324,IN LADRYMBAI BOREWELL AT KHLIEHWAH SHASEM - A,Meghalaya,17.0,18.0,5.6,5.8,102.0,110.0,1.2,1.3,0.86,2.12,1.8,1.8,1.8,1.8,75.0,76.0,0.2,0.2,,,17.5,0,5.699999999999999,0,106.0,1.25,1.49,0,1.8,1.8,75.5,0,0.2,0,,0
2024,4325,IN KHLIEHRIAT BOREWELL AT KHLIEHWAH SHASEM - B IN,Meghalaya,16.0,17.0,5.2,5.6,110.0,123.0,1.0,1.1,0.98,1.92,1.8,1.8,1.8,1.8,85.0,107.0,0.2,0.2,,,16.5,0,5.4,0,116.5,1.05,1.45,0,1.8,1.8,96.0,0,0.2,0,,0
2024,4904,KHLIEHRIAT DEEP TUBE WELL AT DONGKAMON,Meghalaya,18.0,21.0,6.4,6.6,140.0,166.0,1.5,1.6,1.0,1.03,1.8,1.8,23.0,27.0,97.0,113.0,0.2,0.2,,,19.5,0,6.5,0,153.0,1.55,1.0150000000000001,0,1.8,25.0,105.0,0,0.2,0,,0
2024,4905,"NONGMENSONG, SHILLONG DUG WELL AT FOREST COLONY, POLO,",Meghalaya,18.0,22.0,4.6,6.1,177.0,180.0,1.2,1.3,2.02,5.82,1.8,1.8,1.8,1.8,122.0,138.0,0.2,0.2,,,20.0,0,5.35,0,178.5,1.25,3.92,0,1.8,1.8,130.0,0,0.2,0,,0
2024,4906,"SHILLONG DEEP TUBE WELL AT LABAN LAST STOP,",Meghalaya,17.0,21.0,4.8,5.2,42.0,54.0,1.0,1.2,0.32,0.33,1.8,1.8,1.8,1.8,37.0,38.0,0.2,0.2,,,19.0,0,5.0,0,48.0,1.1,0.325,0,1.8,1.8,37.5,0,0.2,0,,0
2024,2054,"RAMHLUN 'N' SPRING WATER, AIZAWL",Mizoram,19.0,21.0,5.7,6.87,490.0,524.0,1.3,2.3,28.17,28.38,,,,,398.0,398.0,,,,,20.0,0,6.285,0,507.0,1.7999999999999998,28.275,0,,,398.0,0,,0,,0
2024,2055,"MISSION VENGTHLANG SPRING WATER,",Mizoram,20.0,20.0,6.5,7.6,497.0,522.0,1.2,1.6,28.41,28.48,,,,,,,,,,,20.0,0,7.05,0,509.5,1.4,28.445,0,,,,0,,0,,0
2024,3725,"AIZAWL LUNGLI SPRING WATER, REPUBLIC VENG,",Mizoram,17.0,19.0,6.4,8.03,301.0,321.0,1.1,1.4,27.72,32.06,,,,,,,,,,,18.0,0,7.215,0,311.0,1.25,29.89,0,,,,0,,0,,0
2024,3726,"AIZAWL RAMHLUN 'S' SPRING WATER, NEAR",Mizoram,19.0,21.0,5.9,6.7,497.0,521.0,1.2,2.4,28.14,28.21,,,,,,,,,,,20.0,0,6.300000000000001,0,509.0,1.7999999999999998,28.175,0,,,,0,,0,,0
2024,3727,"COMMUNITY HALL, AIZAWL TUITHIANG VENG SPRING WATER,",Mizoram,16.0,18.0,6.3,7.25,300.0,305.0,1.1,1.3,26.52,31.53,,,,,,,,,,,17.0,0,6.775,0,302.5,1.2000000000000002,29.025,0,,,,0,,0,,0
2024,2896,OPENWELL AT KOHIMA VILLAGE ?T? KHEL,Nagaland,22.4,23.5,7.5,7.6,120.0,250.0,,,0.5,0.6,,,,,60.0,125.0,0.2,,,,22.95,0,7.55,0,185.0,,0.55,0,,,92.5,0,,0,,0
2024,2897,BOREWELL AT KAMDI BAZAAR (HOUSE NO.21),Nagaland,26.0,26.6,6.6,7.1,222.0,241.0,,,0.5,0.6,,,,,111.0,120.5,0.2,,,,26.3,0,6.85,0,231.5,,0.55,0,,,115.75,0,,0,,0
2024,2898,OPENWELL AT DOYAPUR NEAR DIMASA,Nagaland,26.6,28.1,6.5,6.9,160.0,226.0,,,0.6,0.7,,,,,80.0,163.0,0.21,,,,27.35,0,6.7,0,193.0,,0.6499999999999999,0,,,121.5,0,,0,,0
2024,2899,BAPTIST CHURCH BOREWELL AT DHANSIRIPAR NEAR SIBRAI,Nagaland,26.2,27.2,7.5,7.9,180.0,368.0,,,0.5,0.7,,,,,90.0,184.0,0.2,,,,26.7,0,7.7,0,274.0,,0.6,0,,,137.0,0,,0,,0
2024,2900,(SHIV) TEMPLE OPENWELL AT TOULAZOUMA VILLAGE,Nagaland,24.9,28.1,6.6,7.1,175.0,292.0,,,0.5,0.6,,,,,87.5,146.0,0.2,,,,26.5,0,6.85,0,233.5,,0.55,0,,,116.75,0,,0,,0
2024,2901,(HOUSE NO.379) OPENWELL AT LUNGWIRAM VILLAGE,Nagaland,25.4,28.4,6.8,6.9,101.0,254.0,,,0.5,0.6,,,,,50.5,127.0,0.22,,,,26.9,0,6.85,0,177.5,,0.55,0,,,88.75,0,,0,,0
2024,2902,"NEAR LUNGWIRAM BAPTIST CHURCH BOREWELL AT THAHEKHU VILLAGE,",Nagaland,28.5,28.8,7.1,8.2,125.0,250.0,,,0.6,0.7,,,,,62.5,125.0,0.2,,,,28.65,0,7.6499999999999995,0,187.5,,0.6499999999999999,0,,,93.75,0,,0,,0
2024,2903,"BLOCK 3, NEAR RAILWAY CROSSING BOREWELL AT SIGNAL ANGAMI VILLAGE,",Nagaland,26.5,28.5,7.5,7.9,100.0,136.0,,,0.6,0.9,,,,,50.0,68.0,0.2,,,,27.5,0,7.7,0,118.0,,0.75,0,,,59.0,0,,0,,0
2024,2904,"HOUSE NO 93 OPENWELL NEAR NAGA CEMETERY (OLD),",Nagaland,24.3,27.7,6.9,7.5,155.0,430.0,,,0.7,0.8,,,,,77.5,215.0,0.2,,,,26.0,0,7.2,0,292.5,,0.75,0,,,146.25,0,,0,,0
2024,2905,"BOREWELL AT NPCB, SIGNAL POINT (HOUSE NO.10)",Nagaland,24.5,26.5,6.9,7.1,139.0,350.0,,,0.5,0.7,,,,,69.5,175.0,0.2,,,,25.5,0,7.0,0,244.5,,0.6,0,,,122.25,0,,0,,0
2024,1644,"JAGATPUR INDUSTRIAL AREA, CUTTACK",Odisha,28.0,28.0,6.9,6.9,364.0,364.0,1.0,1.0,3.15,3.15,1.8,1.8,1.8,1.8,216.0,216.0,0.3,0.3,,,28.0,0,6.9,0,364.0,1.0,3.15,0,1.8,1.8,216.0,0,0.3,0,,0
2024,1645,"MADHUPATNA- KALYAN NAGAR AREA,",Odisha,28.0,28.0,6.9,6.9,265.0,265.0,1.0,1.0,1.13,1.13,1.8,1.8,1.8,1.8,160.0,160.0,0.2,0.2,,,28.0,0,6.9,0,265.0,1.0,1.13,0,1.8,1.8,160.0,0,0.2,0,,0
2024,1646,"BIDANASHI - TULASIPUR AREA, CUTTACK CUTTACK",Odisha,28.0,28.0,6.9,6.9,305.0,305.0,1.0,1.0,0.65,0.65,1.8,1.8,1.8,1.8,176.0,176.0,0.23,0.23,,,28.0,0,6.9,0,305.0,1.0,0.65,0,1.8,1.8,176.0,0,0.23,0,,0
2024,1647,"BADAMBARI AREA, CUTTACK",Odisha,28.0,28.0,7.1,7.1,165.0,165.0,1.0,1.0,0.76,0.76,1.8,1.8,1.8,1.8,120.0,120.0,0.29,0.29,,,28.0,0,7.1,0,165.0,1.0,0.76,0,1.8,1.8,120.0,0,0.29,0,,0
2024,1648,"RANIHAT- MANGALABAG AREA,",Odisha,30.0,30.0,7.1,7.1,520.0,520.0,1.0,1.0,0.55,0.55,1.8,1.8,1.8,1.8,340.0,340.0,0.21,0.21,,,30.0,0,7.1,0,520.0,1.0,0.55,0,1.8,1.8,340.0,0,0.21,0,,0
2024,1649,"KHANDAGIRI AREA, BHUBANESWAR CUTTACK",Odisha,28.0,28.0,6.7,6.7,348.0,348.0,1.1,1.1,5.65,5.65,1.8,1.8,1.8,1.8,208.0,208.0,0.3,0.3,,,28.0,0,6.7,0,348.0,1.1,5.65,0,1.8,1.8,208.0,0,0.3,0,,0
2024,1650,"CAPITAL HOSPITAL AREA,",Odisha,28.0,28.0,6.5,6.5,375.0,375.0,1.0,1.0,0.57,0.57,1.8,1.8,1.8,1.8,228.0,228.0,0.31,0.31,,,28.0,0,6.5,0,375.0,1.0,0.57,0,1.8,1.8,228.0,0,0.31,0,,0
2024,1651,"BHUBANESWAR OLD TOWN- SAMANTARAPUR AREA,",Odisha,29.0,29.0,6.9,6.9,440.0,440.0,1.0,1.0,0.85,0.85,1.8,1.8,1.8,1.8,300.0,300.0,0.26,0.26,,,29.0,0,6.9,0,440.0,1.0,0.85,0,1.8,1.8,300.0,0,0.26,0,,0
2024,1652,"BHUBANESWAR KALPANA - LAXMISAGAR AREA,",Odisha,28.0,28.0,6.5,6.5,303.0,303.0,1.0,1.0,4.48,4.48,1.8,1.8,1.8,1.8,184.0,184.0,0.25,0.25,,,28.0,0,6.5,0,303.0,1.0,4.48,0,1.8,1.8,184.0,0,0.25,0,,0
2024,1653,"BHUBANESWAR / BHUBANESWAR MANCHESWAR INDUSTRIAL AREA,",Odisha,28.0,28.0,5.6,5.6,220.0,220.0,1.0,1.0,7.47,7.47,130.0,130.0,280.0,280.0,132.0,132.0,0.33,0.33,,,28.0,0,5.6,0,220.0,1.0,7.47,0,130.0,280.0,132.0,0,0.33,0,,0
2024,1654,SECRETARIAT- GOVERNOR HOUSE- OLD,Odisha,28.0,28.0,6.8,6.8,370.0,370.0,1.0,1.0,4.12,4.12,1.8,1.8,1.8,1.8,220.0,220.0,0.28,0.28,,,28.0,0,6.8,0,370.0,1.0,4.12,0,1.8,1.8,220.0,0,0.28,0,,0
2024,1655,"NEAR SEA BEACH, PURI BUS STAND AREA, BHUBANESWAR",Odisha,23.0,23.0,6.8,6.8,16400.0,16400.0,1.0,1.0,4.31,4.31,1.8,1.8,1.8,1.8,14440.0,14440.0,0.39,0.39,,,23.0,0,6.8,0,16400.0,1.0,4.31,0,1.8,1.8,14440.0,1,0.39,0,,0
2024,1656,"NEAR JAGANNATH TEMPLE, PURI",Odisha,23.0,23.0,7.3,7.3,1545.0,1545.0,1.0,1.0,16.72,16.72,1.8,1.8,1.8,1.8,1064.0,1064.0,0.29,0.29,,,23.0,0,7.3,0,1545.0,1.0,16.72,0,1.8,1.8,1064.0,0,0.29,0,,0
2024,1657,HOSPITAL - BUS STAND- MAUSHIMA,Odisha,23.0,23.0,7.1,7.1,1081.0,1081.0,1.0,1.0,0.86,0.86,79.0,79.0,220.0,220.0,736.0,736.0,0.28,0.28,,,23.0,0,7.1,0,1081.0,1.0,0.86,0,79.0,220.0,736.0,0,0.28,0,,0
2024,1658,"BALIAPANDA, PURI TEMPLE AREA, PURI",Odisha,23.0,23.0,7.5,7.5,730.0,730.0,1.0,1.0,5.57,5.57,1.8,1.8,1.8,1.8,440.0,440.0,0.36,0.36,,,23.0,0,7.5,0,730.0,1.0,5.57,0,1.8,1.8,440.0,0,0.36,0,,0
2024,3964,"NEAR MKCG MEDICAL COLLEGE,",Odisha,25.0,25.0,8.4,8.4,850.0,850.0,1.0,1.0,3.94,3.94,33.0,33.0,79.0,79.0,496.0,496.0,0.2,0.2,,,25.0,0,8.4,0,850.0,1.0,3.94,0,33.0,79.0,496.0,0,0.2,0,,0
2024,3965,"NEAR BUS STAND, BERHAMPUR BERHAMPUR",Odisha,26.0,26.0,8.5,8.5,890.0,890.0,1.0,1.0,0.69,0.69,1.8,1.8,1.8,1.8,536.0,536.0,0.31,0.31,,,26.0,0,8.5,0,890.0,1.0,0.69,0,1.8,1.8,536.0,0,0.31,0,,0
2024,3966,"NEAR BADABAZAR, BERHAMPUR",Odisha,26.0,26.0,8.4,8.4,1018.0,1018.0,1.0,1.0,15.03,15.03,1.8,1.8,1.8,1.8,608.0,608.0,0.29,0.29,,,26.0,0,8.4,0,1018.0,1.0,15.03,0,1.8,1.8,608.0,0,0.29,0,,0
2024,3967,"NEAR RAILWAY STATION STAND,",Odisha,27.0,27.0,8.5,8.5,780.0,780.0,1.0,1.0,7.67,7.67,1.8,1.8,1.8,1.8,520.0,520.0,0.2,0.2,,,27.0,0,8.5,0,780.0,1.0,7.67,0,1.8,1.8,520.0,0,0.2,0,,0
2024,3968,"BERHAMPUR NEAR VSS MEDICAL COLLEGE, BURLA,",Odisha,26.0,26.0,7.2,7.2,640.0,640.0,1.0,1.0,0.49,0.49,1.8,1.8,1.8,1.8,468.0,468.0,0.33,0.33,,,26.0,0,7.2,0,640.0,1.0,0.49,0,1.8,1.8,468.0,0,0.33,0,,0
2024,3969,"NEAR RAILWAY STATION, SAMBALPUR SAMBALPUR",Odisha,25.0,25.0,7.3,7.3,1342.0,1342.0,1.0,1.0,8.38,8.38,220.0,220.0,540.0,540.0,924.0,924.0,0.21,0.21,,,25.0,0,7.3,0,1342.0,1.0,8.38,0,220.0,540.0,924.0,0,0.21,0,,0
2024,3970,"NEAR PANTHANIVAS, SAMBALPUR",Odisha,26.0,26.0,7.2,7.2,298.0,298.0,1.0,1.0,6.57,6.57,1.8,1.8,1.8,1.8,188.0,188.0,0.35,0.35,,,26.0,0,7.2,0,298.0,1.0,6.57,0,1.8,1.8,188.0,0,0.35,0,,0
2024,3971,ANGUL TOWNSHIP,Odisha,23.0,23.0,6.8,6.8,990.0,990.0,1.0,1.0,9.39,9.39,1.8,1.8,1.8,1.8,604.0,604.0,0.28,0.28,,,23.0,0,6.8,0,990.0,1.0,9.39,0,1.8,1.8,604.0,0,0.28,0,,0
2024,3972,"NALCO TOWNSHIP, TALCHER",Odisha,23.0,23.0,7.2,7.2,610.0,610.0,1.0,1.0,0.68,0.68,1.8,1.8,1.8,1.8,388.0,388.0,0.25,0.25,,,23.0,0,7.2,0,610.0,1.0,0.68,0,1.8,1.8,388.0,0,0.25,0,,0
2024,3973,"MAHANADI COAL FIELD AREA, TALCHER",Odisha,23.0,23.0,6.2,6.2,530.0,530.0,1.0,1.0,7.96,7.96,1.8,1.8,1.8,1.8,364.0,364.0,0.2,0.2,,,23.0,0,6.2,0,530.0,1.0,7.96,0,1.8,1.8,364.0,0,0.2,0,,0
2024,3974,"KANIHA, TALCHER",Odisha,23.0,23.0,7.2,7.2,550.0,550.0,1.0,1.0,0.48,0.48,1.8,1.8,1.8,1.8,368.0,368.0,0.32,0.32,,,23.0,0,7.2,0,550.0,1.0,0.48,0,1.8,1.8,368.0,0,0.32,0,,0
2024,3975,TALCHER TOWN,Odisha,24.0,24.0,5.8,5.8,125.0,125.0,1.0,1.0,2.67,2.67,1.8,1.8,1.8,1.8,76.0,76.0,0.28,0.28,,,24.0,0,5.8,0,125.0,1.0,2.67,0,1.8,1.8,76.0,0,0.28,0,,0
2024,3976,"MERAMUNDALI AREA, TALCHER",Odisha,23.0,23.0,7.1,7.1,1130.0,1130.0,1.0,1.0,2.79,2.79,1.8,1.8,1.8,1.8,864.0,864.0,0.35,0.35,,,23.0,0,7.1,0,1130.0,1.0,2.79,0,1.8,1.8,864.0,0,0.35,0,,0
2024,3977,TALCHER THERMAL AREA,Odisha,22.0,22.0,7.1,7.1,1210.0,1210.0,1.0,1.0,0.62,0.62,1.8,1.8,1.8,1.8,804.0,804.0,0.38,0.38,,,22.0,0,7.1,0,1210.0,1.0,0.62,0,1.8,1.8,804.0,0,0.38,0,,0
2024,3978,"BANARPAL, TALCHER",Odisha,22.0,22.0,6.6,6.6,960.0,960.0,1.0,1.0,4.48,4.48,1.8,1.8,1.8,1.8,684.0,684.0,0.21,0.21,,,22.0,0,6.6,0,960.0,1.0,4.48,0,1.8,1.8,684.0,0,0.21,0,,0
2024,3979,"KULAD, TALCHER",Odisha,22.0,22.0,6.9,6.9,940.0,940.0,1.1,1.1,3.85,3.85,1.8,1.8,1.8,1.8,556.0,556.0,1.19,1.19,,,22.0,0,6.9,0,940.0,1.1,3.85,0,1.8,1.8,556.0,0,1.19,0,,0
2024,3981,"BURKHAMUNDA, JHARSUGUDA",Odisha,28.0,28.0,7.1,7.1,196.0,196.0,1.0,1.0,4.02,4.02,1.8,1.8,1.8,1.8,124.0,124.0,0.28,0.28,,,28.0,0,7.1,0,196.0,1.0,4.02,0,1.8,1.8,124.0,0,0.28,0,,0
2024,3982,"BADAMANI INDUSTRIAL ESTATE,",Odisha,28.0,28.0,6.9,6.9,192.0,192.0,1.0,1.0,4.12,4.12,1.8,1.8,1.8,1.8,128.0,128.0,0.3,0.3,,,28.0,0,6.9,0,192.0,1.0,4.12,0,1.8,1.8,128.0,0,0.3,0,,0
2024,3983,"BUDHIPADAR, JHARSUGUDA JHARSUGUDA",Odisha,29.0,29.0,6.7,6.7,146.0,146.0,1.0,1.0,0.38,0.38,1.8,1.8,1.8,1.8,88.0,88.0,0.36,0.36,,,29.0,0,6.7,0,146.0,1.0,0.38,0,1.8,1.8,88.0,0,0.36,0,,0
2024,3984,"BRAJARAJ NAGAR MINING BELT,",Odisha,29.0,29.0,7.1,7.1,185.0,185.0,1.0,1.0,1.82,1.82,1.8,1.8,1.8,1.8,108.0,108.0,0.28,0.28,,,29.0,0,7.1,0,185.0,1.0,1.82,0,1.8,1.8,108.0,0,0.28,0,,0
2024,3985,"JHARSUGUDA RAMPUR AREA (WATER TANK),",Odisha,28.0,28.0,7.1,7.1,328.0,328.0,1.0,1.0,0.58,0.58,1.8,1.8,1.8,1.8,192.0,192.0,0.31,0.31,,,28.0,0,7.1,0,328.0,1.0,0.58,0,1.8,1.8,192.0,0,0.31,0,,0
2024,3986,"JHARSUGUDA IB THERMAL POWER STATION,",Odisha,28.0,28.0,7.2,7.2,362.0,362.0,1.0,1.0,0.51,0.51,1.8,1.8,1.8,1.8,212.0,212.0,0.27,0.27,,,28.0,0,7.2,0,362.0,1.0,0.51,0,1.8,1.8,212.0,0,0.27,0,,0
2024,3987,"BELPAHAR AREA, JHARSUGUDA JHARSUGUDA",Odisha,28.0,28.0,7.6,7.6,148.0,148.0,1.0,1.0,0.46,0.46,1.8,1.8,1.8,1.8,88.0,88.0,0.33,0.33,,,28.0,0,7.6,0,148.0,1.0,0.46,0,1.8,1.8,88.0,0,0.33,0,,0
2024,3988,"BADAPADIA MARKET COMPLEX,",Odisha,29.0,29.0,8.5,8.5,2260.0,2260.0,1.0,1.0,1.86,1.86,1.8,1.8,1.8,1.8,1560.0,1560.0,0.31,0.31,,,29.0,0,8.5,0,2260.0,1.0,1.86,0,1.8,1.8,1560.0,0,0.31,0,,0
2024,3989,"MUSADIHA, PARADEEP",Odisha,30.0,30.0,8.1,8.1,565.0,565.0,1.0,1.0,1.2,1.2,1.8,1.8,1.8,1.8,340.0,340.0,0.33,0.33,,,30.0,0,8.1,0,565.0,1.0,1.2,0,1.8,1.8,340.0,0,0.33,0,,0
2024,3991,"SARUABIL, SUKINDA",Odisha,23.0,23.0,6.6,6.6,240.0,240.0,1.0,1.0,3.05,3.05,1.8,1.8,1.8,1.8,144.0,144.0,0.2,0.2,,,23.0,0,6.6,0,240.0,1.0,3.05,0,1.8,1.8,144.0,0,0.2,0,,0
2024,3992,"KALIAPANI, SUKINDA",Odisha,23.0,23.0,6.6,6.6,234.0,234.0,1.0,1.0,0.44,0.44,1.8,1.8,1.8,1.8,140.0,140.0,0.2,0.2,,,23.0,0,6.6,0,234.0,1.0,0.44,0,1.8,1.8,140.0,0,0.2,0,,0
2024,3993,"KAMARDA, SUKINDA",Odisha,22.0,22.0,6.8,6.8,287.0,287.0,1.0,1.0,0.35,0.35,1.8,1.8,1.8,1.8,168.0,168.0,0.34,0.34,,,22.0,0,6.8,0,287.0,1.0,0.35,0,1.8,1.8,168.0,0,0.34,0,,0
2024,3994,"CHAKULIA, BALASORE",Odisha,25.0,25.0,7.4,7.4,221.0,221.0,1.0,1.0,0.63,0.63,1.8,1.8,1.8,1.8,136.0,136.0,0.2,0.2,,,25.0,0,7.4,0,221.0,1.0,0.63,0,1.8,1.8,136.0,0,0.2,0,,0
2024,3995,"KUANRPUR, BALASORE",Odisha,24.0,24.0,7.3,7.3,390.0,390.0,1.0,1.0,4.15,4.15,1.8,1.8,1.8,1.8,236.0,236.0,0.2,0.2,,,24.0,0,7.3,0,390.0,1.0,4.15,0,1.8,1.8,236.0,0,0.2,0,,0
2024,3996,"NAIGOPALPUR, BALASORE",Odisha,24.0,24.0,8.3,8.3,445.0,445.0,1.0,1.0,0.72,0.72,1.8,1.8,1.8,1.8,264.0,264.0,4.92,4.92,,,24.0,0,8.3,0,445.0,1.0,0.72,0,1.8,1.8,264.0,0,4.92,1,,0
2024,4862,"MARKET COMPLEX, COURT CHHAK,",Odisha,29.6,29.6,7.9,7.9,710.0,710.0,1.0,1.0,0.33,0.33,1.8,1.8,1.8,1.8,420.0,420.0,0.29,0.29,,,29.6,0,7.9,0,710.0,1.0,0.33,0,1.8,1.8,420.0,0,0.29,0,,0
2024,4863,"KHADIA ROAD, KENDRAPARA INSIDE GAJMARA UP SCHOOL,",Odisha,22.0,22.0,5.7,5.7,75.0,75.0,1.0,1.0,0.33,0.33,1.8,1.8,1.8,1.8,48.0,48.0,0.29,0.29,,,22.0,0,5.7,0,75.0,1.0,0.33,0,1.8,1.8,48.0,0,0.29,0,,0
2024,4864,"DHENKANAL DAILY MARKET AREA GAJAMARA, DHENKANAL",Odisha,22.0,22.0,6.3,6.3,420.0,420.0,1.0,1.0,0.43,0.43,79.0,79.0,350.0,350.0,288.0,288.0,0.31,0.31,,,22.0,0,6.3,0,420.0,1.0,0.43,0,79.0,350.0,288.0,0,0.31,0,,0
2024,4865,DISTRICT HEAD QUARTER HOSPITAL,Odisha,25.0,25.0,7.7,7.7,524.0,524.0,1.0,1.0,1.4,1.4,1.8,1.8,1.8,1.8,312.0,312.0,0.48,0.48,,,25.0,0,7.7,0,524.0,1.0,1.4,0,1.8,1.8,312.0,0,0.48,0,,0
2024,4866,"UNAUTHORISED GARBAGE DISPOSAL SITE PREMISES, BHADRAK SALANDI HOSPITAL PREMISES NEAR",Odisha,25.0,25.0,7.8,7.8,360.0,360.0,1.0,1.0,0.6,0.6,1.8,1.8,1.8,1.8,212.0,212.0,0.94,0.94,,,25.0,0,7.8,0,360.0,1.0,0.6,0,1.8,1.8,212.0,0,0.94,0,,0
2024,4867,"OFFICE NEAR BADAMPAHAR MINING BY THE SIDE OF NH, BHADRAK DHANGIDIMUTA VILLAGE (KUSUMI GP",Odisha,25.0,25.0,7.3,7.3,172.0,172.0,1.0,1.0,0.5,0.5,1.8,1.8,1.8,1.8,112.0,112.0,0.27,0.27,,,25.0,0,7.3,0,172.0,1.0,0.5,0,1.8,1.8,112.0,0,0.27,0,,0
2024,4868,"AREA, MAYURBHANJ DHANGIDIMUTA VILLAGE (BASTI SAHI) NEAR CATCH POND OF MINE RUN-OFF",Odisha,25.0,25.0,7.1,7.1,302.0,302.0,1.0,1.0,3.99,3.99,1.8,1.8,1.8,1.8,176.0,176.0,0.2,0.2,,,25.0,0,7.1,0,302.0,1.0,3.99,0,1.8,1.8,176.0,0,0.2,0,,0
2024,4869,"TATA STEEL LTD. (BICHHAKUNDI WATER NEAR BADAPAHAR MINING AREA, MAYURBHANJ JODA WEST MANGANESE MINE OF M/S",Odisha,26.0,26.0,7.1,7.1,103.0,103.0,1.0,1.0,1.9,1.9,1.8,1.8,1.8,1.8,60.0,60.0,0.2,0.2,,,26.0,0,7.1,0,103.0,1.0,1.9,0,1.8,1.8,60.0,0,0.2,0,,0
2024,4870,"COLONY), JODA, KEONJHAR BALDA BLOCK IRON ORE MINES OF M/S SIRAJUDDIN & CO. (NEAR TIME OFFICE",Odisha,26.0,26.0,6.3,6.3,92.0,92.0,1.0,1.0,0.46,0.46,1.8,1.8,1.8,1.8,56.0,56.0,0.2,0.2,,,26.0,0,6.3,0,92.0,1.0,0.46,0,1.8,1.8,56.0,0,0.2,0,,0
2024,4871,"RAM & CO., TANTO, BHADRASAHI, INSIDE THE MINE LEASEHOLD AREA), KEONJHAR ROIDA-II IRON ORE MINES OF M/S K N",Odisha,26.0,26.0,6.3,6.3,90.0,90.0,1.0,1.0,0.66,0.66,1.8,1.8,1.8,1.8,64.0,64.0,0.32,0.32,,,26.0,0,6.3,0,90.0,1.0,0.66,0,1.8,1.8,64.0,0,0.32,0,,0
2024,4872,"KAYPEE ENTERPRISES NEAR VT CENTRE, BARBIL, KEONJHAR THAKURANI IRON ORE MINES OF M/S",Odisha,25.0,25.0,6.1,6.1,108.0,108.0,1.0,1.0,1.34,1.34,1.8,1.8,1.8,1.8,68.0,68.0,0.39,0.39,,,25.0,0,6.1,0,108.0,1.0,1.34,0,1.8,1.8,68.0,0,0.39,0,,0
2024,4873,"BARBIL, KEONJHAR DDM OFFICE, KOIRA PREMISES,",Odisha,26.0,27.0,6.9,7.1,90.0,176.0,1.0,1.0,0.47,0.55,1.8,1.8,1.8,1.8,64.0,112.0,0.2,0.43,,,26.5,0,7.0,0,133.0,1.0,0.51,0,1.8,1.8,88.0,0,0.315,0,,0
2024,4874,"SUNDARGARH TENSA RESIDENTIAL AREA, KOIRA,",Odisha,26.0,27.0,6.8,7.2,231.0,275.0,1.0,1.0,0.38,0.75,1.8,1.8,1.8,1.8,140.0,172.0,0.2,0.27,,,26.5,0,7.0,0,253.0,1.0,0.565,0,1.8,1.8,156.0,0,0.23500000000000001,0,,0
2024,4875,"COLLECTOR OFFICE PREMISES, DEOGARH SUNDARGARH",Odisha,29.0,29.0,6.6,6.6,455.0,455.0,1.0,1.0,0.41,0.41,1.8,1.8,1.8,1.8,296.0,296.0,0.2,0.2,,,29.0,0,6.6,0,455.0,1.0,0.41,0,1.8,1.8,296.0,0,0.2,0,,0
2024,4876,GOVT. MODEL DEGREE COLLAGE,Odisha,28.0,29.0,7.1,7.3,310.0,420.0,1.0,1.0,0.36,0.36,1.8,33.0,1.8,130.0,212.0,256.0,0.2,0.2,,,28.5,0,7.199999999999999,0,365.0,1.0,0.36,0,17.4,65.9,234.0,0,0.2,0,,0
2024,4877,"QUARTER HOSPITAL, PARALAKHEMUNDI, INSIDE THE PREMISES OF DISTRICT HEAD",Odisha,23.0,23.0,7.3,7.3,668.0,668.0,1.0,1.0,0.82,0.82,1.8,1.8,1.8,1.8,388.0,388.0,0.28,0.28,,,23.0,0,7.3,0,668.0,1.0,0.82,0,1.8,1.8,388.0,0,0.28,0,,0
2024,4878,"GAJAPATI MUNICIPALITY AT KELLY SAHI, GAJAPATI NEAR SOLID WASTE DISPOSAL SITE OF",Odisha,23.0,23.0,7.7,7.7,820.0,820.0,1.0,1.0,0.52,0.52,1.8,1.8,1.8,1.8,516.0,516.0,0.27,0.27,,,23.0,0,7.7,0,820.0,1.0,0.52,0,1.8,1.8,516.0,0,0.27,0,,0
2024,4879,GAJAPATI INSIDE THE PREMISES OF DISTRICT HEAD,Odisha,27.0,27.0,8.0,8.0,320.0,320.0,1.0,1.0,5.5,5.5,1.8,1.8,1.8,1.8,188.0,188.0,0.32,0.32,,,27.0,0,8.0,0,320.0,1.0,5.5,0,1.8,1.8,188.0,0,0.32,0,,0
2024,4880,"PHULBANI MUNICIPALITY AT DADA PUJA QUARTER HOSPITAL, PHULBANI NEAR SOLID WASTE DISPOSAL SITE OF",Odisha,27.0,27.0,8.4,8.4,580.0,580.0,1.0,1.0,0.65,0.65,1.8,1.8,1.8,1.8,340.0,340.0,0.3,0.3,,,27.0,0,8.4,0,580.0,1.0,0.65,0,1.8,1.8,340.0,0,0.3,0,,0
2024,4881,"MOUZA, PHULBANI INSIDE THE PREMISES OF DISTRICT HEAD",Odisha,28.0,28.0,8.2,8.2,1020.0,1020.0,1.0,1.0,1.67,1.67,1.8,1.8,1.8,1.8,696.0,696.0,0.2,0.2,,,28.0,0,8.2,0,1020.0,1.0,1.67,0,1.8,1.8,696.0,0,0.2,0,,0
2024,4882,"NAYAGARH NAC AT BHALUKHOLA QUARTER HOSPITAL, NAYAGARH NEAR SOLID WASTE DISPOSAL SITE OF",Odisha,28.0,28.0,8.4,8.4,826.0,826.0,1.0,1.0,2.63,2.63,1.8,1.8,1.8,1.8,476.0,476.0,0.25,0.25,,,28.0,0,8.4,0,826.0,1.0,2.63,0,1.8,1.8,476.0,0,0.25,0,,0
2024,4883,"VILLAGE, NAYAGARH NEAR BARGARH GOVT. HOSPITAL,",Odisha,26.0,26.0,7.1,7.1,798.0,798.0,1.0,1.0,6.08,6.08,1.8,1.8,1.8,1.8,492.0,492.0,0.3,0.3,,,26.0,0,7.1,0,798.0,1.0,6.08,0,1.8,1.8,492.0,0,0.3,0,,0
2024,4884,"BARGARH NEAR GANAPATI GOVT. HOSPITAL,",Odisha,25.0,25.0,7.1,7.1,1080.0,1080.0,1.0,1.0,8.91,8.91,1.8,1.8,1.8,1.8,664.0,664.0,0.2,0.2,,,25.0,0,7.1,0,1080.0,1.0,8.91,0,1.8,1.8,664.0,0,0.2,0,,0
2024,4885,"BARGARH NEAR NUAPADA GOVT. HOSPITAL,",Odisha,28.0,28.0,7.3,7.3,520.0,520.0,1.0,1.0,2.51,2.51,49.0,49.0,350.0,350.0,304.0,304.0,0.24,0.24,,,28.0,0,7.3,0,520.0,1.0,2.51,0,49.0,350.0,304.0,0,0.24,0,,0
2024,4886,NUAPADA NEAR NILASAILA NAGAR (BACKSIDE OF,Odisha,27.0,27.0,7.6,7.6,370.0,370.0,1.0,1.0,0.71,0.71,130.0,130.0,350.0,350.0,216.0,216.0,0.2,0.2,,,27.0,0,7.6,0,370.0,1.0,0.71,0,130.0,350.0,216.0,0,0.2,0,,0
2024,4887,"VETERINARY OFFICE, NUAPADA NEAR BOLANGIR MEDICAL COLLEGE,",Odisha,26.0,26.0,7.5,7.5,1210.0,1210.0,1.0,1.0,8.87,8.87,1.8,1.8,1.8,1.8,728.0,728.0,0.43,0.43,,,26.0,0,7.5,0,1210.0,1.0,8.87,0,1.8,1.8,728.0,0,0.43,0,,0
2024,4888,"NEAR SUDPADA POST OFFICE, BALANGIR BALANGIR",Odisha,26.0,26.0,7.5,7.5,1390.0,1390.0,1.0,1.0,4.57,4.57,1.8,1.8,1.8,1.8,848.0,848.0,0.44,0.44,,,26.0,0,7.5,0,1390.0,1.0,4.57,0,1.8,1.8,848.0,0,0.44,0,,0
2024,4889,"AND IN FRONT OF HEAD POST OFFICE, NEAR TOWN GIRLS PRIMARY SCHOOL",Odisha,27.0,27.0,7.3,7.3,950.0,950.0,1.0,1.0,4.7,4.7,1.8,1.8,1.8,1.8,636.0,636.0,0.35,0.35,,,27.0,0,7.3,0,950.0,1.0,4.7,0,1.8,1.8,636.0,0,0.35,0,,0
2024,4890,"BOUDH NEAR BUTUPALLI CHHAK, MAULISINGHA",Odisha,28.0,28.0,7.4,7.4,680.0,680.0,1.0,1.0,2.43,2.43,1.8,1.8,1.8,1.8,396.0,396.0,0.35,0.35,,,28.0,0,7.4,0,680.0,1.0,2.43,0,1.8,1.8,396.0,0,0.35,0,,0
2024,4891,"ROAD, BOUDH DISTRICT HEAD QUARTER HOSPITAL",Odisha,26.0,26.0,7.8,7.8,640.0,640.0,1.0,1.0,2.5,2.5,79.0,79.0,240.0,240.0,412.0,412.0,0.36,0.36,,,26.0,0,7.8,0,640.0,1.0,2.5,0,79.0,240.0,412.0,0,0.36,0,,0
2024,4892,"CAMPUS, SONEPUR NEAR GUNDICHA TEMPLE AT TENTEL",Odisha,27.0,27.0,8.1,8.1,810.0,810.0,1.0,1.0,4.7,4.7,1.8,1.8,1.8,1.8,572.0,572.0,0.38,0.38,,,27.0,0,8.1,0,810.0,1.0,4.7,0,1.8,1.8,572.0,0,0.38,0,,0
2024,4893,"GHAT, SONEPUR WITNIN THE PREMISES OF BURDELLA",Odisha,23.0,23.0,7.7,7.7,725.0,725.0,1.0,1.0,6.84,6.84,1.8,1.8,1.8,1.8,420.0,420.0,0.25,0.25,,,23.0,0,7.7,0,725.0,1.0,6.84,0,1.8,1.8,420.0,0,0.25,0,,0
2024,4894,"KASTURI NAGAR, RAYAGADA PULLAMA TEMPLE, RAYAGADA",Odisha,23.0,23.0,7.5,7.5,425.0,425.0,1.0,1.0,5.43,5.43,1.8,1.8,1.8,1.8,256.0,256.0,0.2,0.2,,,23.0,0,7.5,0,425.0,1.0,5.43,0,1.8,1.8,256.0,0,0.2,0,,0
2024,4895,"BADACHINDRI, KORAPUT",Odisha,25.0,25.0,6.6,6.6,580.0,580.0,1.0,1.0,16.65,16.65,1.8,1.8,1.8,1.8,360.0,360.0,0.23,0.23,,,25.0,0,6.6,0,580.0,1.0,16.65,0,1.8,1.8,360.0,0,0.23,0,,0
2024,4896,"JAGANNATH TEMPLE, KORAPUT",Odisha,19.0,19.0,6.9,6.9,97.0,97.0,1.0,1.0,0.36,0.36,1.8,1.8,1.8,1.8,56.0,56.0,0.22,0.22,,,19.0,0,6.9,0,97.0,1.0,0.36,0,1.8,1.8,56.0,0,0.22,0,,0
2024,4897,"TOTAGUDA, NAWARANGPUR",Odisha,25.0,25.0,7.1,7.1,112.0,112.0,1.0,1.0,0.47,0.47,1.8,1.8,1.8,1.8,68.0,68.0,0.2,0.2,,,25.0,0,7.1,0,112.0,1.0,0.47,0,1.8,1.8,68.0,0,0.2,0,,0
2024,4898,"GABRALGUDA, NAWARANGPUR",Odisha,24.0,24.0,7.1,7.1,790.0,790.0,1.0,1.0,15.76,15.76,1.8,1.8,1.8,1.8,460.0,460.0,0.28,0.28,,,24.0,0,7.1,0,790.0,1.0,15.76,0,1.8,1.8,460.0,0,0.28,0,,0
2024,4899,"GOSALPADA COLONY (WARD NO. 7),",Odisha,22.0,22.0,7.6,7.6,810.0,810.0,1.0,1.0,0.69,0.69,1.8,1.8,1.8,1.8,504.0,504.0,0.32,0.32,,,22.0,0,7.6,0,810.0,1.0,0.69,0,1.8,1.8,504.0,0,0.32,0,,0
2024,4900,"BHAWANIPATNA SITABUDIPARA (IRRIGATION COLONY,",Odisha,22.0,22.0,7.6,7.6,1214.0,1214.0,1.0,1.0,6.48,6.48,1.8,1.8,1.8,1.8,740.0,740.0,0.24,0.24,,,22.0,0,7.6,0,1214.0,1.0,6.48,0,1.8,1.8,740.0,0,0.24,0,,0
2024,4901,"MV-43, MALKANIGIRI WARD NO. 17), BHAWANIPATNA",Odisha,20.0,20.0,6.7,6.7,260.0,260.0,1.0,1.0,0.4,0.4,1.8,1.8,1.8,1.8,164.0,164.0,0.2,0.2,,,20.0,0,6.7,0,260.0,1.0,0.4,0,1.8,1.8,164.0,0,0.2,0,,0
2024,4902,"TEKBADI OF NETAJI NAGAR,",Odisha,22.0,22.0,6.9,6.9,764.0,764.0,1.0,1.0,2.12,2.12,1.8,1.8,1.8,1.8,476.0,476.0,0.2,0.2,,,22.0,0,6.9,0,764.0,1.0,2.12,0,1.8,1.8,476.0,0,0.2,0,,0
2024,4903,"MALKANIGIRI HAZARIBAGICHA PRIMARY SCHOOL,",Odisha,29.7,29.7,8.1,8.1,420.0,420.0,1.0,1.0,0.41,0.41,1.8,1.8,1.8,1.8,252.0,252.0,0.27,0.27,,,29.7,0,8.1,0,420.0,1.0,0.41,0,1.8,1.8,252.0,0,0.27,0,,0
2024,1397,"KRISHNA NAGAR BOREWELL, PUMPING STATION, EAST COAST ROAD, LAWSPET,",Puducherry,30.0,30.0,6.16,6.38,1123.0,1125.0,1.0,1.0,3.56,4.51,1.8,1600.0,1.8,1600.0,666.0,974.0,0.75,0.75,0.00049,0.00049,30.0,0,6.27,0,1124.0,1.0,4.035,0,800.9,800.9,820.0,0,0.75,0,0.00049,0
2024,1398,"STATION, II CROSS, PUDHU NAGAR, NEAR DEPUTY COLLECTOR OFFICE, PUDUCHERRY. THENGAITHITTU BOREWELL, PUMPING",Puducherry,32.0,32.0,6.15,6.89,1897.0,3100.0,1.0,1.0,0.32,0.32,1.8,1.8,1.8,1.8,1318.0,2106.0,0.7,0.7,0.00049,0.00049,32.0,0,6.52,0,2498.5,1.0,0.32,0,1.8,1.8,1712.0,1,0.7,0,0.00049,0
2024,1453,"PUMPING STATION, THENGAITHITTU, PUDUCHERRY. MUTHIRAIPPALAYAM BOREWELL,",Puducherry,30.0,32.0,6.21,6.34,840.0,923.0,1.0,1.0,3.05,3.16,1.8,130.0,1.8,130.0,462.0,538.0,0.3,0.3,0.00049,0.00049,31.0,0,6.275,0,881.5,1.0,3.105,0,65.9,65.9,500.0,0,0.3,0,0.00049,0
2024,1454,"MUTHIRAIPPALAYAM, PUDUCHERRY. PONDICHERRY UNIVERSITY BOREWELL, PUMPING STATION, STAFF QUARTERS,",Puducherry,29.0,30.0,5.39,6.21,454.0,476.0,1.0,1.0,1.35,1.63,1.8,300.0,1.8,500.0,220.0,308.0,0.2,0.2,0.00049,0.00049,29.5,0,5.8,0,465.0,1.0,1.49,0,150.9,250.9,264.0,0,0.2,0,0.00049,0
2024,1687,"PONDICHERRY UNIVERSITY CAMPUS, KALAPET, PUDUCHERRY. CHETTY KOIL OPENWELL, CHETTY KOIL,",Puducherry,29.0,30.0,6.78,7.08,1929.0,1971.0,1.0,1.0,1.03,1.91,1.8,1.8,1.8,1.8,1130.0,1152.0,0.3,0.3,0.00049,0.00049,29.5,0,6.93,0,1950.0,1.0,1.47,0,1.8,1.8,1141.0,0,0.3,0,0.00049,0
2024,1688,"STATION, ERIKKARAI ROAD, MISSION STREET, PUDUCHERRY. KATTERIKUPPAM BOREWELL, PUMPING",Puducherry,29.0,30.0,6.88,7.03,906.0,919.0,1.0,1.0,0.5,1.42,1.8,1.8,1.8,1.8,453.0,550.0,0.2,0.2,0.00049,0.00049,29.5,0,6.955,0,912.5,1.0,0.96,0,1.8,1.8,501.5,0,0.2,0,0.00049,0
2024,2009,"STATION, GOPALAN KADAI ROAD, KATTERIKUPPAM, PUDUCHERRY. KURUMBAPET BOREWELL, PUMPING",Puducherry,30.0,30.0,6.19,6.33,583.0,636.0,1.0,1.0,2.65,3.02,1.8,1.8,1.8,1.8,340.0,413.0,0.36,0.36,0.00049,0.00049,30.0,0,6.26,0,609.5,1.0,2.835,0,1.8,1.8,376.5,0,0.36,0,0.00049,0
2024,2010,"STATION, PIPDIC INDUSTRIAL ESTATE, METTUPALAYAM BOREWELL, PUMPING",Puducherry,30.0,32.0,6.15,6.28,1000.0,1039.0,1.0,1.0,0.49,0.56,1.8,1.8,1.8,1.8,688.0,905.0,0.76,0.76,0.00049,0.00049,31.0,0,6.215,0,1019.5,1.0,0.525,0,1.8,1.8,796.5,0,0.76,0,0.00049,0
2024,2011,"STATION, LAKSHMI NARASIMMAR METTUPALAYAM, PUDUCHERRY. URUVAIYAR BOREWELL, PUMPING",Puducherry,32.0,32.0,7.07,7.39,2370.0,2450.0,1.0,1.0,0.32,0.32,1.8,7.0,1.8,7.0,1342.0,1689.0,0.43,0.43,0.00049,0.00049,32.0,0,7.23,0,2410.0,1.0,0.32,0,4.4,4.4,1515.5,0,0.43,0,0.00049,0
2024,2012,"SCHOOL, MARUTHI NAGAR, NAGAR, URUVAIYAR, PUDUCHERRY. MARUTHI SCHOOL BOREWELL, MARUTHI",Puducherry,30.0,30.0,6.42,6.46,1845.0,1946.0,1.0,1.0,1.17,1.24,1.8,1600.0,1.8,1600.0,1022.0,1425.0,0.52,0.52,0.00049,0.00049,30.0,0,6.4399999999999995,0,1895.5,1.0,1.205,0,800.9,800.9,1223.5,0,0.52,0,0.00049,0
2024,2013,"KARUVADIKUPPAM, PUDUCHERRY. T.R.PATTINAM BOREWELL, PUMPING STATION, NAGAPATTINAM MAIN ROAD,",Puducherry,33.0,34.5,8.1,8.25,1983.0,2020.0,1.0,1.0,0.32,0.32,1.8,1.8,1.8,16.0,1096.0,1191.0,0.89,0.89,0.00049,0.00049,33.75,0,8.175,0,2001.5,1.0,0.32,0,1.8,8.9,1143.5,0,0.89,0,0.00049,0
2024,2014,"T.R. PATTINAM, KARAIKAL, U.T OF PUDUCHERRY. VADAMATTAM BOREWELL, PUMPING STATION, KOTTUCHERRY - NEDUNKADU",Puducherry,34.0,34.0,8.09,8.28,1529.0,1615.0,1.0,1.0,0.32,3.08,1.8,1.8,1.8,16.0,844.0,946.0,0.32,0.32,0.00049,0.00049,34.0,0,8.184999999999999,0,1572.0,1.0,1.7,0,1.8,8.9,895.0,0,0.32,0,0.00049,0
2024,2446,"QUARTERS CAMPUS, PALLUR, MAHE, U.T ROAD, VADAMATTAM, KARAIKAL, U.T OF PUDUCHERRY. PALLUR OPENWELL, GOVT HEALTH STAFF",Puducherry,26.0,26.0,4.97,4.97,357.0,357.0,1.0,1.0,4.88,4.88,,,,,92.0,92.0,0.26,0.26,0.00049,0.00049,26.0,0,4.97,0,357.0,1.0,4.88,0,,,92.0,0,0.26,0,0.00049,0
2024,2447,"EDUTHA COLONY, PANTHAKKAL, MAHE, OF PUDUCHERRY. PANDAKKAL OPENWELL, KIZHAKKU",Puducherry,27.0,27.0,5.64,5.64,253.0,253.0,1.0,1.0,3.93,3.93,,,,,67.0,67.0,0.2,0.2,0.00049,0.00049,27.0,0,5.64,0,253.0,1.0,3.93,0,,,67.0,0,0.2,0,0.00049,0
2024,3882,"U.T OF PUDUCHERRY. ECHANGADU BOREWELL, PUMPING STATION, PANITHITTU ROAD,",Puducherry,29.0,30.0,6.06,6.3,470.0,574.0,1.0,1.0,0.32,0.32,1.8,1.8,1.8,1.8,226.0,290.0,0.46,0.46,0.00049,0.00049,29.5,0,6.18,0,522.0,1.0,0.32,0,1.8,1.8,258.0,0,0.46,0,0.00049,0
2024,3883,"BAHOUR LAKE ROAD, BAHOUR, ECHANGADU, KIRUMAMPAKKAM, PUDUCHERRY. BAHOUR BOREWELL, PUMPING STATION,",Puducherry,29.5,30.0,6.73,6.81,436.0,472.0,1.0,1.0,0.32,0.32,1.8,1.8,1.8,1.8,150.0,241.0,0.92,0.92,0.00049,0.00049,29.75,0,6.77,0,454.0,1.0,0.32,0,1.8,1.8,195.5,0,0.92,0,0.00049,0
2024,3884,"PUDUCHERRY. CHEVALIER SELLANE GOVT SCHOOL BOREWELL, CHEVALIER SELLANE GOVT",Puducherry,29.0,30.0,6.11,6.6,814.0,840.0,1.0,1.0,3.07,4.53,1.8,1600.0,1.8,1600.0,504.0,585.0,0.2,0.2,0.00049,0.00049,29.5,0,6.355,0,827.0,1.0,3.8,0,800.9,800.9,544.5,0,0.2,0,0.00049,0
2024,3885,"STATION, DHANDERAR KULAM, HIGHER SECONDARY SCHOOL, EAST COAST ROAD, KALAPET, PUDUCHERRY. SEDARAPET BOREWELL, PUMPING",Puducherry,29.0,30.0,6.65,7.02,1389.0,1963.0,1.0,1.0,1.0,2.12,1.8,1.8,1.8,1.8,858.0,981.0,0.74,0.74,0.00049,0.00049,29.5,0,6.835,0,1676.0,1.0,1.56,0,1.8,1.8,919.5,0,0.74,0,0.00049,0
2024,3886,"SEDARAPET, PUDUCHERRY. KOTHAPURINATHAM BOREWELL, PUMPING STATION, THIRUVANDOR KOIL",Puducherry,29.5,30.0,6.81,6.92,1191.0,1400.0,1.0,1.0,1.89,4.24,1.8,8.0,1.8,90.0,634.0,736.0,0.58,0.58,0.00049,0.00049,29.75,0,6.865,0,1295.5,1.0,3.065,0,4.9,45.9,685.0,0,0.58,0,0.00049,0
2024,4631,"THIRUKKANUR BOREWELL, PUMPING STATION, OPP. BONNE NEHRU HIGHER",Puducherry,29.0,30.0,6.46,7.29,978.0,1136.0,1.0,1.0,2.31,4.11,1.8,1600.0,1.8,1600.0,568.0,580.0,0.2,0.2,0.00049,0.00049,29.5,0,6.875,0,1057.0,1.0,3.21,0,800.9,800.9,574.0,0,0.2,0,0.00049,0
2024,4632,"STATION, MOLAPAKKAM ROAD, NEAR DR SECONDAR SCHOOL, THIRUKKANUR, MCP ROAD, THIRUKKANUR, PUDUCHERRY. MADUKARAI BOREWELL, PUMPING",Puducherry,29.0,30.0,6.84,7.11,1167.0,1699.0,1.0,1.0,3.88,6.36,1.8,1.8,1.8,1.8,859.0,972.0,0.49,0.49,0.00049,0.00049,29.5,0,6.975,0,1433.0,1.0,5.12,0,1.8,1.8,915.5,0,0.49,0,0.00049,0
2024,4633,"STATION, PANITHITTU ROAD,",Puducherry,30.0,30.0,6.0,6.26,1015.0,1089.0,1.0,1.0,0.32,0.32,1.8,1.8,1.8,1.8,532.0,536.0,0.29,0.29,0.00049,0.00049,30.0,0,6.13,0,1052.0,1.0,0.32,0,1.8,1.8,534.0,0,0.29,0,0.00049,0
2024,1898,"PETROL PUMP OPP. HERO CYCLE,",Punjab,,,7.5,7.7,1802.0,1871.0,1.0,1.0,0.5,0.6,1.8,1.8,1.8,1.8,1118.0,1171.0,0.5,0.6,0.00049,0.00049,,0,7.6,0,1836.5,1.0,0.55,0,1.8,1.8,1144.5,0,0.55,0,0.00049,0
2024,1901,"LUDHIANA DUSSHERA GROUND INDUSTRIAL ESTATE,",Punjab,,,7.1,7.3,1331.0,1358.0,1.0,1.0,0.3,0.9,1.8,1.8,1.8,1.8,817.0,864.0,0.2,0.5,0.00049,0.00049,,0,7.199999999999999,0,1344.5,1.0,0.6,0,1.8,1.8,840.5,0,0.35,0,0.00049,0
2024,1902,"SHUKLA TEA STAL POINT, LUDHIANA LUDHIANA",Punjab,,,7.3,7.4,1602.0,1660.0,1.0,1.0,0.4,0.6,1.8,1.8,1.8,1.8,995.0,1041.0,0.3,0.4,0.00049,0.00049,,0,7.35,0,1631.0,1.0,0.5,0,1.8,1.8,1018.0,0,0.35,0,0.00049,0
2024,2916,"NEAR LANDFILL SITE, AMRITSAR, PUNJAB",Punjab,,,7.3,7.4,1353.0,1991.0,1.0,1.0,0.3,0.6,1.8,1.8,1.8,1.8,814.0,1293.0,0.2,0.3,0.00049,0.00049,,0,7.35,0,1672.0,1.0,0.44999999999999996,0,1.8,1.8,1053.5,0,0.25,0,0.00049,0
2024,2917,"NEAR HARMANDIR SAHEB, AMRITSAR,",Punjab,,,7.3,7.5,1263.0,1976.0,1.0,1.0,0.3,0.5,1.8,1.8,1.8,1.8,758.0,1285.0,0.2,0.4,0.00049,0.00049,,0,7.4,0,1619.5,1.0,0.4,0,1.8,1.8,1021.5,0,0.30000000000000004,0,0.00049,0
2024,2918,"DERA BASSI, PUNJAB",Punjab,,,7.5,7.5,2095.0,2095.0,1.0,1.0,0.5,0.5,1.8,1.8,1.8,1.8,1250.0,1250.0,0.6,0.6,0.00049,0.00049,,0,7.5,0,2095.0,1.0,0.5,0,1.8,1.8,1250.0,0,0.6,0,0.00049,0
2024,2919,"DERA BASSI, PUNJAB",Punjab,,,8.3,8.3,2573.0,2573.0,1.0,1.0,0.7,0.7,1.8,1.8,1.8,1.8,1522.0,1522.0,0.7,0.7,0.00049,0.00049,,0,8.3,0,2573.0,1.0,0.7,0,1.8,1.8,1522.0,0,0.7,0,0.00049,0
2024,2920,"HAMIRA VILLAGE, PUNJAB",Punjab,31.0,31.0,7.0,7.2,1115.0,1176.0,1.0,1.0,0.3,0.3,1.8,1.8,1.8,1.8,707.0,719.0,0.2,0.2,0.00049,0.00049,31.0,0,7.1,0,1145.5,1.0,0.3,0,1.8,1.8,713.0,0,0.2,0,0.00049,0
2024,2921,"HAMIRA VILLAGE, PUNJAB",Punjab,31.0,31.0,7.4,7.6,948.0,951.0,1.0,1.0,0.3,0.3,1.8,1.8,1.8,1.8,569.0,617.0,0.2,0.2,0.00049,0.00049,31.0,0,7.5,0,949.5,1.0,0.3,0,1.8,1.8,593.0,0,0.2,0,0.00049,0
2024,2922,"LEATHER COMPLEX, JALANDHAR, PUNJAB",Punjab,30.0,30.0,7.4,7.5,815.0,875.0,1.0,1.0,0.3,0.3,1.8,1.8,1.8,1.8,524.0,531.0,0.2,0.2,0.00049,0.00049,30.0,0,7.45,0,845.0,1.0,0.3,0,1.8,1.8,527.5,0,0.2,0,0.00049,0
2024,2923,"LEATHER COMPLEX, JALANDHAR, PUNJAB",Punjab,30.0,30.0,7.6,7.8,1210.0,1227.0,1.0,1.0,0.3,0.5,1.8,1.8,1.8,1.8,724.0,788.0,0.2,0.3,0.00049,0.00049,30.0,0,7.699999999999999,0,1218.5,1.0,0.4,0,1.8,1.8,756.0,0,0.25,0,0.00049,0
2024,2924,"MANDI GOBINDGARH, PUNJAB",Punjab,,,7.3,7.4,882.0,887.0,1.0,1.0,0.3,0.4,1.8,1.8,1.8,1.8,533.0,573.0,0.2,0.2,0.00049,0.00049,,0,7.35,0,884.5,1.0,0.35,0,1.8,1.8,553.0,0,0.2,0,0.00049,0
2024,2925,"MANDI GOBINDGARH, PUNJAB",Punjab,,,7.5,7.6,847.0,849.0,1.0,1.0,0.3,0.3,1.8,1.8,1.8,1.8,508.0,551.0,0.2,0.2,0.00049,0.00049,,0,7.55,0,848.0,1.0,0.3,0,1.8,1.8,529.5,0,0.2,0,0.00049,0
2024,2926,"NANGAL, PUNJAB",Punjab,,,7.4,7.6,710.0,761.0,1.0,1.0,0.3,0.3,1.8,1.8,1.8,1.8,457.0,458.0,0.2,0.2,0.00049,0.00049,,0,7.5,0,735.5,1.0,0.3,0,1.8,1.8,457.5,0,0.2,0,0.00049,0
2024,2927,"NANGAL, PUNJAB",Punjab,,,7.5,7.5,710.0,721.0,1.0,1.0,0.3,0.3,1.8,1.8,1.8,1.8,427.0,467.0,0.2,0.2,0.00049,0.00049,,0,7.5,0,715.5,1.0,0.3,0,1.8,1.8,447.0,0,0.2,0,0.00049,0
2024,2928,"ROPAR, PUNJAB",Punjab,,,7.2,7.3,881.0,893.0,1.0,1.0,0.3,0.3,1.8,1.8,1.8,1.8,533.0,570.0,0.2,0.2,0.00049,0.00049,,0,7.25,0,887.0,1.0,0.3,0,1.8,1.8,551.5,0,0.2,0,0.00049,0
2024,2929,"ROPAR, PUNJAB",Punjab,,,7.3,7.4,681.0,682.0,1.0,1.0,0.3,0.3,1.8,1.8,1.8,1.8,409.0,445.0,0.2,0.2,0.00049,0.00049,,0,7.35,0,681.5,1.0,0.3,0,1.8,1.8,427.0,0,0.2,0,0.00049,0
2024,2931,"TOANSA, PUNJAB",Punjab,7.4,7.4,887.0,887.0,1.0,1.0,0.4,0.4,1.8,1.8,1.8,1.8,528.0,528.0,0.2,0.2,0.00049,0.00049,,,7.4,0,887.0,1,1.0,0.4,1.8,0,1.8,528.0,0.2,0,0.00049,0,,0
2024,4137,"HANDPUMP IN M/S DEEP STEEL LTD,",Punjab,7.7,7.8,723.0,761.0,1.0,1.0,0.3,0.5,1.8,1.8,1.8,1.8,432.0,497.0,0.2,0.2,0.00049,0.00049,,,7.75,0,742.0,1,1.0,0.4,1.8,0,1.8,464.5,0.2,0,0.00049,0,,0
2024,4138,"SCHOOL, AMBEY MAJRA, MANDI MUGHAL MAJRA, MANDI GOBBINDGARH HANDPUMP, 149 NEAR SANT PRITAM",Punjab,7.6,7.7,1124.0,1133.0,1.0,1.0,0.5,0.6,1.8,1.8,1.8,1.8,679.0,731.0,0.2,0.3,0.00049,0.00049,,,7.65,0,1128.5,1,1.0,0.55,1.8,0,1.8,705.0,0.25,0,0.00049,0,,0
2024,4139,"NATIONAL INDUSTRIES, E-128, PH-IV, GOBINDGARH HANDPUMP AT PARK ADJOINING TO",Punjab,7.0,7.3,1931.0,1981.0,1.0,1.0,0.7,0.8,1.8,1.8,1.8,1.8,1158.0,1287.0,0.2,0.7,0.00049,0.00049,,,7.15,0,1956.0,1,1.0,0.75,1.8,0,1.8,1222.5,0.44999999999999996,0,0.00049,0,,0
2024,4140,FOCAL POINT LUDHIANA HANDPUMP IN SAHOTA BAGHBANI,Punjab,7.4,7.5,641.0,651.0,1.0,1.0,0.3,0.3,1.8,1.8,1.8,1.8,391.0,415.0,0.2,0.2,0.00049,0.00049,,,7.45,0,646.0,1,1.0,0.3,1.8,0,1.8,403.0,0.2,0,0.00049,0,,0
2024,4141,"FARM, VILL HARIAN, MACHIWARA HANDPUMP INSTRIAL GROWTH CENTRE,",Punjab,7.4,7.5,1058.0,1059.0,1.0,1.0,0.3,0.3,1.8,1.8,1.8,1.8,638.0,689.0,0.2,0.2,0.00049,0.00049,,,7.45,0,1058.5,1,1.0,0.3,1.8,0,1.8,663.5,0.2,0,0.00049,0,,0
2024,4142,"DEFENCE ROAD, PATHANKOT HANDPUMP, VILL DHERIWAL, DIST",Punjab,7.0,7.0,941.0,941.0,1.0,1.0,0.3,0.3,1.8,1.8,1.8,1.8,565.0,565.0,0.2,0.2,0.00049,0.00049,,,7.0,0,941.0,1,1.0,0.3,1.8,0,1.8,565.0,0.2,0,0.00049,0,,0
2024,4143,PATHANKOT HANDPUMP NEAR ASH DYKES OF NABHA,Punjab,7.8,7.8,510.0,510.0,1.0,1.0,0.3,0.3,1.8,1.8,1.8,1.8,298.0,298.0,0.2,0.2,0.00049,0.00049,,,7.8,0,510.0,1,1.0,0.3,1.8,0,1.8,298.0,0.2,0,0.00049,0,,0
2024,4144,"POWER LTD, VILL NALASH, RAJPURA GROUND WATER SAMPLING BLOCATION",Punjab,8.0,8.0,448.0,448.0,1.0,1.0,0.3,0.3,1.8,1.8,1.8,1.8,265.0,265.0,0.2,0.2,0.00049,0.00049,,,8.0,0,448.0,1,1.0,0.3,1.8,0,1.8,265.0,0.2,0,0.00049,0,,0
2024,4145,"GHAGGAR NEAR VILL SAGAR PARA, IN VILLAGE MAIN SAGAR PARA DRAIN MEETING WITH",Punjab,7.4,7.4,487.0,487.0,1.0,1.0,0.3,0.3,1.8,1.8,1.8,1.8,293.0,293.0,0.2,0.2,0.00049,0.00049,,,7.4,0,487.0,1,1.0,0.3,1.8,0,1.8,293.0,0.2,0,0.00049,0,,0
2024,4147,"THERMAL POWER PLANT/ NFL, PATRAN NEAR ASH DYKES OF GURU NANAK",Punjab,7.5,7.7,1324.0,1366.0,1.0,1.0,0.3,95.0,1.8,1.8,1.8,1.8,816.0,860.0,0.2,0.2,0.00049,0.00049,,,7.6,0,1345.0,1,1.0,47.65,1.8,0,1.8,838.0,0.2,0,0.00049,0,,0
2024,4148,BHATINDA VILLAGE KANAKWAL/ PHUKOKARI GGS,Punjab,7.4,7.5,1281.0,1309.0,1.0,1.0,0.3,0.3,1.8,1.8,1.8,1.8,783.0,835.0,0.2,0.2,0.00049,0.00049,,,7.45,0,1295.0,1,1.0,0.3,1.8,0,1.8,809.0,0.2,0,0.00049,0,,0
2024,4149,"HMEL REFINERY, BHATINDA ASH DYKES OF THERMAL POWER PLANT",Punjab,7.5,7.6,1410.0,1433.0,1.0,1.0,0.4,119.0,1.8,1.8,1.8,1.8,863.0,917.0,0.3,0.4,0.00049,0.00049,,,7.55,0,1421.5,1,1.0,59.7,1.8,0,1.8,890.0,0.35,0,0.00049,0,,0
2024,4150,"LEHRA MOHABBAT, BHATINDA 100 M D/S OF VILL RURIANWALI, DIST",Punjab,7.9,7.9,1653.0,1653.0,1.0,1.0,147.0,147.0,1.8,1.8,1.8,1.8,993.0,993.0,0.3,0.3,0.00049,0.00049,,,7.9,0,1653.0,1,1.0,147.0,1.8,0,1.8,993.0,0.3,0,0.00049,0,,0
2024,4154,"MUKTSAR TSSM SR SEC SCHOOL SHIMLAPURI,",Punjab,7.8,7.9,481.0,491.0,1.0,1.0,0.3,0.3,1.8,1.8,1.8,1.8,291.0,314.0,0.2,0.2,0.00049,0.00049,,,7.85,0,486.0,1,1.0,0.3,1.8,0,1.8,302.5,0.2,0,0.00049,0,,0
2024,4156,LUDHIANA HANDPUMP IN AREA ON SUA ROAD,Punjab,7.0,7.3,1035.0,1251.0,1.0,1.0,0.3,0.3,1.8,1.8,1.8,1.8,670.0,750.0,0.2,0.2,0.00049,0.00049,,,7.15,0,1143.0,1,1.0,0.3,1.8,0,1.8,710.0,0.2,0,0.00049,0,,0
2024,4157,"NEAR DHANDARI KALAN, LUDHIANA HANDPUMP SHALLOW TUBEWELL IN THE",Punjab,6.9,7.3,1331.0,1413.0,1.0,1.0,0.3,0.4,1.8,1.8,1.8,1.8,543.0,847.0,0.2,0.4,0.00049,0.00049,,,7.1,0,1372.0,1,1.0,0.35,1.8,0,1.8,695.0,0.30000000000000004,0,0.00049,0,,0
2024,1415,"NAYAGAON, PALI, (U/S 1 KM. FROM PALI WELL OF LOOMJI, CHAUDHARY, NEAR",Rajasthan,29.9,31.8,7.66,8.48,10612.0,10761.0,1.0,1.0,5.03,6.14,1.8,1.8,5.0,7.0,7110.0,7210.0,1.35,1.44,,,30.85,0,8.07,0,10686.5,1.0,5.585,0,1.8,6.0,7160.0,1,1.395,0,,0
2024,1706,"TOWN), RAJASTHAN RIICO PUMP HOUSE NEAR MONTO",Rajasthan,26.0,26.0,7.24,7.87,891.0,909.0,,,1.34,1.64,7.0,9.0,11.0,14.0,437.6,591.17,0.2,0.8,,,26.0,0,7.555,0,900.0,,1.49,0,8.0,12.5,514.385,0,0.5,0,,0
2024,1707,"MOTORS, MIA, ALWAR, RAJASTHAN BORE WELL IN MODI ALKALIS &",Rajasthan,24.0,24.0,7.54,8.16,1818.0,1851.0,,,0.64,0.76,11.0,12.0,14.0,21.0,891.8,1203.15,0.6,1.0,,,24.0,0,7.85,0,1834.5,,0.7,0,11.5,17.5,1047.475,0,0.8,0,,0
2024,1708,"CHEMICALS, MIA, ALWAR, RAJASTHAN KOTHI WALA WELL IN VILLAGE BAGAR",Rajasthan,26.0,26.0,7.39,8.48,1302.0,1475.0,,,1.23,1.47,11.0,12.0,17.0,21.0,725.3,846.3,1.0,1.8,,,26.0,0,7.9350000000000005,0,1388.5,,1.35,0,11.5,19.0,785.8,0,1.4,1,,0
2024,1710,"RAJPUT, ALWAR, RAJASTHAN BOREWELL OF SHRI DULI CHAND DAYMA S/O SH. CHETRAM DAYMA, NEAR GOVT.",Rajasthan,29.0,29.0,7.31,8.19,1030.0,1136.0,,,1.86,2.02,4.0,4.0,9.0,9.0,498.0,608.0,0.66,0.71,,,29.0,0,7.75,0,1083.0,,1.94,0,4.0,9.0,553.0,0,0.685,0,,0
2024,1713,"SANJEEV ENTERPRISES, RIA, VILLAGE- SCHOOL, VILLAGE- ALUPUR (ALAMPUR), BHIWADI, DISTT- ALWAR, TEHSIL- TIJARA BOREWELL OF SH JAGDISH BHATI, NEAR",Rajasthan,28.0,29.0,7.18,8.05,930.0,959.0,,,1.62,2.02,3.0,3.0,11.0,11.0,466.0,538.0,0.77,0.92,,,28.5,0,7.615,0,944.5,,1.82,0,3.0,11.0,502.0,0,0.845,0,,0
2024,1715,"ABOUT 300MT. FROM KANSUA NALLAH GHATAL,BHIWADI, DISTRICT - ALWAR HAND PUMP NEAR SECONDARY SCHOOL",Rajasthan,26.0,29.0,7.3,7.5,1451.0,1452.0,,,0.62,1.13,1.8,1.8,3.6,6.1,943.0,943.0,0.69,0.9,,,27.5,0,7.4,0,1451.5,,0.875,0,1.8,4.85,943.0,0,0.7949999999999999,0,,0
2024,1720,"KOTA, RAJASTHAN CHAUDHARY KA WELL VILLAGE PANIALA, KOTAPUTALI NEAR ASSOCIATED",Rajasthan,27.0,27.0,7.18,8.18,1351.0,2330.0,,,1.66,2.43,9.0,9.0,17.0,17.0,659.5,1514.5,0.9,1.0,,,27.0,0,7.68,0,1840.5,,2.045,0,9.0,17.0,1087.0,0,0.95,0,,0
2024,1721,PHED WELL NEAR RAILWAY LINE,Rajasthan,24.0,31.0,8.55,8.86,426.0,546.0,,,8.82,9.07,1.8,1.8,4.0,5.6,252.0,268.0,0.2,,,,27.5,0,8.705,1,486.0,,8.945,0,1.8,4.8,260.0,0,,0,,0
2024,1723,"JHOTAWARA, JAIPUR, RAJASTHAN HAND PUMP OF VIDHANI VILLAGE",Rajasthan,26.0,27.0,8.54,9.31,4578.0,4710.0,,,20.32,32.6,4.0,4.0,8.3,9.1,2480.0,3085.0,1.8,2.4,,,26.5,0,8.925,1,4644.0,,26.46,0,4.0,8.7,2782.5,1,2.1,1,,0
2024,1724,"GONER ROAD JAIPUR, RAJASTHAN WELL OF GOOJARON KI TALAI, MOHANA",Rajasthan,26.0,27.0,8.43,8.63,466.0,569.0,,,0.54,1.82,1.8,2.0,4.0,5.5,297.0,338.0,0.29,,,,26.5,0,8.530000000000001,1,517.5,,1.1800000000000002,0,1.9,4.75,317.5,0,,0,,0
2024,1725,"ROAD SANGANER JAIPUR, RAJASTHAN PUBLIC HAND PUMP BEFORE SANGANER",Rajasthan,26.0,27.0,7.84,7.99,3154.0,3310.0,,,11.2,15.92,4.0,5.5,9.2,12.0,1517.0,1892.0,0.68,1.2,,,26.5,0,7.915,0,3232.0,,13.559999999999999,0,4.75,10.6,1704.5,0,0.94,0,,0
2024,2015,"PULIA, RAJASTHAN PABUPURA ROAD NEAR CIVIL AIR PORT,",Rajasthan,27.0,28.4,6.91,7.53,4119.0,4671.0,1.0,1.0,12.7,14.22,,,7.0,11.0,2760.0,3130.0,1.77,3.06,,,27.7,0,7.220000000000001,0,4395.0,1.0,13.46,0,,9.0,2945.0,1,2.415,1,,0
2024,2017,"JODHPUR (MANGILAL RATHOR) VILLAGE VINAYAKIA, JODHPUR (BADRI",Rajasthan,27.1,29.0,7.18,7.44,4015.0,4298.0,,,8.12,9.33,,,4.0,5.0,2690.0,2880.0,0.92,1.89,,,28.05,0,7.3100000000000005,0,4156.5,,8.725,0,,4.5,2785.0,1,1.405,1,,0
2024,2018,"VILLAGE VINAYAKIA, JODHPUR (HUKUM",Rajasthan,21.0,26.9,6.91,8.14,8867.0,,18.66,21.02,,,9.0,9.0,5940.0,6220.0,1.61,3.53,,,,,23.95,0,7.525,0,,19.84,,0,9.0,6080.0,2.57,0,,0,,0
2024,2019,"NEAR UIT BRIDGE, UDAIPUR SINGH RATHORE)",Rajasthan,26.0,26.0,7.89,7.89,1456.0,1489.0,1.12,1.53,9.1,9.1,21.0,21.0,1019.0,1042.0,0.39,0.48,,,,,26.0,0,7.89,0,1472.5,1.3250000000000002,9.1,0,21.0,1030.5,0.435,0,,0,,0
2024,2020,"NEW FATEHPURA, 200 FT.FROM",Rajasthan,26.0,26.0,8.01,8.01,1647.0,1730.0,2.13,2.85,9.1,9.1,21.0,32.0,1171.0,1211.0,0.46,0.67,,,,,26.0,0,8.01,0,1688.5,2.49,9.1,0,26.5,1191.0,0.5650000000000001,0,,0,,0
2024,2021,"FACTORY, KACCHI BASTI, SARDARPURA, PANCHWATI NALLAH, UDAIPUR NEAR ARVIND GENERAL STORE, ALOO",Rajasthan,25.0,25.0,8.4,8.41,1798.0,1850.0,1.38,2.17,6.1,8.1,17.0,17.0,1258.0,1295.0,0.27,0.46,,,,,25.0,0,8.405000000000001,0,1824.0,1.775,7.1,0,17.0,1276.5,0.365,0,,0,,0
2024,2022,"UDAIPUR NEAR RANA PRATAP NAGAR, RAILWAY",Rajasthan,26.0,26.0,8.38,8.45,1670.0,1705.0,2.76,3.45,6.1,9.1,21.0,32.0,1169.0,1193.0,0.33,0.59,,,,,26.0,0,8.415,0,1687.5,3.105,7.6,0,26.5,1181.0,0.45999999999999996,0,,0,,0
2024,2023,"STATION, UDAIPUR HOTEL ORIENT PLACE, SUBHAS NAGAR,",Rajasthan,26.0,26.0,8.38,8.45,1209.0,1397.0,2.77,3.56,9.1,9.1,21.0,32.0,846.0,978.0,0.56,0.71,,,,,26.0,0,8.415,0,1303.0,3.165,9.1,0,26.5,912.0,0.635,0,,0,,0
2024,2024,UDAIPUR IN SIDE SHIV TEMPLE NEAR AIR FORCE,Rajasthan,25.0,32.0,7.84,8.12,1619.0,2080.0,1.62,2.04,1.8,3.7,4.0,8.2,842.0,1195.0,0.68,0.87,0.00049,0.00049,,,28.5,0,7.9799999999999995,0,1849.5,1.83,2.75,0,6.1,1018.5,0.775,0,0.00049,0,,0
2024,2025,"TEMPLE, JAI SINGH PURA KHURD, STATION AMER ROAD, JAIPUR NEAR SHREE KALYANESHWAR MAHADEV",Rajasthan,24.5,33.0,7.62,8.05,1336.0,1386.0,9.26,14.72,2.0,3.6,6.0,8.1,756.0,763.0,0.28,0.38,0.00049,0.00049,,,28.75,0,7.835000000000001,0,1361.0,11.99,2.8,0,7.05,759.5,0.33,0,0.00049,0,,0
2024,2028,"JAIPUR. NEAR SAMSHAN VISHWAKARMA NAGAR,",Rajasthan,26.0,27.0,8.52,8.53,524.0,937.0,6.82,8.42,1.8,2.0,5.5,6.1,314.0,636.0,0.2,0.97,0.00049,0.00049,,,26.5,0,8.524999999999999,1,730.5,7.62,1.9,0,5.8,475.0,0.585,0,0.00049,0,,0
2024,2029,"NEAR GANDHI BHWAN, AJMER MAHARANIFARM, JAIPUR",Rajasthan,23.0,30.0,7.1,7.1,2250.0,2380.0,3.17,8.44,1.8,4.0,5.6,9.3,1459.0,1547.0,0.64,0.79,,,,,26.5,0,7.1,0,2315.0,5.805,2.9,0,7.45,1503.0,0.7150000000000001,0,,0,,0
2024,2031,"NEAR 9 NO. PETROL PUMP, NEAR",Rajasthan,29.0,29.0,6.9,6.9,1127.0,1127.0,3.12,3.12,2.0,2.0,6.0,6.0,733.0,733.0,0.54,0.54,,,,,29.0,0,6.9,0,1127.0,3.12,2.0,0,6.0,733.0,0.54,0,,0,,0
2024,2032,"NEAR KHANPURA TALAB, AJMER ADARSH NAGAR GATE, AJMER",Rajasthan,23.0,29.0,7.1,7.7,466.0,545.0,0.52,2.86,4.0,6.8,9.1,14.0,312.0,354.0,0.72,0.97,,,,,26.0,0,7.4,0,505.5,1.69,5.4,0,11.55,333.0,0.845,0,,0,,0
2024,2960,"STATION, SINGHANA, JHUNJHUNU, WELL INFRONT OF SINGHANA POLICE",Rajasthan,30.0,34.0,6.9,7.15,5350.0,6756.0,17.5,36.72,3.6,9.1,6.1,14.0,3893.0,4483.0,0.4,0.4,0.00049,0.00049,,,32.0,0,7.025,0,6053.0,27.11,6.35,0,10.05,4188.0,0.4,0,0.00049,0,,0
2024,2961,"WELL OF SH MNAGAL CHAND MEENA,",Rajasthan,24.0,32.0,8.4,8.84,612.0,862.0,14.42,16.74,1.8,1.8,2.0,3.6,342.0,450.0,0.36,0.39,0.00049,0.00049,,,28.0,0,8.620000000000001,1,737.0,15.579999999999998,1.8,0,2.8,396.0,0.375,0,0.00049,0,,0
2024,2962,"MANPUR MACHERI, JAIPUR, RAJASTHAN WELL OF SH MOOL CHAND RAIGER,",Rajasthan,25.5,32.0,7.85,8.57,629.0,867.0,12.12,18.55,1.8,2.0,3.7,4.0,377.0,477.0,0.34,0.42,0.00049,0.00049,,,28.75,0,8.21,1,748.0,15.335,1.9,0,3.85,427.0,0.38,0,0.00049,0,,0
2024,2963,"MANPUR MACHERI, JAIPUR, RAJASTHAN WELL OF RIICO AT LEATHER COMPLEX,",Rajasthan,25.0,32.0,7.57,8.17,3930.0,4280.0,21.92,38.81,3.6,6.0,6.8,9.3,2592.0,2625.0,0.22,0.26,0.00049,0.00049,,,28.5,0,7.87,0,4105.0,30.365000000000002,4.8,0,8.05,2608.5,0.24,0,0.00049,0,,0
2024,2964,"MANPUR MACHERI, JAIPUR, RAJASTHAN WELL AT INDIA PUBLIC SCHOOL,",Rajasthan,24.5,31.0,7.74,8.14,1569.0,2320.0,8.52,9.55,5.5,6.8,8.3,9.1,1044.0,1387.0,0.36,0.5,0.00049,0.00049,,,27.75,0,7.94,0,1944.5,9.035,6.15,0,8.7,1215.5,0.43,0,0.00049,0,,0
2024,2965,"BANDI BRIDGE, PALI BYE PASS ROAD, MANPUR MACHERI, JAIPUR, RAJASTHAN SHRI GIRDHARI SINGH CHOUDHARY NEAR",Rajasthan,28.6,29.8,7.23,7.95,8627.0,,6.22,7.22,1.8,1.8,9.0,14.0,5780.0,5840.0,1.41,1.48,,,,,29.200000000000003,0,7.59,0,,6.72,1.8,0,11.5,5810.0,1.4449999999999998,0,,0,,0
2024,2966,"PALI, RAJASTHAN SHRI GIRDHARI SINGH RAJPUROHIT NEAR VILLAGE PUNAYATA, JODHPUR-",Rajasthan,28.7,28.8,7.34,9.08,5840.0,,3.58,4.08,1.8,1.8,4.0,7.0,4110.0,4220.0,0.92,0.98,,,,,28.75,0,8.21,1,,3.83,1.8,0,5.5,4165.0,0.95,0,,0,,0
2024,2967,"SH. POL SINGH PUROHIT, VILLAGE",Rajasthan,29.8,29.9,7.19,7.54,7896.0,7955.0,1.0,6.0,5.32,5.93,1.8,1.8,4.0,7.0,5290.0,5330.0,1.31,1.35,,,29.85,0,7.365,0,7925.5,3.5,5.625,0,1.8,5.5,5310.0,1,1.33,0,,0
2024,2968,"NEAR MAIN MANDIA ROAD, OPP. PUNAYATA, PALI, RAJASTHAN SH. BHANA RAM KALAL, DHARU NAGAR,",Rajasthan,25.6,28.8,8.14,8.3,8239.0,8373.0,1.0,2.0,4.44,5.23,1.8,1.8,4.0,5.0,5520.0,5610.0,1.53,1.56,,,27.200000000000003,0,8.22,0,8306.0,1.5,4.835000000000001,0,1.8,4.5,5565.0,1,1.545,1,,0
2024,2970,"VILLAGE MANDIA, PALI, RAJASTHAN RIICO TUBE WELL, RIA, BEHROR,",Rajasthan,26.0,26.0,7.91,8.41,1410.0,1453.0,,,1.18,1.28,4.0,6.0,7.0,11.0,690.4,944.45,0.7,1.0,,,26.0,0,8.16,0,1431.5,,1.23,0,5.0,9.0,817.425,0,0.85,0,,0
2024,2971,"RIICO TUBE WELL, RIA, NEEMRANA,",Rajasthan,27.0,27.0,7.89,8.17,1487.0,2616.0,,,2.16,2.22,7.0,11.0,17.0,17.0,703.5,1700.0,1.0,1.8,,,27.0,0,8.03,0,2051.5,,2.1900000000000004,0,9.0,17.0,1201.75,0,1.4,1,,0
2024,2972,"RIICO TUBE WELL, RIA, SOTANALA,",Rajasthan,25.0,25.0,8.11,8.3,1588.0,2664.0,,,2.34,2.35,2.0,4.0,4.0,14.0,776.3,1731.6,0.7,1.0,,,25.0,0,8.205,0,2126.0,,2.3449999999999998,0,3.0,9.0,1253.9499999999998,0,0.85,0,,0
2024,2973,"RIICO TUBE WELL, RIA, SHAHJAHANPUR,",Rajasthan,26.0,26.0,7.35,8.5,1382.0,1754.0,,,2.25,2.43,7.0,9.0,17.0,26.0,678.8,1140.1,0.8,1.0,,,26.0,0,7.925,0,1568.0,,2.34,0,8.0,21.5,909.4499999999999,0,0.9,0,,0
2024,2974,"VILLAGE AGYARA, TEHSIL- RAMGARH,",Rajasthan,25.0,26.0,7.62,8.62,1354.0,1730.0,,,1.45,1.53,4.0,6.0,17.0,17.0,843.8,880.1,1.0,1.6,,,25.5,0,8.12,1,1542.0,,1.49,0,5.0,17.0,861.95,0,1.3,1,,0
2024,2975,"ALWAR, RAJASTHAN VILLAGE BAGER MEO, TEHSIL- RAMGARH,",Rajasthan,27.0,27.0,7.72,8.24,1510.0,2370.0,,,1.78,1.98,9.0,11.0,21.0,27.0,981.0,1162.0,0.8,1.0,,,27.0,0,7.98,0,1940.0,,1.88,0,10.0,24.0,1071.5,0,0.9,0,,0
2024,2976,"SUJAN GANGA, BHARATPUR, RAJASTHAN ALWAR, RAJASTHAN",Rajasthan,28.0,29.0,8.64,8.79,3344.0,4414.0,10.4,13.1,1.7,3.44,14.0,220.0,40.0,350.0,1640.0,2869.1,0.8,3.0,,,28.5,0,8.715,1,3879.0,11.75,2.57,0,117.0,195.0,2254.55,1,1.9,1,,0
2024,2977,"VILLAGE- SANGARIA, JODHPUR, WELL OF RAM CHANDRA DEWRA,",Rajasthan,23.1,23.1,7.3,7.3,23194.0,23194.0,,,21.53,21.53,,,9.0,9.0,15540.0,15540.0,1.99,1.99,,,23.1,0,7.3,0,23194.0,,21.53,0,,9.0,15540.0,1,1.99,1,,0
2024,2982,"WELL OF BIRMA RAM PATEL, SALAWAS,",Rajasthan,24.1,27.0,7.6,8.48,16000.0,16597.0,1.0,1.0,24.58,28.02,,,16.0,20.0,10720.0,11120.0,2.05,2.56,,,25.55,0,8.04,0,16298.5,1.0,26.299999999999997,0,,18.0,10920.0,1,2.3049999999999997,1,,0
2024,2985,"VILLAGE- NANDWAN, JODHPUR, JODHPUR, RAJASTHAN WELL OF GIRDHARI RAM MEGHWAL,",Rajasthan,26.6,29.0,7.15,7.46,13074.0,13940.0,1.0,1.0,19.4,23.13,,,7.0,9.0,8760.0,9340.0,1.32,3.95,,,27.8,0,7.305,0,13507.0,1.0,21.265,0,,8.0,9050.0,1,2.6350000000000002,1,,0
2024,2987,"CWR OF PHED, BHITUJA, RAJASTHAN",Rajasthan,30.0,31.0,7.15,7.23,9820.0,13015.0,,,6.04,6.24,1.8,1.8,4.0,9.0,6580.0,8720.0,1.65,1.98,,,30.5,0,7.19,0,11417.5,,6.140000000000001,0,1.8,6.5,7650.0,1,1.815,1,,0
2024,2988,"WELL OF PEMA RAM MALI, BHITUJA,",Rajasthan,28.0,29.0,7.3,7.62,10656.0,11537.0,,,6.16,6.37,1.8,1.8,11.0,16.0,7140.0,7730.0,2.11,2.28,,,28.5,0,7.46,0,11096.5,,6.265000000000001,0,1.8,13.5,7435.0,1,2.195,1,,0
2024,2991,"SAKARNA BERA, BALOTRA, BARMER, WELL OF BHAG JI LAXMAN RAM MALI,",Rajasthan,30.0,32.0,7.24,7.28,12179.0,12254.0,,,4.99,5.23,1.8,1.8,7.0,13.0,8160.0,8210.0,0.98,1.12,,,31.0,0,7.26,0,12216.5,,5.11,0,1.8,10.0,8185.0,1,1.05,0,,0
2024,2993,"LEFT SIDE OF BRIDGE LUNI, BALOTRA, WELL OF CHOUTHA RAM PUSA PAM,",Rajasthan,29.0,31.0,7.52,7.65,7402.0,10328.0,,,5.9,6.13,1.8,1.8,5.0,11.0,4960.0,6920.0,1.81,2.1,,,30.0,0,7.585,0,8865.0,,6.015000000000001,0,1.8,8.0,5940.0,1,1.955,1,,0
2024,3001,"SERVICE STATION, NEAR BUS STAND BORE WELL OF M/S SHRI . BHRAM JEET",Rajasthan,28.0,29.0,6.96,8.21,2060.0,2259.0,,,2.7,3.02,4.0,4.0,11.0,11.0,1019.0,1331.0,0.85,1.2,,,28.5,0,7.585000000000001,0,2159.5,,2.8600000000000003,0,4.0,11.0,1175.0,0,1.025,0,,0
2024,3002,"BHIWADI,TEHSIL-TIJARA, DISTT-ALWAR BORE WELL M/S R.C. PALACE HOTEL,HOTERL,NEAR LIC OFFICE,",Rajasthan,29.0,29.0,7.43,8.36,1347.0,1768.0,,,2.08,2.64,3.0,3.0,9.0,9.0,657.0,839.0,1.1,1.2,,,29.0,0,7.895,0,1557.5,,2.3600000000000003,0,3.0,9.0,748.0,0,1.15,0,,0
2024,3003,"BOARD OFFICE , BHIWADI,TEHSIL- BORE WELL OFFICE OF RAJ. HOUSING",Rajasthan,27.0,29.0,6.9,8.17,1282.0,1449.0,1.86,2.64,3.0,3.0,9.0,9.0,622.0,749.0,0.85,1.2,,,,,28.0,0,7.535,0,1365.5,2.25,3.0,0,9.0,685.5,1.025,0,,0,,0
2024,3004,"TIJARA,DISTT-ALWAR BORE WELL OF M/S MODERN PUBLIC SCHOOL,NEAR BHAGAT SINGH",Rajasthan,28.0,30.0,7.55,8.38,1384.0,1740.0,2.08,2.22,4.0,4.0,9.0,9.0,686.0,797.0,0.78,1.2,,,,,29.0,0,7.965,0,1562.0,2.1500000000000004,4.0,0,9.0,741.5,0.99,0,,0,,0
2024,3006,"NEVTA DAM, SANGANER, JAIPUR, COLONY,ALWAR BY PASS ROAD BHIWADI,TEHSIL-TIJARA,DISTT-ALWAR HAND PUMP NEAR NEVTA TIRAHA,",Rajasthan,26.0,27.0,8.38,8.55,2440.0,2820.0,2.49,5.12,3.6,4.5,9.1,11.0,1153.0,1403.0,0.58,0.98,0.00049,0.00049,,,26.5,0,8.465,1,2630.0,3.805,4.05,0,10.05,1278.0,0.78,0,0.00049,0,,0
2024,4165,BORE WELL NEAR STP AT,Rajasthan,25.5,31.0,7.71,8.04,1214.0,1558.0,9.62,9.72,1.8,3.7,4.0,8.3,762.0,891.0,0.2,0.26,0.00049,0.00049,,,28.25,0,7.875,0,1386.0,9.67,2.75,0,6.15,826.5,0.23,0,0.00049,0,,0
2024,4166,"GAJADHARPURA, JAIPUR BORE WELL NEAR MSW SITE/ KANOTA",Rajasthan,24.0,31.0,7.65,8.16,2150.0,2800.0,6.13,7.92,2.0,4.0,6.0,8.2,1104.0,1609.0,1.28,1.78,0.00049,0.00049,,,27.5,0,7.905,0,2475.0,7.025,3.0,0,7.1,1356.5,1.53,0,0.00049,0,,0
2024,4169,"DAM, JAIPUR HAND PUMP AT VILLAGE MANGROP,",Rajasthan,23.5,23.6,7.3,7.5,1027.0,1362.0,0.92,0.95,2.0,4.5,6.8,6.8,732.0,885.0,0.78,0.94,,,,,23.55,0,7.4,0,1194.5,0.935,3.25,0,6.8,808.5,0.86,0,,0,,0
2024,4170,"BHILWARA HAND PUMP AT VILLAGE ATOON,",Rajasthan,24.0,24.0,7.5,8.1,1231.0,1572.0,1.92,3.92,1.8,3.6,6.1,6.1,800.0,1023.0,0.69,1.13,,,,,24.0,0,7.8,0,1401.5,2.92,2.7,0,6.1,911.5,0.9099999999999999,0,,0,,0
2024,4176,"AREA, AAJOLIYON KA KHERA, GANGRAR, BHILWARA HAND PUMP NEAR RIICO INUSTRIAL",Rajasthan,23.0,28.0,7.44,7.46,667.0,667.0,1.75,2.26,4.5,9.3,21.0,34.0,467.0,467.0,2.56,3.24,,,,,25.5,0,7.45,0,667.0,2.005,6.9,0,27.5,467.0,2.9000000000000004,0,,0,,0
2024,4180,"VIDHYALAYA, NAYAGAON, RAMPUR CHITTORGARH BOREWELL OF JYOTI UCHCH MADHYMIC",Rajasthan,30.0,30.0,8.27,8.27,1545.0,1545.0,2.82,2.82,3.0,3.0,11.0,11.0,762.0,762.0,0.82,0.82,,,,,30.0,0,8.27,0,1545.0,2.82,3.0,0,11.0,762.0,0.82,0,,0,,0
2024,4181,"AMLAKI, KAHARANI INDUSTRIAL MUNDANA, BHIWADI BOREWELL IN THE HOUSE AKRAM KHAN,",Rajasthan,26.0,29.0,6.97,8.21,2170.0,2647.0,3.05,3.09,4.0,4.0,9.0,9.0,1069.0,1371.0,0.82,0.85,,,,,27.5,0,7.59,0,2408.5,3.07,4.0,0,9.0,1220.0,0.835,0,,0,,0
2024,4183,"AREA,BHIWADI,TEHSIL- TIJARA, ALWAR BOREWELL AT STAR HOSPITAL, INFRONT",Rajasthan,27.0,28.0,7.37,8.46,1760.0,2072.0,1.86,2.67,3.0,3.0,9.0,9.0,872.0,1014.0,0.66,0.77,,,,,27.5,0,7.915000000000001,0,1916.0,2.265,3.0,0,9.0,943.0,0.7150000000000001,0,,0,,0
2024,4184,"OF STP, BHIWADI, TIJARA, ALWAR BOREWELL IN CETP PREMISES,NEAR BUS",Rajasthan,28.0,29.0,7.33,8.22,1955.0,2107.0,2.76,3.09,3.0,3.0,11.0,11.0,956.0,1017.0,0.85,0.88,,,,,28.5,0,7.775,0,2031.0,2.925,3.0,0,11.0,986.5,0.865,0,,0,,0
2024,4759,"IMPROVEMENT TRUST, CIVIL LINES, STAND BHIWADI, TIJARA, ALWAR HANDPUMP IN FRONT OF URBAN",Rajasthan,23.0,23.0,7.3,7.3,2080.0,2080.0,8.63,8.63,4.0,4.0,9.1,9.1,1350.0,1350.0,0.93,0.93,,,,,23.0,0,7.3,0,2080.0,8.63,4.0,0,9.1,1350.0,0.93,0,,0,,0
2024,4760,"AJMER HANDPUMP WITHIN PREMISES OF NAGAR PARISHAD OFFICE, OLD CITY",Rajasthan,23.0,29.0,7.1,7.3,2160.0,2740.0,7.05,7.52,1.8,4.0,4.0,6.8,1405.0,1781.0,0.71,0.98,,,,,26.0,0,7.199999999999999,0,2450.0,7.285,2.9,0,5.4,1593.0,0.845,0,,0,,0
2024,4761,TUBE WELL OF M/S BALOTRA WATER POLLUTION CONTROL AND RESEARCH,Rajasthan,31.0,32.0,6.98,6.99,57597.0,66910.0,4.64,5.14,1.8,1.8,7.0,11.0,38590.0,44830.0,1.21,1.47,,,,,31.5,0,6.985,0,62253.5,4.89,1.8,0,9.0,41710.0,1.3399999999999999,0,,0,,0
2024,4763,"MALI/DHUDARAM MALI, BITHUJA, FOUNDATION TRUST (CETP) KHED ROAD, BALOTRA, BARMER, RAJASTHAN BOREWELL OF SHRI PEMARAM",Rajasthan,30.0,30.0,7.09,7.48,10865.0,12776.0,5.91,6.33,1.8,1.8,9.0,13.0,7280.0,8560.0,1.02,1.2,,,,,30.0,0,7.285,0,11820.5,6.12,1.8,0,11.0,7920.0,1.1099999999999999,0,,0,,0
2024,4764,"MEWA NAGAR, JASOL, PACHPADRA, BALOTRA, BARMER, RAJASTHAN M/S ABHISHEK KOTHARI, NAKODA ROAD",Rajasthan,34.0,34.0,6.74,6.93,4268.0,5090.0,3.43,3.6,1.8,1.8,2.0,5.0,2860.0,3410.0,0.88,1.12,,,,,34.0,0,6.835,0,4679.0,3.515,1.8,0,3.5,3135.0,1.0,0,,0,,0
2024,4765,"BARMER, RAJASTHAN BOREWELL OF AJANTA TEXTILES NAKODA",Rajasthan,30.0,31.0,7.03,7.46,28910.0,31522.0,8.14,9.12,1.8,1.8,5.0,9.0,19370.0,21120.0,0.64,0.78,,,,,30.5,0,7.245,0,30216.0,8.629999999999999,1.8,0,7.0,20245.0,0.71,0,,0,,0
2024,4766,"& JOINT KRISHI FORM KH. NO. 66/15, ROAD, JASOL, BARMER, RAJASTHAN BOREWELL OF AMRITLAL S/O BACHARAJ",Rajasthan,32.0,35.0,7.42,7.54,15672.0,15672.0,6.24,7.03,1.8,1.8,4.0,9.0,9540.0,10500.0,0.64,0.71,,,,,33.5,0,7.48,0,15672.0,6.635,1.8,0,6.5,10020.0,0.675,0,,0,,0
2024,4768,"S/O BHURJI MALI, DHANNA KI DHANI BITHUJA, BARMER, RAJASTHAN OPENWELL OF SHRI ISHWAR SINGH MALI",Rajasthan,26.0,30.0,7.14,7.25,11731.0,12645.0,6.1,6.25,1.8,1.8,2.0,7.0,7860.0,8470.0,1.58,1.71,,,,,28.0,0,7.195,0,12188.0,6.175,1.8,0,4.5,8165.0,1.645,0,,0,,0
2024,4774,"SP-A-53(A), RIA, BHIWADI, OPPOSITE TO BILASAR, BARMER RIICO TUBWELL NO. 1, LOCATED NEAR GANPATI TUBES & FABRICATION (P) LTD",Rajasthan,28.0,29.0,7.8,8.06,1498.0,1502.0,1.78,2.22,3.0,3.0,11.0,11.0,734.0,756.0,0.4,0.66,,,,,28.5,0,7.93,0,1500.0,2.0,3.0,0,11.0,745.0,0.53,0,,0,,0
2024,4775,"AND OPPOSITE TO HONDA SHOWROOM, WHEEL'O CITY AT T-POINT, TEHSIL- TIJARA RIICO TUBEWELL NO. 3 LOCATED ON ROAD SIDE CLOSE TO INDAG RUBBER",Rajasthan,28.0,30.0,7.05,8.1,1227.0,1505.0,1.86,2.08,4.0,4.0,11.0,11.0,739.0,861.0,0.82,0.98,,,,,29.0,0,7.574999999999999,0,1366.0,1.9700000000000002,4.0,0,11.0,800.0,0.8999999999999999,0,,0,,0
2024,4777,"NEELAM CHOWK, BHIWADI, TEHSIL- TIJARA RIICO TUBEWELL NO. 31, LOCATED NEAR BKL LIFESTYLE, PLOT NO. 1228, RIA,",Rajasthan,30.0,30.0,6.89,8.18,1288.0,1506.0,1.68,1.78,4.0,4.0,9.0,9.0,625.0,779.0,1.2,1.3,,,,,30.0,0,7.535,0,1397.0,1.73,4.0,0,9.0,702.0,1.25,0,,0,,0
2024,4778,"BHIWADI, OPP. TO ACRO PAINTS-II, TIJARA RIICO TUBEWELL NO. 34, LOCATED ON ROAD SIDE OF 220 KVA POWER STATION,",Rajasthan,28.0,29.0,8.11,8.43,1374.0,1500.0,1.68,1.78,3.0,3.0,9.0,9.0,707.0,735.0,0.4,0.66,,,,,28.5,0,8.27,0,1437.0,1.73,3.0,0,9.0,721.0,0.53,0,,0,,0
2024,4779,"CLOSE TO BKT(ESI HOSPITAL), RAMPUR MUNDANA RIS BHIWADI, TIJARA, BOREWELL OF VKIA RECREATIONAL CLUB",Rajasthan,25.0,31.0,7.68,8.21,1142.0,2710.0,11.92,13.22,5.5,6.1,9.2,10.0,778.0,1698.0,0.2,0.2,0.00049,0.00049,,,28.0,0,7.945,0,1926.0,12.57,5.8,0,9.6,1238.0,0.2,0,0.00049,0,,0
2024,4782,"VIDHUT VITRAN NIGAM LTD, RIICO IND. JAIPUR OFFICE OF ASSISTANT ENGINEER, JAIPUR,",Rajasthan,26.0,26.0,8.61,8.72,4130.0,4290.0,7.34,8.52,2.0,3.7,5.6,6.1,2473.0,2604.0,5.83,7.4,0.00049,0.00049,,,26.0,0,8.665,1,4210.0,7.93,2.85,0,5.85,2538.5,6.615,0,0.00049,0,,0
2024,4783,"NAGAR IND. AREA, MALVIYA NAGAR JHALANA FOREST PARK, NEAR MALVIYA",Rajasthan,26.0,27.0,8.15,8.48,770.0,945.0,1.45,1.62,3.5,4.0,5.6,6.1,466.0,574.0,0.23,0.3,0.00049,0.00049,,,26.5,0,8.315000000000001,0,857.5,1.5350000000000001,3.75,0,5.85,520.0,0.265,0,0.00049,0,,0
2024,4784,"NEAR PATWAR BHAWAN, SALAWAS JAIPUR WELL OF SHRI HAZARI SINGH GEHLOT,",Rajasthan,26.7,31.0,7.24,8.17,2806.0,,10.22,12.62,,,4.0,5.0,1880.0,4420.0,0.44,2.07,,,,,28.85,0,7.705,0,,11.42,,0,4.5,3150.0,1.255,0,,0,,0
2024,4785,"JODHPUR WELL OF SHRI TILARAM, NANDWAN,",Rajasthan,28.0,29.0,7.01,7.05,6255.0,,28.27,31.22,,,7.0,11.0,4190.0,6330.0,5.17,10.3,,,,,28.5,0,7.029999999999999,0,,29.744999999999997,,0,9.0,5260.0,7.735,0,,0,,0
2024,4786,"JODHPUR WELL OF SHRI DEVARAM, HEER KHERA,",Rajasthan,28.0,29.0,6.9,7.69,10104.0,,14.54,18.32,,,5.0,9.0,6770.0,8370.0,1.88,5.15,,,,,28.5,0,7.295,0,,16.43,,0,7.0,7570.0,3.515,0,,0,,0
2024,4787,"JODHPUR WELL OF SHRI DALARAM, AHEER KHERA,",Rajasthan,26.1,30.0,7.25,7.37,4224.0,,12.59,15.02,,,7.0,13.0,2830.0,4010.0,3.61,10.2,,,,,28.05,0,7.3100000000000005,0,,13.805,,0,10.0,3420.0,6.904999999999999,0,,0,,0
2024,4788,"JODHPUR WELL OF SHRI MAGARAM, NANDWAN,",Rajasthan,28.7,29.0,7.04,7.26,13792.0,,9.29,11.62,,,9.0,11.0,9240.0,9520.0,3.01,14.8,,,,,28.85,0,7.15,0,,10.454999999999998,,0,10.0,9380.0,8.905000000000001,0,,0,,0
2024,4789,"SALAWAS-JODHPUR ROAD, SALAWAS, JODHPUR WELL OF SHRI BHAGARAM BHATIA,",Rajasthan,28.1,29.0,7.25,7.33,8269.0,,19.22,21.22,,,11.0,14.0,5540.0,6620.0,4.86,6.22,,,,,28.55,0,7.29,0,,20.22,,0,12.5,6080.0,5.54,0,,0,,0
2024,4791,JODHPUR HANDPUMP NEAR M/S CHAMBLE,Rajasthan,24.0,27.0,7.9,7.9,464.0,630.0,1.32,1.32,1.8,3.6,12.0,12.0,306.0,409.0,0.41,0.51,,,,,25.5,0,7.9,0,547.0,1.32,2.7,0,12.0,357.5,0.45999999999999996,0,,0,,0
2024,4792,"FERTILIZER & CHEMICALS, GADEPAN HANDPUMP NEAR M/S RAJASTHAN",Rajasthan,27.0,29.0,7.5,7.6,2080.0,2920.0,4.87,7.33,4.0,4.0,8.2,9.1,1352.0,1900.0,0.39,0.53,,,,,28.0,0,7.55,0,2500.0,6.1,4.0,0,8.649999999999999,1626.0,0.46,0,,0,,0
2024,4793,"TEXTILE MILLS, BHAWANI MANDI PUBLIC TUBEWELL, VILLAGE-NANI, TEHSIL-",Rajasthan,28.0,28.0,7.41,7.47,1560.0,1693.0,6.62,8.04,1.8,6.8,3.7,9.1,947.0,998.0,0.32,0.36,0.00049,0.00049,,,28.0,0,7.4399999999999995,0,1626.5,7.33,4.3,0,6.4,972.5,0.33999999999999997,0,0.00049,0,,0
2024,4794,"SIKAR,DIST-SIKAR TUBEWELL OF HARIPRASAD PANNALAL,",Rajasthan,26.0,28.0,7.61,8.6,812.0,1038.0,6.62,8.83,1.8,6.1,4.0,8.3,616.0,869.0,0.83,0.92,0.00049,0.00049,,,27.0,0,8.105,1,925.0,7.725,3.9499999999999997,0,6.15,742.5,0.875,0,0.00049,0,,0
2024,4796,"BADA TALAB, VILL-NANI, TEHSIL-SIKAR OPEN WELL OF SARAS DAIRY, VILAS, NH-",Rajasthan,25.0,25.0,7.8,7.8,1571.0,1658.0,3.88,4.18,9.1,9.1,26.0,26.0,1099.0,1160.0,0.39,0.59,,,,,25.0,0,7.8,0,1614.5,4.029999999999999,9.1,0,26.0,1129.5,0.49,0,,0,,0
2024,4797,"PALACE, NEAR SHEETLA MATA TEMPLE, 08, UDAIPUR BOREWELL NEAR MAIN GATE, CITY",Rajasthan,26.0,26.0,7.89,7.89,1449.0,1534.0,4.26,4.98,8.3,8.3,14.0,14.0,1014.0,1073.0,0.63,0.76,,,,,26.0,0,7.89,0,1491.5,4.62,8.3,0,14.0,1043.5,0.6950000000000001,0,,0,,0
2024,4798,"UDAIPUR BOREWELL OF BSNL OFFICE, SECTOR-03,",Rajasthan,25.0,25.0,8.3,8.3,1318.0,1318.0,1.95,2.74,8.3,8.3,26.0,26.0,673.0,922.0,0.81,0.89,,,,,25.0,0,8.3,0,1318.0,2.345,8.3,0,26.0,797.5,0.8500000000000001,0,,0,,0
2024,4799,"DISTRICT COLLECTOR, BARAN HIRAN MARG, UDAIPUR",Rajasthan,29.0,30.0,7.2,7.3,1803.0,2090.0,4.52,5.42,4.0,6.8,6.8,11.0,1172.0,1356.0,0.34,0.38,,,,,29.5,0,7.25,0,1946.5,4.97,5.4,0,8.9,1264.0,0.36,0,,0,,0
2024,4800,"DISTRICT COLLECTOR, CHURU",Rajasthan,27.0,35.0,7.48,7.69,3750.0,4110.0,12.12,17.92,3.7,6.0,6.8,8.2,2212.0,2610.0,0.76,1.46,0.00049,0.00049,,,31.0,0,7.585000000000001,0,3930.0,15.02,4.85,0,7.5,2411.0,1.1099999999999999,0,0.00049,0,,0
2024,4801,"DISTRICT COLLECTOR, DAUSA",Rajasthan,26.0,36.0,8.0,8.3,2820.0,5290.0,9.22,20.5,4.0,6.1,10.0,12.0,1699.0,3596.0,1.35,1.37,0.00049,0.00049,,,31.0,0,8.15,0,4055.0,14.86,5.05,0,11.0,2647.5,1.36,0,0.00049,0,,0
2024,4802,"DISTRICT COLLECTOR, KARAULI",Rajasthan,31.0,34.0,7.1,7.87,1907.0,1993.0,1.23,4.52,4.0,4.0,7.0,9.1,1239.55,1295.0,0.27,0.7,,,,,32.5,0,7.484999999999999,0,1950.0,2.875,4.0,0,8.05,1267.275,0.485,0,,0,,0
2024,4803,"SHAHID CAPT, CHANDRA CHOUDHARY",Rajasthan,26.4,29.9,7.49,7.84,4892.0,5230.0,5.05,20.52,3.6,4.1,5.6,6.8,3310.0,3318.0,0.55,0.67,0.00049,0.00049,,,28.15,0,7.665,0,5061.0,12.785,3.8499999999999996,0,6.199999999999999,3314.0,0.6100000000000001,0,0.00049,0,,0
2024,4806,"PARK, BIKANER SHRI BABUAL SOPATRA, SHEKHO KI",Rajasthan,26.9,28.8,7.81,8.48,6627.0,,2.34,2.48,1.8,1.8,5.0,7.0,4440.0,4460.0,1.26,1.32,,,,,27.85,0,8.145,0,,2.41,1.8,0,6.0,4450.0,1.29,0,,0,,0
2024,4807,"DDHANI PALI SHRI MUKESH RAJPUROHIT, INFORNT OF GS-197-A, PUNAYATA INDUSTRY ROAD,",Rajasthan,28.7,29.4,7.28,7.4,8224.0,,5.22,5.62,1.8,1.8,5.0,5.0,5510.0,5660.0,1.36,1.41,,,,,29.049999999999997,0,7.34,0,,5.42,1.8,0,5.0,5585.0,1.385,0,,0,,0
2024,4809,"MANDLI FROM HOUSE NH-PALI- SHRI RANARAM, NEAR BHANWAR SINGH",Rajasthan,27.0,29.4,7.23,7.28,10388.0,10477.0,1.0,1.0,4.14,6.32,1.8,1.8,4.0,5.0,6960.0,7020.0,1.83,1.88,,,28.2,0,7.255000000000001,0,10432.5,1.0,5.23,0,1.8,4.5,6990.0,1,1.855,1,,0
2024,5453,"449/127, tilwara, bolara, tehsil- SUMERPUR Tube well of vimal metro ,khasra no.",Rajasthan,31.0,33.0,6.85,7.17,26686.0,28925.0,,,5.01,5.24,1.8,1.8,4.0,11.0,17880.0,19380.0,1.72,1.91,,,32.0,0,7.01,0,27805.5,,5.125,0,1.8,7.5,18630.0,1,1.815,1,,0
2024,5454,"bagh,Balotra, tehsil- pachpadra, dist- pachpadra, dis- barmer Tube well of atul Textike, unit-II rai ka",Rajasthan,31.0,33.0,7.36,8.3,29656.0,34239.0,,,6.17,6.44,1.8,1.8,4.0,13.0,19870.0,22940.0,2.03,2.19,,,32.0,0,7.83,0,31947.5,,6.305,0,1.8,8.5,21405.0,1,2.11,1,,0
2024,5455,"barmer Bore well situated at khajur anusandhan, in front of administration block of",Rajasthan,25.9,29.8,7.84,7.92,2910.0,3060.0,,,1.62,3.32,1.8,3.7,4.0,6.8,1765.0,1929.0,1.47,,,,27.85,0,7.88,0,2985.0,,2.4699999999999998,0,2.75,5.4,1847.0,0,,0,,0
2024,5456,"of verterinary and animal sciences swamin keshwanand Rajasthan agricultural university, Bikaner Bore well situated at Rajasthan university",Rajasthan,27.0,30.2,7.74,7.74,3290.0,3810.0,,,5.07,12.12,3.7,3.7,6.8,7.8,2361.0,2396.0,0.73,,,,28.6,0,7.74,0,3550.0,,8.594999999999999,0,3.7,7.3,2378.5,1,,0,,0
2024,5457,"(RAJUVAS) near ICICI bank, Bikaner Bore well situated of government dungar",Rajasthan,26.5,30.1,7.43,7.82,3540.0,4160.0,,,13.32,18.02,4.0,4.0,7.8,9.1,2573.0,2684.0,0.68,,,,28.3,0,7.625,0,3850.0,,15.67,0,4.0,8.45,2628.5,1,,0,,0
2024,5458,"collage, Bikaner Bore well situated at custom colony,",Rajasthan,26.3,29.8,7.77,8.0,2150.0,2160.0,,,5.23,9.42,1.8,3.6,3.6,6.1,1241.0,1255.0,0.95,,,,28.05,0,7.885,0,2155.0,,7.325,0,2.7,4.85,1248.0,0,,0,,0
2024,5463,"Bore well of regional office, RSPCB, Kota Jaipur road, bikaner",Rajasthan,27.0,28.0,7.4,7.6,472.0,533.0,,,1.22,2.63,1.8,4.0,5.5,9.3,314.0,349.0,0.26,0.29,,,27.5,0,7.5,0,502.5,,1.9249999999999998,0,2.9,7.4,331.5,0,0.275,0,,0
2024,5465,"Handpump near Hanuman mandir,",Rajasthan,25.0,26.0,7.54,8.09,1457.0,1897.0,,,2.15,3.96,6.1,6.3,14.0,24.0,1019.0,1327.0,0.74,0.78,,,25.5,0,7.8149999999999995,0,1677.0,,3.0549999999999997,0,6.199999999999999,19.0,1173.0,0,0.76,0,,0
2024,5466,"Mathmadri, MIA, Udaipur Handpump near govt. school, Naya khet,",Rajasthan,26.0,26.0,8.4,8.4,1457.0,1457.0,,,3.96,3.96,6.3,6.3,49.0,49.0,1019.0,1019.0,0.74,0.74,,,26.0,0,8.4,0,1457.0,,3.96,0,6.3,49.0,1019.0,0,0.74,0,,0
2024,5470,"jainpurbas, near RIICO industrial area, RIICO industrial area, kaladawas, udaipur Borewell of mr. jale singh, village-",Rajasthan,26.0,26.0,8.06,8.19,1643.0,2562.0,,,2.32,2.64,2.0,4.0,6.0,7.0,803.9,1665.3,0.8,1.4,,,26.0,0,8.125,0,2102.5,,2.48,0,3.0,6.5,1234.6,0,1.1,0,,0
2024,5471,"sp1-2, RIICO industrial area, Sotanal, sotanala, tehsil- behror, dist- Alwar Borewell of M/s Jagatjit industries ltd.,",Rajasthan,27.0,27.0,7.79,7.88,1636.0,9904.0,,,1.71,1.96,4.0,6.0,11.0,14.0,802.2,6437.6,0.9,1.0,,,27.0,0,7.835,0,5770.0,,1.835,0,5.0,12.5,3619.9,1,0.95,0,,0
2024,5472,"tehsil- behror, dist- Alwar Open well of aadam khan, Near Nextgen",Rajasthan,27.0,31.0,7.68,8.33,4433.0,4656.0,1.0,1.0,3.27,4.03,1.8,1.8,4.0,5.0,2970.0,3120.0,1.24,1.31,,,29.0,0,8.004999999999999,0,4544.5,1.0,3.6500000000000004,0,1.8,4.5,3045.0,1,1.275,0,,0
2024,5474,"khareshwar mahadev mandir, Falna, Textile park, sardar samand road, Pali Open well of Ganpat singh ji,near",Rajasthan,22.6,31.0,7.38,7.5,5672.0,5940.0,1.0,1.0,3.23,3.47,1.8,1.8,4.0,7.0,3800.0,3980.0,1.24,1.29,,,26.8,0,7.4399999999999995,0,5806.0,1.0,3.35,0,1.8,5.5,3890.0,1,1.2650000000000001,0,,0
2024,5475,"district- Pali Govt. handpump near anadra chauraha,",Rajasthan,29.7,29.7,7.03,7.03,2731.0,2731.0,1.0,1.0,1.44,1.44,1.8,1.8,5.0,5.0,1830.0,1830.0,0.35,0.35,,,29.7,0,7.03,0,2731.0,1.0,1.44,0,1.8,5.0,1830.0,0,0.35,0,,0
2024,5478,"PARIVAHAN NIGAM, CENTRAL BUS BORE WELL OF RAJASTHAN STATE PATH",Rajasthan,29.0,30.0,7.52,8.43,602.0,635.0,,,2.48,2.7,3.0,3.0,9.0,9.0,290.0,302.0,0.98,1.2,,,29.5,0,7.975,0,618.5,,2.59,0,3.0,9.0,296.0,0,1.0899999999999999,0,,0
2024,5479,",RIA, Karoli (khuskhera), Tehsil- tijara, STAND, TEHSIL-TIJARA, DIST- ALWAR Bore well of RIICO water supply Campus",Rajasthan,28.0,29.0,8.12,8.53,541.0,572.0,,,2.48,2.7,4.0,4.0,9.0,9.0,264.0,272.0,1.1,1.3,,,28.5,0,8.325,1,556.5,,2.59,0,4.0,9.0,268.0,0,1.2000000000000002,0,,0
2024,5480,"Milkpurgurjar, Bhiwadi, Tehsil- Tijara, Dist- Alwar Borewell of Ashiana Tarang, near village-",Rajasthan,29.0,29.0,7.47,8.29,377.0,431.0,,,1.22,1.56,3.0,3.0,11.0,11.0,120.0,186.0,0.95,1.3,,,29.0,0,7.879999999999999,0,404.0,,1.3900000000000001,0,3.0,11.0,153.0,0,1.125,0,,0
2024,5481,"Chopanki, Bhiwadi, Tehsil- tijara, Dist- Dist- Alwar Bore well of Upper Primary School,",Rajasthan,27.0,29.0,7.92,8.07,1267.0,1279.0,,,1.22,1.56,3.0,3.0,11.0,11.0,592.0,621.0,0.96,0.98,,,28.0,0,7.995,0,1273.0,,1.3900000000000001,0,3.0,11.0,606.5,0,0.97,0,,0
2024,5482,Alwar BoreWell of RIICO water Supply Campusof M/S Aksh Optifibre ltd. Plot,Rajasthan,28.0,29.0,6.89,8.61,1207.0,1433.0,,,1.84,2.76,3.0,3.0,9.0,9.0,600.0,735.0,0.94,0.96,,,28.5,0,7.75,1,1320.0,,2.3,0,3.0,9.0,667.5,0,0.95,0,,0
2024,5483,"Dayma,Village- Alampur, Bhimadi, Tehsil- no. A-56,RIA,Kehrani, Tehsil- Tijara, Dist- Alwar BoreWell of RIICO Mahendra",Rajasthan,26.0,29.0,7.34,8.38,944.0,1053.0,,,1.68,1.86,4.0,4.0,9.0,9.0,461.0,563.0,0.7,0.83,,,27.5,0,7.86,0,998.5,,1.77,0,4.0,9.0,512.0,0,0.7649999999999999,0,,0
2024,5484,"no. SP-3/A-11, RIA, Khuskhera, Tehsil- Tijara, Dist- Alwar Bore well of M/S Shree cement ltd., Plot",Rajasthan,29.0,30.0,8.05,8.31,684.0,712.0,,,1.42,1.68,3.0,3.0,9.0,9.0,335.0,380.0,0.68,0.88,,,29.5,0,8.18,0,698.0,,1.5499999999999998,0,3.0,9.0,357.5,0,0.78,0,,0
2024,5485,"singh , Village- Bahadri, Chopanki, Tehsil- TIjara, District- Alwar Bore well of Shre Satnam Singh S/o Bhop",Rajasthan,28.0,29.0,6.67,8.04,1535.0,1566.0,,,2.7,2.76,3.0,3.0,9.0,9.0,754.0,868.0,0.74,0.89,,,28.5,0,7.3549999999999995,0,1550.5,,2.73,0,3.0,9.0,811.0,0,0.815,0,,0
2024,32,"WELL AT MUSIRI, TAMIL NADU",Tamil Nadu,24.0,24.0,7.51,7.51,1200.0,1200.0,2.6,2.6,0.66,0.66,1.8,1.8,317.0,317.0,788.0,788.0,0.2,0.2,,,24.0,0,7.51,0,1200.0,2.6,0.66,0,1.8,317.0,788.0,0,0.2,0,,0
2024,1449,COLLECTOR WELL AT THIRUPUVANAM,Tamil Nadu,26.0,27.0,7.72,7.91,917.0,1332.0,2.0,2.5,0.32,0.86,1.8,14.0,3.1,21.0,624.0,780.0,0.2,16.0,,,26.5,0,7.8149999999999995,0,1124.5,2.25,0.59,0,7.9,12.05,702.0,0,8.1,1,,0
2024,4810,LOATED OPPOSITE TO M/S. PIONEER FOR TAMILNADU SURIYAMPALAYAM BOREWELL (HAND PUMP) OWNED BY ERODE CORPORATION,Tamil Nadu,27.0,27.0,7.84,7.84,1972.0,1972.0,1.9,1.9,0.32,0.32,15.0,15.0,37.0,37.0,900.0,900.0,0.2,0.2,,,27.0,0,7.84,0,1972.0,1.9,0.32,0,15.0,37.0,900.0,0,0.2,0,,0
2024,4811,"TEXTILE PROCESSORS, VENDIPALAYAM, PROCESSING INDIA PVT. LTD., BHAVANI MAIN ROAD, R.N. PUDUR POST, ERODE BOREWELL LOCATED AT M/S. PHOENIX",Tamil Nadu,27.0,27.0,7.25,7.25,3700.0,3700.0,2.1,2.1,0.36,0.36,20.0,20.0,34.0,34.0,1816.0,1816.0,0.2,0.2,,,27.0,0,7.25,0,3700.0,2.1,0.36,0,20.0,34.0,1816.0,0,0.2,0,,0
2024,4814,"ESAKKI, NO.16B, MEENAKSHIPURAM, HOUSE OF THIRU MURUGAN, S/O.",Tamil Nadu,30.0,30.0,7.99,7.99,2270.0,2270.0,3.7,3.7,0.32,0.32,1.8,1.8,3.6,3.6,1756.0,1756.0,0.2,0.2,,,30.0,0,7.99,0,2270.0,3.7,0.32,0,1.8,3.6,1756.0,0,0.2,0,,0
2024,4815,"LOCATED IN PERUMALPURAM STREET, ANNA NAGAR, TIRUNELVELI MUNICIPAL CORPORATION BORE WELL",Tamil Nadu,30.0,30.0,8.18,8.18,1175.0,1175.0,3.2,3.2,0.32,0.32,1.8,1.8,1.8,1.8,914.0,914.0,0.2,0.2,,,30.0,0,8.18,0,1175.0,3.2,0.32,0,1.8,1.8,914.0,0,0.2,0,,0
2024,4816,"STREET INFRONT OF THIRU N. NARANAMMALPURAM, TIRUNELVELI AUTHOR ‚– MUKKANI AGRAGARAM",Tamil Nadu,26.0,27.0,7.17,7.53,3200.0,3340.0,2.6,2.7,0.32,0.34,1.8,3.7,1.8,9.2,1780.0,1838.0,0.2,0.2,,,26.5,0,7.35,0,3270.0,2.6500000000000004,0.33,0,2.75,5.5,1809.0,0,0.2,0,,0
2024,4817,SAMUTHRAPANDI HOUSE BORE WELL ERAL ‚– CHARMAM ARUNACHALA,Tamil Nadu,27.0,28.0,7.65,7.66,862.0,980.0,2.5,2.7,0.32,0.32,1.8,1.8,1.8,3.6,496.0,504.0,0.2,0.2,,,27.5,0,7.655,0,921.0,2.6,0.32,0,1.8,2.7,500.0,0,0.2,0,,0
2024,4818,"DISPENSARY, WEST CAR STREET NEAR SWAMY TEMPLE WEST OF BORE WELL ALWARTHIRUNAGARI ‚– VETERINARY",Tamil Nadu,28.5,29.0,7.8,8.11,470.0,744.0,2.4,2.5,0.32,0.42,1.8,1.8,3.7,6.8,320.0,428.0,0.2,0.2,,,28.75,0,7.955,0,607.0,2.45,0.37,0,1.8,5.25,374.0,0,0.2,0,,0
2024,4819,OVER HEAD TANK OF BORE WELL SRIVAIKUNDAM ‚– BLOCK DEVELOPMENT,Tamil Nadu,29.0,29.0,7.06,7.08,248.0,480.0,2.3,2.6,0.32,0.32,1.8,1.8,2.0,2.0,168.0,326.0,0.2,0.2,,,29.0,0,7.07,0,364.0,2.45,0.32,0,1.8,2.0,247.0,0,0.2,0,,0
2024,4820,KVA OPPOSITE TO TIRUNELVELI MAIN OFFICE ‚– OPEN WELL SRIVAIKUNDAM ‚– TNEB SUB STATION 33,Tamil Nadu,28.0,29.0,7.42,7.56,1509.0,1600.0,2.1,2.2,0.32,0.33,1.8,1.8,1.8,5.5,880.0,880.0,0.2,0.2,,,28.5,0,7.49,0,1554.5,2.1500000000000004,0.325,0,1.8,3.65,880.0,0,0.2,0,,0
2024,4824,"STATION, BLOCK NO.13 BSNL EXCHANGE ROAD OPEN WELL PARAMASIVAM WATER SERVICE",Tamil Nadu,31.0,31.0,7.72,7.72,1455.0,1455.0,3.6,3.6,0.72,0.72,16.0,16.0,38.0,38.0,928.0,928.0,0.48,0.48,,,31.0,0,7.72,0,1455.0,3.6,0.72,0,16.0,38.0,928.0,0,0.48,0,,0
2024,4825,"OPPOSITE, METTUR DAM ‚– 636 402. M. KALIAPPAN, SANGILIMUNIYAPPAN",Tamil Nadu,30.0,30.0,7.78,7.78,1107.0,1107.0,2.4,2.4,0.48,0.48,19.0,19.0,37.0,37.0,784.0,784.0,0.21,0.21,,,30.0,0,7.78,0,1107.0,2.4,0.48,0,19.0,37.0,784.0,0,0.21,0,,0
2024,4826,"SEWAGE TREATMENT PLANT, KOVIL, ERIKKADU, METTUR SAKTHI NAGAR, NEAR MUNICIPALITY",Tamil Nadu,31.0,31.0,7.77,7.77,1656.0,1656.0,2.7,2.7,0.53,0.53,16.0,16.0,34.0,34.0,1120.0,1120.0,0.66,0.66,,,31.0,0,7.77,0,1656.0,2.7,0.53,0,16.0,34.0,1120.0,0,0.66,0,,0
2024,4907,"KOMBUPALLAM, SATHYAMANGALAM KOMPURANKADU, METTUR",Tamil Nadu,29.0,29.0,8.37,8.37,437.0,437.0,2.3,2.3,0.49,0.49,22.0,22.0,42.0,42.0,218.0,218.0,0.2,0.2,,,29.0,0,8.37,0,437.0,2.3,0.49,0,22.0,42.0,218.0,0,0.2,0,,0
2024,4908,"ARIYAPPAMPALAYAM,",Tamil Nadu,27.0,27.0,8.65,8.65,424.0,424.0,1.8,1.8,0.52,0.52,25.0,25.0,52.0,52.0,220.0,220.0,0.2,0.2,,,27.0,0,8.65,1,424.0,1.8,0.52,0,25.0,52.0,220.0,0,0.2,0,,0
2024,4909,"THALAVAIPETTAI, BHAVANI SATHYAMANGALAM",Tamil Nadu,27.5,27.5,7.53,7.53,314.0,314.0,1.9,1.9,0.87,0.87,18.0,18.0,43.0,43.0,288.0,288.0,0.2,0.2,,,27.5,0,7.53,0,314.0,1.9,0.87,0,18.0,43.0,288.0,0,0.2,0,,0
2024,4911,BOREWELL AT PASUPATHY PUDUR,Tamil Nadu,26.0,26.0,6.9,7.96,1001.0,1111.0,2.1,2.2,0.4,0.4,1.8,1.8,1.8,6.1,684.0,764.0,0.2,0.2,,,26.0,0,7.43,0,1056.0,2.1500000000000004,0.4,0,1.8,3.9499999999999997,724.0,0,0.2,0,,0
2024,4912,"BORE WELL AT VANNIARVALASU VILLAGE, NEAR ELEMENTARY SCHOOL,",Tamil Nadu,27.0,28.0,7.08,8.01,1096.0,1129.0,2.2,2.3,0.46,0.51,1.8,2.0,1.8,8.1,758.0,768.0,0.2,0.2,,,27.5,0,7.545,0,1112.5,2.25,0.485,0,1.9,4.95,763.0,0,0.2,0,,0
2024,15,"BOREWELL AT KOYYURA, JAYASHANKAR",Telangana,26.0,26.0,7.89,7.89,294.0,294.0,,,0.0,0.0,1.8,1.8,1.8,1.8,186.0,186.0,0.87,0.87,,,26.0,0,7.89,0,294.0,,0.0,0,1.8,1.8,186.0,0,0.87,0,,0
2024,16,"TADVAI (V), SS TADVAI (M), MULUGU BHUPALAPALLI OPEN WELL AT GOVT ASHRAM SCHOOL,",Telangana,27.0,27.0,7.85,8.07,978.0,1004.0,1.0,1.0,0.0,4.2,1.8,1.8,11.0,47.0,626.0,632.0,0.42,0.93,,,27.0,0,7.96,0,991.0,1.0,2.1,0,1.8,29.0,629.0,0,0.675,0,,0
2024,27,"DISTRICT BOREWELL AT PEDDAVOORA (V&M),",Telangana,23.0,25.0,7.52,7.84,1854.0,1885.0,,,15.22,18.23,,,,,1006.0,1131.0,0.2,,,,24.0,0,7.68,0,1869.5,,16.725,0,,,1068.5,0,,0,,0
2024,1515,"NALGONDA BOREWELL AT NAGARAM, PALVANCHA,",Telangana,25.0,26.0,7.33,7.5,1738.0,1745.0,,,0.0,5.1,1.8,1.8,1.8,27.0,1094.0,1098.0,0.64,1.28,,,25.5,0,7.415,0,1741.5,,2.55,0,1.8,14.4,1096.0,0,0.96,0,,0
2024,1525,"M/S.SRI CHAITANYA CHLORIDES, BHADRADRI KOTHAGUDEM BOREWELL AT PASHAMYLARAM NEAR",Telangana,25.0,25.0,7.16,7.16,3048.0,3048.0,,,18.31,18.31,,,,,1829.0,1829.0,0.3,,,,25.0,0,7.16,0,3048.0,,18.31,0,,,1829.0,0,,0,,0
2024,1791,"SIDE OF SAI CHERUVU , PAIDIPALLY (V), SANGAREDDY BOREWELL AT PYDIPALLY NEAR EAST",Telangana,27.0,27.0,7.43,7.82,1179.0,1202.0,,,0.0,3.7,1.8,1.8,2.0,17.0,744.0,748.0,1.22,1.48,,,27.0,0,7.625,0,1190.5,,1.85,0,1.8,9.5,746.0,0,1.35,0,,0
2024,1792,"WARANGAL (M&D) BOREWELL AT CKM COLLEGE,",Telangana,27.0,27.0,7.48,8.1,1320.0,1349.0,,,0.0,8.2,1.8,1.8,2.0,21.0,824.0,836.0,1.12,1.33,,,27.0,0,7.79,0,1334.5,,4.1,0,1.8,11.5,830.0,0,1.225,0,,0
2024,1793,"PONDS OF NTPC, PEDDAPALLI , ENAMAMULA (V), WARANGAL (M&D) OPEN WELL AT KUNDANPALLY NEAR ASH",Telangana,26.0,26.0,7.88,7.96,1567.0,2182.0,1.0,1.0,0.0,3.1,1.8,1.8,1.8,17.0,972.0,1354.0,0.55,1.25,,,26.0,0,7.92,0,1874.5,1.0,1.55,0,1.8,9.4,1163.0,0,0.9,0,,0
2024,1794,"RAMAGUNDAM BOREWELL AT MANAKONDUR ,",Telangana,26.0,26.0,7.71,7.8,1046.0,1107.0,1.8,1.8,0.0,2.9,1.8,1.8,8.0,79.0,668.0,690.0,0.69,0.75,,,26.0,0,7.755,0,1076.5,1.8,1.45,0,1.8,43.5,679.0,0,0.72,0,,0
2024,1795,RAMAGUNDAM BOREWELL AT BOLLARAM NEAR,Telangana,25.0,25.0,7.26,7.29,3039.0,3462.0,,,15.2,18.24,,,,,1694.0,2077.0,0.2,,,,25.0,0,7.275,0,3250.5,,16.72,0,,,1885.5,1,,0,,0
2024,1810,,Telangana,25.0,25.0,6.86,8.01,1662.0,1826.0,,,12.24,15.23,,,,,1080.0,1109.0,0.25,,,,25.0,0,7.4350000000000005,0,1744.0,,13.735,0,,,1094.5,0,,0,,0
2024,3088,"HOUSE, 14NOS. AREA, RAMAVARAM, COLONY, SHAKKARNAGAR, NIZAMABAD BOREWELL AT J.NARASIMHA RAO?S",Telangana,26.1,26.1,6.74,7.14,1640.0,1668.0,,,0.0,4.6,1.8,1.8,1.8,27.0,1034.0,1050.0,0.84,1.16,,,26.1,0,6.9399999999999995,0,1654.0,,2.3,0,1.8,14.4,1042.0,0,1.0,0,,0
2024,4274,BOREWELL POINTS AT THE PERIPHERY OF,Telangana,26.0,26.0,7.04,7.27,1084.0,1233.0,0.0,7.9,1.8,1.8,17.0,17.0,682.0,764.0,1.04,1.28,,,,,26.0,0,7.154999999999999,0,1158.5,3.95,1.8,0,17.0,723.0,1.1600000000000001,0,,0,,0
2024,4275,"THE IDA, JEEDIMETLA, MEDCHAL BOREWELL POINTS AT THE PERIPHERY OF",Telangana,25.0,25.0,7.2,7.67,2303.0,2571.0,0.0,18.6,1.8,22.0,540.0,540.0,1474.0,1594.0,1.2,1.21,,,,,25.0,0,7.4350000000000005,0,2437.0,9.3,11.9,0,540.0,1534.0,1.205,0,,0,,0
2024,4276,"OFFICE, KHAZIPALLY VILLAGE, THE IDA, BALANAGAR, MEDCHAL BOREWELL NEAR GRAMPANCHYAT",Telangana,29.0,29.0,7.32,7.89,1534.0,2377.0,16.11,37.13,,,,,906.0,1426.0,0.21,0.24,0.00049,0.00049,,,29.0,0,7.605,0,1955.5,26.62,,0,,1166.0,0.22499999999999998,0,0.00049,0,,0
2024,4279,"PHARMA UNIT -I, GATE 1 BORAPATLA (V), SANGAREDDY DISTRICT BOREWELL NEAR M/S. AUROBINDO",Telangana,24.0,25.0,7.12,7.29,1235.0,,14.12,17.16,,,,,680.0,841.0,0.4,0.4,0.00049,0.00049,,,24.5,0,7.205,0,,15.64,,0,,760.5,0.4,0,0.00049,0,,0
2024,4282,"HATNOORA (M), SANGAREDDY DISTRICT BOREWELL NEAR AARLA BAVI (V) (AGRICULTURAL FIELD), POCHAMPALLY",Telangana,24.0,24.0,7.88,8.02,1305.0,1380.0,17.13,17.16,,,,,814.0,848.0,0.2,0.21,0.00049,0.00049,,,24.0,0,7.949999999999999,0,1342.5,17.145,,0,,831.0,0.20500000000000002,0,0.00049,0,,0
2024,4284,"MANDAL, YADADRI BHUVANAGIR DISTRICT BOREWELL NEAR MALKAPUR LAKE, MALKAPUR VILLAGE (AGRICULTURAL",Telangana,24.0,24.0,7.45,7.62,1794.0,1925.0,19.14,24.12,,,,,990.0,1251.0,0.21,0.24,0.00049,0.00049,,,24.0,0,7.535,0,1859.5,21.630000000000003,,0,,1120.5,0.22499999999999998,0,0.00049,0,,0
2024,4285,"VILLAGE (AGRICULTURAL FIELD), FIELD), CHOUTUPPAL MANDAL, NALGONDA BOREWELL NEAR PEDDAKONDUR",Telangana,23.0,23.0,6.93,7.23,2125.0,2346.0,12.23,14.23,1.8,1.8,1.8,1.8,1179.0,1414.0,0.29,0.32,0.00049,0.00049,,,23.0,0,7.08,0,2235.5,13.23,1.8,0,1.8,1296.5,0.305,0,0.00049,0,,0
2024,4286,"VILLAGE (AGRICULTURAL FIELD), CHOUTUPPAL MANDAL, NALGONDA BOREWELL NEAR ANKIREDDIGUDEM",Telangana,23.0,23.0,6.9,7.41,2496.0,2654.0,24.25,26.26,1.8,1.8,1.8,1.8,1373.0,1619.0,0.25,0.31,0.00049,0.00049,,,23.0,0,7.155,0,2575.0,25.255000000000003,1.8,0,1.8,1496.0,0.28,0,0.00049,0,,0
2024,4287,"CHOUTUPPAL MANDAL, NALGONDA BOREWELL NEAR LINGAREDDYGUDEM VILLAGE (BESIDE CHOUTUPPAL-",Telangana,23.0,23.0,8.21,8.21,1296.0,1296.0,24.16,24.16,,,,,842.0,842.0,0.27,0.27,0.00049,0.00049,,,23.0,0,8.21,0,1296.0,24.16,,0,,842.0,0.27,0,0.00049,0,,0
2024,4288,"DEVALAMMA NAGARAM VILLAGE, VALIGONDA ROAD), CHOUTUPPAL MANDAL, NALGONDA BOREWELL NEAR NAGARAM CHERUVU,",Telangana,22.0,22.0,7.4,8.43,928.0,1602.0,6.15,12.23,,,,,548.0,1041.0,0.21,0.24,0.00049,0.00049,,,22.0,0,7.915,0,1265.0,9.190000000000001,,0,,794.5,0.22499999999999998,0,0.00049,0,,0
2024,4289,"(OPEN LAND BESIDE VILLAGE ROAD), NALGONDA BOREWELL NEAR PITTAM PALLE VILLAGE",Telangana,24.0,24.0,8.02,8.02,1211.0,1211.0,13.22,13.22,,,,,787.0,787.0,0.31,0.31,0.00049,0.00049,,,24.0,0,8.02,0,1211.0,13.22,,0,,787.0,0.31,0,0.00049,0,,0
2024,4290,"VILLAGE (OPEN LAND BESIDE VILLAGE CHITYAL MANDAL, NALGONDA BOREWELL NEAR PEDDAKAPARTHI",Telangana,23.0,23.0,7.87,8.09,2031.0,2253.0,24.2,26.19,,,,,1198.0,1374.0,0.26,0.3,0.00049,0.00049,,,23.0,0,7.98,0,2142.0,25.195,,0,,1286.0,0.28,0,0.00049,0,,0
2024,5493,"ROAD), CHITYAL MANDAL , NALGONDA Bore well in mallapur IALA office,",Telangana,25.0,28.0,7.13,7.29,447.0,2090.0,0.0,6.2,1.8,1.8,26.0,26.0,278.0,1316.0,1.34,1.36,,,,,26.5,0,7.21,0,1268.5,3.1,1.8,0,26.0,797.0,1.35,0,,0,,0
2024,5494,"Mallapur, Rangareddy, dist. Bore well in Nacharam IALA office,",Telangana,25.0,28.0,7.12,7.28,766.0,820.0,0.0,9.4,1.8,1.8,32.0,32.0,474.0,498.0,1.03,1.1,,,,,26.5,0,7.2,0,793.0,4.7,1.8,0,32.0,486.0,1.065,0,,0,,0
2024,5495,"Bore well in Uppal IALA office, Uppal,",Telangana,25.0,29.0,7.02,7.23,1698.0,1848.0,,,0.0,8.4,1.8,1.8,21.0,21.0,1018.0,1164.0,1.23,1.28,,,27.0,0,7.125,0,1773.0,,4.2,0,1.8,21.0,1091.0,0,1.255,0,,0
2024,5496,"Rangareddy, dist. Bore well at Malkaram, Jawaharnagar",Telangana,28.0,28.0,7.32,7.32,1110.0,1110.0,,,0.0,0.0,1.8,1.8,,,698.0,698.0,0.98,0.98,,,28.0,0,7.32,0,1110.0,,0.0,0,1.8,,698.0,0,0.98,0,,0
2024,1405,"WELL AT UDAIPUR (TUBEWELL), TRIPURA",Tripura,26.0,27.0,6.05,6.29,98.0,101.0,1.0,1.0,0.64,0.74,1.8,1.8,1.8,1.8,56.0,62.0,0.2,0.2,0.00049,0.00049,26.5,0,6.17,0,99.5,1.0,0.69,0,1.8,1.8,59.0,0,0.2,0,0.00049,0
2024,1406,"WELL AROUND UDAIPUR (TUBEWELL),",Tripura,26.0,27.0,5.63,5.99,119.0,123.0,1.0,1.0,0.57,0.7,1.8,1.8,1.8,1.8,68.0,72.0,0.2,0.2,0.00049,0.00049,26.5,0,5.8100000000000005,0,121.0,1.0,0.635,0,1.8,1.8,70.0,0,0.2,0,0.00049,0
2024,1730,"KUNJBAN, AGARTALA, TRIPURA",Tripura,29.0,30.0,6.59,6.69,99.0,113.0,1.0,1.0,0.44,0.6,1.8,1.8,1.8,1.8,56.0,58.0,0.2,0.2,0.00049,0.00049,29.5,0,6.640000000000001,0,106.0,1.0,0.52,0,1.8,1.8,57.0,0,0.2,0,0.00049,0
2024,1731,"LANKAMURA, TRIPURA",Tripura,28.5,30.0,6.39,6.55,90.0,978.0,1.0,1.0,0.32,0.32,1.8,1.8,1.8,1.8,52.0,54.0,0.2,0.2,0.00049,0.00049,29.25,0,6.47,0,534.0,1.0,0.32,0,1.8,1.8,53.0,0,0.2,0,0.00049,0
2024,1732,"A.D.NAGAR, AGARTALA, TRIPURA",Tripura,28.5,30.0,6.09,6.22,121.0,144.0,1.0,1.0,0.32,0.32,1.8,1.8,1.8,1.8,74.0,82.0,0.2,0.2,0.00049,0.00049,29.25,0,6.154999999999999,0,132.5,1.0,0.32,0,1.8,1.8,78.0,0,0.2,0,0.00049,0
2024,1733,"SHIBNAGAR, AGARTALA, TRIPURA",Tripura,28.5,30.0,6.29,6.48,125.0,141.0,1.0,1.0,0.32,0.32,1.8,1.8,1.8,1.8,74.0,78.0,0.2,0.2,0.00049,0.00049,29.25,0,6.385,0,133.0,1.0,0.32,0,1.8,1.8,76.0,0,0.2,0,0.00049,0
2024,1734,"GANDHIGRAM, AGARTALA, TRIPURA",Tripura,28.0,30.0,6.39,6.41,129.0,137.0,1.0,1.0,0.32,0.32,1.8,1.8,1.8,1.8,74.0,76.0,0.2,0.2,0.00049,0.00049,29.0,0,6.4,0,133.0,1.0,0.32,0,1.8,1.8,75.0,0,0.2,0,0.00049,0
2024,3423,"TUBE WELL AT HAPANIA, WEST TRIPURA",Tripura,25.0,25.5,6.51,6.79,79.0,96.0,1.0,1.0,0.32,0.32,1.8,1.8,1.8,1.8,44.0,52.0,0.2,0.2,0.00049,0.00049,25.25,0,6.65,0,87.5,1.0,0.32,0,1.8,1.8,48.0,0,0.2,0,0.00049,0
2024,3424,"TUBE WELL AT NAGICHERRA, WEST",Tripura,25.0,25.0,6.29,6.65,88.0,913.0,1.0,1.0,0.32,0.32,1.8,1.8,1.8,1.8,48.0,50.0,0.2,0.2,0.00049,0.00049,25.0,0,6.470000000000001,0,500.5,1.0,0.32,0,1.8,1.8,49.0,0,0.2,0,0.00049,0
2024,3425,,Tripura,25.0,25.5,6.18,6.39,106.0,115.0,1.0,1.1,0.32,0.32,1.8,1.8,1.8,1.8,60.0,66.0,0.2,0.2,0.00049,0.00049,25.25,0,6.285,0,110.5,1.05,0.32,0,1.8,1.8,63.0,0,0.2,0,0.00049,0
2024,3426,"TUBE WELL AT B.C.MANU, SOUTH",Tripura,25.0,25.0,6.19,6.28,108.0,111.0,1.0,1.0,0.32,0.32,1.8,1.8,1.8,1.8,58.0,60.0,0.2,0.2,0.00049,0.00049,25.0,0,6.235,0,109.5,1.0,0.32,0,1.8,1.8,59.0,0,0.2,0,0.00049,0
2024,3427,"TUBE WELL AT SHANTIR BAZAR, SOUTH",Tripura,25.0,25.0,6.39,6.45,81.0,936.0,1.0,1.0,0.32,0.32,1.8,1.8,1.8,1.8,44.0,52.0,0.2,0.2,0.00049,0.00049,25.0,0,6.42,0,508.5,1.0,0.32,0,1.8,1.8,48.0,0,0.2,0,0.00049,0
2024,3428,"TUBE WELL AT BAGAFA, SOUTH TRIPURA",Tripura,25.0,25.0,6.22,6.41,82.0,96.0,1.0,1.0,0.32,0.32,1.8,1.8,1.8,1.8,46.0,54.0,0.2,0.2,,,25.0,0,6.3149999999999995,0,89.0,1.0,0.32,0,1.8,1.8,50.0,0,0.2,0,,0
2024,3430,"TUBE WELL AT JAWAHANAGAR, DHALAI",Tripura,25.0,25.0,6.37,6.54,91.0,998.0,1.0,1.0,0.32,0.32,1.8,1.8,1.8,1.8,52.0,58.0,0.2,0.2,,,25.0,0,6.455,0,544.5,1.0,0.32,0,1.8,1.8,55.0,0,0.2,0,,0
2024,3431,"TUBE WELL AT KULAI, DHALAI",Tripura,25.0,25.0,6.45,6.61,88.0,102.0,1.0,1.0,0.32,0.32,1.8,1.8,1.8,1.8,46.0,58.0,0.2,0.2,0.00049,0.00049,25.0,0,6.53,0,95.0,1.0,0.32,0,1.8,1.8,52.0,0,0.2,0,0.00049,0
2024,3432,TUBE WELL AT CHURAIBARI (INTERSTATE,Tripura,25.0,25.0,6.21,6.39,97.0,108.0,1.0,1.0,0.32,0.32,1.8,1.8,1.8,1.8,48.0,54.0,0.2,0.2,,,25.0,0,6.3,0,102.5,1.0,0.32,0,1.8,1.8,51.0,0,0.2,0,,0
2024,3433,"BOUNDRY), NORTH TRIPURA TUBE WELL AT KAMESWAR, INDUSTRIAL",Tripura,25.5,25.5,6.64,6.78,104.0,118.0,1.0,1.0,0.32,0.32,1.8,1.8,1.8,1.8,52.0,58.0,0.2,0.2,,,25.5,0,6.71,0,111.0,1.0,0.32,0,1.8,1.8,55.0,0,0.2,0,,0
2024,3434,"TUBE WELL AT KUMARGHAT, INDUSTRIAL",Tripura,25.0,25.5,6.51,6.71,101.0,115.0,1.0,1.0,0.32,0.32,1.8,1.8,1.8,1.8,52.0,58.0,0.2,0.2,,,25.25,0,6.609999999999999,0,108.0,1.0,0.32,0,1.8,1.8,55.0,0,0.2,0,,0
2024,3435,"ESTATE AREA, NORTH TRIPURA TUBE WELL AT GOUR NAGAR, NORTH",Tripura,25.0,25.0,6.52,6.79,89.0,92.0,1.0,1.0,0.32,0.32,1.8,1.8,1.8,1.8,48.0,52.0,0.2,0.2,0.00049,0.00049,25.0,0,6.654999999999999,0,90.5,1.0,0.32,0,1.8,1.8,50.0,0,0.2,0,0.00049,0
2024,3436,"TUBE WELL AT KAILASHAHAR, NORTH",Tripura,25.0,25.0,6.09,6.26,83.0,91.0,1.0,1.0,0.32,0.32,1.8,1.8,1.8,1.8,46.0,52.0,0.2,0.2,0.00049,0.00049,25.0,0,6.175,0,87.0,1.0,0.32,0,1.8,1.8,49.0,0,0.2,0,0.00049,0
2024,4185,TUBE WELL AT JIRANIA,Tripura,26.5,27.0,5.79,5.81,121.0,134.0,1.0,1.0,0.32,0.32,1.8,1.8,1.8,1.8,68.0,70.0,0.2,0.2,0.00049,0.00049,26.75,0,5.8,0,127.5,1.0,0.32,0,1.8,1.8,69.0,0,0.2,0,0.00049,0
2024,4186,TUBE WELL AT DUKLI INDUSTRIAL AREA,Tripura,26.5,27.0,5.89,6.02,120.0,131.0,1.0,1.0,0.32,0.32,1.8,1.8,1.8,1.8,64.0,68.0,0.2,0.2,0.00049,0.00049,26.75,0,5.955,0,125.5,1.0,0.32,0,1.8,1.8,66.0,0,0.2,0,0.00049,0
2024,4187,TUBE WELL AT BADHARGHAT,Tripura,26.5,27.0,6.19,6.21,118.0,127.0,1.0,1.0,0.32,0.32,1.8,1.8,1.8,1.8,64.0,68.0,0.2,0.2,0.00049,0.00049,26.75,0,6.2,0,122.5,1.0,0.32,0,1.8,1.8,66.0,0,0.2,0,0.00049,0
2024,4188,TUBE WELL AT ARUNDHATI NAGAR,Tripura,26.5,27.0,6.27,6.36,109.0,125.0,1.0,1.0,0.32,0.32,1.8,1.8,1.8,1.8,60.0,66.0,0.2,0.2,0.00049,0.00049,26.75,0,6.3149999999999995,0,117.0,1.0,0.32,0,1.8,1.8,63.0,0,0.2,0,0.00049,0
2024,4189,TUBE WELL AT NANADANNAGAR,Tripura,26.0,27.0,6.14,6.31,99.0,108.0,1.0,1.0,0.32,0.32,1.8,1.8,1.8,1.8,56.0,58.0,0.2,0.2,0.00049,0.00049,26.5,0,6.225,0,103.5,1.0,0.32,0,1.8,1.8,57.0,0,0.2,0,0.00049,0
2024,4190,TUBE WELL AT DEBENDRA CHANDRA,Tripura,27.0,28.5,5.77,5.89,115.0,124.0,1.0,1.0,0.32,0.32,1.8,1.8,1.8,1.8,66.0,68.0,0.2,0.2,0.00049,0.00049,27.75,0,5.83,0,119.5,1.0,0.32,0,1.8,1.8,67.0,0,0.2,0,0.00049,0
2024,4191,TUBE WELL AT SURYAMONI NAGAR NAGAR,Tripura,27.0,28.5,6.24,6.29,101.0,130.0,1.0,1.0,0.32,0.32,1.8,1.8,1.8,1.8,56.0,64.0,0.2,0.2,0.00049,0.00049,27.75,0,6.265000000000001,0,115.5,1.0,0.32,0,1.8,1.8,60.0,0,0.2,0,0.00049,0
2024,4200,TUBE WELL AT BISHALGARH,Tripura,27.0,28.0,5.94,6.18,101.0,113.0,1.0,1.0,0.32,0.32,1.8,1.8,1.8,1.8,58.0,62.0,0.2,0.2,0.00049,0.00049,27.5,0,6.0600000000000005,0,107.0,1.0,0.32,0,1.8,1.8,60.0,0,0.2,0,0.00049,0
2024,4201,TUBE WELL AT SONAMURA,Tripura,27.0,28.0,5.61,5.79,103.0,108.0,1.0,1.0,0.32,0.32,1.8,1.8,1.8,1.8,58.0,60.0,0.2,0.2,,,27.5,0,5.7,0,105.5,1.0,0.32,0,1.8,1.8,59.0,0,0.2,0,,0
2024,4202,TUBE WELL AT BISHRAMGANJ,Tripura,27.0,28.0,6.09,6.18,106.0,121.0,1.0,1.0,0.32,0.32,1.8,1.8,1.8,1.8,58.0,68.0,0.2,0.2,0.00049,0.00049,27.5,0,6.135,0,113.5,1.0,0.32,0,1.8,1.8,63.0,0,0.2,0,0.00049,0
2024,4203,TUBE WELL AT KARBOOK,Tripura,27.0,28.0,5.69,5.97,107.0,116.0,1.0,1.0,0.32,0.32,1.8,1.8,1.8,1.8,56.0,60.0,0.2,0.2,0.00049,0.00049,27.5,0,5.83,0,111.5,1.0,0.32,0,1.8,1.8,58.0,0,0.2,0,0.00049,0
2024,4204,TUBE WELL AT AMARPUR,Tripura,27.0,27.5,5.21,5.61,101.0,108.0,1.0,1.0,0.32,0.32,1.8,1.8,1.8,1.8,56.0,56.0,0.2,0.2,0.00049,0.00049,27.25,0,5.41,0,104.5,1.0,0.32,0,1.8,1.8,56.0,0,0.2,0,0.00049,0
2024,4205,"TUBE WELL AT AMAR SAGAR, UDAIPUR",Tripura,27.0,28.5,6.41,6.71,105.0,118.0,1.0,1.0,0.32,0.32,1.8,1.8,1.8,1.8,54.0,58.0,0.2,0.2,0.00049,0.00049,27.75,0,6.5600000000000005,0,111.5,1.0,0.32,0,1.8,1.8,56.0,0,0.2,0,0.00049,0
2024,4206,"TUBE WELL AT DHANI SAGAR, UDAIPUR",Tripura,27.0,28.5,6.41,6.58,101.0,111.0,1.0,1.0,0.32,0.32,1.8,1.8,1.8,1.8,52.0,54.0,0.2,0.2,0.00049,0.00049,27.75,0,6.495,0,106.0,1.0,0.32,0,1.8,1.8,53.0,0,0.2,0,0.00049,0
2024,4207,TUBE WELL AT SABROOM,Tripura,27.0,28.0,6.29,6.35,105.0,119.0,1.0,1.0,0.32,0.32,1.8,1.8,1.8,1.8,56.0,58.0,0.2,0.2,0.00049,0.00049,27.5,0,6.32,0,112.0,1.0,0.32,0,1.8,1.8,57.0,0,0.2,0,0.00049,0
2024,4208,TUBE WELL AT JOLAIBARI,Tripura,27.0,28.0,6.01,6.23,98.0,108.0,1.0,1.0,0.32,0.32,1.8,1.8,1.8,1.8,54.0,56.0,0.2,0.2,0.00049,0.00049,27.5,0,6.12,0,103.0,1.0,0.32,0,1.8,1.8,55.0,0,0.2,0,0.00049,0
2024,4209,TUBE WELL AT BELONIA,Tripura,27.0,28.0,5.97,6.11,91.0,106.0,1.0,1.0,0.32,0.32,1.8,1.8,1.8,1.8,52.0,56.0,0.2,0.2,0.00049,0.00049,27.5,0,6.04,0,98.5,1.0,0.32,0,1.8,1.8,54.0,0,0.2,0,0.00049,0
2024,4210,TUBE WELL AT AMBASSA,Tripura,26.0,27.0,5.7,5.98,94.0,113.0,1.0,1.0,0.32,0.32,1.8,1.8,1.8,1.8,56.0,58.0,0.2,0.2,0.00049,0.00049,26.5,0,5.84,0,103.5,1.0,0.32,0,1.8,1.8,57.0,0,0.2,0,0.00049,0
2024,4211,TUBE WELL AT KAMALPUR,Tripura,26.5,27.5,6.34,6.55,96.0,118.0,1.0,1.0,0.32,0.32,1.8,1.8,1.8,1.8,58.0,60.0,0.2,0.2,0.00049,0.00049,27.0,0,6.445,0,107.0,1.0,0.32,0,1.8,1.8,59.0,0,0.2,0,0.00049,0
2024,4213,TUBE WELL AT TELIAMURA,Tripura,27.5,27.5,6.48,6.48,101.0,101.0,1.0,1.0,0.32,0.32,1.8,1.8,1.8,1.8,56.0,56.0,0.2,0.2,0.00049,0.00049,27.5,0,6.48,0,101.0,1.0,0.32,0,1.8,1.8,56.0,0,0.2,0,0.00049,0
2024,4214,TUBE WELL AT KHOWAI,Tripura,26.5,27.0,6.56,6.61,102.0,118.0,1.0,1.0,0.32,0.32,1.8,1.8,1.8,1.8,56.0,60.0,0.2,0.2,0.00049,0.00049,26.75,0,6.585,0,110.0,1.0,0.32,0,1.8,1.8,58.0,0,0.2,0,0.00049,0
2024,4215,TUBE WELL AT DHARMANAGAR,Tripura,26.5,27.0,6.28,6.39,143.0,157.0,1.0,1.0,0.32,0.32,1.8,1.8,1.8,1.8,78.0,82.0,0.2,0.2,0.00049,0.00049,26.75,0,6.335,0,150.0,1.0,0.32,0,1.8,1.8,80.0,0,0.2,0,0.00049,0
2024,4216,TUBE WELL AT DAMCHERRA,Tripura,26.0,26.0,6.39,6.86,105.0,135.0,1.0,1.0,0.32,0.32,1.8,1.8,1.8,1.8,60.0,66.0,0.2,0.2,0.00049,0.00049,26.0,0,6.625,0,120.0,1.0,0.32,0,1.8,1.8,63.0,0,0.2,0,0.00049,0
2024,4217,TUBE WELL AT KANCHANPUR,Tripura,26.0,26.0,6.19,6.36,101.0,125.0,1.0,1.0,0.32,0.32,1.8,1.8,1.8,1.8,52.0,62.0,0.2,0.2,0.00049,0.00049,26.0,0,6.275,0,113.0,1.0,0.32,0,1.8,1.8,57.0,0,0.2,0,0.00049,0
2024,4218,TUBE WELL AT PANISAGAR,Tripura,26.0,26.5,6.05,6.23,98.0,111.0,1.0,1.0,0.32,0.32,1.8,1.8,1.8,1.8,54.0,58.0,0.2,0.2,0.00049,0.00049,26.25,0,6.140000000000001,0,104.5,1.0,0.32,0,1.8,1.8,56.0,0,0.2,0,0.00049,0
2024,4636,TUBE WELL AT BISHALGARH,Tripura,26.5,27.0,6.59,6.71,108.0,119.0,1.0,1.0,0.32,0.32,1.8,1.8,1.8,1.8,66.0,68.0,0.2,0.2,0.00049,0.00049,26.75,0,6.65,0,113.5,1.0,0.32,0,1.8,1.8,67.0,0,0.2,0,0.00049,0
2024,4637,TUBE WELL AT RAJNAGAR,Tripura,27.0,27.0,6.44,6.59,118.0,128.0,1.0,1.0,0.32,0.32,1.8,1.8,1.8,1.8,68.0,68.0,0.2,0.2,0.00049,0.00049,27.0,0,6.515000000000001,0,123.0,1.0,0.32,0,1.8,1.8,68.0,0,0.2,0,0.00049,0
2024,4638,TUBE WELL AT CHAMPAKNAGAR,Tripura,26.5,27.0,6.59,6.84,115.0,123.0,1.0,1.0,0.32,0.32,1.8,1.8,1.8,1.8,66.0,68.0,0.2,0.2,0.00049,0.00049,26.75,0,6.715,0,119.0,1.0,0.32,0,1.8,1.8,67.0,0,0.2,0,0.00049,0
2024,4639,TUBE WELL AT RANIRBAZAR,Tripura,27.0,27.0,6.36,6.63,108.0,129.0,1.0,1.0,0.32,0.32,1.8,1.8,1.8,1.8,60.0,68.0,0.2,0.2,0.00049,0.00049,27.0,0,6.495,0,118.5,1.0,0.32,0,1.8,1.8,64.0,0,0.2,0,0.00049,0
2024,4641,TUBE WELL AT MELAGHAR,Tripura,26.5,27.0,5.52,5.79,105.0,119.0,1.0,1.0,0.32,0.32,1.8,1.8,1.8,1.8,54.0,62.0,0.2,0.2,0.00049,0.00049,26.75,0,5.654999999999999,0,112.0,1.0,0.32,0,1.8,1.8,58.0,0,0.2,0,0.00049,0
2024,4647,TUBE WELL AT MANUBAZAR,Tripura,26.0,26.5,6.37,6.73,118.0,996.0,1.0,1.0,0.32,0.32,1.8,1.8,1.8,1.8,52.0,58.0,0.2,0.2,0.00049,0.00049,26.25,0,6.550000000000001,0,557.0,1.0,0.32,0,1.8,1.8,55.0,0,0.2,0,0.00049,0
2024,4648,TUBE WELL AT KALADEPHA MANU,Tripura,26.5,26.5,6.22,6.29,96.0,96.0,1.0,1.0,0.32,0.32,1.8,1.8,1.8,1.8,50.0,52.0,0.2,0.2,0.00049,0.00049,26.5,0,6.255,0,96.0,1.0,0.32,0,1.8,1.8,51.0,0,0.2,0,0.00049,0
2024,4651,"TUBE WELL AT CHAKMAGHAT,",Tripura,26.0,26.5,6.35,6.48,112.0,124.0,1.0,1.0,0.32,0.32,1.8,1.8,1.8,1.8,58.0,64.0,0.2,0.2,0.00049,0.00049,26.25,0,6.415,0,118.0,1.0,0.32,0,1.8,1.8,61.0,0,0.2,0,0.00049,0
2024,4652,TUBE WELL AT TELIAMURA MARKET TELIAMURA,Tripura,26.5,27.0,6.08,6.15,112.0,996.0,1.0,1.0,0.32,0.32,1.8,1.8,1.8,1.8,54.0,60.0,0.2,0.2,0.00049,0.00049,26.75,0,6.115,0,554.0,1.0,0.32,0,1.8,1.8,57.0,0,0.2,0,0.00049,0
2024,4653,TUBE WELL AT PECHARTHAL,Tripura,26.0,26.5,6.21,6.31,105.0,111.0,1.0,1.0,0.32,0.32,1.8,1.8,1.8,1.8,54.0,58.0,0.2,0.2,0.00049,0.00049,26.25,0,6.26,0,108.0,1.0,0.32,0,1.8,1.8,56.0,0,0.2,0,0.00049,0
2024,1736,GROUND WATER QUALITY STATION,Uttar Pradesh,18.0,20.0,6.78,6.78,668.0,672.0,5.1,5.6,0.0,0.0,,,,,362.0,370.0,,,,,19.0,0,6.78,0,670.0,5.35,0.0,0,,,366.0,0,,0,,0
2024,1737,"SARDARNAGAR, GORAKHPUR,U.P GROUND WATER QUALITY STATION",Uttar Pradesh,18.0,20.0,6.68,6.78,672.0,672.0,5.2,5.2,0.0,0.0,,,,,406.0,416.0,,,,,19.0,0,6.73,0,672.0,5.2,0.0,0,,,411.0,0,,0,,0
2024,1738,"CONVERTOR REPAIRING CAPTANGANJ, KHUSHINAGAR,U.P SITE 1, INDUSTRIAL AREA NEAR ELECTRIC",Uttar Pradesh,26.0,26.0,7.42,7.74,280.0,788.0,1.0,1.0,0.3,0.3,1.8,1.8,1.8,4.0,174.0,498.0,0.2,0.31,0.00049,0.00049,26.0,0,7.58,0,534.0,1.0,0.3,0,1.8,2.9,336.0,0,0.255,0,0.00049,0
2024,1739,"WORKSHOP,THANA-DAHI UNNAO SITE 2, INDUSTRIAL AREA NEAR M/S",Uttar Pradesh,27.0,27.0,7.48,7.6,516.0,742.0,1.0,1.0,0.3,0.3,1.8,1700.0,1.8,2600.0,326.0,472.0,0.4,458.0,0.00049,0.00049,27.0,0,7.54,0,629.0,1.0,0.3,0,850.9,1300.9,399.0,0,229.2,1,0.00049,0
2024,1740,"JAIJAGDAMBA METALOYS UNNAO, U.P AT ROADWAYS BUS STATION, UNNAO,",Uttar Pradesh,27.0,27.0,7.38,7.62,440.0,440.0,1.0,1.0,0.3,0.3,1.8,1.8,1.8,1.8,278.0,526.0,0.2,0.32,0.00049,0.00049,27.0,0,7.5,0,440.0,1.0,0.3,0,1.8,1.8,402.0,0,0.26,0,0.00049,0
2024,1741,U.P MAGAWARA INDUSTRIAL AREA NEAR,Uttar Pradesh,19.0,28.0,7.48,7.61,637.0,637.0,1.0,1.0,0.3,0.3,1.8,1.8,1.8,1.8,398.0,640.0,0.2,0.2,0.00049,0.00049,23.5,0,7.545,0,637.0,1.0,0.3,0,1.8,1.8,519.0,0,0.2,0,0.00049,0
2024,1742,"NEAR M/S INDIA PESTICIDES LUCKNOW, ORIENTAL PALACE UNNAO, U.P CHINHAT INDUSTRIAL AREA IN LUCKNOW",Uttar Pradesh,,,7.25,7.25,714.0,714.0,1.0,1.0,1.24,1.24,1.8,1.8,1.8,1.8,428.0,428.0,0.52,0.52,0.00049,0.00049,,0,7.25,0,714.0,1.0,1.24,0,1.8,1.8,428.0,0,0.52,0,0.00049,0
2024,1743,LUCKNOW NEAR M/S EVEREADY U.P AISHBAGH INDUSTRIAL AREA AT,Uttar Pradesh,,,7.65,7.65,762.0,762.0,1.0,1.0,1.22,1.22,1.8,1.8,1.8,1.8,457.0,457.0,0.5,0.5,0.003,0.003,,0,7.65,0,762.0,1.0,1.22,0,1.8,1.8,457.0,0,0.5,0,0.003,0
2024,1746,"INDUSTRIES LTD. LUCKNOW, U.P NAGAR PALIKA TUBE WELL, SULTANPUR,",Uttar Pradesh,19.0,25.0,7.91,7.98,891.0,897.0,,,0.3,0.3,1.8,1.8,1.8,1.8,426.0,442.0,0.6,0.62,,,22.0,0,7.945,0,894.0,,0.3,0,1.8,1.8,434.0,0,0.61,0,,0
2024,1747,U.P INDIA MARKA HAND PUMP IN SAROWNI,Uttar Pradesh,19.0,24.0,8.11,8.19,974.0,981.0,,,0.3,0.3,1.8,1.8,1.8,1.8,520.0,528.0,0.82,0.88,,,21.5,0,8.149999999999999,0,977.5,,0.3,0,1.8,1.8,524.0,0,0.85,0,,0
2024,1749,"TUBE WELL AT MEERUT CITY, U.P BLOCK AT RAIBAREILLY, U.P",Uttar Pradesh,14.0,15.0,7.28,7.32,460.0,480.0,,,1.0,1.0,,,,,288.0,310.0,0.2,0.3,,,14.5,0,7.300000000000001,0,470.0,,1.0,0,,,299.0,0,0.25,0,,0
2024,1750,"TUBE WELL AT BAGPAT CITY, U.P",Uttar Pradesh,14.0,16.0,7.32,7.36,560.0,580.0,,,1.0,1.1,,,,,350.0,368.0,0.2,0.2,,,15.0,0,7.34,0,570.0,,1.05,0,,,359.0,0,0.2,0,,0
2024,1751,TUBE WELL IN INDUSTRIAL AREA AT,Uttar Pradesh,,,7.78,7.87,516.0,536.0,1.0,1.0,0.0,0.0,,,,,330.0,345.0,,,0.01,0.01,,0,7.825,0,526.0,1.0,0.0,0,,,337.5,0,,0,0.01,0
2024,1752,"GAJRAULA, AMROHA, U.P SAHIBABAD INDUSTRIAL AREA,",Uttar Pradesh,20.0,27.0,6.88,7.0,2400.0,3020.0,1.5,1.5,0.54,0.55,1.8,1.8,1.8,1.8,1959.0,2070.0,0.2,0.2,,,23.5,0,6.9399999999999995,0,2710.0,1.5,0.545,0,1.8,1.8,2014.5,1,0.2,0,,0
2024,1753,"GHAZIABAD, U.P MEERUT ROAD INDUSTRIAL AREA",Uttar Pradesh,21.0,27.0,6.95,7.1,1515.0,2210.0,1.0,1.0,0.33,0.34,1.8,1.8,1.8,1.8,1311.0,1439.0,0.2,0.2,,,24.0,0,7.025,0,1862.5,1.0,0.335,0,1.8,1.8,1375.0,0,0.2,0,,0
2024,1754,"GHAZIABAD, U.P HAPUR ROAD INDUSTRIAL AREA",Uttar Pradesh,21.0,27.0,7.12,7.35,1092.0,1265.0,1.0,1.0,0.3,0.3,1.8,1.8,1.8,1.8,772.0,821.0,0.2,0.2,,,24.0,0,7.234999999999999,0,1178.5,1.0,0.3,0,1.8,1.8,796.5,0,0.2,0,,0
2024,1755,"GHAZIABAD, U.P PILKHUA INDUSTRIAL AREA GHAZIABAD,",Uttar Pradesh,20.0,27.0,7.0,7.35,1120.0,1285.0,1.0,1.0,0.3,0.3,1.8,1.8,1.8,1.8,772.0,821.0,0.2,0.2,,,23.5,0,7.175,0,1202.5,1.0,0.3,0,1.8,1.8,796.5,0,0.2,0,,0
2024,1756,"U.P GOPIGANJ INDUSTRIAL AREA BHADOHI,",Uttar Pradesh,26.0,26.5,7.28,7.84,783.0,928.0,,,0.0,0.0,,,,,480.0,556.0,,,0.00049,0.00049,26.25,0,7.5600000000000005,0,855.5,,0.0,0,,,518.0,0,,0,0.00049,0
2024,1758,"VARANASI, U.P GROUND AROUND STP DINAPUR,",Uttar Pradesh,26.5,27.0,7.22,8.04,624.0,710.0,,,0.0,0.0,,,,,388.0,428.0,,,0.00049,0.00049,26.75,0,7.629999999999999,0,667.0,,0.0,0,,,408.0,0,,0,0.00049,0
2024,1759,"IFFCO, PHOOLPUR, PRAYAGRAJ ,U.P VARANASI, U.P",Uttar Pradesh,24.8,25.1,6.96,7.12,1185.0,1373.0,1.0,1.0,1.67,2.1,1.8,1.8,1.8,1.8,487.0,515.0,0.41,0.48,0.00049,0.00049,24.950000000000003,0,7.04,0,1279.0,1.0,1.885,0,1.8,1.8,501.0,0,0.44499999999999995,0,0.00049,0
2024,2467,"CHANDPUR INDUSTRIAL AREA,",Uttar Pradesh,26.5,27.0,7.14,7.81,663.0,714.0,,,0.0,0.0,,,,,402.0,430.0,,,0.00049,0.00049,26.75,0,7.475,0,688.5,,0.0,0,,,416.0,0,,0,0.00049,0
2024,2468,"DEVELOPMENT AUTHORITY, SANT LAHARTARA, VARANASI BHADOHI INDUSTRIAL AREA,",Uttar Pradesh,26.0,27.0,7.23,7.92,812.0,1057.0,,,0.0,0.0,,,,,496.0,635.0,,,0.00049,0.00049,26.5,0,7.575,0,934.5,,0.0,0,,,565.5,0,,0,0.00049,0
2024,2469,"AT INDUSTRIAL AREA. NAINI, ALLAHABAD RAVIDAS NAGAR",Uttar Pradesh,24.8,25.1,6.75,7.01,1256.0,1276.0,1.0,1.0,1.27,1.28,1.8,1.8,1.8,1.8,328.0,365.0,0.46,0.49,0.00049,0.00049,24.950000000000003,0,6.88,0,1266.0,1.0,1.275,0,1.8,1.8,346.5,0,0.475,0,0.00049,0
2024,2470,"AT INDUSTRIAL AREA, FATEHPUR",Uttar Pradesh,24.9,25.1,6.89,6.89,1674.0,1705.0,1.0,1.0,1.09,1.22,1.8,1.8,1.8,1.8,438.0,475.0,0.46,0.53,0.00049,0.00049,25.0,0,6.89,0,1689.5,1.0,1.155,0,1.8,1.8,456.5,0,0.495,0,0.00049,0
2024,2471,GORAKHPUR INDUSTRIAL DEVELOPMENT,Uttar Pradesh,18.0,20.0,6.72,6.88,598.0,602.0,4.8,4.8,0.0,0.0,,,,,278.0,278.0,,,,,19.0,0,6.8,0,600.0,4.8,0.0,0,,,278.0,0,,0,,0
2024,2472,"VILLAGE DAURALA, MEERUT AUTHORITY AREA (GIDA), GORAKHPUR",Uttar Pradesh,14.0,16.0,7.38,7.42,460.0,510.0,,,0.0,1.1,,,,,300.0,326.0,0.4,0.5,,,15.0,0,7.4,0,485.0,,0.55,0,,,313.0,0,0.45,0,,0
2024,2473,"KHEKRA, BAGHPAT",Uttar Pradesh,15.0,15.0,7.38,7.41,600.0,620.0,,,1.2,1.5,,,,,360.0,384.0,0.2,0.2,,,15.0,0,7.395,0,610.0,,1.35,0,,,372.0,0,0.2,0,,0
2024,2474,UNCHAHAAR (NEAR THERMAL POWER,Uttar Pradesh,18.0,24.0,8.02,8.04,997.0,1013.0,,,0.3,0.3,1.8,1.8,1.8,1.8,574.0,588.0,0.68,0.7,,,21.0,0,8.03,0,1005.0,,0.3,0,1.8,1.8,581.0,0,0.69,0,,0
2024,2475,"INDUSTRIAL AREA, SULTANPUR ROAD PLANT)",Uttar Pradesh,19.0,23.0,7.98,8.1,1021.0,1042.0,,,0.3,0.3,1.8,1.8,1.8,1.8,592.0,618.0,0.78,0.8,,,21.0,0,8.04,0,1031.5,,0.3,0,1.8,1.8,605.0,0,0.79,0,,0
2024,2478,"CHAINHAT, LKO NEAR UPTRON POLICE DEVA ROAD, INDUSTRIAL AREA,",Uttar Pradesh,,,7.58,7.58,548.0,548.0,1.0,1.0,1.46,1.46,1.8,1.8,1.8,1.8,352.0,352.0,0.58,0.58,0.004,0.004,,0,7.58,0,548.0,1.0,1.46,0,1.8,1.8,352.0,0,0.58,0,0.004,0
2024,2479,"LAKDI FAZALPUR, DELHI ROAD, CHOWKI, LUCKNOW NEAR M/S KUMAR INTER NATIONAL",Uttar Pradesh,18.0,19.0,6.94,7.12,482.0,710.0,,,0.0,0.0,,,,,210.0,280.0,,,0.053,0.053,18.5,0,7.03,0,596.0,,0.0,0,,,245.0,0,,0,0.053,1
2024,2480,"NEAR BRAHMAN MAJRA, PILKHANI MORADABAD",Uttar Pradesh,22.0,22.0,7.3,7.3,260.0,260.0,,,0.0,0.0,,,,,186.0,186.0,,,,,22.0,0,7.3,0,260.0,,0.0,0,,,186.0,0,,0,,0
2024,2481,"NEAR PEER BEGRAJ INDSTRIAL AREA,",Uttar Pradesh,23.1,23.2,7.5,7.6,480.0,484.0,1.0,1.0,0.0,0.0,,,,,364.0,366.0,,,0.0023,0.0023,23.15,0,7.55,0,482.0,1.0,0.0,0,,,365.0,0,,0,0.0023,0
2024,1748,KASHIPUR NEAR M/S INDIA GLYCOLES HANDPUMP IN VILLAGE DAMAUDA AT,Uttarakhand,26.0,27.0,7.45,7.93,330.0,337.0,0.6,0.81,1.8,1.8,1.8,1.8,195.0,219.0,0.58,0.72,0.00049,0.00049,,,26.5,0,7.6899999999999995,0,333.5,0.7050000000000001,1.8,0,1.8,207.0,0.6499999999999999,0,0.00049,0,,0
2024,3440,LTD. GROUND WATER AT SITAR GANJ,Uttarakhand,26.0,27.0,6.77,7.69,354.0,823.0,0.33,0.78,1.8,1.8,1.8,1.8,228.0,498.0,0.44,0.73,0.00049,0.00049,,,26.5,0,7.23,0,588.5,0.555,1.8,0,1.8,363.0,0.585,0,0.00049,0,,0
2024,3441,"INDUSTRIAL AREA- 1,US NAGAR GROUND WATER AT SITAR GANJ",Uttarakhand,26.0,27.0,7.04,7.2,850.0,905.0,0.32,0.65,1.8,1.8,1.8,1.8,542.0,543.0,0.42,0.64,0.00049,0.00049,,,26.5,0,7.12,0,877.5,0.485,1.8,0,1.8,542.5,0.53,0,0.00049,0,,0
2024,3442,"INDUSTRIAL AREA- 2,US NAGAR GROUND WATER AT PANTNAGAR",Uttarakhand,25.0,26.0,7.14,7.82,422.0,428.0,0.32,0.71,1.8,1.8,1.8,1.8,258.0,271.0,0.39,0.51,0.00049,0.00049,,,25.5,0,7.48,0,425.0,0.515,1.8,0,1.8,264.5,0.45,0,0.00049,0,,0
2024,3443,"INDUSTRIAL AREA- 1,US NAGAR GROUND WATER AT PANTNAGAR",Uttarakhand,26.0,27.0,7.17,7.73,381.0,389.0,0.94,1.69,1.8,1.8,1.8,1.8,228.0,246.0,0.58,0.79,0.00049,0.00049,,,26.5,0,7.45,0,385.0,1.315,1.8,0,1.8,237.0,0.685,0,0.00049,0,,0
2024,3444,"INDUSTRIAL AREA- 2,US NAGAR GROUND WATER AT SANTIPURI KICHHA-",Uttarakhand,26.0,27.0,6.98,7.6,419.0,512.0,0.8,1.65,1.8,1.8,1.8,1.8,251.0,332.0,0.54,0.71,0.00049,0.00049,,,26.5,0,7.29,0,465.5,1.225,1.8,0,1.8,291.5,0.625,0,0.00049,0,,0
2024,3445,"1,US NAGAR GROUND WATER AT SANTIPURI KICHHA-",Uttarakhand,26.0,26.0,7.36,7.87,348.0,356.0,0.89,1.52,1.8,1.8,1.8,1.8,210.0,229.0,0.46,0.55,0.00049,0.00049,,,26.0,0,7.615,0,352.0,1.205,1.8,0,1.8,219.5,0.505,0,0.00049,0,,0
2024,3446,"2,US NAGAR GROUND WATER AT KASHIPUR",Uttarakhand,26.0,27.0,7.04,7.85,905.0,945.0,0.32,0.69,1.8,1.8,1.8,1.8,543.0,610.0,0.42,0.56,0.00049,0.00049,,,26.5,0,7.445,0,925.0,0.505,1.8,0,1.8,576.5,0.49,0,0.00049,0,,0
2024,3447,"MORADABAD ROAD- 1,US NAGAR GROUND WATER AT KASHIPUR",Uttarakhand,26.0,26.0,7.48,7.77,582.0,591.0,0.32,0.68,1.8,1.8,1.8,1.8,352.0,379.0,0.48,0.71,0.00049,0.00049,,,26.0,0,7.625,0,586.5,0.5,1.8,0,1.8,365.5,0.595,0,0.00049,0,,0
2024,3448,"MORADABAD ROAD- 2,US NAGAR GROUND WATER AT KASHIPUR BAZPUR",Uttarakhand,26.0,28.0,7.1,7.53,636.0,642.0,0.53,0.96,1.8,1.8,1.8,1.8,390.0,404.0,0.32,0.4,0.00049,0.00049,,,27.0,0,7.3149999999999995,0,639.0,0.745,1.8,0,1.8,397.0,0.36,0,0.00049,0,,0
2024,3449,"VIDYALAYA, BAZPUR ROAD KASHIPUR,US ROAD- 1,US NAGAR HAND PUMP NEAR KENDRIYA",Uttarakhand,25.0,27.0,7.37,7.98,387.0,404.0,0.44,0.92,1.8,1.8,1.8,1.8,235.0,262.0,0.51,0.68,0.00049,0.00049,,,26.0,0,7.675000000000001,0,395.5,0.68,1.8,0,1.8,248.5,0.595,0,0.00049,0,,0
2024,3450,"AREA- 1, ROSHANABAD COLLECTORATE, NAGAR GROUND WATER AT SIDCUL INDUSTRIAL",Uttarakhand,22.5,23.9,7.16,7.46,310.0,362.0,0.41,0.44,1.8,1.8,1.8,1.8,198.0,238.0,0.2,0.32,0.00049,0.00049,,,23.2,0,7.3100000000000005,0,336.0,0.425,1.8,0,1.8,218.0,0.26,0,0.00049,0,,0
2024,3451,"AREA- 2, SALEEMPUR HARIDWAR GROUND WATER AT SIDCUL INDUSTRIAL",Uttarakhand,23.5,24.3,7.18,7.22,322.0,379.0,0.48,0.63,1.8,1.8,1.8,1.8,206.0,251.0,0.23,0.29,0.00049,0.00049,,,23.9,0,7.199999999999999,0,350.5,0.5549999999999999,1.8,0,1.8,228.5,0.26,0,0.00049,0,,0
2024,3452,"INDUSTRIAL AREA-1,ROORKEE CHOWK,ROORKEE,HARIDWAR GROUND WATER AT RAMNAGAR",Uttarakhand,23.4,23.4,7.14,7.36,284.0,292.0,0.36,0.4,1.8,1.8,1.8,1.8,186.0,186.0,0.24,0.26,0.00049,0.00049,,,23.4,0,7.25,0,288.0,0.38,1.8,0,1.8,186.0,0.25,0,0.00049,0,,0
2024,3453,"INDUSTRIAL AREA- 2, SIKANDERPUR, ,HARIDWAR GROUND WATER AT BHAGWAN",Uttarakhand,22.5,23.2,7.1,7.66,300.0,312.0,0.5,0.5,1.8,1.8,1.8,1.8,198.0,199.0,0.2,0.25,0.00049,0.00049,,,22.85,0,7.38,0,306.0,0.5,1.8,0,1.8,198.5,0.225,0,0.00049,0,,0
2024,3454,"INDUSTRIAL AREA- 1, CHC LAKHESWARI, ROORKEE, HARIDWAR GROUND WATER AT ROORKEE",Uttarakhand,22.8,23.6,7.21,7.3,329.0,336.0,0.41,0.53,1.8,1.8,1.8,1.8,210.0,218.0,0.3,0.4,0.00049,0.00049,,,23.200000000000003,0,7.255,0,332.5,0.47,1.8,0,1.8,214.0,0.35,0,0.00049,0,,0
2024,3455,"BHAGWANPUR,HARIDWAR GROUND WATER AT ROORKEE",Uttarakhand,22.8,23.0,6.97,7.12,312.0,340.0,0.36,0.39,1.8,1.8,1.8,1.8,199.0,226.0,0.24,0.29,0.00049,0.00049,,,22.9,0,7.045,0,326.0,0.375,1.8,0,1.8,212.5,0.265,0,0.00049,0,,0
2024,3456,GROUND WATER AT SELAQUI,Uttarakhand,20.0,21.0,6.59,6.89,196.0,240.0,,,0.32,0.32,1.8,1.8,1.8,1.8,120.0,157.0,0.25,0.28,0.00049,0.00049,20.5,0,6.74,0,218.0,,0.32,0,1.8,1.8,138.5,0,0.265,0,0.00049,0
2024,3457,"INDUSTRIAL AREA- 1, DEHRADUN GROUND WATER AT SELAQUI",Uttarakhand,21.0,22.0,6.6,6.96,93.0,143.0,,,0.32,0.32,1.8,1.8,1.8,1.8,56.0,85.0,0.24,0.26,0.00049,0.00049,21.5,0,6.779999999999999,0,118.0,,0.32,0,1.8,1.8,70.5,0,0.25,0,0.00049,0
2024,1766,"MINE PIT WATER ASSANSOL, WEST",West Bengal,27.0,28.0,7.2,7.34,1479.0,1760.0,1.0,1.0,0.3,6.66,1.8,1.8,1.8,1.8,612.0,1004.0,0.2,0.44,0.009,0.009,27.5,0,7.27,0,1619.5,1.0,3.48,0,1.8,1.8,808.0,0,0.32,0,0.009,0
2024,1767,"BENGAL DURGAPUR TOWN, NEAR IISCO,",West Bengal,27.0,28.0,7.32,7.75,1023.0,1024.0,1.0,1.0,0.68,8.58,1.8,1.8,1.8,1.8,480.0,558.0,0.38,0.42,0.005,0.005,27.5,0,7.535,0,1023.5,1.0,4.63,0,1.8,1.8,519.0,0,0.4,0,0.005,0
2024,1768,"BURDWAN, WEST BENGAL DURGAPUR TOWN, BURDWAN, WEST",West Bengal,28.0,28.0,6.72,6.76,1290.0,1450.0,1.0,1.0,0.3,1.05,1.8,1.8,2.2,4.0,604.0,632.0,0.34,0.46,0.00049,0.00049,28.0,0,6.74,0,1370.0,1.0,0.675,0,1.8,3.1,618.0,0,0.4,0,0.00049,0
2024,1769,"BENGAL INSIDE HINDUSTAN LIVER FACTORY,",West Bengal,32.0,34.0,7.4,7.54,1326.0,1721.0,1.0,1.0,0.3,1.58,1.8,1.8,1.8,1.8,584.0,1224.0,0.2,0.28,0.00049,0.00049,33.0,0,7.470000000000001,0,1523.5,1.0,0.9400000000000001,0,1.8,1.8,904.0,0,0.24000000000000002,0,0.00049,0
2024,1770,"HALDIA, WEST BENGAL NEAR IOC REFINERY HALDIA, WEST",West Bengal,29.0,31.0,7.4,7.55,1845.0,2756.0,1.0,1.0,0.3,0.48,1.8,1.8,1.8,1.8,1422.0,1628.0,0.2,0.27,0.00049,0.00049,30.0,0,7.475,0,2300.5,1.0,0.39,0,1.8,1.8,1525.0,0,0.23500000000000001,0,0.00049,0
2024,1771,"BENGAL KALYANI INDUSTRIAL AREA, NADIA,",West Bengal,28.5,29.0,7.4,7.62,622.0,805.0,1.0,1.0,0.3,0.74,1.8,1.8,1.8,4.5,346.0,388.0,0.2,0.3,0.00049,0.00049,28.75,0,7.51,0,713.5,1.0,0.52,0,1.8,3.15,367.0,0,0.25,0,0.00049,0
2024,1772,"BARSAT MUNICIPALITY NORTH 24-P,",West Bengal,29.0,29.0,7.81,7.88,1046.0,1049.0,1.0,1.0,0.3,2.38,1.8,1.8,1.8,1.8,482.0,540.0,0.2,0.2,0.00049,0.007,29.0,0,7.845,0,1047.5,1.0,1.3399999999999999,0,1.8,1.8,511.0,0,0.2,0,0.003745,0
2024,1773,"TANGRA, CALCUTTA , WEST BENGAL",West Bengal,24.0,25.0,7.08,7.1,1749.0,3664.0,1.0,1.0,0.38,0.52,1.8,1.8,1.8,1.8,550.0,2982.0,0.32,0.34,0.00049,0.00049,24.5,0,7.09,0,2706.5,1.0,0.45,0,1.8,1.8,1766.0,1,0.33,0,0.00049,0
2024,1774,"TOPSIA CALCUTTA, WEST BENGAL",West Bengal,25.0,33.0,7.59,7.6,1687.0,1921.0,1.0,1.0,0.3,0.3,1.8,6.8,1.8,33.0,1490.0,1598.0,0.29,0.31,0.00049,0.00049,29.0,0,7.595,0,1804.0,1.0,0.3,0,4.3,17.4,1544.0,0,0.3,0,0.00049,0
2024,1776,"GARIA CALCUTTA, WEST BENGAL",West Bengal,25.0,32.0,7.55,7.65,971.0,1781.0,1.0,1.0,0.3,0.3,1.8,2.0,1.8,23.0,580.0,1072.0,0.61,0.69,0.00049,0.00049,28.5,0,7.6,0,1376.0,1.0,0.3,0,1.9,12.4,826.0,0,0.6499999999999999,0,0.00049,0
2024,1777,"BEHALA CALCUTTA, WEST BENGAL",West Bengal,25.0,32.0,7.24,7.46,897.0,1213.0,1.0,1.0,0.3,2.43,1.8,1.8,1.8,1.8,548.0,824.0,0.3,0.4,0.00049,0.00049,28.5,0,7.35,0,1055.0,1.0,1.365,0,1.8,1.8,686.0,0,0.35,0,0.00049,0
2024,1778,"DOMJUR HOWRAH, WEST BENGAL",West Bengal,20.0,23.0,7.07,7.36,710.0,732.0,1.0,1.0,0.3,2.75,1.8,1.8,1.8,1.8,400.0,462.0,0.27,0.29,0.00049,0.00049,21.5,0,7.215,0,721.0,1.0,1.525,0,1.8,1.8,431.0,0,0.28,0,0.00049,0
2024,1779,"DANKUNI (NEAR COAL COMPLEX), WEST",West Bengal,26.0,28.0,7.41,7.42,933.0,1228.0,1.0,1.0,0.3,0.38,1.8,2.0,1.8,4.0,464.0,606.0,0.2,0.53,0.00049,0.007,27.0,0,7.415,0,1080.5,1.0,0.33999999999999997,0,1.9,2.9,535.0,0,0.365,0,0.003745,0
2024,1813,"RISHRA, WEST BENGAL BENGAL",West Bengal,28.0,28.0,7.28,7.42,791.0,845.0,1.0,1.0,0.3,2.63,1.8,1.8,1.8,1.8,390.0,406.0,0.2,0.28,0.00049,0.00049,28.0,0,7.35,0,818.0,1.0,1.4649999999999999,0,1.8,1.8,398.0,0,0.24000000000000002,0,0.00049,0
2024,1932,CENTRAL KOLKATA,West Bengal,24.0,25.0,7.38,7.59,763.0,1150.0,1.0,1.0,0.3,0.54,1.8,1.8,1.8,1.8,466.0,690.0,0.51,0.66,0.00049,0.00049,24.5,0,7.484999999999999,0,956.5,1.0,0.42000000000000004,0,1.8,1.8,578.0,0,0.585,0,0.00049,0
2024,1933,"NEAR GALVANISATION UNIT, HOWRAH",West Bengal,26.0,28.0,7.26,7.59,673.0,1103.0,1.0,1.0,0.62,1.14,1.8,11.0,13.0,33.0,326.0,932.0,0.33,0.35,0.00049,0.00049,27.0,0,7.425,0,888.0,1.0,0.8799999999999999,0,6.4,23.0,629.0,0,0.33999999999999997,0,0.00049,0
2024,1934,CENTRAL HOWRAH-RESIDENTAIL AREA,West Bengal,24.0,26.0,7.34,7.44,417.0,2148.0,1.0,1.0,0.64,0.86,1.8,1.8,1.8,1.8,240.0,1444.0,0.32,0.44,0.00049,0.00049,25.0,0,7.390000000000001,0,1282.5,1.0,0.75,0,1.8,1.8,842.0,0,0.38,0,0.00049,0
2024,1935,INSIDE KOLKATA LEATHER COMPLEX,West Bengal,25.0,31.0,6.98,7.45,1301.0,1481.0,1.0,1.0,0.3,0.3,1.8,1.8,1.8,13.0,1014.0,1168.0,0.33,0.39,0.00049,0.00049,28.0,0,7.215,0,1391.0,1.0,0.3,0,1.8,7.4,1091.0,0,0.36,0,0.00049,0
2024,1936,RESIDENTIAL AREA - SONARPUR,West Bengal,25.0,33.0,7.15,7.29,1252.0,1344.0,1.0,1.0,0.3,0.3,1.8,1.8,1.8,1.8,776.0,882.0,0.24,0.25,0.00049,0.00049,29.0,0,7.220000000000001,0,1298.0,1.0,0.3,0,1.8,1.8,829.0,0,0.245,0,0.00049,0
2024,1937,RAJARHAT - NEW TOWNSHIP,West Bengal,25.0,25.0,7.25,7.25,2108.0,2108.0,1.2,1.2,0.42,0.42,1.8,1.8,13.0,13.0,1160.0,1160.0,0.47,0.47,0.00049,0.00049,25.0,0,7.25,0,2108.0,1.2,0.42,0,1.8,13.0,1160.0,0,0.47,0,0.00049,0
2024,1938,BSIRHAT MUNICIPALITY,West Bengal,28.0,30.0,7.61,8.34,1729.0,1776.0,1.0,1.0,0.3,0.3,2.0,4.5,4.0,7.8,792.0,840.0,0.2,0.2,0.00049,0.00049,29.0,0,7.975,0,1752.5,1.0,0.3,0,3.25,5.9,816.0,0,0.2,0,0.00049,0
2024,1939,BARRAKPORE MUNICIPALITY,West Bengal,26.0,29.0,7.66,8.02,392.0,504.0,1.0,1.0,0.47,2.47,1.8,1.8,1.8,1.8,212.0,220.0,0.2,0.42,0.00049,0.00049,27.5,0,7.84,0,448.0,1.0,1.4700000000000002,0,1.8,1.8,216.0,0,0.31,0,0.00049,0
2024,1940,NEAR THE PHOSPHATE COMPANY-,West Bengal,28.5,29.0,7.44,7.59,1103.0,1195.0,1.0,1.0,0.3,2.98,1.8,1.8,1.8,1.8,462.0,510.0,0.2,0.5,0.00049,0.00049,28.75,0,7.515000000000001,0,1149.0,1.0,1.64,0,1.8,1.8,486.0,0,0.35,0,0.00049,0
2024,1941,RISHRA NEAR FLY ASH DUMPING SITE-,West Bengal,28.0,28.5,7.45,7.83,444.0,544.0,1.0,1.0,0.3,0.33,1.8,1.8,1.8,4.5,208.0,260.0,0.2,0.2,0.00049,0.00049,28.25,0,7.640000000000001,0,494.0,1.0,0.315,0,1.8,3.15,234.0,0,0.2,0,0.00049,0
2024,1942,"NEAR EXIDE INDUSTRIES-HALDIA KUNTIGHAT, BANDEL",West Bengal,30.0,32.0,7.31,7.5,1405.0,1552.0,1.0,1.0,0.4,0.42,1.8,1.8,1.8,1.8,730.0,984.0,0.2,0.29,0.00049,0.00049,31.0,0,7.404999999999999,0,1478.5,1.0,0.41000000000000003,0,1.8,1.8,857.0,0,0.245,0,0.00049,0
2024,1943,"INSIDE TATA METALIKS, KHARAGPUR",West Bengal,27.0,31.0,7.3,7.57,571.0,627.0,1.0,1.0,0.3,0.3,1.8,1.8,1.8,1.8,268.0,322.0,0.2,0.22,0.00049,0.00049,29.0,0,7.4350000000000005,0,599.0,1.0,0.3,0,1.8,1.8,295.0,0,0.21000000000000002,0,0.00049,0
2024,1944,KHARAGPUR INDUSTRIAL AREA,West Bengal,28.0,32.0,6.1,6.2,262.0,287.0,1.0,1.0,0.65,1.74,1.8,1.8,1.8,1.8,72.0,92.0,0.2,0.2,0.00049,0.00049,30.0,0,6.15,0,274.5,1.0,1.195,0,1.8,1.8,82.0,0,0.2,0,0.00049,0
2024,1945,ENGLISH BAZAR- MALDAH,West Bengal,27.0,32.0,7.21,7.69,1274.0,1832.0,1.0,1.0,0.3,2.01,2.0,2.0,4.5,7.8,528.0,860.0,0.22,0.3,0.00049,0.00049,29.5,0,7.45,0,1553.0,1.0,1.1549999999999998,0,2.0,6.15,694.0,0,0.26,0,0.00049,0
2024,2510,GEOKHALI BUNGLOW MIDNAPUR-EAST,West Bengal,27.0,30.0,7.6,7.92,1137.0,1171.0,1.0,1.0,0.3,2.22,1.8,1.8,1.8,1.8,640.0,758.0,0.2,0.31,0.00049,0.00049,28.5,0,7.76,0,1154.0,1.0,1.26,0,1.8,1.8,699.0,0,0.255,0,0.00049,0
2024,2515,"SDO OFFICE, RANAGHAT",West Bengal,28.0,28.0,7.65,7.98,1018.0,1614.0,1.0,1.0,0.31,2.31,1.8,1.8,1.8,1.8,530.0,766.0,0.2,0.24,0.00049,0.008,28.0,0,7.815,0,1316.0,1.0,1.31,0,1.8,1.8,648.0,0,0.22,0,0.0042450000000000005,0
2024,2516,"SDO OFFICE, KRISHNANAGAR",West Bengal,28.0,29.0,7.06,7.24,835.0,1024.0,1.0,1.0,0.3,1.3,1.8,1.8,1.8,2.0,410.0,504.0,0.2,0.2,0.00049,0.00049,28.5,0,7.15,0,929.5,1.0,0.8,0,1.8,1.9,457.0,0,0.2,0,0.00049,0
2024,2526,FULBARI BARRAGE,West Bengal,24.0,27.0,6.39,7.14,140.0,145.0,1.0,1.0,0.67,0.97,1.8,1.8,1.8,1.8,80.0,80.0,0.2,0.2,0.00049,0.00049,25.5,0,6.765,0,142.5,1.0,0.8200000000000001,0,1.8,1.8,80.0,0,0.2,0,0.00049,0
2024,2528,GROUND WATER POINT INSIDE,West Bengal,23.0,29.0,7.02,8.1,762.0,1521.0,1.0,1.0,0.53,7.8,1.8,1.8,1.8,2.0,252.0,876.0,0.26,0.55,0.00049,0.00049,26.0,0,7.56,0,1141.5,1.0,4.165,0,1.8,1.9,564.0,0,0.405,0,0.00049,0
2024,2529,BURDWAN UNIVERSITY GROUND WATER POINT NEAR BURDWAN,West Bengal,22.0,29.0,7.1,7.66,1317.0,1678.0,1.0,1.0,0.56,10.33,1.8,1.8,1.8,1.8,674.0,840.0,0.32,0.4,0.01,0.01,25.5,0,7.38,0,1497.5,1.0,5.445,0,1.8,1.8,757.0,0,0.36,0,0.01,0
2024,2530,HOT SPRING AT BAKRESHWAR STATION,West Bengal,64.0,66.0,9.4,9.56,706.0,811.0,1.0,1.0,0.3,0.59,1.8,1.8,1.8,1.8,352.0,414.0,8.15,10.4,0.009,0.009,65.0,1,9.48,1,758.5,1.0,0.44499999999999995,0,1.8,1.8,383.0,0,9.275,1,0.009,0
2024,2533,SURI TOWN NEAR BUS STAND,West Bengal,28.0,33.0,6.8,7.4,835.0,1036.0,1.0,1.0,0.3,0.83,1.8,1.8,1.8,1.8,556.0,586.0,0.3,0.35,0.006,0.006,30.5,0,7.1,0,935.5,1.0,0.565,0,1.8,1.8,571.0,0,0.32499999999999996,0,0.006,0
2024,2535,VISVA BHARATI,West Bengal,28.0,28.0,7.2,7.2,487.0,487.0,1.0,1.0,0.3,0.3,1.8,1.8,1.8,1.8,354.0,354.0,0.21,0.21,0.00049,0.00049,28.0,0,7.2,0,487.0,1.0,0.3,0,1.8,1.8,354.0,0,0.21,0,0.00049,0
2024,2536,NALHATI RAILWAY STATION OF BIRBHUM,West Bengal,27.0,28.0,6.84,7.16,972.0,1099.0,1.0,1.0,0.63,10.07,1.8,1.8,1.8,2.0,622.0,832.0,0.24,0.35,0.006,0.006,27.5,0,7.0,0,1035.5,1.0,5.3500000000000005,0,1.8,1.9,727.0,0,0.295,0,0.006,0
2024,2537,BOLPUR NEAR RAILWAY STATION,West Bengal,28.0,28.0,6.35,6.35,205.0,205.0,1.0,1.0,0.61,0.61,1.8,1.8,1.8,1.8,164.0,164.0,0.43,0.43,,,28.0,0,6.35,0,205.0,1.0,0.61,0,1.8,1.8,164.0,0,0.43,0,,0
2024,2538,MOREGRAM CROSSING,West Bengal,26.0,26.0,7.36,7.36,415.0,415.0,1.0,1.0,6.96,6.96,1.8,1.8,1.8,1.8,218.0,218.0,0.45,0.45,,,26.0,0,7.36,0,415.0,1.0,6.96,0,1.8,1.8,218.0,0,0.45,0,,0
2024,2540,SATI GHAT AT BANKURA TOWN,West Bengal,23.0,23.0,6.82,6.82,1318.0,1318.0,1.0,1.0,1.22,1.22,1.8,1.8,1.8,1.8,746.0,746.0,0.72,0.72,,,23.0,0,6.82,0,1318.0,1.0,1.22,0,1.8,1.8,746.0,0,0.72,0,,0
2024,2542,DWARIKA AT BISHNUPUR TOWN,West Bengal,27.0,27.0,7.04,7.04,1313.0,1313.0,1.0,1.0,5.98,5.98,1.8,1.8,1.8,1.8,782.0,782.0,0.65,0.65,,,27.0,0,7.04,0,1313.0,1.0,5.98,0,1.8,1.8,782.0,0,0.65,0,,0
2024,2543,SDO OFFICE AT BISHNUPUR TOWN,West Bengal,27.5,27.5,5.8,5.8,315.0,315.0,1.0,1.0,8.53,8.53,1.8,1.8,1.8,1.8,256.0,256.0,0.2,0.2,,,27.5,0,5.8,0,315.0,1.0,8.53,0,1.8,1.8,256.0,0,0.2,0,,0
2024,2545,GROUND WATER POINT AT PURULIA RK,West Bengal,23.0,23.0,6.68,6.68,1774.0,1774.0,1.0,1.0,4.15,4.15,1.8,1.8,1.8,1.8,1118.0,1118.0,0.41,0.41,,,23.0,0,6.68,0,1774.0,1.0,4.15,0,1.8,1.8,1118.0,0,0.41,0,,0
2024,2546,ULUBERIA COLLEGE AT HOWRAH MISSION,West Bengal,21.0,31.0,7.24,7.46,917.0,953.0,1.0,1.0,0.33,0.46,1.8,1.8,1.8,1.8,578.0,588.0,0.2,0.2,0.00049,0.00049,26.0,0,7.35,0,935.0,1.0,0.395,0,1.8,1.8,583.0,0,0.2,0,0.00049,0
2024,2547,"AMTOLA ON DIAMOND HARBOUR ROAD,",West Bengal,25.0,32.0,7.13,7.43,3109.0,3420.0,1.0,1.0,0.48,0.58,1.8,7.8,1.8,23.0,2010.0,2090.0,0.32,0.33,0.00049,0.00049,28.5,0,7.279999999999999,0,3264.5,1.0,0.53,0,4.8,12.4,2050.0,1,0.325,0,0.00049,0
2024,2548,"HIDCO OFFICE, RAJARHAT 24 PARGANAS (S)",West Bengal,25.0,30.0,7.35,7.4,1494.0,1584.0,1.0,1.0,0.4,0.46,4.5,13.0,33.0,49.0,756.0,984.0,0.31,0.33,0.00049,0.00049,27.5,0,7.375,0,1539.0,1.0,0.43000000000000005,0,8.75,41.0,870.0,0,0.32,0,0.00049,0
2024,4706,GROUND WATER AT KHARDAH,West Bengal,26.0,28.0,7.79,7.86,1007.0,1176.0,1.0,1.0,0.3,0.41,1.8,1.8,1.8,1.8,522.0,542.0,0.44,0.62,0.00049,0.00049,27.0,0,7.825,0,1091.5,1.0,0.355,0,1.8,1.8,532.0,0,0.53,0,0.00049,0
2024,4707,GROUND WATER AT NAIHATI,West Bengal,29.0,29.0,6.62,7.39,320.0,544.0,1.0,1.0,0.3,1.46,1.8,1.8,1.8,1.8,176.0,256.0,0.2,0.4,0.00049,0.00049,29.0,0,7.005,0,432.0,1.0,0.88,0,1.8,1.8,216.0,0,0.30000000000000004,0,0.00049,0
2024,4708,GROUND WATER AT BERHAMPORE,West Bengal,26.0,28.0,7.14,7.34,959.0,1149.0,1.0,1.0,0.51,1.37,1.8,2.0,2.0,7.8,406.0,522.0,0.2,0.29,0.00049,0.00049,27.0,0,7.24,0,1054.0,1.0,0.9400000000000001,0,1.9,4.9,464.0,0,0.245,0,0.00049,0
2024,4709,GROUND WATER AT CHINSURA,West Bengal,29.0,32.0,7.66,7.67,439.0,502.0,1.0,1.0,0.3,0.42,1.8,1.8,1.8,1.8,202.0,232.0,0.2,0.41,0.00049,0.00049,30.5,0,7.665,0,470.5,1.0,0.36,0,1.8,1.8,217.0,0,0.305,0,0.00049,0
2024,4712,BORE WELL INSIDE M/S UNITED,West Bengal,31.0,32.0,7.1,7.56,1362.0,1701.0,1.0,1.0,0.3,0.55,1.8,1.8,1.8,1.8,782.0,806.0,0.2,0.27,0.00049,0.00049,31.5,0,7.33,0,1531.5,1.0,0.42500000000000004,0,1.8,1.8,794.0,0,0.23500000000000001,0,0.00049,0
2024,4713,PHOSPHOROUS LIMITED TUB WELL BESIDE GREEN BELT CANAL,West Bengal,28.0,33.0,7.3,7.48,1599.0,1950.0,1.0,1.0,0.31,0.69,1.8,1.8,1.8,1.8,846.0,1024.0,0.2,0.29,0.014,0.014,30.5,0,7.390000000000001,0,1774.5,1.0,0.5,0,1.8,1.8,935.0,0,0.245,0,0.014,0
2024,4714,POINT NO.8 GROUND WATER AT ANGADPUR,West Bengal,28.5,28.5,6.7,6.7,832.0,832.0,1.0,1.0,2.49,2.49,1.8,1.8,1.8,1.8,542.0,542.0,0.69,0.69,,,28.5,0,6.7,0,832.0,1.0,2.49,0,1.8,1.8,542.0,0,0.69,0,,0
2024,4715,ANGADPUR DURGAPUR GROUND WATER AT MUCHIPARA,West Bengal,28.0,28.0,5.49,5.49,305.0,305.0,1.0,1.0,6.67,6.67,1.8,1.8,1.8,1.8,260.0,260.0,0.2,0.2,,,28.0,0,5.49,0,305.0,1.0,6.67,0,1.8,1.8,260.0,0,0.2,0,,0
2024,4716,"DURGAPUR GROUND WATER AT HURALALPUR,",West Bengal,24.0,24.0,7.06,7.06,1466.0,1466.0,1.0,1.0,3.31,3.31,1.8,1.8,2.2,2.2,824.0,824.0,0.52,0.52,,,24.0,0,7.06,0,1466.0,1.0,3.31,0,1.8,2.2,824.0,0,0.52,0,,0
2024,4721,GROUND WATER AT MATIGARA BAZAAR PURULIA,West Bengal,26.0,29.0,7.06,7.53,68.0,122.0,1.0,1.2,0.3,0.5,1.8,1.8,1.8,1.8,41.0,80.0,0.2,0.2,0.00049,0.00049,27.5,0,7.295,0,95.0,1.1,0.4,0,1.8,1.8,60.5,0,0.2,0,0.00049,0
2024,4726,GROUND WATER MIRIK DUGWELL,West Bengal,18.0,18.0,7.06,7.25,231.0,325.0,1.0,1.0,0.86,4.13,1.8,1.8,1.8,1.8,80.0,266.0,0.3,0.32,0.00049,0.00049,18.0,0,7.154999999999999,0,278.0,1.0,2.495,0,1.8,1.8,173.0,0,0.31,0,0.00049,0
2024,4730,GROUND WATER (DUGWELL) AT,West Bengal,27.0,29.0,6.91,7.15,387.0,573.0,1.0,1.0,1.97,3.07,1.8,1.8,1.8,1.8,200.0,320.0,0.2,0.23,0.00049,0.00049,28.0,0,7.03,0,480.0,1.0,2.52,0,1.8,1.8,260.0,0,0.21500000000000002,0,0.00049,0
2024,4731,HARISHPAL MORE GROUNDWATER AT UTTARBANGA KRISHI,West Bengal,27.0,28.0,7.26,7.5,222.0,515.0,1.0,1.0,0.89,1.29,1.8,1.8,1.8,1.8,150.0,310.0,0.2,0.2,0.00049,0.00049,27.5,0,7.38,0,368.5,1.0,1.09,0,1.8,1.8,230.0,0,0.2,0,0.00049,0
2024,4732,VISHWAVIDYALAYA GROUNDWATER AT ANANDA MOHAN,West Bengal,25.0,28.0,6.85,7.3,170.0,285.0,1.0,1.4,1.5,8.7,1.8,1.8,1.8,1.8,103.0,189.0,0.22,0.35,0.00049,0.00049,26.5,0,7.074999999999999,0,227.5,1.2,5.1,0,1.8,1.8,146.0,0,0.285,0,0.00049,0
2024,4733,COMMERCE COLLEGE GROUNDWATER AT SUKNA FOREST,West Bengal,25.0,28.0,6.92,7.52,120.0,184.0,1.0,1.5,0.3,0.3,1.8,1.8,1.8,1.8,58.0,83.0,0.2,0.2,0.004,0.004,26.5,0,7.22,0,152.0,1.25,0.3,0,1.8,1.8,70.5,0,0.2,0,0.004,0
2024,4734,TUBE WELL INSIDE MAHISHADAL RAJBARI RANGE,West Bengal,28.0,30.0,7.4,7.83,1011.0,1063.0,1.0,1.0,0.3,0.3,1.8,1.8,1.8,1.8,622.0,746.0,0.32,0.33,0.00049,0.00049,29.0,0,7.615,0,1037.0,1.0,0.3,0,1.8,1.8,684.0,0,0.325,0,0.00049,0
2024,4735,TUBE WELL INSIDE MECHEDA BUS STAND,West Bengal,20.0,28.0,7.2,7.29,871.0,871.0,1.0,1.0,0.3,2.13,1.8,1.8,1.8,1.8,422.0,428.0,0.2,0.32,0.00049,0.00049,24.0,0,7.245,0,871.0,1.0,1.2149999999999999,0,1.8,1.8,425.0,0,0.26,0,0.00049,0
2024,4736,TUBE WELL AT OLD DIGHA,West Bengal,28.0,28.0,7.3,7.72,1406.0,2024.0,1.0,1.0,0.71,1.32,1.8,1.8,1.8,1.8,746.0,1422.0,0.2,0.41,0.011,0.011,28.0,0,7.51,0,1715.0,1.0,1.0150000000000001,0,1.8,1.8,1084.0,0,0.305,0,0.011,0
2024,4737,GROUND WATER AT SHYAMPUR BUDGE,West Bengal,24.0,24.0,7.49,7.49,753.0,753.0,1.0,1.0,0.3,0.3,1.8,1.8,1.8,1.8,490.0,490.0,0.2,0.2,0.00049,0.00049,24.0,0,7.49,0,753.0,1.0,0.3,0,1.8,1.8,490.0,0,0.2,0,0.00049,0
