Year,STN_Code,Monitoring_Location,State,Temp_Min_C,Temp_Max_C,pH_Min,pH_Max,Conductivity_Min,Conductivity_Max,BOD_Min,BOD_Max,NitrateN_NitriteN_Min,NitrateN_NitriteN_Max,Fecal_Coliform_Min,Fecal_Coliform_Max,Total_Coliform_Min,Total_Coliform_Max,TDS_Min,TDS_Max,Fluoride_Min,Fluoride_Max,Arsenic_Min,Arsenic_Max,Temp_Mean,Temp_Exceeds_BIS,pH_Mean,pH_Exceeds_BIS,Conductivity_Mean,BOD_Mean,NitrateN_NitriteN_Mean,NitrateN_NitriteN_Exceeds_BIS,Fecal_Coliform_Mean,Total_Coliform_Mean,TDS_Mean,TDS_Exceeds_BIS,Fluoride_Mean,Fluoride_Exceeds_BIS,Arsenic_Mean,Arsenic_Exceeds_BIS
2022,1533,"CENTRE, THUMAKUNTA (V), PRADESH HINDUPUR (M) BOREWELL AT APIIC OFFICE ANDHRA INDUSTRIAL ESTATE, PRADESH ANANTAPUR(M) GROUND WATER AT DIGBOI,",Assam,22.0,27.0,6.9,7.2,308.0,313.0,2.4,2.5,0.8,1.0,,,,,176.0,212.0,0.3,0.31,0.01,0.01,24.5,0,7.050000000000001,0,310.5,2.45,0.9,0,,,194.0,0,0.305,0,0.01,0
2022,1534,"TINSUKIA DISTT., ASSAM GROUND WATER AT KARBI",Assam,26.0,26.0,7.0,7.0,268.0,268.0,2.5,2.5,1.4,1.4,,,,,186.0,186.0,0.32,0.32,0.01,0.01,26.0,0,7.0,0,268.0,2.5,1.4,0,,,186.0,0,0.32,0,0.01,0
2022,1535,"GOVT ME SCHOOL WARD 6, RED ANGLONG TOWN, ASSAM GROUND WATER AT SIVASAGAR",Assam,20.0,26.0,6.8,7.0,295.0,298.0,2.3,2.4,0.8,0.9,,,,,166.0,190.0,0.3,0.31,0.01,0.01,23.0,0,6.9,0,296.5,2.3499999999999996,0.8500000000000001,0,,,178.0,0,0.305,0,0.01,0
2022,1536,"BPMS H.S. SCHOOL SONARI CROSS ROAD , ASSAM GROUND WATER FROM NEAR",Assam,22.0,24.0,6.9,7.2,378.0,385.0,2.5,2.6,0.8,1.0,360.0,360.0,910.0,910.0,212.0,236.0,0.3,0.31,0.01,0.01,23.0,0,7.050000000000001,0,381.5,2.55,0.9,0,360.0,910.0,224.0,0,0.305,0,0.01,0
2022,1537,TOWN DIST CHARAIDEO GROUND WATER FROM JORHAT,Assam,18.0,26.0,6.9,7.8,274.0,366.0,2.4,2.6,0.8,0.9,,,,,196.0,204.0,0.28,0.31,0.01,0.01,22.0,0,7.35,0,320.0,2.5,0.8500000000000001,0,,,200.0,0,0.29500000000000004,0,0.01,0
2022,1538,"TOWN, ASSAM GROUND WATER FROM SILCHAR",Assam,24.0,24.0,6.8,6.8,126.0,126.0,2.0,2.0,1.0,1.0,,,,,80.0,80.0,0.26,0.26,0.01,0.01,24.0,0,6.8,0,126.0,2.0,1.0,0,,,80.0,0,0.26,0,0.01,0
2022,1539,"TOWN , ASSAM GROUND WATER FROM BARPETA",Assam,29.0,29.0,7.6,7.6,166.0,166.0,2.5,2.5,0.9,0.9,,,,,124.0,124.0,0.32,0.32,0.02,0.02,29.0,0,7.6,0,166.0,2.5,0.9,0,,,124.0,0,0.32,0,0.02,0
2022,1540,"TOWN, ASSAM GROUND WATER FROM",Assam,27.0,30.0,6.8,6.9,312.0,318.0,2.3,2.4,0.7,0.9,,,,,182.0,198.0,0.31,0.32,0.01,0.01,28.5,0,6.85,0,315.0,2.3499999999999996,0.8,0,,,190.0,0,0.315,0,0.01,0
2022,1541,"BONAIGAON TOWN, ASSAM GROUND WATER FROM",Assam,25.0,25.0,6.7,6.8,342.0,346.0,2.3,2.5,0.8,0.9,,,,,190.0,216.0,0.3,0.31,0.01,0.01,25.0,0,6.75,0,344.0,2.4,0.8500000000000001,0,,,203.0,0,0.305,0,0.01,0
2022,1542,"MAZAR, NATBOMA HATIGAON, NOONMATI GUWAHATI, ASSAM GROUND WATER FROM SIJUBARI",Assam,22.0,30.0,7.2,7.4,358.0,363.0,2.3,2.4,0.8,0.9,,,,,122.0,206.0,0.3,0.33,0.01,0.01,26.0,0,7.300000000000001,0,360.5,2.3499999999999996,0.8500000000000001,0,,,164.0,0,0.315,0,0.01,0
2022,2243,"GUWAHATI GROUND WATER FROM LEDO,",Assam,23.0,23.0,6.9,7.4,290.0,295.0,2.3,2.4,0.9,1.0,,,,,168.0,180.0,0.29,0.3,0.01,0.01,23.0,0,7.15,0,292.5,2.3499999999999996,0.95,0,,,174.0,0,0.295,0,0.01,0
2022,2244,"MARGHERITA, ASSAM GROUND WATER FROM NAZIRA,",Assam,20.0,25.0,6.9,7.1,356.0,362.0,2.4,2.6,0.9,1.1,,,,,202.0,226.0,0.28,0.31,0.01,0.01,22.5,0,7.0,0,359.0,2.5,1.0,0,,,214.0,0,0.29500000000000004,0,0.01,0
2022,2245,NUMALIGARH (NEAR NRL TE GROUND WATER FROM,Assam,25.0,26.0,6.8,6.9,214.0,220.0,2.4,2.6,0.8,0.9,,,,,126.0,140.0,0.29,0.31,0.01,0.01,25.5,0,6.85,0,217.0,2.5,0.8500000000000001,0,,,133.0,0,0.3,0,0.01,0
2022,2246,"LABOR COLONY), ASSAM GROUND WATER FROM",Assam,23.0,23.0,7.1,7.1,196.0,196.0,2.6,2.6,1.2,1.2,,,,,136.0,136.0,0.33,0.33,0.01,0.01,23.0,0,7.1,0,196.0,2.6,1.2,0,,,136.0,0,0.33,0,0.01,0
2022,2247,GROUND WATER FROM,Assam,23.0,23.0,7.0,7.0,264.0,264.0,2.5,2.5,1.4,1.4,,,,,178.0,178.0,0.32,0.32,0.01,0.01,23.0,0,7.0,0,264.0,2.5,1.4,0,,,178.0,0,0.32,0,0.01,0
2022,2248,"SILAPATHAR, ASSAM GROUND WATER FROM",Assam,22.0,26.0,7.6,7.7,258.0,262.0,2.4,2.6,0.7,0.9,,,,,146.0,172.0,0.28,0.33,0.01,0.01,24.0,0,7.65,0,260.0,2.5,0.8,0,,,159.0,0,0.30500000000000005,0,0.01,0
2022,2249,"LAKHIMPUR TOWN, ASSAM GROUND WATER FROM TEZPUR",Assam,26.0,26.0,6.8,7.0,280.0,280.0,2.1,2.6,0.8,1.4,,,,,168.0,190.0,0.3,0.33,0.01,0.01,26.0,0,6.9,0,280.0,2.35,1.1,0,,,179.0,0,0.315,0,0.01,0
2022,2250,"(MISSION CHARIALI), ASSAM GROUND WATER FROM NAGAON",Assam,24.0,24.0,6.9,7.1,320.0,324.0,2.5,2.6,0.9,1.0,,,,,180.0,206.0,0.29,0.31,0.01,0.02,24.0,0,7.0,0,322.0,2.55,0.95,0,,,193.0,0,0.3,0,0.015,0
2022,2251,"JAGIROAD NEAR HPC EFFLUENT (PANIGAON), ASSAM GROUND WATER FROM",Assam,23.0,27.0,6.0,7.0,352.0,358.0,2.5,2.7,0.9,1.0,,,,,202.0,220.0,0.29,0.32,0.01,0.01,25.0,0,6.5,0,355.0,2.6,0.95,0,,,211.0,0,0.305,0,0.01,0
2022,2252,"DUMPING SITE AT GARCHUK- DISCHARGE POINT, ASSAM GROUND WATER NEAR MSW",Assam,22.0,27.0,7.1,7.6,392.0,398.0,2.7,2.8,1.0,1.1,,,,,222.0,242.0,0.28,0.3,0.01,0.03,24.5,0,7.35,0,395.0,2.75,1.05,0,,,232.0,0,0.29000000000000004,0,0.02,0
2022,2253,"GUWAHATI, ASSAM GROUND WATER FROM",Assam,19.0,20.0,7.0,7.2,340.0,344.0,2.5,2.6,0.9,2.5,,,,,194.0,218.0,0.26,0.3,0.01,0.01,19.5,0,7.1,0,342.0,2.55,1.7,0,,,206.0,0,0.28,0,0.01,0
2022,2254,"NALBARI, ASSAM GROUND WATER FROM BARPETA",Assam,32.0,32.0,7.4,7.4,158.0,158.0,2.6,2.6,0.9,0.9,,,,,120.0,120.0,0.32,0.32,0.02,0.02,32.0,0,7.4,0,158.0,2.6,0.9,0,,,120.0,0,0.32,0,0.02,0
2022,2255,"ROAD(RLY STATION), ASSAM GROUND WATER NEAR BPRL,",Assam,26.0,30.0,6.8,7.0,310.0,347.0,2.5,2.6,0.8,0.9,,,,,196.0,198.0,0.28,0.32,0.01,0.02,28.0,0,6.9,0,328.5,2.55,0.8500000000000001,0,,,197.0,0,0.30000000000000004,0,0.015,0
2022,2256,"KOKRAJHAR DISTRICT (HS DHALIGAON, ASSAM GROUND WATER FROM",Assam,25.0,30.0,6.9,7.7,342.0,348.0,2.4,2.5,0.8,1.0,,,,,196.0,212.0,0.32,0.33,0.01,0.02,27.5,0,7.300000000000001,0,345.0,2.45,0.9,0,,,204.0,0,0.325,0,0.015,0
2022,2257,"DISTRICT (COLLEGE NAGAR ), SCHOOL ), ASSAM GROUND WATER FROM DHUBRI",Assam,24.0,29.0,6.8,7.2,316.0,342.0,2.4,2.6,0.8,0.9,,,,,180.0,210.0,0.3,0.3,0.01,0.04,26.5,0,7.0,0,329.0,2.5,0.8500000000000001,0,,,195.0,0,0.3,0,0.025,0
2022,2258,GOALPARA DIST. (GOALPARA GROUND WATER FROM,Assam,27.0,31.0,6.8,6.9,332.0,336.0,2.3,2.4,1.0,1.1,,,,,190.0,206.0,0.28,0.31,0.01,0.01,29.0,0,6.85,0,334.0,2.3499999999999996,1.05,0,,,198.0,0,0.29500000000000004,0,0.01,0
2022,2259,"COLLEGE ), ASSAM GROUND WATER FROM DIPHU",Assam,28.0,28.0,6.9,6.9,264.0,264.0,2.6,2.6,1.6,1.6,,,,,188.0,188.0,0.33,0.33,0.01,0.01,28.0,0,6.9,0,264.0,2.6,1.6,0,,,188.0,0,0.33,0,0.01,0
2022,2261,"(GOVT. COLLEGE), ASSAM GROUND WATER FROM",Assam,14.0,14.0,7.0,7.0,113.0,113.0,2.2,2.2,1.0,1.0,,,,,72.0,72.0,0.28,0.28,0.01,0.01,14.0,0,7.0,0,113.0,2.2,1.0,0,,,72.0,0,0.28,0,0.01,0
2022,2262,"HAFLONG, ASSAM GROUND WATER FROM",Assam,22.0,24.0,6.8,6.9,126.0,132.0,2.5,2.6,1.0,1.1,,,,,80.0,96.0,0.31,0.32,0.01,0.01,23.0,0,6.85,0,129.0,2.55,1.05,0,,,88.0,0,0.315,0,0.01,0
2022,2263,"HIALAKANDI (NEAR ASTC BUS KARIMGANJ (COLLEGE), ASSAM GROUND WATER FROM",Assam,24.0,24.0,6.9,7.0,182.0,186.0,2.2,2.3,0.8,0.9,,,,,112.0,126.0,0.28,0.31,0.01,0.01,24.0,0,6.95,0,184.0,2.25,0.8500000000000001,0,,,119.0,0,0.29500000000000004,0,0.01,0
2022,2264,"PANCHGRAM MARKET NEAR STAND ), ASSAM GROUND WATER IN",Assam,22.0,23.0,6.8,7.2,152.0,156.0,2.4,2.7,0.8,0.9,,,,,96.0,106.0,0.26,0.3,0.01,0.02,22.5,0,7.0,0,154.0,2.55,0.8500000000000001,0,,,101.0,0,0.28,0,0.015,0
2022,3761,"CACHAR PAPER MILL, ASSAM GROUND WATER FROM",Assam,22.0,25.0,7.4,7.5,262.0,270.0,2.4,2.6,0.8,1.1,,,,,148.0,158.0,0.3,0.31,0.01,0.01,23.5,0,7.45,0,266.0,2.5,0.9500000000000001,0,,,153.0,0,0.305,0,0.01,0
2022,3762,MUNICIPAL WASTE PROCESSING GROUND WATER NEAR,Assam,26.0,26.0,6.6,7.1,246.0,278.0,2.3,2.4,0.8,1.6,,,,,166.0,166.0,0.27,0.33,0.01,0.01,26.0,0,6.85,0,262.0,2.3499999999999996,1.2000000000000002,0,,,166.0,0,0.30000000000000004,0,0.01,0
2022,3766,"FACILITY, MORABHARLI, TEZPUR GROUND WATER FROM",Assam,26.0,27.0,6.8,7.0,196.0,360.0,2.1,2.2,0.9,1.2,,,,,134.0,204.0,0.28,0.36,0.01,0.01,26.5,0,6.9,0,278.0,2.1500000000000004,1.05,0,,,169.0,0,0.32,0,0.01,0
2022,3770,MANGALDOI TOWN GROUND WATER NEAR GARMUR,Assam,20.0,25.0,6.9,7.0,240.0,245.0,2.6,2.7,0.9,1.0,,,,,140.0,162.0,0.28,0.3,0.01,0.01,22.5,0,6.95,0,242.5,2.6500000000000004,0.95,0,,,151.0,0,0.29000000000000004,0,0.01,0
2022,3771,"RECREATION GROUND, JORHAT GROUND WATER FROM TITABAR",Assam,19.0,26.0,6.9,8.0,422.0,428.0,2.4,2.5,1.0,1.1,,,,,232.0,266.0,0.28,0.3,0.01,0.01,22.5,0,7.45,0,425.0,2.45,1.05,0,,,249.0,0,0.29000000000000004,0,0.01,0
2022,3779,"URBAN WATER SUPPLY, TITABAR GROUND WATER FROM",Assam,24.0,24.0,6.8,6.8,194.0,194.0,2.1,2.1,1.6,1.6,,,,,132.0,132.0,0.33,0.33,0.01,0.01,24.0,0,6.8,0,194.0,2.1,1.6,0,,,132.0,0,0.33,0,0.01,0
2022,3782,"KODOMONI PWSS COMPLEX, GARMUR, MAJULI GROUND WATER FROM NIZ",Assam,23.0,23.0,6.3,6.3,176.0,176.0,2.5,2.5,1.0,1.0,,,,,122.0,122.0,0.32,0.32,0.01,0.01,23.0,0,6.3,0,176.0,2.5,1.0,0,,,122.0,0,0.32,0,0.01,0
2022,3785,"DIBRUGARH GROUND WATER FROM BORBEEL NO. 1 , RAM NAGAR,",Assam,22.0,23.0,6.8,6.9,260.0,264.0,2.4,2.5,0.9,1.0,,,,,150.0,176.0,0.28,0.31,0.01,0.01,22.5,0,6.85,0,262.0,2.45,0.95,0,,,163.0,0,0.29500000000000004,0,0.01,0
2022,3790,"DIGBOI, PUBLIC WATER SUPPLY, TINSUKIA GROUND WATER NEAR GOGAMUKH PUBLIC WATER",Assam,23.0,23.0,7.1,7.1,212.0,212.0,2.2,2.2,1.4,1.4,,,,,146.0,146.0,0.31,0.31,0.01,0.01,23.0,0,7.1,0,212.0,2.2,1.4,0,,,146.0,0,0.31,0,0.01,0
2022,3793,"COLONY (NAGABALI) SUPPLY SCHEME, GOGAMUKH, DHEMAJI TUBE WELL AT R/O SRI TANKESWAR DAS, RUPJYOTI",Assam,27.0,27.0,7.2,7.2,242.0,242.0,2.5,2.5,1.0,1.0,,,,,166.0,166.0,0.31,0.31,0.01,0.01,27.0,0,7.2,0,242.0,2.5,1.0,0,,,166.0,0,0.31,0,0.01,0
2022,3794,"MUNICIPALITY DUMPING SITE, GOLAGHAT TUBE WELL AT R/O SRI ANIL BAORA AT BOSAGAON NEAR BY",Assam,26.0,26.0,7.4,7.5,298.0,303.0,2.4,2.6,0.8,0.9,,,,,170.0,178.0,0.28,0.3,0.01,0.01,26.0,0,7.45,0,300.5,2.5,0.8500000000000001,0,,,174.0,0,0.29000000000000004,0,0.01,0
2022,3795,"GORONGA GIRLS ME SCHOOL, THE ATHKHALIA, NAMGHAR, PO: PULIKAITONI TUBE WELL OF WOKHA",Assam,26.0,26.0,7.1,7.4,342.0,345.0,2.5,2.6,0.9,1.0,,,,,192.0,208.0,0.3,0.31,0.01,0.01,26.0,0,7.25,0,343.5,2.55,0.95,0,,,200.0,0,0.305,0,0.01,0
2022,3801,"MEHEPUR TRENCHING GROUND, GOROUNGA TINIALI, FURKATING GROUND WATER FROM",Assam,23.0,24.0,6.8,6.9,201.0,212.0,2.4,2.5,0.9,1.0,,,,,118.0,132.0,0.28,0.31,0.01,0.01,23.5,0,6.85,0,206.5,2.45,0.95,0,,,125.0,0,0.29500000000000004,0,0.01,0
2022,3802,"MEHERPUR, CACHAR GROUND WATER FROM MEHEPUR NEAR A CLUSTER OF",Assam,23.0,24.0,7.0,7.2,206.0,216.0,2.3,2.5,0.8,0.9,,,,,120.0,138.0,0.29,0.31,0.01,0.01,23.5,0,7.1,0,211.0,2.4,0.8500000000000001,0,,,129.0,0,0.3,0,0.01,0
2022,3805,"BADARPUR INDUSTRIAL AREA AT NURSING HOME & DIAGNOSTIC CENTRE, MEHERPUR, CACHAR GROUND WATER NEAR",Assam,23.0,24.0,6.8,7.2,158.0,162.0,2.3,2.4,1.0,1.1,,,,,98.0,112.0,0.3,0.31,0.01,0.01,23.5,0,7.0,0,160.0,2.3499999999999996,1.05,0,,,105.0,0,0.305,0,0.01,0
2022,3813,"GROUND WATER FROM BONDA,",Assam,24.0,25.0,6.7,6.9,324.0,328.0,2.4,2.6,0.7,0.9,,,,,180.0,206.0,0.28,0.32,0.01,0.01,24.5,0,6.800000000000001,0,326.0,2.5,0.8,0,,,193.0,0,0.30000000000000004,0,0.01,0
2022,3815,GUWAHATI GROUND WATER FROM,Assam,24.0,24.0,6.8,7.0,198.0,346.0,2.2,2.5,0.7,1.0,,,,,142.0,190.0,0.28,0.32,0.01,0.01,24.0,0,6.9,0,272.0,2.35,0.85,0,,,166.0,0,0.30000000000000004,0,0.01,0
2022,3816,"KHANAPARA, GUWAHATI GROUND WATER FROM",Assam,24.0,24.0,6.9,7.2,210.0,370.0,2.3,2.4,0.8,1.2,,,,,148.0,202.0,0.31,0.32,0.01,0.01,24.0,0,7.050000000000001,0,290.0,2.3499999999999996,1.0,0,,,175.0,0,0.315,0,0.01,0
2022,3817,"BASISTHA, GUWAHATI GROUND WATER FROM",Assam,26.0,27.0,7.02,7.4,338.0,352.0,2.3,2.4,0.8,2.4,,,,,186.0,220.0,0.28,0.36,0.01,0.01,26.5,0,7.21,0,345.0,2.3499999999999996,1.6,0,,,203.0,0,0.32,0,0.01,0
2022,3818,"KAHILIPARA, GUWAHATI GROUND WATER FROM",Assam,27.0,27.0,6.9,7.4,342.0,367.0,2.4,2.7,0.9,1.8,,,,,202.0,226.0,0.27,0.32,0.01,0.01,27.0,0,7.15,0,354.5,2.55,1.35,0,,,214.0,0,0.29500000000000004,0,0.01,0
2022,4001,"MALIGAON, GUWAHATI GROUND WATER FROM",Assam,24.0,26.0,6.8,7.0,266.0,330.0,2.3,2.3,0.8,1.4,,,,,178.0,188.0,0.3,0.33,0.01,0.01,25.0,0,6.9,0,298.0,2.3,1.1,0,,,183.0,0,0.315,0,0.01,0
2022,4002,PANJABARI GROUND WATER FROM,Assam,27.0,27.0,7.0,7.3,216.0,346.0,2.4,2.6,0.8,1.2,,,,,132.0,190.0,0.29,0.33,0.01,0.01,27.0,0,7.15,0,281.0,2.5,1.0,0,,,161.0,0,0.31,0,0.01,0
2022,4003,SANTIPUR GROUND WATER FROM TEZPUR,Assam,26.0,26.0,7.0,7.0,164.0,254.0,2.2,2.5,0.7,1.5,,,,,98.0,178.0,0.28,0.33,0.01,0.01,26.0,0,7.0,0,209.0,2.35,1.1,0,,,138.0,0,0.30500000000000005,0,0.01,0
2022,4007,COLLEGIATE HIGH SCHOOL,Assam,22.0,25.0,6.9,7.2,190.0,293.0,2.2,2.6,0.8,1.4,,,,,128.0,170.0,0.26,0.32,0.01,0.01,23.5,0,7.050000000000001,0,241.5,2.4000000000000004,1.1,0,,,149.0,0,0.29000000000000004,0,0.01,0
2022,4008,GROUND WATER FROM LAKWAH,Assam,21.0,25.0,7.7,7.7,221.0,295.0,2.2,2.5,0.8,0.9,,,,,126.0,168.0,0.27,0.34,0.01,0.01,23.0,0,7.7,0,258.0,2.35,0.8500000000000001,0,,,147.0,0,0.30500000000000005,0,0.01,0
2022,4303,GROUND WATER FROM GELEKY GROUND WATER FROM,Assam,24.0,24.0,6.9,7.3,242.0,322.0,2.3,2.4,0.9,1.2,,,,,172.0,178.0,0.28,0.32,0.01,0.01,24.0,0,7.1,0,282.0,2.3499999999999996,1.05,0,,,175.0,0,0.30000000000000004,0,0.01,0
2022,4327,SATGAON GROUND WATER FROM RAILWAY,Assam,25.0,26.0,6.7,6.9,212.0,326.0,2.2,2.5,0.8,1.0,,,,,148.0,188.0,0.29,0.33,0.01,0.01,25.5,0,6.800000000000001,0,269.0,2.35,0.9,0,,,168.0,0,0.31,0,0.01,0
2022,4328,"STATION ROAD, ROWTA GROUND WATER BESIDE MSW",Assam,24.0,28.0,6.8,7.8,210.0,337.0,2.3,2.6,0.7,1.4,,,,,140.0,188.0,0.29,0.3,0.01,0.01,26.0,0,7.3,0,273.5,2.45,1.0499999999999998,0,,,164.0,0,0.295,0,0.01,0
2022,4330,"PANGRAM STONE CRASHER DUMPING SITE, DHEKIAJULI GROUND WATER NEAR",Assam,22.0,22.0,7.0,7.0,142.0,142.0,2.2,2.2,0.7,0.7,,,,,88.0,88.0,0.3,0.3,0.01,0.01,22.0,0,7.0,0,142.0,2.2,0.7,0,,,88.0,0,0.3,0,0.01,0
2022,4333,CLUSTER GROUND WATER FROM DEMOW,Assam,25.0,27.0,7.2,7.5,220.0,326.0,2.2,2.3,0.8,0.8,,,,,128.0,188.0,0.27,0.3,0.01,0.01,26.0,0,7.35,0,273.0,2.25,0.8,0,,,158.0,0,0.28500000000000003,0,0.01,0
2022,4335,"WATER SUPPLY DEMOW TOWN GROUND WATER FROM AMGURI,",Assam,20.0,28.0,7.0,7.6,242.0,256.0,2.0,2.5,0.8,1.1,,,,,138.0,146.0,0.26,0.3,0.01,0.01,24.0,0,7.3,0,249.0,2.25,0.9500000000000001,0,,,142.0,0,0.28,0,0.01,0
2022,4338,PUKHURI KUKURACHOWA AMGURI TOWN GROUND WATER FORM TENGA,Assam,24.0,26.0,6.9,7.7,122.0,267.0,2.3,2.3,0.8,1.4,,,,,84.0,158.0,0.28,0.32,0.01,0.01,25.0,0,7.300000000000001,0,194.5,2.3,1.1,0,,,121.0,0,0.30000000000000004,0,0.01,0
2022,4339,TOWN PIPE WATER SUPPLY WATER SUPPLY TENGA PUKHURI GROUND WATER NEAR NAGAON,Assam,21.0,21.0,6.9,6.9,186.0,186.0,2.5,2.5,1.4,1.4,,,,,126.0,126.0,0.34,0.34,,,21.0,0,6.9,0,186.0,2.5,1.4,0,,,126.0,0,0.34,0,,0
2022,4340,"SCHEME(Z-111), NAGAON GROUND WATER FROM NAGAON",Assam,21.0,21.0,6.8,6.8,196.0,196.0,2.6,2.6,1.2,1.2,,,,,134.0,134.0,0.33,0.33,0.01,0.01,21.0,0,6.8,0,196.0,2.6,1.2,0,,,134.0,0,0.33,0,0.01,0
2022,5143,"DHEKIAJULI TOWN COLLEGE, NAGAON GROUND WATER FROM",Assam,24.0,26.0,6.8,6.8,206.0,369.0,2.0,2.4,0.7,1.2,,,,,138.0,208.0,0.27,0.31,0.01,0.01,25.0,0,6.8,0,287.5,2.2,0.95,0,,,173.0,0,0.29000000000000004,0,0.01,0
2022,1825,"BAZAR WATER TANK, BORE WELL WATER AT KATRA",Bihar,19.0,22.0,7.13,7.18,415.0,580.0,,,,,4.5,350.0,7.8,920.0,294.0,414.0,0.34,0.54,,,20.5,0,7.154999999999999,0,497.5,,,0,177.25,463.9,354.0,0,0.44000000000000006,0,,0
2022,1826,"BHOOTNATH ROAD WATER TANK MALSALAMI, PATNA BORE WELL WATER AT",Bihar,28.0,30.0,7.2,7.3,418.0,423.0,,,,,79.0,79.0,130.0,130.0,288.0,306.0,0.51,0.64,,,29.0,0,7.25,0,420.5,,,0,79.0,130.0,297.0,0,0.575,0,,0
2022,1827,"OVER HEAD TANK PMCH SEC-3, KANKARBAGH,PATNA TAP WATER COMING FROM",Bihar,19.0,22.0,7.08,7.28,436.0,514.0,,,,,33.0,920.0,49.0,1600.0,312.0,328.0,0.28,0.49,,,20.5,0,7.18,0,475.0,,,0,476.5,824.5,320.0,0,0.385,0,,0
2022,1828,"CAMPUS, PATNA BORE WELL WATER IN CAMPUS OF PATNA WATER BOARD HEAD",Bihar,22.0,30.0,7.16,7.22,504.0,533.0,,,,,22.0,22.0,130.0,130.0,376.0,384.0,0.49,0.82,,,26.0,0,7.1899999999999995,0,518.5,,,0,22.0,130.0,380.0,0,0.655,0,,0
2022,1829,"OFFICE, NEAR HIGH COURT, PATNA BORE WELL WATER FROM IGIMS",Bihar,21.0,30.0,7.25,7.46,465.0,502.0,,,,,,,,,338.0,362.0,0.5,0.5,,,25.5,0,7.355,0,483.5,,,0,,,350.0,0,0.5,0,,0
2022,1830,"HOUSE) SADAR HOSPITAL CAMPUS, PATNA BORE WELL WATER (PHED PUMP",Bihar,27.0,29.0,7.1,7.2,1016.0,1030.0,,,0.31,0.31,130.0,130.0,150.0,150.0,678.0,730.0,0.62,0.62,,,28.0,0,7.15,0,1023.0,,0.31,0,130.0,150.0,704.0,0,0.62,0,,0
2022,1831,"HOUSE BRAHMPURA NAKA, CAMPUS, MUZAFFARPUR BORE WELL WATER MMC PUMP",Bihar,27.0,29.0,6.9,6.96,1020.0,1070.0,,,,,170.0,350.0,280.0,1600.0,590.0,738.0,0.6,0.6,,,28.0,0,6.93,0,1045.0,,,0,260.0,940.0,664.0,0,0.6,0,,0
2022,1832,"ASTHAN, BISHANPUR, MUZAFFARPUR TAP WATER IN CAMPUS OF KALI",Bihar,25.0,26.0,7.21,7.4,980.0,1110.0,,,,,7.8,7.8,4.5,23.0,628.0,706.0,0.39,0.39,,,25.5,0,7.305,0,1045.0,,,0,7.8,13.75,667.0,0,0.39,0,,0
2022,1833,WATER IN CAMPUS OF S.P BEGUSARAI GROUND WATER NEAR TAP,Bihar,25.0,26.0,7.12,7.4,829.0,980.0,,,,,,,,,588.0,620.0,0.27,0.27,,,25.5,0,7.26,0,904.5,,,0,,,604.0,0,0.27,0,,0
2022,1834,"OFFICE, POKHARIA, BEGUSARAI HAND PUMP WATER NEAR",Bihar,21.0,28.0,6.78,7.1,603.0,707.0,,,0.42,0.42,,,,,424.0,434.0,0.23,0.23,,,24.5,0,6.9399999999999995,0,655.0,,0.42,0,,,429.0,0,0.23,0,,0
2022,1835,"LOWER COURT LOWER COURT, GOVT. HOSPITAL, PURNEA HAND PUMP WATER NEAR",Bihar,21.0,26.0,7.03,7.5,266.0,596.0,,,1.18,5.23,350.0,350.0,540.0,540.0,198.0,422.0,0.41,0.41,,,23.5,0,7.265000000000001,0,431.0,,3.205,0,350.0,540.0,310.0,0,0.41,0,,0
2022,1836,"STAND TILKA MANJHI CHOWK, PURNEA HAND PUMP WATER NEAR BUS",Bihar,21.0,25.0,6.81,7.45,282.0,751.0,,,2.23,2.23,920.0,920.0,1600.0,1600.0,206.0,572.0,0.46,1.03,,,23.0,0,7.13,0,516.5,,2.23,0,920.0,1600.0,389.0,0,0.745,0,,0
2022,1837,BHAGALPUR GROUND WATER FROM RAILWAY,Bihar,23.0,25.0,7.38,7.78,729.0,796.0,,,2.32,3.19,2400.0,2400.0,3500.0,3500.0,580.0,606.0,0.78,1.05,,,24.0,0,7.58,0,762.5,,2.755,0,2400.0,3500.0,593.0,0,0.915,0,,0
2022,1838,"WATER NEAR VEER KUWAR STATION, BHAGALPUR GROUND WATER FROM TAP",Bihar,18.0,29.0,6.75,7.38,1110.0,1210.0,,,2.96,3.67,13.0,130.0,33.0,350.0,872.0,932.0,0.54,0.76,,,23.5,0,7.0649999999999995,0,1160.0,,3.315,0,71.5,191.5,902.0,0,0.65,0,,0
2022,1839,"OF KASTURBA WATER WORKS, SINGH CHOWK, MUNGER HAND PUMP WATER IN CAMPUS",Bihar,18.0,28.0,7.24,7.6,351.0,482.0,,,0.41,0.41,33.0,350.0,79.0,1600.0,244.0,332.0,0.37,1.53,,,23.0,0,7.42,0,416.5,,0.41,0,191.5,839.5,288.0,0,0.95,1,,0
2022,1840,MUNGER TAP WATER PHED PUMP HOUSE,Bihar,23.0,30.0,7.06,7.3,856.0,1060.0,,,,,13.0,13.0,23.0,23.0,624.0,648.0,0.29,0.29,,,26.5,0,7.18,0,958.0,,,0,13.0,23.0,636.0,0,0.29,0,,0
2022,1841,"MODAL INTER SCHOOL, G.B GROUNDWATER WATER FROM T.",Bihar,26.0,27.0,7.08,7.28,1026.0,1200.0,,,0.88,0.88,33.0,33.0,240.0,240.0,840.0,888.0,0.48,0.74,,,26.5,0,7.18,0,1113.0,,0.88,0,33.0,240.0,864.0,0,0.61,0,,0
2022,1842,"ROAD, GAYA BOREWELL WATER DANDIBAGH",Bihar,26.0,29.0,7.4,7.85,350.0,563.0,,,0.92,1.59,,,,,240.0,418.0,0.35,1.13,,,27.5,0,7.625,0,456.5,,1.2550000000000001,0,,,329.0,0,0.74,0,,0
2022,1843,"WATER WORKS, PHED, GAYA SUPPLY WATER NEAR BUS",Bihar,27.0,30.0,6.98,7.19,375.0,1020.0,,,5.22,5.22,2.0,2.0,4.5,7.8,282.0,792.0,0.46,0.8,,,28.5,0,7.085000000000001,0,697.5,,5.22,0,2.0,6.15,537.0,0,0.63,0,,0
2022,1844,"COMMISSIONARY OFFICE, STAND, RAJGIR BORE WELL WATER NEAR",Bihar,22.0,24.0,7.05,7.05,1080.0,1220.0,,,0.76,0.76,4.5,4.5,13.0,13.0,810.0,830.0,0.51,0.63,,,23.0,0,7.05,0,1150.0,,0.76,0,4.5,13.0,820.0,0,0.5700000000000001,0,,0
2022,2576,CHAPRA HAND PUMP WATER AT CIVIL,Bihar,28.0,28.0,7.39,7.39,633.0,633.0,,,,,,,,,450.0,450.0,1.48,1.48,,,28.0,0,7.39,0,633.0,,,0,,,450.0,0,1.48,0,,0
2022,2577,"COURT, AURANGABAD HAND PUMP WATER AT COURT",Bihar,25.0,26.0,6.8,6.82,241.0,386.0,,,3.83,5.23,33.0,33.0,4.5,130.0,162.0,162.0,0.48,0.48,,,25.5,0,6.8100000000000005,0,313.5,,4.53,0,33.0,67.25,162.0,0,0.48,0,,0
2022,2578,"PATEL BUS STAND, ARA, CAMPOUND, ARARIA HAND PUMP WATER AT SARDAR",Bihar,19.0,25.0,7.2,7.45,559.0,1040.0,,,1.47,1.69,140.0,140.0,220.0,220.0,380.0,612.0,0.44,0.56,,,22.0,0,7.325,0,799.5,,1.58,0,140.0,220.0,496.0,0,0.5,0,,0
2022,2579,BHOJPUR TUBE WELL WATER AT,Bihar,25.0,25.0,7.1,7.63,772.0,873.0,,,1.58,2.01,350.0,350.0,540.0,540.0,492.0,608.0,0.63,0.71,,,25.0,0,7.365,0,822.5,,1.795,0,350.0,540.0,550.0,0,0.6699999999999999,0,,0
2022,2580,"NAGAR PARISHAD OFFICE, COLLECTRIATE CAMPUS, BUXAR HAND PUMP WATER FROM",Bihar,29.0,30.0,7.11,7.29,680.0,810.0,,,1.09,1.09,2.0,13.0,7.8,23.0,470.0,532.0,0.82,0.83,,,29.5,0,7.2,0,745.0,,1.09,0,7.5,15.4,501.0,0,0.825,0,,0
2022,2581,GATE NEAR RAMBAGH MITHILA BHABHUA HAND PUMP WATER AT KILA,Bihar,26.0,27.0,7.6,7.61,594.0,602.0,,,,,13.0,13.0,33.0,33.0,392.0,424.0,0.85,0.97,,,26.5,0,7.605,0,598.0,,,0,13.0,33.0,408.0,0,0.9099999999999999,0,,0
2022,2582,"DARBHANGA BUS STAND, UNIVERSITY, DARBHANGA HAND PUMP WATER AT",Bihar,28.0,28.0,7.58,8.1,390.0,391.0,,,,,13.0,350.0,33.0,1600.0,252.0,268.0,0.43,0.47,,,28.0,0,7.84,0,390.5,,,0,181.5,816.5,260.0,0,0.44999999999999996,0,,0
2022,2583,DARBHANGA HAND PUMP WATER AT BUS,Bihar,22.0,24.0,6.99,7.01,451.0,1880.0,,,2.45,2.45,,,,,330.0,1090.0,0.24,0.54,,,23.0,0,7.0,0,1165.5,,2.45,0,,,710.0,0,0.39,0,,0
2022,2584,"STAND, GOPALGANJ HAND PUMP WATER AT THAWAY",Bihar,22.0,24.0,6.8,7.1,503.0,1020.0,,,,,17.0,17.0,13.0,49.0,342.0,812.0,0.25,0.25,,,23.0,0,6.949999999999999,0,761.5,,,0,17.0,31.0,577.0,0,0.25,0,,0
2022,2585,"MANDIR CAMPUS, GOPALGANJ TAP WATER NEAR PANI TANKI AT",Bihar,28.0,28.0,7.46,7.76,576.0,1250.0,,,0.49,6.58,,,6.8,6.8,468.0,826.0,0.63,0.98,,,28.0,0,7.609999999999999,0,913.0,,3.535,0,,6.8,647.0,0,0.8049999999999999,0,,0
2022,2586,"JEHANABAD COURT, JEHANABAD HAND PUMP WATER AT BUS",Bihar,23.0,25.0,6.89,7.2,429.0,530.0,,,0.91,0.91,13.0,13.0,33.0,33.0,256.0,366.0,0.47,0.47,,,24.0,0,7.045,0,479.5,,0.91,0,13.0,33.0,311.0,0,0.47,0,,0
2022,2587,"STAND, KATIHAR HAND PUMP WATER NEAR",Bihar,24.0,26.0,7.32,7.5,677.0,850.0,,,,,,,,,426.0,630.0,,,,,25.0,0,7.41,0,763.5,,,0,,,528.0,0,,0,,0
2022,2588,"SADAR HOSPITAL, KHAGARIA HAND PUMP WATER AT D.M",Bihar,22.0,27.0,6.74,7.2,329.0,492.0,,,4.35,5.47,13.0,13.0,23.0,23.0,216.0,338.0,,,,,24.5,0,6.970000000000001,0,410.5,,4.91,0,13.0,23.0,277.0,0,,0,,0
2022,2589,"OFFICE, KISHANGANJ HAND PUMP WATER NEAR D.M",Bihar,26.0,27.0,7.18,7.3,612.0,636.0,,,3.81,3.81,7.8,7.8,23.0,23.0,412.0,434.0,0.98,0.98,,,26.5,0,7.24,0,624.0,,3.81,0,7.8,23.0,423.0,0,0.98,0,,0
2022,2590,"COLLECTRIATE OFFICE, HAND PUMP WATER AT",Bihar,29.0,29.0,7.22,8.2,832.0,840.0,,,,,,,2.0,2.0,552.0,580.0,0.41,0.9,,,29.0,0,7.709999999999999,0,836.0,,,0,,2.0,566.0,0,0.655,0,,0
2022,2591,OF GOVERNMENT TOURIST MADHUBANI TAP WATER INSIDE THE CAMPUS,Bihar,29.0,29.0,7.22,7.32,1055.0,1660.0,,,2.57,3.31,,,,,718.0,1262.0,0.69,1.24,,,29.0,0,7.27,0,1357.5,,2.94,0,,,990.0,0,0.965,0,,0
2022,2592,"CAFETERIA, NALANDA HAND WATER AT CIVIL COURT",Bihar,26.0,28.0,7.46,7.73,497.0,643.0,,,0.57,5.31,,,2.0,2.0,342.0,452.0,0.42,1.15,,,27.0,0,7.595000000000001,0,570.0,,2.94,0,,2.0,397.0,0,0.7849999999999999,0,,0
2022,2593,"COLLECTRIATE BIHAR SHARIF, NALANDA HANDPUMP WATER AT",Bihar,27.0,27.0,7.0,7.0,1059.0,1059.0,,,4.57,4.57,,,,,720.0,720.0,0.52,0.52,,,27.0,0,7.0,0,1059.0,,4.57,0,,,720.0,0,0.52,0,,0
2022,2594,"CAMPUS,NAWADAH HAND PUMP WATER NEAR",Bihar,22.0,27.0,6.91,7.2,753.0,868.0,,,2.37,2.37,,,,,518.0,520.0,0.48,1.13,,,24.5,0,7.055,0,810.5,,2.37,0,,,519.0,0,0.8049999999999999,0,,0
2022,2595,"COLLECTRIATE CAMPUS SADAR HOSPITAL,SAHARSA GROUND WATER FROM",Bihar,27.0,28.0,7.25,7.38,935.0,1310.0,,,0.51,0.78,17.0,280.0,49.0,350.0,644.0,886.0,0.44,0.45,,,27.5,0,7.3149999999999995,0,1122.5,,0.645,0,148.5,199.5,765.0,0,0.445,0,,0
2022,2596,",SAMASTIPUR GROUND WATER FROM SRI RAM",Bihar,28.0,28.0,7.54,8.1,320.0,334.0,,,,,4.5,220.0,6.8,350.0,190.0,228.0,,,,,28.0,0,7.82,0,327.0,,,0,112.25,178.4,209.0,0,,0,,0
2022,2597,"JANKI MANDIR, SITAMARHI GROUND WATER AT",Bihar,23.0,24.0,7.6,7.7,416.0,1300.0,,,2.34,2.34,17.0,240.0,27.0,540.0,326.0,846.0,0.28,0.59,,,23.5,0,7.65,0,858.0,,2.34,0,128.5,283.5,586.0,0,0.435,0,,0
2022,2598,"DHARMSHALA SASARAM, COLLECTRIATE CAMPUS, SIWAN BOREWELL WATER NEAR",Bihar,28.0,29.0,7.22,8.2,352.0,1180.0,,,0.46,0.86,,,2.0,2.0,268.0,822.0,0.26,1.52,,,28.5,0,7.709999999999999,0,766.0,,0.66,0,,2.0,545.0,0,0.89,1,,0
2022,2599,ROHTAS GROUND WATER BUS STAND,Bihar,28.0,38.0,7.27,7.3,860.0,897.0,,,0.54,0.65,,,2.0,2.0,574.0,654.0,0.71,1.01,,,33.0,0,7.285,0,878.5,,0.595,0,,2.0,614.0,0,0.86,0,,0
2022,2600,"STATION CAMPUS,HAJIPUR AT SASARAM, ROHTAS GROUND WATER AT RAILWAY",Bihar,22.0,29.0,7.22,7.49,976.0,1130.0,,,1.24,2.31,79.0,79.0,240.0,240.0,634.0,792.0,0.54,0.66,,,25.5,0,7.355,0,1053.0,,1.775,0,79.0,240.0,713.0,0,0.6000000000000001,0,,0
2022,3138,VAISHALI GROUND WATER FROM ARA,Bihar,19.0,25.0,7.16,7.46,801.0,926.0,,,1.71,2.89,920.0,920.0,1600.0,1600.0,496.0,630.0,0.48,0.55,,,22.0,0,7.3100000000000005,0,863.5,,2.3,0,920.0,1600.0,563.0,0,0.515,0,,0
2022,3139,"NEAR RAILWAY STATION, ARA GROUND WATER NEAR BUS",Bihar,26.0,26.0,6.91,7.1,503.0,719.0,,,1.37,5.58,23.0,23.0,170.0,170.0,362.0,470.0,0.24,0.24,,,26.0,0,7.005,0,611.0,,3.475,0,23.0,170.0,416.0,0,0.24,0,,0
2022,3140,STAND ARARIA GROUND WATER AT RAILWAY,Bihar,22.0,30.0,7.02,7.23,361.0,411.0,,,,,13.0,13.0,49.0,49.0,280.0,308.0,0.22,0.22,,,26.0,0,7.125,0,386.0,,,0,13.0,49.0,294.0,0,0.22,0,,0
2022,3141,"BUDDHA TEMPLE OUTSIDE MAIN SATION, BETTIAH GROUND WATER AT LORD",Bihar,27.0,27.0,7.34,7.35,971.0,999.0,,,0.46,0.46,,,,,670.0,788.0,0.54,1.74,,,27.0,0,7.345,0,985.0,,0.46,0,,,729.0,0,1.1400000000000001,1,,0
2022,3142,GROUND WATER FROMN BUS,Bihar,27.0,29.0,7.47,7.63,583.0,683.0,,,2.32,2.32,33.0,33.0,49.0,130.0,428.0,472.0,0.52,0.94,,,28.0,0,7.55,0,633.0,,2.32,0,33.0,89.5,450.0,0,0.73,0,,0
2022,3143,"STAND CHOWK,BIKRAMGANJ GROUND WATER FROM BAGAHA",Bihar,22.0,25.0,6.78,6.91,1040.0,1310.0,,,2.48,5.4,,,,,624.0,1012.0,,,,,23.5,0,6.845000000000001,0,1175.0,,3.9400000000000004,0,,,818.0,0,,0,,0
2022,3144,BAZAR BAGAHA GROUND WATER NEAR ANS,Bihar,24.0,25.0,6.74,7.81,378.0,773.0,,,0.31,0.31,,,,,244.0,534.0,0.55,0.55,,,24.5,0,7.275,0,575.5,,0.31,0,,,389.0,0,0.55,0,,0
2022,3145,"MUFFASIL THANA MORE,DEHRI GROUND WATER NEAR",Bihar,27.0,27.0,6.73,7.31,643.0,1010.0,,,3.96,7.58,350.0,350.0,920.0,920.0,474.0,748.0,0.31,0.37,,,27.0,0,7.02,0,826.5,,5.77,0,350.0,920.0,611.0,0,0.33999999999999997,0,,0
2022,3146,ON SONE GROUND WATER FROM,Bihar,19.0,25.0,7.16,7.46,581.0,926.0,,,0.39,2.89,,,,,398.0,630.0,0.48,0.67,,,22.0,0,7.3100000000000005,0,753.5,,1.6400000000000001,0,,,514.0,0,0.575,0,,0
2022,3147,"JAYNAGAR RAILWAY STATION DUMRAON,PANI TANKI (PHED) GROUND WATER FROM",Bihar,27.0,28.0,7.25,8.04,633.0,640.0,,,,,22.0,23.0,43.0,79.0,368.0,436.0,0.61,0.7,,,27.5,0,7.645,0,636.5,,,0,22.5,61.0,402.0,0,0.655,0,,0
2022,3148,"JAMALPUR POLICE STATION, ,JAYNAGAR GROUND WATER FROM",Bihar,23.0,28.0,7.5,7.56,782.0,832.0,,,2.19,3.32,280.0,280.0,350.0,350.0,576.0,578.0,0.38,0.51,,,25.5,0,7.529999999999999,0,807.0,,2.755,0,280.0,350.0,577.0,0,0.445,0,,0
2022,3149,JAMALPUR GROUND WATER FROM KUDRA,Bihar,27.0,28.0,7.44,7.47,597.0,1290.0,,,0.45,0.45,,,,,446.0,918.0,0.54,0.73,,,27.5,0,7.455,0,943.5,,0.45,0,,,682.0,0,0.635,0,,0
2022,3150,"RAILWAY STATION, KAIMUR GROUND WATER AT MAIN ROAD",Bihar,24.0,25.0,7.24,7.39,667.0,803.0,,,1.66,1.79,4.5,4.5,13.0,13.0,518.0,540.0,0.54,0.73,,,24.5,0,7.3149999999999995,0,735.0,,1.725,0,4.5,13.0,529.0,0,0.635,0,,0
2022,3151,"NEAR KALI MANIR,MANER GROUND WATER FROM GOVT.",Bihar,29.0,29.0,7.14,7.38,1030.0,1530.0,,,1.25,1.25,,,,,740.0,1124.0,0.61,0.92,,,29.0,0,7.26,0,1280.0,,1.25,0,,,932.0,0,0.765,0,,0
2022,3152,GUEST HOUSE MOHANIA GROUND WATER FROM OLD BUS,Bihar,22.0,29.0,6.94,7.12,238.0,248.0,,,,,23.0,23.0,33.0,33.0,162.0,186.0,,,,,25.5,0,7.03,0,243.0,,,0,23.0,33.0,174.0,0,,0,,0
2022,3153,"STAND,NARKATIAGANJ GROUND WATER NEAR CHURCH",Bihar,28.0,29.0,7.33,7.48,844.0,1400.0,,,0.6,2.7,130.0,130.0,240.0,240.0,656.0,1032.0,0.76,0.84,,,28.5,0,7.405,0,1122.0,,1.6500000000000001,0,130.0,240.0,844.0,0,0.8,0,,0
2022,3154,"HIGH SCHOOL,PIRO GROUND WATER FROM",Bihar,27.0,28.0,7.18,7.45,909.0,1390.0,,,1.89,6.42,27.0,27.0,130.0,130.0,666.0,960.0,0.9,1.33,,,27.5,0,7.3149999999999995,0,1149.5,,4.155,0,27.0,130.0,813.0,0,1.115,0,,0
2022,3155,RAMKUND GAYA GROUND WATER FROM SUPUAL,Bihar,25.0,27.0,6.84,7.1,711.0,967.0,,,0.56,1.83,,,,,440.0,642.0,0.21,0.21,,,26.0,0,6.97,0,839.0,,1.195,0,,,541.0,0,0.21,0,,0
2022,3156,"SAMASTIPUR BUS BUS STAND, SUPAUL GROUND WATER FROM",Bihar,27.0,28.0,7.24,7.29,910.0,1210.0,,,0.56,0.6,350.0,350.0,920.0,920.0,618.0,786.0,0.43,0.61,,,27.5,0,7.265000000000001,0,1060.0,,0.5800000000000001,0,350.0,920.0,702.0,0,0.52,0,,0
2022,3157,"STAND,SAMASTIPUR GROUND WATER FROM J.P.",Bihar,19.0,26.0,7.25,7.62,971.0,1150.0,,,3.51,3.51,11.0,11.0,22.0,22.0,632.0,910.0,0.34,0.78,,,22.5,0,7.4350000000000005,0,1060.5,,3.51,0,11.0,22.0,771.0,0,0.56,0,,0
2022,3158,"PARK CHOWK ,SULTANGANJ GROUND WATER NEAR GOVT.",Bihar,28.0,28.0,6.89,7.24,652.0,701.0,,,1.78,3.7,920.0,920.0,1600.0,1600.0,462.0,540.0,0.69,1.06,,,28.0,0,7.0649999999999995,0,676.5,,2.74,0,920.0,1600.0,501.0,0,0.875,0,,0
2022,3159,"HOSPITAL, SHERGHATI GROUND WATER FROM RAJKIYA",Bihar,19.0,25.0,7.0,7.28,689.0,721.0,,,1.28,1.8,,,2.0,2.0,454.0,520.0,0.53,0.66,,,22.0,0,7.140000000000001,0,705.0,,1.54,0,,2.0,487.0,0,0.595,0,,0
2022,3160,"HIGH SCHOOL ,SHAHPUR GROUND WATER FROM RAXAUL",Bihar,21.0,29.0,6.88,7.25,289.0,306.0,,,0.62,0.62,,,,,196.0,220.0,0.23,0.23,,,25.0,0,7.0649999999999995,0,297.5,,0.62,0,,,208.0,0,0.23,0,,0
2022,3161,BUS STAND RAXAUL GROUND WATER NEAR BUS,Bihar,23.0,25.0,6.91,7.1,696.0,920.0,,,0.49,0.49,,,,,468.0,598.0,,,,,24.0,0,7.005,0,808.0,,0.49,0,,,533.0,0,,0,,0
2022,3162,"BLOCK OFFICE,AT HAJIPUR, STAND KATIHAR GROUND WATER NEAR VAISHALI",Bihar,23.0,23.0,7.77,7.77,759.0,759.0,,,,,,,,,494.0,494.0,0.77,0.77,,,23.0,0,7.77,0,759.0,,,0,,,494.0,0,0.77,0,,0
2022,2041,VAISHALI GROUND WATER FROM SECTOR,Chandigarh,26.0,27.5,7.0,7.1,785.0,882.0,1.5,1.5,3.9,3.9,,,33.0,33.0,394.0,472.0,0.26,0.26,,,26.75,0,7.05,0,833.5,1.5,3.9,0,,33.0,433.0,0,0.26,0,,0
2022,3541,,Delhi,,,7.0,7.5,,,,,0.74,0.75,,,,,746.0,755.0,,,,,,0,7.25,0,,,0.745,0,,,750.5,0,,0,,0
2022,3542,"WELL AT TIKRI KALAN , DELHI",Delhi,,,7.5,7.7,,,,,0.31,0.61,,,,,372.0,380.0,,,,,,0,7.6,0,,,0.45999999999999996,0,,,376.0,0,,0,,0
2022,3543,"WELL AT TILAK NAGAR, DELHI",Delhi,,,7.1,7.3,,,,,0.52,0.65,,,,,524.0,555.0,,,,,,0,7.199999999999999,0,,,0.585,0,,,539.5,0,,0,,0
2022,3544,"WELL AT TRILOKPURI, DELHI",Delhi,,,7.2,7.4,,,,,0.83,0.83,,,,,394.0,402.0,,,,,,0,7.300000000000001,0,,,0.83,0,,,398.0,0,,0,,0
2022,3545,"WELL AT UJWAH, DELHI",Delhi,,,7.1,7.4,,,,,0.35,0.35,,,,,687.0,701.0,,,,,,0,7.25,0,,,0.35,0,,,694.0,0,,0,,0
2022,3546,"WELL AT VASANT KUNJ, DELHI",Delhi,,,7.2,7.4,,,,,0.31,0.35,,,,,400.0,437.0,,,,,,0,7.300000000000001,0,,,0.32999999999999996,0,,,418.5,0,,0,,0
2022,2277,WELL AT VASANT VIHAR WELL AT VERNA,Goa,30.0,31.0,6.62,7.04,339.0,392.0,1.1,1.7,0.32,3.72,,,2.0,2.0,229.0,284.0,,,0.01,0.01,30.5,0,6.83,0,365.5,1.4,2.02,0,,2.0,256.5,0,,0,0.01,0
2022,2278,INDI.ESTATE.(M/S CIPLA LIMITED),Goa,29.0,29.0,6.43,6.5,283.0,1867.0,1.6,1.6,0.32,5.74,13.0,13.0,23.0,23.0,157.0,1262.0,0.7,2.8,0.01,0.01,29.0,0,6.465,0,1075.0,1.6,3.0300000000000002,0,13.0,23.0,709.5,0,1.75,1,0.01,0
2022,2280,ESTATE(M/S CADILA WELL AT SANCOALE INDL.ESTATE WELL AT KUDAI INDL.,Goa,28.0,30.0,5.5,7.7,57.0,59.0,3.2,3.2,0.32,0.32,,,,,36.0,38.0,,,0.01,0.01,29.0,0,6.6,0,58.0,3.2,0.32,0,,,37.0,0,,0,0.01,0
2022,2281,HEALTHCARE LIMITED),Goa,28.0,29.0,5.8,6.68,57.0,100.0,1.5,1.8,0.32,0.32,4.5,4.5,23.0,23.0,38.0,68.0,0.25,0.25,0.01,0.01,28.5,0,6.24,0,78.5,1.65,0.32,0,4.5,23.0,53.0,0,0.25,0,0.01,0
2022,2282,WELL AT CORLIM INDL. ESTATE WELL AT PILERNE INDUSTRIAL,Goa,28.0,29.0,6.95,7.22,270.0,317.0,2.2,2.2,0.32,0.4,,,23.0,23.0,169.0,191.0,0.6,0.6,0.01,0.01,28.5,0,7.085,0,293.5,2.2,0.36,0,,23.0,180.0,0,0.6,0,0.01,0
2022,3193,ESTATE(M/S UNICHEM ) BORE WELL AT CUNCOLIM,Goa,30.0,31.0,6.74,7.4,728.0,791.0,1.2,1.2,0.32,0.32,240.0,240.0,4.5,350.0,52.0,451.0,0.4,0.4,0.01,0.01,30.5,0,7.07,0,759.5,1.2,0.32,0,240.0,177.25,251.5,0,0.4,0,0.01,0
2022,3194,INDUSTRIAL ESTATE BORE WELL AT BETHORA,Goa,28.0,28.0,5.61,6.1,98.0,102.0,,,0.32,0.72,2.0,2.0,6.8,6.8,63.0,65.0,,,0.01,0.01,28.0,0,5.855,0,100.0,,0.52,0,2.0,6.8,64.0,0,,0,0.01,0
2022,3195,INDUSTRIAL ESTATE BORE WELL AT MADKAIM,Goa,28.0,29.0,6.35,7.6,78.0,194.0,,,0.32,0.92,,,4.5,4.5,46.0,130.0,,,0.01,0.01,28.5,0,6.975,0,136.0,,0.62,0,,4.5,88.0,0,,0,0.01,0
2022,4409,INDUSTRIAL ESTATE,Goa,26.0,29.0,5.48,7.42,48.0,171.0,1.2,1.7,0.32,2.12,33.0,2400.0,46.0,3500.0,28.0,100.0,0.33,0.33,0.01,0.01,27.5,0,6.45,0,109.5,1.45,1.22,0,1216.5,1773.0,64.0,0,0.33,0,0.01,0
2022,3,SALMONA SPRING,Gujarat,30.0,30.0,7.36,7.36,1490.0,1490.0,1.6,1.6,0.4,0.4,2.0,2.0,2.0,2.0,920.0,920.0,1.68,1.68,,,30.0,0,7.36,0,1490.0,1.6,0.4,0,2.0,2.0,920.0,0,1.68,1,,0
2022,6,WELL AT AHMEDABAD,Gujarat,28.0,29.0,7.64,7.75,1627.0,1702.0,,,0.45,1.77,,,,,1054.0,1296.0,0.91,1.27,,,28.5,0,7.695,0,1664.5,,1.11,0,,,1175.0,0,1.09,0,,0
2022,1948,WELL AT BARODA GROUND WATER AT,Gujarat,,,,,,,,,,,,,,,,,,,,,,0,,0,,,,0,,,,0,,0,,0
2022,1949,BHAVNAGAR,Gujarat,,,,,,,,,,,,,,,,,,,,,,0,,0,,,,0,,,,0,,0,,0
2022,1950,GROUND WATER AT AMRELI,Gujarat,26.0,28.0,7.45,8.22,1112.0,2169.0,1.0,1.2,0.37,1.33,,,,,752.0,1456.0,0.3,0.3,,,27.0,0,7.835000000000001,0,1640.5,1.1,0.8500000000000001,0,,,1104.0,0,0.3,0,,0
2022,1951,"DISTRICT CO-OPERATIVE BANK, GROUND WATER AT JUNAGADH GROUND WATER AT RAJKOTGROUND WATER NR.",Gujarat,30.0,30.0,8.39,8.39,1768.0,1768.0,1.1,1.1,1.24,1.24,,,,,1204.0,1204.0,,,,,30.0,0,8.39,0,1768.0,1.1,1.24,0,,,1204.0,0,,0,,0
2022,1952,"NR. RAIYA CIRCLE, RAIYA ROAD RAJKOT GROUND WATER AT SURENDRANAGARAT. BHAVANI",Gujarat,29.0,30.0,7.72,8.37,2690.0,4584.0,1.1,1.2,1.21,1.22,,,,,1660.0,3036.0,1.21,1.21,,,29.5,0,8.045,0,3637.0,1.15,1.2149999999999999,0,,,2348.0,1,1.21,0,,0
2022,1953,"RAMESHWAR TEMPLE, NEAR ONE WORLD SCHOOL), GIDC WADHWAN, WADHWAN, TAL. WADHWAN, DIST. SURENDRANAGAR GROUND WATER AT JAMNAGARBOREWELL OF",Gujarat,27.0,28.0,7.25,7.7,1064.0,1524.0,,,0.33,0.34,,,,,576.0,758.0,0.23,0.25,,,27.5,0,7.475,0,1294.0,,0.335,0,,,667.0,0,0.24,0,,0
2022,1954,"SWAMI NAGAR ROAD,BEHIND RAMESHWAR CHOWK, JAMNAGAR GROUND WATER AT BHUJODHAV PARK SOCIETY-2,PRAMUKH",Gujarat,30.0,31.0,7.55,7.98,3190.0,3550.0,1.5,1.6,0.33,0.39,,,2.0,2.0,2312.0,2402.0,0.55,0.62,,,30.5,0,7.765000000000001,0,3370.0,1.55,0.36,0,,2.0,2357.0,1,0.585,0,,0
2022,1955,"SADAN-2, NEAR JORAVAR ASHAPURA SCHOOL,TA:BHUJ, DIST;KUTCH (WEST) GROUND WATER AT PALANPURBEHIND JILLA SEVA",Gujarat,26.0,29.0,7.33,7.8,1956.0,2008.0,1.2,1.2,0.67,2.54,2.0,2.0,2.0,2.0,982.0,1090.0,0.78,0.81,,,27.5,0,7.5649999999999995,0,1982.0,1.2,1.605,0,2.0,2.0,1036.0,0,0.795,0,,0
2022,1956,"MEHASANAMODHERA GIDC, TAL PALACE, PALANPUR, DIST- BANASKANTHA GROUND WATER AT",Gujarat,29.0,29.0,7.49,7.7,2992.0,2992.0,,,0.49,0.49,,,,,1802.0,2112.0,0.72,0.86,,,29.0,0,7.595000000000001,0,2992.0,,0.49,0,,,1957.0,1,0.79,0,,0
2022,1957,"PALANUR HIGHWAY, TAVADIYA & DIST : MEHSANA GROUND WATER AT SIDDHPUR (DIST.PATAN)AHMEDABAD-",Gujarat,27.0,29.0,7.73,8.12,1666.0,2178.0,1.1,1.1,0.44,0.51,2.0,2.0,2.0,2.0,750.0,960.0,1.66,3.15,,,28.0,0,7.925,0,1922.0,1.1,0.475,0,2.0,2.0,855.0,0,2.405,1,,0
2022,1958,"HIMATNAGAR NAGARPALIKA, AT. CROSSING, NEAR MADHIVAI, SIDDPUR, DIST-PATAN GROUND WATER AT HIMATNAGARBOREWELL OF",Gujarat,25.0,27.0,7.84,7.97,856.0,1021.0,1.8,1.8,0.53,0.54,2.0,2.0,2.0,2.0,572.0,684.0,0.38,0.45,,,26.0,0,7.904999999999999,0,938.5,1.8,0.535,0,2.0,2.0,628.0,0,0.41500000000000004,0,,0
2022,1959,"NADIADBOREWELL OF SANTRAM HIMATNAGAR, DIST. SABARKANTHA GROUND WATER AT",Gujarat,28.0,34.0,7.63,7.9,2014.0,2066.0,,,1.06,10.11,,,,,1216.0,1340.0,0.6,0.96,,,31.0,0,7.765000000000001,0,2040.0,,5.585,0,,,1278.0,0,0.78,0,,0
2022,1960,"MANDIR, NADIAD,DIST: KHEDA GROUND WATER AT DAHODWELL AT HINDU",Gujarat,28.0,29.0,7.91,8.17,784.0,870.0,,,1.47,2.92,,,,,508.0,580.0,1.28,2.01,,,28.5,0,8.04,0,827.0,,2.195,0,,,544.0,0,1.645,1,,0
2022,1961,"PANCHMAHAL INDUSTRIES DHARAMASHALA, STATION ROAD, DAHOD GROUND WATER AT GODHARAWELL AT OFFICE OF",Gujarat,28.0,29.0,7.5,7.72,1060.0,1753.0,,,0.59,6.71,,,,,690.0,1050.0,0.88,0.96,,,28.5,0,7.609999999999999,0,1406.5,,3.65,0,,,870.0,0,0.9199999999999999,0,,0
2022,1962,VADODARA (INDUSTRIAL-,Gujarat,28.0,30.0,6.98,8.06,5228.0,12930.0,1.7,2.1,0.96,5.9,,,,,3712.0,9400.0,0.94,1.81,,,29.0,0,7.5200000000000005,0,9079.0,1.9,3.43,0,,,6556.0,1,1.375,1,,0
2022,1964,NANDESARI)GIDC-NANDESARI PANDESARA (INDSTRIAL),Gujarat,29.0,30.0,6.88,8.17,3092.0,6847.0,1.6,1.7,0.41,0.87,2.0,2.0,2.0,2.0,1854.0,4768.0,0.49,0.51,,,29.5,0,7.525,0,4969.5,1.65,0.64,0,2.0,2.0,3311.0,1,0.5,0,,0
2022,1965,"SURATPANDESARA GIDC, SURAT MORA-HAJIRA (INDUSTRIAL),",Gujarat,29.0,29.0,8.25,8.25,787.0,787.0,1.5,1.5,,,2.0,2.0,2.0,2.0,364.0,364.0,0.54,0.54,,,29.0,0,8.25,0,787.0,1.5,,0,2.0,2.0,364.0,0,0.54,0,,0
2022,1967,"(VALSAD)B/W AT ATUL VILLAGE HAJIRAHAZIRA,SURAT. ATUL, VILLAGE G.W,",Gujarat,28.0,28.0,7.36,7.36,1878.0,1878.0,,,0.51,0.51,,,,,1138.0,1138.0,0.52,0.52,,,28.0,0,7.36,0,1878.0,,0.51,0,,,1138.0,0,0.52,0,,0
2022,1968,"G.W VAPI INDUSTRIAL AREA (RAJASHTHAN BHAVAN) U/S, VAPIB/W AT VAPI INDUSTRIAL AREA U/S IN RAJASTHAN",Gujarat,27.0,27.0,7.54,7.54,663.0,663.0,,,0.49,0.49,,,,,424.0,424.0,0.48,0.48,,,27.0,0,7.54,0,663.0,,0.49,0,,,424.0,0,0.48,0,,0
2022,1969,"DIST:VALSADB/W AT COSTAL BHAVAN SILVASA RD, OPPOSITE GURUDWARA, GIDC, VAPI, GUJARAT 396195 B/W AT COSTAL HIGHWAY CHAR RASTA, FANSA, TA:UMBERGA N,",Gujarat,28.0,28.0,7.24,7.89,867.0,1066.0,,,0.46,0.58,,,,,530.0,564.0,0.32,0.48,,,28.0,0,7.5649999999999995,0,966.5,,0.52,0,,,547.0,0,0.4,0,,0
2022,1970,"HIGHWAY CHAR RASTA, FANSA, TA:UMBERGAON, DIST:VALSAD",Gujarat,27.0,27.0,7.47,7.47,3328.0,3328.0,,,0.82,0.82,,,,,1780.0,1780.0,0.79,0.79,,,27.0,0,7.47,0,3328.0,,0.82,0,,,1780.0,0,0.79,0,,0
2022,2083,"GIDC.BOREWELL OF GIDC BOREWELL D/S TSDF SITE, GIDC INDUSTRIAL AREA, VAPIB/W AT D/S TSDF SITE PLOT NO.4807, PHASE 4, GIDC, VAPI BORE WELL OF CHHATRAL",Gujarat,27.0,30.0,7.02,7.26,2969.0,3222.0,1.2,1.2,0.44,0.48,2.0,2.0,2.0,2.0,1710.0,1780.0,0.72,1.28,,,28.5,0,7.14,0,3095.5,1.2,0.45999999999999996,0,2.0,2.0,1745.0,0,1.0,0,,0
2022,2084,"CHHATRAL, PHASE I BORE WELL OF PALSANA",Gujarat,27.0,31.0,8.02,8.46,1266.0,3199.0,1.4,1.5,0.63,0.63,2.0,2.0,2.0,2.0,766.0,1986.0,0.27,0.83,,,29.0,0,8.24,0,2232.5,1.45,0.63,0,2.0,2.0,1376.0,0,0.55,0,,0
2022,2085,"VILLAGE.BOREWELL OF SANTEJ VILLAGE.PALASANA,SURAT. BORE WELL OF SANTEJ",Gujarat,27.0,29.0,7.41,7.9,2238.0,2816.0,1.2,1.2,0.32,0.75,2.0,2.0,2.0,2.0,1368.0,1734.0,0.53,1.01,,,28.0,0,7.655,0,2527.0,1.2,0.535,0,2.0,2.0,1551.0,0,0.77,0,,0
2022,2087,SITE (GUJ. ENVIRO P.& I. LTD. B/W- HAZARDOUS W. DISPOSAL,Gujarat,29.0,29.0,7.7,7.7,774.0,774.0,1.6,1.6,,,2.0,2.0,2.0,2.0,358.0,358.0,0.82,0.82,,,29.0,0,7.7,0,774.0,1.6,,0,2.0,2.0,358.0,0,0.82,0,,0
2022,2088,"GIDC.SACHIN GIDC, )(GEPIL),SACHIN,SURAT BORE WELL OF SACHIN",Gujarat,29.0,30.0,6.98,7.1,7794.0,8161.0,1.6,1.7,0.2,0.57,2.0,2.0,2.0,2.0,4896.0,5650.0,0.51,0.53,,,29.5,0,7.04,0,7977.5,1.65,0.385,0,2.0,2.0,5273.0,1,0.52,0,,0
2022,2089,"BORASARA & NAVAPURA, DIST. SACHIN,SURAT B/W NEAR INDL. AREA",Gujarat,29.0,30.0,7.63,8.12,3977.0,4091.0,1.4,1.5,0.48,0.5,2.0,2.0,2.0,2.0,1966.0,2386.0,0.4,0.42,,,29.5,0,7.875,0,4034.0,1.45,0.49,0,2.0,2.0,2176.0,1,0.41000000000000003,0,,0
2022,2090,"SURAT.PLOT-202 ,KIM,SURAT.",Gujarat,28.0,29.0,7.5,7.55,14190.0,14510.0,1.5,1.5,0.48,0.67,2.0,2.0,2.0,2.0,8706.0,8892.0,0.26,0.28,,,28.5,0,7.525,0,14350.0,1.5,0.575,0,2.0,2.0,8799.0,1,0.27,0,,0
2022,2091,"WELL AT OLPAD.OLPAD ,SURAT BORE WELL OF NAVSARI GIDC INDUSTRIES ASSOCIATION",Gujarat,30.0,31.0,7.88,8.4,2390.0,2434.0,1.5,1.6,0.32,0.32,2.0,2.0,2.0,2.0,1182.0,1460.0,0.31,0.35,,,30.5,0,8.14,0,2412.0,1.55,0.32,0,2.0,2.0,1321.0,0,0.32999999999999996,0,,0
2022,2092,"OFFICE.AT- GIDC -KABILPORE,TA & DI - NAVSARI, GUJARAT WATER WORKS OF NAVSARI NEAR DHUDIA TALAV.AT -",Gujarat,,,,,,,,,,,,,,,,,,,,,,0,,0,,,,0,,,,0,,0,,0
2022,2093,"KAGADIWADI, NAVSARI CITY, TA & DI. NAVSARI, GUJARAT. WELL OF BARDOLI AT REST",Gujarat,29.0,30.0,7.48,7.93,1994.0,2094.0,1.3,1.4,,,2.0,2.0,2.0,2.0,1158.0,1256.0,,,,,29.5,0,7.705,0,2044.0,1.35,,0,2.0,2.0,1207.0,0,,0,,0
2022,2094,ANKLESHWAR- RAJPIPLA HOUSE.BARDOLI-VYARA ROAD WELL AT ANKLESHWAR INDUSTRIAL AREA (BORE WELL OF M/S INDUSTRIAL CARBON AT,Gujarat,30.0,32.0,7.52,7.76,4312.0,4900.0,5.0,5.0,0.48,0.79,2.0,2.0,2.0,2.0,2624.0,3018.0,0.3,0.72,,,31.0,0,7.64,0,4606.0,5.0,0.635,0,2.0,2.0,2821.0,1,0.51,0,,0
2022,2095,"MAHADEV TEMPLE, MADHAPAR, ROAD.ANKLESHWAR- RAJPIPLA ROAD, NR GIDC ANKLESHWAR, DIST BHARUCH BORE WELL OF NARSHIBHAI BECHARBHAI ZALAWADIA @ 200 METER AWAY FROM MADHAPAR STP TOWARD ISWARIA",Gujarat,29.0,30.0,7.35,8.3,1930.0,2199.0,1.2,1.2,1.35,1.35,,,,,1308.0,1476.0,0.24,0.28,,,29.5,0,7.825,0,2064.5,1.2,1.35,0,,,1392.0,0,0.26,0,,0
2022,2096,"DIST. RAJKOT.BORE WELL OF NARSHIBHAI BECHARBHAI ZALAVADIYA, NR. MADHAPAR STP PLANT, RAJKOT BORE WELL, SNR. VINAYAK JAL SUDDHIKARAN SAHAKARI MANDALI LTD. (CETP ), VILL.",Gujarat,28.0,29.0,7.43,7.68,3825.0,7765.0,1.3,1.3,0.35,0.52,2.0,2.0,2.0,2.0,1832.0,4728.0,1.4,3.25,,,28.5,0,7.555,0,5795.0,1.3,0.435,0,2.0,2.0,3280.0,1,2.325,1,,0
2022,2097,"BAVLA, DIST. AHMEDABAD.S. N. 644/1-4, VILL. BAVLA, DIST. AHMEDABAD. BORE WELL OF SOMESHWAR",Gujarat,29.0,29.0,7.57,7.7,5465.0,7042.0,1.1,1.1,0.42,0.53,2.0,2.0,2.0,2.0,3260.0,4534.0,0.98,1.31,,,29.0,0,7.635,0,6253.5,1.1,0.475,0,2.0,2.0,3897.0,1,1.145,0,,0
2022,2098,"PIRANA, NR. V. N. BRIDGE, PROJECT,(CETP), VILL. BAVLA, DIST. AHMEDABAD.DEDHAL ROAD, NR. BAVLA ECO PROJECT, (CETP ), VILL. BAVLA, DIST. AHMEDABAD. BORE WELL OF PIRANA TERMINAL PUMPING STATION,",Gujarat,29.0,30.0,7.03,7.42,3403.0,3880.0,,,0.61,0.63,2.0,2.0,2.0,2.0,2050.0,2250.0,1.24,1.76,,,29.5,0,7.225,0,3641.5,,0.62,0,2.0,2.0,2150.0,1,1.5,1,,0
2022,3207,"AHMEDABAD.NR. V.N BRIDGE, PIRANA, AHMEDABAD BOREWELL OF GIDC, JHAGADIAAT FINAL PUMPING",Gujarat,27.0,28.0,7.46,7.56,1730.0,2220.0,5.0,5.0,0.32,0.32,2.0,2.0,2.0,2.0,936.0,1164.0,0.5,0.54,,,27.5,0,7.51,0,1975.0,5.0,0.32,0,2.0,2.0,1050.0,0,0.52,0,,0
2022,3208,"AT JILLA PANCHAY SCHOOL STATION, GIDC JHAGHADIA, DIST BHARUCH JILLA PANCHAYAT SCHOOL, NEAR GRAM PANCHAYAT KATA FALIA, VILLAGE NAMDHA, VALSADB/W",Gujarat,27.0,27.0,7.87,7.87,899.0,899.0,,,0.53,0.53,,,,,454.0,454.0,0.48,0.48,,,27.0,0,7.87,0,899.0,,0.53,0,,,454.0,0,0.48,0,,0
2022,3209,"VALSADBOREWELL OF GAYATRI NEAR GRAM PANCHAYAT KATA FALIA, VILLAGE NAMDHA, VALSAD BOREWELL OF GAYATRI PRAGNA SCHOOL, BHADARWAD ROAD, BAZAR FALIA, SARIGAM,",Gujarat,26.0,29.0,7.58,8.15,892.0,1375.0,,,0.41,0.51,,,,,628.0,680.0,0.32,0.45,,,27.5,0,7.865,0,1133.5,,0.45999999999999996,0,,,654.0,0,0.385,0,,0
2022,3210,"PRAGNA SCHOOL, BHADARWAD ROAD, BAZAR FALIA, SARIGAM, VALSAD BOREWELL AT PIRAMAL GLASS, VILLAGE TARSADI AT KOSAMBA",Gujarat,29.0,30.0,7.46,7.84,3920.0,3966.0,1.4,1.4,0.51,0.58,2.0,2.0,2.0,2.0,2380.0,2860.0,0.36,0.39,,,29.5,0,7.65,0,3943.0,1.4,0.5449999999999999,0,2.0,2.0,2620.0,1,0.375,0,,0
2022,3211,"CENTER, KADODARA, INDUSTRIAL AREA, SURATKOSAMBA,SURAT BOREWELL AT PRIMARY HEALTH",Gujarat,28.0,28.0,7.73,8.33,2040.0,2155.0,1.5,1.6,,,2.0,2.0,2.0,2.0,1146.0,1224.0,0.25,0.27,,,28.0,0,8.030000000000001,0,2097.5,1.55,,0,2.0,2.0,1185.0,0,0.26,0,,0
2022,3212,"SURATKADODARA,SURAT BOREWELL NEAR CENTER OF EXCELLENCE BUILDING, GIDC, VATVA, AHMEDABADCENTER OF",Gujarat,28.0,28.0,7.25,7.35,2420.0,2888.0,1.2,1.2,0.44,0.44,2.0,2.0,2.0,2.0,1610.0,1734.0,0.4,0.88,,,28.0,0,7.3,0,2654.0,1.2,0.44,0,2.0,2.0,1672.0,0,0.64,0,,0
2022,3213,"EXCELLENCE BUILDING, PLOT NO 511 GIDC- PHASE IV, VATVA, AHMEDABAD BOREWELL, CETP-NARODA, GIDC, NARODA-AHMEDABADPLOT NO",Gujarat,,,7.17,7.17,2230.0,2230.0,1.4,1.4,0.37,0.37,2.0,2.0,2.0,2.0,1320.0,1320.0,0.95,0.95,,,,0,7.17,0,2230.0,1.4,0.37,0,2.0,2.0,1320.0,0,0.95,0,,0
2022,3214,"AHMEDABADODHAV INDUSTRIAL BOREWELL NEAR GIDC ODHAV INDUSTRIAL ASSOCIATION BUILDING, GIDC, ODHAV,",Gujarat,27.0,27.0,7.32,7.4,2817.0,3169.0,1.2,1.2,0.73,0.73,2.0,2.0,2.0,2.0,1648.0,1872.0,0.21,1.41,,,27.0,0,7.36,0,2993.0,1.2,0.73,0,2.0,2.0,1760.0,0,0.8099999999999999,0,,0
2022,3215,"NAROL, AHMEDABADNR. ASSOCIATION BUILDING, PLOT NO H 35, GIDC, ODHAV, ODHAV ROAD AHMEDABAD BOREWELL NEAR MUNICIPAL SOLID WASTE SITE- GYASPUR,",Gujarat,26.0,30.0,7.3,7.49,3209.0,4459.0,,,0.32,0.58,2.0,2.0,2.0,2.0,2004.0,2592.0,1.41,3.7,,,28.0,0,7.395,0,3834.0,,0.44999999999999996,0,2.0,2.0,2298.0,1,2.555,1,,0
2022,3216,"GYASPUR SANITARY LANDFILL SITE, GYASPUR, AHMEDABAD BOREWELL NEAR TSDF SITE OF GREEN ENVIRONMNET SERVICES CO. OP.LTD, VATVA, AHMEDABADTSDF SITE OF",Gujarat,27.0,27.0,7.52,7.6,2640.0,3296.0,1.3,1.3,0.35,0.35,2.0,2.0,2.0,2.0,1744.0,1960.0,1.0,1.67,,,27.0,0,7.56,0,2968.0,1.3,0.35,0,2.0,2.0,1852.0,0,1.335,1,,0
2022,3217,"GREEN ENVIRONMNET SERVICES CO. OP.LTD, S. NO 89,90,91 VINZOL TAL DASKROI , AHMEDABAD BOREWELL NEAR TSDF SITE OF NARODA ENVIRO PROJECT.LTD, ODHAVE, AHMEDABADTSDF SITE",Gujarat,27.0,27.0,7.38,7.49,2595.0,2998.0,1.1,1.3,0.31,0.61,2.0,2.0,2.0,2.0,1516.0,1804.0,0.96,1.39,,,27.0,0,7.4350000000000005,0,2796.5,1.2000000000000002,0.45999999999999996,0,2.0,2.0,1660.0,0,1.1749999999999998,0,,0
2022,3218,"MODASAWELL OF MODASA, OF NARODA ENVIRO PROJECT.LTD, S NO 286 , VASTRAL ROAD ,ODHAVE WELL OF MODASA, NAGAR PALIKA, VARIGRUH,",Gujarat,26.0,27.0,7.46,7.67,932.0,1410.0,1.4,1.4,0.37,0.56,2.0,2.0,2.0,2.0,566.0,750.0,0.52,1.21,,,26.5,0,7.5649999999999995,0,1171.0,1.4,0.465,0,2.0,2.0,658.0,0,0.865,0,,0
2022,3219,"IDAR NAGARPALIKA, AT. NAGAR PALIKA, VARIGRUH, AT. MODASA. DIST. ARVALLI WELL OF IDAR, NAGAR PALIKA, SAKARIA, IDARBOREWELL OF",Gujarat,25.0,27.0,7.18,7.22,1462.0,1690.0,,,0.33,0.68,2.0,2.0,2.0,2.0,754.0,870.0,0.9,1.01,,,26.0,0,7.199999999999999,0,1576.0,,0.505,0,2.0,2.0,812.0,0,0.9550000000000001,0,,0
2022,3220,"KHEDABOREWELL OF GIDC- SAKARIA, TA. IDAR, DIST. SABARKANTHA BOREWELL OF GIDC-NADIAD AT GIDC OFFICE, GIDC NADIAD,",Gujarat,32.0,36.0,7.67,7.9,2776.0,4620.0,,,0.4,8.8,,,,,1810.0,2460.0,0.24,0.6,,,34.0,0,7.785,0,3698.0,,4.6000000000000005,0,,,2135.0,1,0.42,0,,0
2022,3221,"NADIAD AT GIDC OFFICE, GIDC NADIAD, KHEDA BOREWELL OF TOWN RAJPIPLA, DIST.NARMADANAGARPALIKA",Gujarat,27.0,28.0,7.43,7.81,700.0,717.0,5.0,5.0,0.32,0.32,2.0,2.0,2.0,2.0,478.0,496.0,,,,,27.5,0,7.619999999999999,0,708.5,5.0,0.32,0,2.0,2.0,487.0,0,,0,,0
2022,3222,"WATER TREATMENT PLANT , BOREWELL OF GIDC, PANOLIAT",Gujarat,31.0,32.0,7.57,7.64,3570.0,4270.0,5.0,5.0,0.34,0.34,2.0,2.0,2.0,2.0,2158.0,2700.0,0.53,0.6,,,31.5,0,7.605,0,3920.0,5.0,0.34,0,2.0,2.0,2429.0,1,0.565,0,,0
2022,3223,"AREAKADI GIDC, TAL: KADI, DIST : GIDC PANOLI, DIST BHARUCH BOREWELL KADI INDUSTRIAL",Gujarat,30.0,30.0,7.78,8.08,1882.0,2450.0,,,0.41,0.41,,,,,980.0,1420.0,0.78,1.08,,,30.0,0,7.93,0,2166.0,,0.41,0,,,1200.0,0,0.93,0,,0
2022,3224,"HOSPITAL, NEAR SARDAR MEHSANA DEESA BOREWELLMAIN WATER TANK, BESIDE BHANASALI",Gujarat,27.0,28.0,7.52,7.94,,,1.2,1.2,0.51,0.56,2.0,2.0,2.0,2.0,468.0,478.0,840.0,1108.0,,,27.5,0,7.73,0,,1.2,0.535,0,2.0,2.0,473.0,0,974.0,1,,0
2022,3225,"GIDC, TAL : VISNAGAR, DIST: GARDEN, DEESA, DIST- BANASKANTHA VISNAGAR BOREWELLVISNAGAR",Gujarat,30.0,30.0,7.44,7.89,2388.0,2450.0,,,0.45,0.87,,,,,1314.0,1390.0,0.89,1.72,,,30.0,0,7.665,0,2419.0,,0.66,0,,,1352.0,0,1.305,1,,0
2022,3226,"MEHSANA PATAN BOREWELLWATER PUMPING STATION, GANDHIBAG,",Gujarat,27.0,28.0,7.6,8.08,2185.0,2386.0,1.1,1.1,0.42,0.42,2.0,2.0,2.0,2.0,1222.0,1330.0,1.86,4.02,,,27.5,0,7.84,0,2285.5,1.1,0.42,0,2.0,2.0,1276.0,0,2.94,1,,0
2022,3227,"JANTA HOSPITAL ROAD, PATAN, DIST-PATAN VIJAPUR (RANASAN) BOREWELLRANASAN GIDC, VILL:",Gujarat,30.0,35.0,7.43,7.59,2082.0,2644.0,,,,,,,,,1124.0,1474.0,0.9,1.51,,,32.5,0,7.51,0,2363.0,,,0,,,1299.0,0,1.205,1,,0
2022,3228,"RANASAN, TAL : VIJAPUR, DIST: MEHSANA GIDC, HALOL, PANCHMAHALBORE WELL OF",Gujarat,28.0,29.0,7.45,7.5,3252.0,3908.0,,,1.26,7.14,,,,,1884.0,2110.0,0.99,1.44,,,28.5,0,7.475,0,3580.0,,4.2,0,,,1997.0,1,1.2149999999999999,0,,0
2022,3229,"M/S. SAFARI INDUSTRIES, GIDC, HALOL, DIST. PNCHMAHAL GIDC, DAHOD, DAHODHAND PUMP OPP. M/S STAR REDIATOR,",Gujarat,28.0,29.0,7.2,7.76,1727.0,1836.0,,,0.67,9.98,,,,,1120.0,1310.0,0.94,1.1,,,28.5,0,7.48,0,1781.5,,5.325,0,,,1215.0,0,1.02,0,,0
2022,3230,"CHAKALIYA ROAD, GIDC, DAHOD, DIST. DAHOD BOREWELL OF GIDC, JUNAGADHPLOT NO. 317, GIDC-",Gujarat,28.0,28.0,7.1,7.97,3390.0,4511.0,1.1,1.1,1.33,1.35,,,,,2388.0,3048.0,0.77,0.95,,,28.0,0,7.535,0,3950.5,1.1,1.34,0,,,2718.0,1,0.86,0,,0
2022,3231,"BHACHAUBOREWELL NEAR TSDF II, DOLATPARA, AT:JUNAGADH, TAL:JUNAGADH, DIST:JUNAGADH BOREWELL NEAR TSDF SITE OF SAURASHTRA ENVIRO PROJECT LTD., JUNA KATARIYA,",Gujarat,26.0,35.0,7.72,8.02,560.0,630.0,2.3,2.8,,,,,,,382.0,412.0,,,,,30.5,0,7.869999999999999,0,595.0,2.55,,0,,,397.0,0,,0,,0
2022,3232,"WATER SUPPLY, BILLIMORA, SITE OF SAURASHTRA ENVIRO PROJECT LTD., JUNA KATARIYA, BHACHAU BOREWELL OF GIDC, ANTALIA",Gujarat,30.0,33.0,7.87,8.22,2411.0,3494.0,1.4,1.5,0.51,0.58,2.0,2.0,2.0,2.0,1192.0,2096.0,0.24,0.26,,,31.5,0,8.045,0,2952.5,1.45,0.5449999999999999,0,2.0,2.0,1644.0,1,0.25,0,,0
2022,3233,"GANDEVI, DI - NAVSARI, GUJARAT. BOREWELL OF KALIAWADI GRID ROAD, NAVSARIAT -",Gujarat,30.0,31.0,8.15,8.21,2614.0,2629.0,1.7,1.7,0.33,0.47,2.0,2.0,2.0,2.0,1324.0,1576.0,0.28,0.29,,,30.5,0,8.18,0,2621.5,1.7,0.4,0,2.0,2.0,1450.0,0,0.28500000000000003,0,,0
2022,3234,"LIMITED, NADESARI, KALIYAWADI, NAVSARI CITY, TA & DI - NAVSARI, GUJARAT. BOREWELL NERA TSDF OF NANDESARI ENVIRO CONTROL",Gujarat,28.0,30.0,6.92,8.29,4887.0,10717.0,1.6,1.6,1.14,11.9,,,,,3170.0,7230.0,0.81,1.35,,,29.0,0,7.6049999999999995,0,7802.0,1.6,6.5200000000000005,0,,,5200.0,1,1.08,0,,0
2022,3235,"VADODARATSDF SITE OF NANDESARI BOREWELL OF GIDC KALOL, B/H GIDC OFFICE, GIDC, KALOL,",Gujarat,28.0,30.0,7.6,7.64,2109.0,2798.0,1.1,1.1,0.39,0.72,2.0,2.0,2.0,2.0,1265.0,1624.0,0.58,0.99,,,29.0,0,7.619999999999999,0,2453.5,1.1,0.5549999999999999,0,2.0,2.0,1444.5,0,0.7849999999999999,0,,0
2022,3236,"GANDHINAGARBOREWELL OF KALOL GIDC BOREWELL OF M/S ALFA ECA (I) LTD., UNIT-1, SR.NO. 249, UMA IND. ESTATE, VASNA , IYAVA,",Gujarat,28.0,32.0,7.63,7.76,3372.0,4690.0,1.3,1.3,0.47,0.7,2.0,2.0,2.0,2.0,1798.0,2520.0,0.58,0.81,,,30.0,0,7.695,0,4031.0,1.3,0.585,0,2.0,2.0,2159.0,1,0.6950000000000001,0,,0
2022,3237,"SANAND, AHMEDABADSR.NO. 249, UMA IND. ESTATE, VASNA , IYAVA, SANAND, AHMEDABAD BOREWELL OF L & T LTD., PLOT NO. 144/146, SARKHEJ-BAVLA ROAD, SANAND, AHMEDABAD",Gujarat,28.0,31.0,7.59,8.0,1908.0,2837.0,1.1,1.1,0.41,0.51,2.0,2.0,2.0,2.0,1272.0,1716.0,0.37,1.0,,,29.5,0,7.795,0,2372.5,1.1,0.45999999999999996,0,2.0,2.0,1494.0,0,0.685,0,,0
2022,3238,"IN THE PREMISES OF GIDC PLOT NO. 144/146, SARKHEJ- BAVLA ROAD, SANAND, AHMEDABAD BOREWELL OF GIDC KANSARIBORE WELL OF GIDC KANSARI,",Gujarat,29.0,29.0,7.75,7.85,5725.0,5989.0,,,0.79,4.8,,,,,3680.0,3720.0,0.59,1.08,,,29.0,0,7.8,0,5857.0,,2.795,0,,,3700.0,1,0.835,0,,0
2022,3239,"WATER SUPPLY TANK, GIDC KANSARI, TA. KHAMBHAT, DIST. ANAND BOREWELL OF GIDC, SOJITRABOREWELL OF GIDC, SOJITRA IN THE PREMISES OF",Gujarat,29.0,29.0,7.65,7.67,3741.0,4020.0,,,0.86,9.5,,,,,2430.0,2612.0,0.77,1.11,,,29.0,0,7.66,0,3880.5,,5.18,0,,,2521.0,1,0.9400000000000001,0,,0
2022,3240,"GIDC WATER SUPPLY TANK, GIDC-SOJITRA, TA. SOJITRA, DIST. ANAND. BOREWELL OF AJI GIDC ASSOCIATION OFFICE, PLOT NO.",Gujarat,27.0,30.0,7.45,7.6,,,1.1,1.1,1.35,1.43,,,,,760.0,1288.0,0.24,0.46,,,28.5,0,7.525,0,,1.1,1.3900000000000001,0,,,1024.0,0,0.35,0,,0
2022,3241,"SOLID WASTE SITE, NAKARWADI, AUSTIN AUTO ENG. AJI GIDC, RAJKOT BOREWELL NEAR MUNICIPAL",Gujarat,29.0,30.0,7.55,8.22,,,1.2,1.2,1.35,1.35,,,,,1624.0,1724.0,0.35,0.65,,,29.5,0,7.885,0,,1.2,1.35,0,,,1674.0,0,0.5,0,,0
2022,3242,"ALANG, BHAVNAGARBAPA RAJKOT BOREWELL NEAR TSDF OF GUJARAT MARITIME BOARD,",Gujarat,29.0,29.0,7.96,7.96,3020.0,3020.0,2.1,2.1,0.52,0.52,,,,,1710.0,1710.0,0.48,0.48,,,29.0,0,7.96,0,3020.0,2.1,0.52,0,,,1710.0,0,0.48,0,,0
2022,3243,"SITARAM MADHI, ALANG RD, VIL- MANAR, BHAVNAGAR BOREWELL OF GIDC, VARTEJ, BHAVNAGARGIDC OF VARTEJ,",Gujarat,29.0,29.0,7.54,7.54,3870.0,3870.0,2.7,2.7,0.04,0.04,,,,,2146.0,2146.0,0.24,0.24,,,29.0,0,7.54,0,3870.0,2.7,0.04,0,,,2146.0,1,0.24,0,,0
2022,3244,"NEAR MADHUSILICA INDUSTRY, VARTEJ, BHAVNAGAR BOREWELL NEAR TSDF OF BHARUCH ENVIRO INFRASTRUCTURE LIMITED,",Gujarat,30.0,32.0,7.16,7.59,3042.0,3993.0,5.0,5.0,0.32,0.32,2.0,2.0,2.0,2.0,2070.0,2538.0,0.32,0.48,,,31.0,0,7.375,0,3517.5,5.0,0.32,0,2.0,2.0,2304.0,1,0.4,0,,0
2022,3245,"DHRANGADHRA, NEAR DCW ANKLESHWAR, BHARUCHAT BEIL TSDF SITE, GIDC ANKLESHWAR, DIST BHARUCH BOREWELL AT DHANGADHRA NEAR DHANGADHRA CHEMICALSBOREWELL AT",Gujarat,31.0,31.0,7.55,8.08,4515.0,5234.0,1.1,1.2,1.21,1.24,,,,,2740.0,3444.0,0.85,1.18,,,31.0,0,7.8149999999999995,0,4874.5,1.15,1.225,0,,,3092.0,1,1.015,0,,0
2022,3246,"LIMITED, DHRANGADHRA, TAL. DHRANGADHRA, DIST. SURENDRANAGAR BOREWELL OF GIDC OFFICE, SHANKAR TEKRI, UDHYOGNAGAR,",Gujarat,26.0,28.0,7.31,7.7,2418.0,2851.0,1.6,1.7,0.32,0.33,,,,,1308.0,1898.0,0.24,0.28,,,27.0,0,7.505,0,2634.5,1.65,0.325,0,,,1603.0,0,0.26,0,,0
2022,3247,"JAMNANGARBORWELL OF GIDC ASSOCIATION OFFICE, JAMNAGAR BOREWELL OF SHRI MAHAVIR METAL CRAFT PVT. LTD., PLOT NO. 3059, ROAD NO.6, NR. MAHAVIR CIRCLE, PHASE-III,",Gujarat,25.0,28.0,7.28,7.47,2280.0,2897.0,1.5,1.7,0.32,0.32,,,,,1316.0,1520.0,0.23,0.23,,,26.5,0,7.375,0,2588.5,1.6,0.32,0,,,1418.0,0,0.23,0,,0
2022,4411,"GIDC, DARED, JAMNAGARPLOT NO. 3059, ROAD NO.6, NR. MAHAVIR CIRCLE, PHASE-III, GIDC, DARED, JAMNAGAR BOREWELL OF MR. HITENDRABHAI LAKHMANBHAI",Gujarat,27.0,28.0,7.32,7.48,2755.0,2901.0,1.6,1.6,0.32,0.34,,,,,1314.0,1334.0,0.21,0.23,,,27.5,0,7.4,0,2828.0,1.6,0.33,0,,,1324.0,0,0.22,0,,0
2022,4412,"MANDIR, OPP. MSW DUMPSITE, GANDHINAGARSHIV SAI PARK, NEW SMASHAN ROAD, GANDHINAGAR BOREWELL OF SHRI KANKESHWAR MAHADEV",Gujarat,28.0,29.0,7.38,7.4,1390.0,5594.0,1.1,6.0,0.32,0.32,,,,,636.0,4106.0,0.25,0.25,,,28.5,0,7.390000000000001,0,3492.0,3.55,0.32,0,,,2371.0,1,0.25,0,,0
2022,4413,"OF JASHWANTBHAI PARMAR VIBHAPAROPP. MSW DUMPSITE, VIBHAPAR B/W OF JASHWANTBHAI PARMAR, S. NO. 18 AT: VILLAGE KALAMSAR, TA KHAMBHATB/W",Gujarat,28.0,29.0,8.05,8.42,1575.0,2012.0,,,0.47,3.77,,,,,1030.0,1372.0,0.6,0.72,,,28.5,0,8.235,0,1793.5,,2.12,0,,,1201.0,0,0.6599999999999999,0,,0
2022,4416,"S. NO. 18, NR.KHODIYAR PURA, VILL. KALAMSAR, TA. KHAMBHAT,DIST. ANAND BORE WELL AT VORAGAMDINEAR MSW SITE OF",Gujarat,29.0,29.0,7.78,7.9,2452.0,2524.0,,,0.32,0.81,,,,,1588.0,1640.0,0.77,0.85,,,29.0,0,7.84,0,2488.0,,0.5650000000000001,0,,,1614.0,0,0.81,0,,0
2022,4422,"LUNAVADA, DIST. VADODARA MUNICIPAL CORPORATION BORE WELL OF ITI COLLAGE OPP, M/S PALIWAL MILK AT MOTA SONELA, MODASA ROAD, TAL,",Gujarat,28.0,29.0,7.14,7.32,976.0,1292.0,,,0.65,9.13,,,,,630.0,724.0,0.44,0.86,,,28.5,0,7.23,0,1134.0,,4.890000000000001,0,,,677.0,0,0.65,0,,0
2022,4836,"UPSTREAM GHAGGAR RIVER, MAHISAGARBORE WELL OF ITI COLLAGE, MOTASONELA, TAL. LUNAWADA, DIST. MAHISAGAR TUBEWELL NO. 1, NEAR",Haryana,,,7.8,8.0,850.0,874.0,,,,,,,,,510.0,686.0,,,,,,0,7.9,0,862.0,,,0,,,598.0,0,,0,,0
2022,4837,"VILLAGE CHIALI TUBEWELL NO. 2, NEAR",Haryana,,,7.5,7.8,1080.0,1120.0,,,,,,,,,648.0,668.0,,,,,,0,7.65,0,1100.0,,,0,,,658.0,0,,0,,0
2022,4838,"PIR BABA MANDIR, SECTOR - 13, GURUDWARA, VILLAGE BHATIA HAND PUMP INSTALLED NEAR",Haryana,,,7.9,7.9,,,,,,,,,,,612.0,612.0,,,,,,0,7.9,0,,,,0,,,612.0,0,,0,,0
2022,4839,BHIWANI,Haryana,20.0,22.0,7.1,7.3,2970.0,3760.0,,,,,,,,,1630.0,2070.0,,,,,21.0,0,7.199999999999999,0,3365.0,,,0,,,1850.0,1,,0,,0
2022,4840,"TUBEWELL AT PRITHLA, PALWAL",Haryana,21.0,21.0,7.4,7.7,5970.0,6330.0,,,,,,,,,3280.0,3480.0,0.7,0.9,,,21.0,0,7.550000000000001,0,6150.0,,,0,,,3380.0,1,0.8,0,,0
2022,4841,"TUBEWELL AT HATHIN, PLAWAL TUBEWELL AT GARHI, HODAL ,",Haryana,21.0,21.0,7.5,7.8,4510.0,4810.0,,,,,,,,,2480.0,2670.0,0.9,1.1,,,21.0,0,7.65,0,4660.0,,,0,,,2575.0,1,1.0,0,,0
2022,4842,PALWAL TUBEWELL NEAR POLICE,Haryana,7.3,20.0,7.3,7.4,2340.0,2420.0,,,,,,,,,1280.0,1330.0,,,,,13.65,0,7.35,0,2380.0,,,0,,,1305.0,0,,0,,0
2022,4843,"MOHABATABAD CRUSHER ZONE, STATION GEPIL, VILLAGE PALI,",Haryana,21.0,29.0,6.7,7.5,1130.0,1230.0,,,,,,,,,620.0,680.0,0.7,0.7,,,25.0,0,7.1,0,1180.0,,,0,,,650.0,0,0.7,0,,0
2022,4847,"TEHSIL - PATAUDI (PWD), TUBEWELL NO. 4, HAILY MANDI,",Haryana,15.1,33.4,7.0,7.1,1350.0,1390.0,,,,,,,700.0,800.0,744.0,766.0,,,,,24.25,0,7.05,0,1370.0,,,0,,750.0,755.0,0,,0,,0
2022,4848,"GURUGRAM TUBEWELL HSSIDC, NEAR PLOT",Haryana,28.0,28.0,7.4,7.4,1040.0,1040.0,,,,,,,,,570.0,570.0,0.9,0.9,,,28.0,0,7.4,0,1040.0,,,0,,,570.0,0,0.9,0,,0
2022,4849,"NO. 7, SECTOR 37, GURUGRAM BOREWELL AT ENTRY GATE OF ANSAL PIONEER INDUSTRIAL",Haryana,26.8,26.8,7.5,7.5,1410.0,1410.0,,,,,,,800.0,800.0,770.0,770.0,,,,,26.8,0,7.5,0,1410.0,,,0,,800.0,770.0,0,,0,,0
2022,4850,"SECTOR - 35, HSIIDC, NH - 8, PARK, PATHERI, BILASPUR, GURUGRAM BOREWELL OF WATER WORKS,",Haryana,23.8,23.8,7.1,7.1,1420.0,1420.0,,,,,,,900.0,900.0,780.0,780.0,,,,,23.8,0,7.1,0,1420.0,,,0,,900.0,780.0,0,,0,,0
2022,4852,"GURUGRAM TUBEWELL AT FAUJI DHABA, GT",Haryana,,,8.19,8.19,904.0,904.0,2.4,2.4,0.38,0.38,,,,,530.0,530.0,0.23,0.23,,,,0,8.19,0,904.0,2.4,0.38,0,,,530.0,0,0.23,0,,0
2022,4492,SMAILPUR KASHMIR HAND PUMP NEAR GARBAGE,Jharkhand,23.0,33.0,7.5,7.6,202.0,238.0,1.1,1.2,,,,,,,200.0,230.0,,,,,28.0,0,7.55,0,220.0,1.15,,0,,,215.0,0,,0,,0
2022,4493,"DUMP, RAKSHIBANDH DUMKA",Jharkhand,22.0,32.0,7.5,7.6,235.0,280.0,1.2,1.6,,,,,,,230.0,276.0,,,,,27.0,0,7.55,0,257.5,1.4,,0,,,253.0,0,,0,,0
2022,4758,"OF RAJENDRA SINGH MUNDA, HOLY POND AT VILLAGE SIKATIA GOVT. HANDPUMP NEAR HOUSE",Jharkhand,18.0,26.0,6.6,6.8,,,1.3,6.6,,,,,,,382.0,386.0,,,,,22.0,0,6.699999999999999,0,,3.9499999999999997,,0,,,384.0,0,,0,,0
2022,3564,MANGALIJYOTHI SCHOOL MSW KOKRANA MURI BOREWELL WATER NEAR,Karnataka,27.0,28.0,7.1,7.3,174.0,184.0,3.0,3.0,2.74,3.77,11.0,94.0,140.0,920.0,120.0,124.0,,,,,27.5,0,7.199999999999999,0,179.0,3.0,3.255,0,52.5,530.0,122.0,0,,0,,0
2022,19,,Kerala,26.0,27.0,5.7,5.8,100.0,140.0,1.6,1.6,1.02,1.53,170.0,410.0,240.0,630.0,69.0,80.0,,,0.001,0.001,26.5,0,5.75,0,120.0,1.6,1.275,0,290.0,435.0,74.5,0,,0,0.001,0
2022,22,"WELL AT ELOOR,ERNAKULAM",Kerala,26.0,29.0,5.9,6.6,103.0,142.0,,,1.21,1.21,6.0,40.0,40.0,120.0,62.0,85.0,,,,,27.5,0,6.25,0,122.5,,1.21,0,23.0,80.0,73.5,0,,0,,0
2022,35,"WELL AT CHUNGAPALLY, KERALA",Kerala,23.0,25.0,6.4,8.0,157.0,260.0,1.1,1.1,2.08,2.08,31.0,31.0,100.0,100.0,90.0,167.0,,,,,24.0,0,7.2,0,208.5,1.1,2.08,0,31.0,100.0,128.5,0,,0,,0
2022,1581,"THIRUVANANTHAPURAM, WELL AT PUNALUR, KERALA WELL AT PAPPANAMKODE,",Kerala,27.0,27.0,5.2,5.2,158.0,210.0,1.8,1.8,,,100.0,200.0,310.0,400.0,93.0,120.0,,,0.004,0.004,27.0,0,5.2,0,184.0,1.8,,0,150.0,355.0,106.5,0,,0,0.004,0
2022,1582,"THIRUVANANTHAPURAM, WELL AT NEDUMANGAD,",Kerala,27.0,27.0,5.9,6.1,210.0,270.0,2.2,2.2,,,310.0,600.0,600.0,1000.0,126.0,155.0,,,,,27.0,0,6.0,0,240.0,2.2,,0,455.0,800.0,140.5,0,,0,,0
2022,1583,"WELL AT KUNDARA, KOLLAM",Kerala,22.0,27.0,6.5,7.1,153.0,314.0,1.1,1.8,16.2,16.2,,,70.0,110.0,84.0,203.0,,,,,24.5,0,6.8,0,233.5,1.4500000000000002,16.2,0,,90.0,143.5,0,,0,,0
2022,1584,"DISTT. , KERALA WELL AT CHERTHALA, ALLEPPY,",Kerala,30.0,30.0,7.2,7.4,209.0,268.0,1.4,1.8,,,200.0,200.0,400.0,490.0,141.0,178.0,0.8,0.8,,,30.0,0,7.300000000000001,0,238.5,1.6,,0,200.0,445.0,159.5,0,0.8,0,,0
2022,1585,"WELL AT VYTTILA, ERNAKULAM",Kerala,28.0,29.0,7.3,7.4,450.0,540.0,1.3,1.5,5.96,5.96,2400.0,3800.0,3300.0,7000.0,260.0,320.0,,,0.004,0.004,28.5,0,7.35,0,495.0,1.4,5.96,0,3100.0,5150.0,290.0,0,,0,0.004,0
2022,1586,DISTT. KERALA WELL AT EDAYAR ERNAKULAM,Kerala,27.0,28.0,6.1,6.2,265.0,340.0,1.1,1.4,0.59,3.07,580.0,1000.0,790.0,4000.0,168.0,213.0,,,0.004,0.004,27.5,0,6.15,0,302.5,1.25,1.8299999999999998,0,790.0,2395.0,190.5,0,,0,0.004,0
2022,1587,"DISTT., KERALA WELL AT KALAMASSERY",Kerala,27.0,27.0,5.9,5.9,245.0,300.0,1.2,1.2,1.38,7.24,14.0,27.0,63.0,70.0,136.0,168.0,,,,,27.0,0,5.9,0,272.5,1.2,4.3100000000000005,0,20.5,66.5,152.0,0,,0,,0
2022,1588,"ERNAKULAM DISTT. ,KERALA WELL AT PUNKUNNAM TRISSUR",Kerala,23.0,32.0,7.2,7.4,151.0,250.0,1.3,1.9,9.35,9.35,250.0,250.0,490.0,490.0,90.0,170.0,0.78,0.78,,,27.5,0,7.300000000000001,0,200.5,1.6,9.35,0,250.0,490.0,130.0,0,0.78,0,,0
2022,1589,"DISTT. , KERALA",Kerala,21.0,23.0,7.1,7.5,326.0,353.0,,,1.3,3.5,34.0,43.0,63.0,120.0,195.0,208.0,,,0.003,0.003,22.0,0,7.3,0,339.5,,2.4,0,38.5,91.5,201.5,0,,0,0.003,0
2022,1590,"WELL AT MALAPURAM , KERALA WELL AT MAVOOR, KOZHIKKODE",Kerala,26.0,30.0,6.3,6.9,79.0,81.0,,,,,100.0,430.0,140.0,810.0,46.0,48.0,,,,,28.0,0,6.6,0,80.0,,,0,265.0,475.0,47.0,0,,0,,0
2022,1591,"DISTT. , KERALA WELL AT KANNUR MUNICIPALITY",Kerala,28.0,28.0,4.4,5.5,100.0,116.0,1.8,1.8,,,110.0,150.0,200.0,400.0,66.0,68.0,,,,,28.0,0,4.95,0,108.0,1.8,,0,130.0,300.0,67.0,0,,0,,0
2022,1592,"KANNUR WELL AT PAYYANNUR, KANNUR",Kerala,27.0,29.0,6.6,6.7,112.0,262.0,1.4,1.4,,,40.0,490.0,200.0,910.0,60.0,180.0,,,,,28.0,0,6.65,0,187.0,1.4,,0,265.0,555.0,120.0,0,,0,,0
2022,2308,"DISTT. , KERALA WELL AT FATHIMAPURAM",Kerala,27.0,28.0,6.3,6.8,151.0,168.0,1.9,1.9,1.46,1.46,150.0,150.0,400.0,400.0,102.0,105.0,,,0.012,0.012,27.5,0,6.55,0,159.5,1.9,1.46,0,150.0,400.0,103.5,0,,0,0.012,0
2022,2309,(CHANGANASSERY),Kerala,25.0,26.0,5.4,5.7,81.0,153.0,1.1,1.2,0.67,0.67,,,100.0,250.0,58.0,92.0,1.1,1.1,,,25.5,0,5.550000000000001,0,117.0,1.15,0.67,0,,175.0,75.0,0,1.1,0,,0
2022,2310,WELL AT KAROOR (PALA),Kerala,25.0,26.0,5.2,5.7,156.0,249.0,1.4,1.4,,,,,200.0,200.0,100.0,172.0,,,,,25.5,0,5.45,0,202.5,1.4,,0,,200.0,136.0,0,,0,,0
2022,2311,WELL AT VAIKOM WELL AT VADAVATHOOR,Kerala,26.0,27.0,4.9,6.2,77.0,103.0,,,1.47,1.84,250.0,250.0,610.0,910.0,60.0,72.0,,,0.001,0.001,26.5,0,5.550000000000001,0,90.0,,1.655,0,250.0,760.0,66.0,0,,0,0.001,0
2022,2313,"(KOTTAYAM) WELL AT SARVODAPURAM,",Kerala,30.0,30.0,7.2,7.4,156.0,234.0,1.9,2.0,,,700.0,700.0,1800.0,1800.0,108.0,132.0,0.8,0.8,,,30.0,0,7.300000000000001,0,195.0,1.95,,0,700.0,1800.0,120.0,0,0.8,0,,0
2022,2314,ALAPPUZHA,Kerala,23.0,27.0,6.5,7.1,163.0,323.0,1.2,1.4,36.24,36.24,40.0,40.0,10.0,140.0,98.0,211.0,,,,,25.0,0,6.8,0,243.0,1.2999999999999998,36.24,0,40.0,75.0,154.5,0,,0,,0
2022,2315,WELL AT KUREEPUZHA (KOLLAM),Kerala,23.0,24.0,7.2,8.3,221.0,438.0,1.4,1.9,3.81,3.81,31.0,40.0,81.0,120.0,140.0,286.0,,,,,23.5,0,7.75,0,329.5,1.65,3.81,0,35.5,100.5,213.0,0,,0,,0
2022,2316,WELL AT K.M.M.L. (KOLLAM) WELL AT CHELLORA TRENCHING,Kerala,27.0,27.0,4.7,6.2,133.0,146.0,,,,,79.0,600.0,310.0,790.0,65.0,102.0,,,,,27.0,0,5.45,0,139.5,,,0,339.5,550.0,83.5,0,,0,,0
2022,2317,,Kerala,26.0,28.0,6.5,6.8,145.0,330.0,,,,,40.0,100.0,100.0,350.0,95.0,231.0,,,0.004,0.004,27.0,0,6.65,0,237.5,,,0,70.0,225.0,163.0,0,,0,0.004,0
2022,2320,WELL AT PUNNALPETTIPPALAM,Kerala,21.0,23.0,7.0,7.2,252.0,254.0,,,0.7,2.7,32.0,32.0,81.0,150.0,140.0,142.0,,,0.001,0.001,22.0,0,7.1,0,253.0,,1.7000000000000002,0,32.0,115.5,141.0,0,,0,0.001,0
2022,2321,WELL AT MANJERI,Kerala,24.0,30.0,7.1,7.8,83.0,245.0,1.4,2.1,5.38,5.38,,,,,53.0,155.0,0.67,0.67,,,27.0,0,7.449999999999999,0,164.0,1.75,5.38,0,,,104.0,0,0.67,0,,0
2022,2322,WELL AT LALOOR (THRISSUR),Kerala,28.0,29.0,6.1,7.3,93.0,172.0,1.1,1.6,6.38,6.38,,,,,57.0,120.0,0.38,0.73,,,28.5,0,6.699999999999999,0,132.5,1.35,6.38,0,,,88.5,0,0.5549999999999999,0,,0
2022,2323,WELL AT OLLUR (THRISSUR) WELL AT BRAHMAPURAM,Kerala,27.0,28.0,6.0,6.5,150.0,204.0,1.2,1.7,0.57,0.57,94.0,400.0,630.0,1300.0,83.0,121.0,,,,,27.5,0,6.25,0,177.0,1.45,0.57,0,247.0,965.0,102.0,0,,0,,0
2022,2324,DUMP (AMBALAMUGAL M.S.W. DUMPARK WELL AT HAZARDOUS WASTE,Kerala,27.0,28.0,5.0,5.7,100.0,110.0,,,1.02,4.98,200.0,790.0,790.0,1200.0,64.0,66.0,,,0.002,0.002,27.5,0,5.35,0,105.0,,3.0,0,495.0,995.0,65.0,0,,0,0.002,0
2022,2327,BOREWELL),Kerala,27.0,28.0,6.9,8.4,855.0,885.0,1.7,1.7,0.5,0.5,400.0,400.0,300.0,900.0,548.0,559.0,0.48,0.48,0.008,0.008,27.5,0,7.65,0,870.0,1.7,0.5,0,400.0,600.0,553.5,0,0.48,0,0.008,0
2022,3463,"WELL AT KARUKAMANI WELL AT VELLIPARAMBA,",Kerala,26.0,30.0,5.5,6.9,81.0,116.0,,,,,40.0,400.0,81.0,630.0,50.0,68.0,,,,,28.0,0,6.2,0,98.5,,,0,220.0,355.5,59.0,0,,0,,0
2022,3472,KOZHEKODE WELL OF TEMPLE,Kerala,28.0,29.0,5.3,7.3,215.0,435.0,1.6,1.6,,,79.0,600.0,350.0,910.0,120.0,305.0,,,,,28.5,0,6.3,0,325.0,1.6,,0,339.5,630.0,212.5,0,,0,,0
2022,3474,"PARASSINIKADAVU, KANNUR",Kerala,27.0,29.0,6.5,7.6,111.0,118.0,1.9,3.0,,,70.0,600.0,310.0,910.0,70.0,70.0,,,,,28.0,0,7.05,0,114.5,2.45,,0,335.0,610.0,70.0,0,,0,,0
2022,3475,"WELL AT PAYANOOR, KANNUR",Kerala,27.0,28.0,4.3,6.1,55.0,130.0,1.6,2.2,,,80.0,310.0,300.0,490.0,39.0,73.0,,,0.003,0.003,27.5,0,5.199999999999999,0,92.5,1.9000000000000001,,0,195.0,395.0,56.0,0,,0,0.003,0
2022,5219,"SIVA TEMPLE, KANJIKKODE, WELL AT KARIMBAM, KANNUR WELL AT SRI KIRATHAMOORTHY",Kerala,26.0,27.0,6.5,7.7,92.0,147.0,,,1.1,1.1,600.0,600.0,1400.0,1400.0,58.0,86.0,0.33,0.33,,,26.5,0,7.1,0,119.5,,1.1,0,600.0,1400.0,72.0,0,0.33,0,,0
2022,1402,PALAKKAD,Lakshadweep,28.7,28.7,7.13,7.13,810.0,810.0,,,,,37.0,37.0,240.0,240.0,543.0,543.0,,,,,28.7,0,7.13,0,810.0,,,0,37.0,240.0,543.0,0,,0,,0
2022,1593,WELL C/O KULAKKINAPURA,Lakshadweep,28.3,28.3,7.47,7.47,920.0,920.0,,,,,,,8.0,8.0,616.0,616.0,,,,,28.3,0,7.47,0,920.0,,,0,,8.0,616.0,0,,0,,0
2022,1594,WELL NEAR JB SCHOOL (E),Lakshadweep,28.5,28.5,7.21,7.21,960.0,960.0,,,,,34.0,34.0,240.0,240.0,643.0,643.0,,,,,28.5,0,7.21,0,960.0,,,0,34.0,240.0,643.0,0,,0,,0
2022,1595,WELL NEAR OTTAVATHIL PALLI,Lakshadweep,29.3,29.3,7.35,7.35,730.0,730.0,,,,,22.0,22.0,70.0,70.0,620.0,620.0,,,,,29.3,0,7.35,0,730.0,,,0,22.0,70.0,620.0,0,,0,,0
2022,1596,WELL C/O CHEKKILLAM HOUSE,Lakshadweep,28.2,28.2,7.31,7.31,630.0,630.0,,,,,,,1600.0,1600.0,422.0,422.0,,,,,28.2,0,7.31,0,630.0,,,0,,1600.0,422.0,0,,0,,0
2022,1597,WELL C/O KADATH PALLI,Lakshadweep,26.4,26.4,7.47,7.47,690.0,690.0,,,,,23.0,23.0,130.0,130.0,462.0,462.0,,,,,26.4,0,7.47,0,690.0,,,0,23.0,130.0,462.0,0,,0,,0
2022,1598,WELL C/O BADAR PALLI,Lakshadweep,29.9,29.9,7.48,7.48,640.0,640.0,,,,,13.0,13.0,23.0,23.0,355.0,355.0,,,,,29.9,0,7.48,0,640.0,,,0,13.0,23.0,355.0,0,,0,,0
2022,1599,WELL C/O PUTHIYA PALLI,Lakshadweep,28.5,28.5,7.29,7.29,620.0,620.0,,,,,17.0,17.0,22.0,22.0,570.0,570.0,,,,,28.5,0,7.29,0,620.0,,,0,17.0,22.0,570.0,0,,0,,0
2022,1600,WELL C/O PURATHA PALLI,Lakshadweep,29.5,29.5,7.0,7.0,730.0,730.0,,,,,,,43.0,43.0,480.0,480.0,,,,,29.5,0,7.0,0,730.0,,,0,,43.0,480.0,0,,0,,0
2022,1601,WELL C/O ANDAM PALLI,Lakshadweep,28.2,28.2,7.46,7.46,660.0,660.0,,,,,,,33.0,33.0,570.0,570.0,,,,,28.2,0,7.46,0,660.0,,,0,,33.0,570.0,0,,0,,0
2022,1602,WELL C/O CIRCUIT HOUSE,Lakshadweep,27.3,27.3,7.47,7.47,720.0,720.0,,,,,130.0,130.0,240.0,240.0,482.0,482.0,,,,,27.3,0,7.47,0,720.0,,,0,130.0,240.0,482.0,0,,0,,0
2022,1603,WELL C/O GOVT. PRESS,Lakshadweep,29.5,29.5,7.18,7.18,1750.0,1750.0,,,,,13.0,13.0,13.0,13.0,400.0,400.0,,,,,29.5,0,7.18,0,1750.0,,,0,13.0,13.0,400.0,0,,0,,0
2022,1604,WELL C/O POLICE QUARTERS,Lakshadweep,29.0,29.0,7.28,7.28,1530.0,1530.0,,,,,4.0,4.0,22.0,22.0,1010.0,1010.0,,,,,29.0,0,7.28,0,1530.0,,,0,4.0,22.0,1010.0,0,,0,,0
2022,1605,WELL BACK SIDE OF TEMPLE,Lakshadweep,29.4,29.4,7.44,7.44,1709.0,1709.0,,,,,170.0,170.0,170.0,170.0,1245.0,1245.0,,,,,29.4,0,7.44,0,1709.0,,,0,170.0,170.0,1245.0,0,,0,,0
2022,1985,"DUG WELL AT 5 -STAR INDUSTRIAL ESTATE, VILLAGE-",Maharashtra,26.0,29.0,6.9,7.5,882.0,1775.0,6.0,50.0,,,7.8,22.0,49.0,49.0,788.0,1612.0,1.4,1.4,,,27.5,0,7.2,0,1328.5,28.0,,0,14.9,49.0,1200.0,0,1.4,0,,0
2022,1987,"GOKHIWARE, TALUKA- VASAI, KASHIMIRA , TALUKA- THANE, DISTRICT-THANE. BORE WELL AT VASAI, VILLAGE-",Maharashtra,26.0,27.0,7.0,7.4,629.0,1333.0,4.2,5.0,1.15,1.15,6.8,13.0,46.0,70.0,608.0,1208.0,0.24,0.79,,,26.5,0,7.2,0,981.0,4.6,1.15,0,9.9,58.0,908.0,0,0.515,0,,0
2022,1989,"DISTRICT- PALGHAR. BORE WELL AT MWML SITE AT TALOJA, VILLAGE-KARAWLA-",Maharashtra,27.0,29.0,7.1,7.1,1763.0,2205.0,5.0,5.0,0.33,0.59,17.0,23.0,70.0,140.0,1914.0,1914.0,,,,,28.0,0,7.1,0,1984.0,5.0,0.45999999999999996,0,20.0,105.0,1914.0,0,,0,,0
2022,1990,"TALOJA,TALUKA- PANVEL, DISTRICT- RAIGAD. BORE WELL AT BMW SITE, VILLAGE-BURUDGAON ,TALUKA-",Maharashtra,20.0,24.0,7.2,7.3,2355.0,3458.0,3.4,3.6,0.34,5.64,4.0,6.0,40.0,63.0,1810.0,2789.0,,,,,22.0,0,7.25,0,2906.5,3.5,2.9899999999999998,0,5.0,51.5,2299.5,1,,0,,0
2022,1991,"AHMEDNAGAR,DISTRICT- AHMEDNAGAR. BORE WELL AT MSW SITE,VILLAGE-PATHARDI",Maharashtra,26.0,27.0,7.5,7.6,582.0,1700.0,3.5,6.2,0.34,1.75,6.0,11.0,58.0,79.0,461.0,1321.0,,,,,26.5,0,7.55,0,1141.0,4.85,1.045,0,8.5,68.5,891.0,0,,0,,0
2022,1992,",TALUKA- NASHIK,DISTRICT- NASHIK. DUG WELL AT MSW SITE, OWNED BY SHRI. DATTU KONDIBA BORATE AT BORATE",Maharashtra,26.0,29.0,7.2,7.6,659.0,706.0,4.4,6.2,2.51,5.81,6.0,9.0,95.0,250.0,540.0,612.0,0.58,0.58,,,27.5,0,7.4,0,682.5,5.300000000000001,4.16,0,7.5,172.5,576.0,0,0.58,0,,0
2022,1993,"VASTHI, VILLAGE- MOSHI, PIMPRI CHINCHWAD, TALUKA- HAWELI, DISTRICT- PUNE. DUG WELL AT PANDHARPUR, VILLAGE-PANDHARPUR, TALUKA-",Maharashtra,28.0,40.0,7.3,7.7,1247.0,1619.0,2.4,5.8,13.0,19.7,2.0,2.0,6.8,23.0,1052.0,1220.0,0.51,1.02,,,34.0,0,7.5,0,1433.0,4.1,16.35,0,2.0,14.9,1136.0,0,0.765,0,,0
2022,1994,"GANGAPUR, DISTRICT - AURANGABAD. DUG WELL AT TPS-DURGAPUR, NEAR NASEEB KIRANA AND GENERAL STORES, VILLAGE-",Maharashtra,19.0,19.0,7.2,7.5,912.0,996.0,3.2,3.8,,,17.0,32.0,140.0,170.0,719.0,880.0,,,,,19.0,0,7.35,0,954.0,3.5,,0,24.5,155.0,799.5,0,,0,,0
2022,1995,"HOUSE,VILLAGE-KHAPERKHEDA ( DURGAPUR, TALUKA- CHANDRAPUR, DISTRICT- CHANDRAPUR. GRAM PANCHAYATH DUG WELL , NEAR BALAJI GAJBHIYE",Maharashtra,25.0,35.0,7.8,8.3,1164.0,1229.0,3.2,3.4,,,10.0,26.0,94.0,170.0,969.0,1002.0,0.42,0.42,,,30.0,0,8.05,0,1196.5,3.3,,0,18.0,132.0,985.5,0,0.42,0,,0
2022,1996,"MANDIR SAHAKARI SANSTHA, WARD NO.4) , TALUKA- SAONER, DISTRICT- NAGPUR. GRAM PANCHAYATH DUG WELL , NEAR JAGADAMBA G. M. S.",Maharashtra,25.0,35.0,7.5,8.2,1404.0,1544.0,3.0,3.6,,,21.0,24.0,120.0,120.0,1269.0,1312.0,,,,,30.0,0,7.85,0,1474.0,3.3,,0,22.5,120.0,1290.5,0,,0,,0
2022,1997,"BORE WELL NEAR PRIMARY HEALTH CENTRE, VILLAGE-",Maharashtra,18.0,18.0,7.9,7.9,1132.0,1132.0,3.2,3.2,,,40.0,40.0,280.0,280.0,884.0,884.0,,,,,18.0,0,7.9,0,1132.0,3.2,,0,40.0,280.0,884.0,0,,0,,0
2022,1999,"RAIPUR,TALUKA- HINGNA, DISTRICT- NAGPUR. BORE WELL NEAR GRAM PANCHAYAT OFFICE, VILLAGE-",Maharashtra,22.0,28.0,7.0,7.5,710.0,1011.0,3.4,6.2,17.63,17.63,12.0,17.0,110.0,140.0,680.0,875.0,,,,,25.0,0,7.25,0,860.5,4.8,17.63,0,14.5,125.0,777.5,0,,0,,0
2022,2003,"CHANGERA,TALUKA- GONDIA, DISTRICT- GONDIA. DUG WELL AT PLOT NO- 4, STREET NO.49-C, AT NEHRU BAL UDYAN AZAD MAIDAN, OWNED",Maharashtra,20.0,20.0,8.2,8.3,1022.0,1086.0,3.2,3.3,,,21.0,32.0,120.0,210.0,874.0,986.0,,,,,20.0,0,8.25,0,1054.0,3.25,,0,26.5,165.0,930.0,0,,0,,0
2022,2004,"BY YAVATMAL M.C. TALUKA- YAVATMAL, DISTRICT- YAVATMAL. BORE WELL AT PARVATI INDUSTRIAL ESTATE, VILLAGE-",Maharashtra,26.0,28.0,7.3,8.0,1180.0,3242.0,1.8,2.4,4.5,10.42,5.5,5.5,17.0,17.0,979.0,2618.0,0.28,0.28,,,27.0,0,7.65,0,2211.0,2.1,7.46,0,5.5,17.0,1798.5,1,0.28,0,,0
2022,2005,"KHANJIRENAGAR,TALUKA- YADRAV, TALUKA- SHIROL, DISTRICT- KOLHAPUR. BORE WELL AT KHANJIRENAGAR, VILLAGE-",Maharashtra,26.0,28.0,7.6,8.2,1163.0,1500.0,2.0,2.8,2.2,10.38,5.5,5.5,17.0,17.0,946.0,1245.0,0.32,0.32,,,27.0,0,7.8999999999999995,0,1331.5,2.4,6.290000000000001,0,5.5,17.0,1095.5,0,0.32,0,,0
2022,2006,"VILLAGE-SHINOLI, TALUKA- HATKANANGALE, DISTRICT- KOLHAPUR. BORE WELL AT SHINOLI NEAR M/S AQUA ALLOY STEEL ,MIDC,",Maharashtra,26.0,28.0,7.4,8.2,1375.0,1548.0,1.6,2.2,1.45,3.71,5.5,5.5,17.0,17.0,1141.0,1258.0,0.26,1.05,,,27.0,0,7.8,0,1461.5,1.9000000000000001,2.58,0,5.5,17.0,1199.5,0,0.655,0,,0
2022,2007,"CHANDGAD, DISTRICT- KOLHAPUR. BORE WELL AT SAVALI, NEAR GRAM PANCHAYAT OFFICE,",Maharashtra,23.0,24.0,7.9,8.0,8847.0,9894.0,2.0,2.6,3.3,4.49,5.5,6.8,17.0,20.0,734.0,798.0,,,,,23.5,0,7.95,0,9370.5,2.3,3.895,0,6.15,18.5,766.0,0,,0,,0
2022,2008,"RAJPUT. VILLAGE-SAMBARWADI, VILLAGE-SAVALI, TALUKA- MIRAJ, DISTRICT- SANGLI. DUG WELL AT SAMBARWADI OWNED BY SHRI. KISHAN HALI",Maharashtra,23.0,24.0,8.1,8.3,943.0,978.0,2.2,2.4,3.5,5.29,5.6,9.1,24.0,24.0,783.0,789.0,0.24,0.24,,,23.5,0,8.2,0,960.5,2.3,4.395,0,7.35,24.0,786.0,0,0.24,0,,0
2022,2200,"KATPUR,TALUKA- TALUKA- MIRAJ, DISTRICT- SANGLI. BORE WELL AT KATPUR, NEAR Z.P. SCHOOL, VILLAGE-",Maharashtra,28.0,40.0,7.4,8.4,1008.0,1759.0,2.8,3.2,3.7,11.3,,,,,804.0,1296.0,0.74,1.02,,,34.0,0,7.9,0,1383.5,3.0,7.5,0,,,1050.0,0,0.88,0,,0
2022,2201,"PAITHAN,DISTRICT- AURANGABAD. DUG WELL AT RANJANGAON,",Maharashtra,28.0,40.0,7.4,7.7,1226.0,1615.0,2.8,6.2,11.5,18.8,,,2.0,23.0,1052.0,1204.0,0.72,0.97,,,34.0,0,7.550000000000001,0,1420.5,4.5,15.15,0,,12.5,1128.0,0,0.845,0,,0
2022,2203,"SCHOOL, VILLAGE- GANGAPUR, DISTRICT- AURANGABAD. HAND PUMP IN THE PREMISES OF ZILLA PARISHAD PRIMARY",Maharashtra,16.0,19.0,7.4,7.8,1204.0,1464.0,2.8,3.0,,,21.0,22.0,140.0,170.0,902.0,1160.0,,,,,17.5,0,7.6,0,1334.0,2.9,,0,21.5,155.0,1031.0,0,,0,,0
2022,2204,"CENTER, VILLAGE- BHUGAON,TALUKA- WARDHA,DISTRICT- WARDHA. DUG WELL AT GUNJALWADI,SANGAMNER NEAR PRIMARY HEALTH CARE",Maharashtra,20.0,25.0,7.4,7.7,1068.0,4850.0,3.4,3.4,0.67,0.67,4.0,11.0,47.0,70.0,388.0,852.0,,,,,22.5,0,7.550000000000001,0,2959.0,3.4,0.67,0,7.5,58.5,620.0,0,,0,,0
2022,2816,"CLAYTON, VILLAGE- SHINDE GUNJALWADI,TALUKA- SANGAMNER,DISTRICT- AHMADNAGAR. DUG WELL OF MR.SAMPAT WALUNJ, NEAR M/S MAHAJEET",Maharashtra,26.0,27.0,7.2,7.4,1248.0,1582.0,3.2,3.4,5.21,5.21,4.0,4.0,46.0,48.0,1004.0,1250.0,,,,,26.5,0,7.300000000000001,0,1415.0,3.3,5.21,0,4.0,47.0,1127.0,0,,0,,0
2022,2817,"VILLAGE, TALUKA- NASHIK, DISTRICT- NASHIK. BORE WELL AT CHITALI NEAR WAGH VASTHI, VILLAGE- CHITALI,",Maharashtra,20.0,26.0,7.7,7.8,381.0,1018.0,3.2,3.4,,,4.0,6.0,43.0,58.0,306.0,888.0,,,,,23.0,0,7.75,0,699.5,3.3,,0,5.0,50.5,597.0,0,,0,,0
2022,2819,"TALUKA- RAHATA, DISTRICT- AHMEDNAGAR. DUG WELL OWNED BY SHRI DESHMUKH, VILLAGE-",Maharashtra,28.0,29.0,7.4,7.6,3421.0,3700.0,5.6,5.8,7.24,9.14,8.0,8.0,130.0,150.0,2908.0,3034.0,0.21,0.22,,,28.5,0,7.5,0,3560.5,5.699999999999999,8.190000000000001,0,8.0,140.0,2971.0,1,0.215,0,,0
2022,2820,"MALEGAON, TALUKA- BARAMATI, DISTRICT- PUNE. DUG WELL OWNED BY SHRI SHIVAJI BABAN DAREKAR,",Maharashtra,26.0,27.0,7.9,8.2,575.0,1010.0,4.8,5.0,0.87,7.3,9.0,10.0,120.0,150.0,472.0,884.0,0.51,0.51,,,26.5,0,8.05,0,792.5,4.9,4.085,0,9.5,135.0,678.0,0,0.51,0,,0
2022,2821,"SHRI. DIGAMBAR JOSHI, VILLAGE- VILLAGE- SANASWADI, TALUKA- SHIRUR, DISTRICT- PUNE. BORE WELL AT BALE RAILWAY STATION PREMISES OWNED BY",Maharashtra,29.0,34.0,7.9,8.2,1708.0,4730.0,3.2,6.4,2.2,9.36,8.0,9.0,130.0,170.0,1472.0,3880.0,0.62,0.62,,,31.5,0,8.05,0,3219.0,4.800000000000001,5.779999999999999,0,8.5,150.0,2676.0,1,0.62,0,,0
2022,2822,"DAHEGAON, TALUKA- NORTH SOLAPUR, DISTRICT- SOLAPUR. BORE WELL NEAR CHINCHOLI MIDC, VILLAGE- CHINCHOLI,",Maharashtra,29.0,34.0,7.9,8.0,1715.0,4670.0,4.2,5.4,2.16,9.52,8.0,8.0,95.0,140.0,1468.0,3828.0,0.56,0.56,,,31.5,0,7.95,0,3192.5,4.800000000000001,5.84,0,8.0,117.5,2648.0,1,0.56,0,,0
2022,2823,"VILLAGE- SHETE VASTHI, TALUKA- MOHOL, DISTRICT- SOLAPUR. BORE WELL AT SHETE VASTI, NEAR OLD TULJAPUR ROAD,",Maharashtra,29.0,34.0,7.4,8.3,1726.0,4811.0,2.6,4.2,2.22,11.88,8.0,9.0,120.0,195.0,1498.0,3944.0,,,,,31.5,0,7.8500000000000005,0,3268.5,3.4000000000000004,7.050000000000001,0,8.5,157.5,2721.0,1,,0,,0
2022,2825,"SCHOOL,VILLAGE- BORE WELL AT WAHEGAON, NEAR ZILLA PARISHAD",Maharashtra,28.0,40.0,7.1,8.5,1735.0,2737.0,3.6,4.2,12.0,14.5,,,,,1250.0,2346.0,0.55,1.01,,,34.0,0,7.8,0,2236.0,3.9000000000000004,13.25,0,,,1798.0,1,0.78,0,,0
2022,2826,"WAHEGAON,TALUKA-PAITHAN, DISTRICT - AURANGABAD DUG WELL NEAR RAILWAY STATION & COTTON MARKET,",Maharashtra,16.0,19.0,7.3,7.8,1122.0,1579.0,3.0,3.0,2.48,2.48,17.0,26.0,120.0,130.0,875.0,1380.0,,,,,17.5,0,7.55,0,1350.5,3.0,2.48,0,21.5,125.0,1127.5,0,,0,,0
2022,2828,"VILLAGE- WARDHA, TALUKA- WARDHA, DISTRICT- WARDHA. DUG WELL NEAR ZILLA PARISHAD PRIMARY SCHOOL, AT VILLAGE-",Maharashtra,19.0,19.0,8.2,8.3,962.0,1630.0,3.4,3.6,,,11.0,25.0,130.0,150.0,832.0,1164.0,,,,,19.0,0,8.25,0,1296.0,3.5,,0,18.0,140.0,998.0,0,,0,,0
2022,2829,"VISAPUR, TALUKA- BALLARPUR, DISTRICT- CHANDRAPUR. BORE WELL AT MIDC, SHIROLI NEAR M/S PRATIBHA ENTERPRISES, VILLAGE-",Maharashtra,26.0,28.0,7.4,8.1,185.0,562.0,2.0,2.0,0.53,3.83,4.0,4.0,15.0,15.0,154.0,465.0,0.24,0.24,,,27.0,0,7.75,0,373.5,2.0,2.18,0,4.0,15.0,309.5,0,0.24,0,,0
2022,2830,"SHIROLI,TALUKA- HATKANANGALE, DISTRICT- KOLHAPUR. BORE WELL AT MIDC GOKUL - SHIRGAON, VILLAGE- GOKUL-",Maharashtra,26.0,28.0,7.5,8.2,578.0,629.0,1.8,2.0,1.67,1.88,4.0,4.0,15.0,15.0,467.0,523.0,0.23,0.24,,,27.0,0,7.85,0,603.5,1.9,1.775,0,4.0,15.0,495.0,0,0.235,0,,0
2022,2831,"MILK INDUSTRY, VILLAGE- SHIRGAON, TALUKA- KARVIR, DISTRICT - KOLHAPUR. DUG WELL AT SAKHARALI, NEAR MIDC ISLAMPUR NEAR KRISHNA",Maharashtra,24.0,24.0,8.0,8.2,939.0,1119.0,2.4,2.8,2.9,6.4,3.7,6.0,12.0,26.0,768.0,929.0,0.23,0.23,,,24.0,0,8.1,0,1029.0,2.5999999999999996,4.65,0,4.85,19.0,848.5,0,0.23,0,,0
2022,2832,"OWNED BY SHRI. VAIDYA, SAKHARALI, TALUKA- WALWA, DISTRICT- SANGLI. DUG WELL NO. 1 AT BRAHMANWADI- ANJANWEL,",Maharashtra,28.0,32.0,7.4,7.6,67.0,142.0,1.8,2.0,0.55,0.55,5.5,6.0,11.0,12.0,56.0,123.0,,,,,30.0,0,7.5,0,104.5,1.9,0.55,0,5.75,11.5,89.5,0,,0,,0
2022,2833,"ARKETWADI, NEAR MASJID, VILLAGE- ANJANWEL, TALUKA- GUHAGAR, DISTRICT- RATNAGIRI. DUG WELL NO. 1 OWNED BY GROUP GRAM PANCHAYAT AT",Maharashtra,28.0,32.0,7.6,7.7,134.0,159.0,1.8,2.2,,,4.0,5.5,13.0,17.0,112.0,136.0,,,,,30.0,0,7.65,0,146.5,2.0,,0,4.75,15.0,124.0,0,,0,,0
2022,2834,"VILLAGE- ARKETWADI, TALUKA - VILLAGE- ARKETWADI, TALUKA- KHED, DISTRICT- RATNAGIRI. DUG WELL NO. 2 AT ARKETWADI,",Maharashtra,28.0,33.0,7.4,7.4,133.0,5139.0,2.6,3.0,0.46,0.46,6.1,8.2,17.0,27.0,110.0,4238.0,0.22,0.22,,,30.5,0,7.4,0,2636.0,2.8,0.46,0,7.1499999999999995,22.0,2174.0,1,0.22,0,,0
2022,2835,"GROUP GRAM PANCHAYAT, KHED, DISTRICT- RATNAGIRI. DUG WELL NO. 2, OWNED BY",Maharashtra,28.0,32.0,6.9,7.4,69.0,298.0,1.8,2.0,0.72,0.72,3.6,3.6,12.0,15.0,58.0,238.0,,,,,30.0,0,7.15,0,183.5,1.9,0.72,0,3.6,13.5,148.0,0,,0,,0
2022,1920,"VILLAGE- ANJANWEL, TALUKA- GUHAGAR, DISTRICT- RATNAGIRI. TUBE WELL NEAR PADMA",Manipur,23.0,23.0,7.5,7.5,875.0,875.0,,,,,,,,,92.0,92.0,,,,,23.0,0,7.5,0,875.0,,,0,,,92.0,0,,0,,0
2022,1921,"ENGLISH SCHOOL, KAKCHING",Manipur,24.0,24.0,7.0,7.0,820.0,820.0,,,,,,,,,176.0,176.0,,,,,24.0,0,7.0,0,820.0,,,0,,,176.0,0,,0,,0
2022,1922,NEAR IBUDHOU MAIGEINGAKPA TUBE WELL AT HEIROK BAZAR TUBE WELL AT KHUMUJAMBA,Manipur,25.0,25.0,7.5,7.5,675.0,675.0,,,,,,,,,120.0,120.0,,,,,25.0,0,7.5,0,675.0,,,0,,,120.0,0,,0,,0
2022,1923,"WANGMA COMMUNITY HALL, TEMPLE , LAMKA TUBE WELL NEAR TUREL",Manipur,25.0,25.0,7.4,7.4,620.0,620.0,,,,,,,,,125.0,125.0,,,,,25.0,0,7.4,0,620.0,,,0,,,125.0,0,,0,,0
2022,1924,MOREH TUBE WELL AT MOLNOI VILLAGE,Manipur,24.0,26.0,7.2,7.3,570.0,730.0,,,,,,,,,92.0,138.0,,,,,25.0,0,7.25,0,650.0,,,0,,,115.0,0,,0,,0
2022,2881,"C. GANMNUM VILLAGE, PALLEL",Manipur,23.0,24.0,6.8,7.4,610.0,620.0,,,,,,,,,82.0,175.0,,,,,23.5,0,7.1,0,615.0,,,0,,,128.5,0,,0,,0
2022,2885,HAND PUMP AT TAKHEL,Manipur,24.0,24.0,7.3,7.3,580.0,580.0,,,,,,,,,120.0,120.0,,,,,24.0,0,7.3,0,580.0,,,0,,,120.0,0,,0,,0
2022,1634,"HAND PUMP AT SAITON POLICE BAZAR, SHILLONG",Meghalaya,16.0,18.0,5.9,6.1,175.0,260.0,1.2,1.2,6.22,6.73,4.0,4.0,30.0,110.0,121.0,179.0,,,,,17.0,0,6.0,0,217.5,1.2,6.475,0,4.0,70.0,150.0,0,,0,,0
2022,1635,"(POLICE BAZAAR SPRING) MAWLAI, SHILLONG",Meghalaya,16.0,17.0,5.7,5.7,255.0,264.0,1.3,1.4,12.52,14.72,,,,,176.0,182.0,,,,,16.5,0,5.7,0,259.5,1.35,13.620000000000001,0,,,179.0,0,,0,,0
2022,1636,(MAWPDANG SPRING) EPIP BYRNIHAT (NARBONG-,Meghalaya,17.0,19.5,6.0,6.6,132.0,138.0,1.4,1.4,1.15,1.62,,,12.0,21.0,91.0,95.0,,,,,18.25,0,6.3,0,135.0,1.4,1.385,0,,16.5,93.0,0,,0,,0
2022,1637,"WELL) SOHRA, CHERRAPUNJEE (WAH U",Meghalaya,18.0,21.4,5.6,6.2,108.0,114.0,1.1,1.3,3.62,4.96,,,,,74.0,78.0,,,,,19.7,0,5.9,0,111.0,1.2000000000000002,4.29,0,,,76.0,0,,0,,0
2022,1638,DKHAR - SPRING),Meghalaya,16.0,20.0,5.5,5.6,142.0,150.0,1.2,1.2,6.92,7.52,,,,,78.0,98.0,,,,,18.0,0,5.55,0,146.0,1.2,7.22,0,,,88.0,0,,0,,0
2022,3385,SHANGPUNG (UMSAHEP SPRING) MAWTHADRISHAN WELL AT,Meghalaya,19.0,20.0,6.6,6.7,43.0,49.0,1.1,1.5,0.39,0.44,,,12.0,12.0,29.0,34.0,,,,,19.5,0,6.65,0,46.0,1.3,0.41500000000000004,0,,12.0,31.5,0,,0,,0
2022,3386,MARKASA,Meghalaya,16.0,42.0,8.9,9.1,300.0,312.0,1.1,1.2,0.69,0.75,,,,,207.0,215.0,20.5,20.5,,,29.0,0,9.0,1,306.0,1.15,0.72,0,,,211.0,0,20.5,1,,0
2022,4323,JAKREM HOT SPRING AT JAKREM BOREWELL AT GOOD SHEPHERD,Meghalaya,15.0,17.2,6.7,7.8,85.0,200.0,1.2,1.2,0.52,0.66,,,,,59.0,138.0,,,,,16.1,0,7.25,0,142.5,1.2,0.5900000000000001,0,,,98.5,0,,0,,0
2022,4324,PARISH IN LADRYMBAI BOREWELL AT KHLIEHWAH,Meghalaya,17.0,20.0,5.5,5.7,153.0,180.0,1.3,1.4,0.42,0.48,,,,,105.0,124.0,,,,,18.5,0,5.6,0,166.5,1.35,0.44999999999999996,0,,,114.5,0,,0,,0
2022,4325,SHASEM - A IN KHLIEHRIAT BOREWELL AT KHLIEHWAH,Meghalaya,18.0,18.0,5.1,6.1,95.0,109.0,1.3,1.4,0.58,0.64,,,,,67.0,85.0,,,,,18.0,0,5.6,0,102.0,1.35,0.61,0,,,76.0,0,,0,,0
2022,4904,"DONGKAMON NONGMENSONG, SHASEM - B IN KHLIEHRIAT DEEP TUBE WELL AT",Meghalaya,14.0,19.0,6.7,7.0,114.0,216.0,1.1,1.2,4.72,5.02,,,21.0,27.0,79.0,83.0,,,,,16.5,0,6.85,0,165.0,1.15,4.869999999999999,0,,24.0,81.0,0,,0,,0
2022,4905,"SHILLONG DUG WELL AT FOREST COLONY,",Meghalaya,16.0,18.0,6.6,7.0,197.0,216.0,1.1,1.1,3.52,4.72,,,41.0,60.0,120.0,149.0,,,,,17.0,0,6.8,0,206.5,1.1,4.12,0,,50.5,134.5,0,,0,,0
2022,4906,"POLO, SHILLONG DEEP TUBE WELL AT LABAN LAST",Meghalaya,15.0,18.0,5.0,5.5,55.0,78.0,,,0.32,0.33,,,12.0,13.0,38.0,54.0,,,,,16.5,0,5.25,0,66.5,,0.325,0,,12.5,46.0,0,,0,,0
2022,2054,"STOP, SHILLONG RAMHLUN 'N' SPRING WATER,",Mizoram,20.0,24.0,6.1,6.4,411.0,571.0,1.8,1.8,,,,,,,,,,,,,22.0,0,6.25,0,491.0,1.8,,0,,,,0,,0,,0
2022,2055,MISSION VENGTHLANG SPRING,Mizoram,18.0,25.0,6.8,7.2,293.0,599.0,1.4,1.4,,,,,,,,,,,,,21.5,0,7.0,0,446.0,1.4,,0,,,,0,,0,,0
2022,3725,"WATER, AIZAWL LUNGLI SPRING WATER,",Mizoram,18.0,25.0,7.3,7.5,320.0,377.0,1.1,1.3,,,,,,,,,,,,,21.5,0,7.4,0,348.5,1.2000000000000002,,0,,,,0,,0,,0
2022,3726,"NEAR COMMUNITY HALL, REPUBLIC VENG, AIZAWL RAMHLUN 'S' SPRING WATER,",Mizoram,21.0,25.0,5.9,7.6,427.0,499.0,1.2,1.2,,,,,,,,,,,,,23.0,0,6.75,0,463.0,1.2,,0,,,,0,,0,,0
2022,3727,AIZAWL TUITHIANG VENG SPRING,Mizoram,18.0,25.0,6.8,7.1,349.0,365.0,,,,,,,,,,,,,,,21.5,0,6.949999999999999,0,357.0,,,0,,,,0,,0,,0
2022,3728,"WATER, AIZAWL KHURPUI SPRING WATER, SOUTH",Mizoram,20.0,25.0,5.7,7.2,420.0,452.0,1.5,1.5,,,,,,,,,,,,,22.5,0,6.45,0,436.0,1.5,,0,,,,0,,0,,0
2022,3730,"HLIMEN, AIZAWL",Mizoram,20.0,26.0,6.7,7.1,94.0,417.0,,,,,,,,,,,,,,,23.0,0,6.9,0,255.5,,,0,,,,0,,0,,0
2022,3731,"SELESIH HAND PUMP, AIZAWL",Mizoram,21.0,24.0,6.6,6.9,212.0,250.0,,,0.16,0.16,,,,,,,,,,,22.5,0,6.75,0,231.0,,0.16,0,,,,0,,0,,0
2022,3732,"NEAR REMI TYRE WORKS, TUIKUAL HAND PUMP, AIZAWL CHALTLANG HAND PUMP,",Mizoram,19.0,26.0,6.4,6.8,44.0,472.0,,,0.27,0.27,,,,,,,,,,,22.5,0,6.6,0,258.0,,0.27,0,,,,0,,0,,0
2022,3733,"AIZAWL SOUTH HLIMEN HAND PUMP,",Mizoram,18.0,25.0,6.5,6.8,229.0,293.0,,,,,,,,,,,,,,,21.5,0,6.65,0,261.0,,,0,,,,0,,0,,0
2022,3737,"AIZAWL VAITUI SPRING WATER, THEIRIAT",Mizoram,17.0,25.0,6.6,6.9,70.0,291.0,,,,,,,,,,,,,,,21.0,0,6.75,0,180.5,,,0,,,,0,,0,,0
2022,3738,", LUNGEI SAP TUIKHUR SPRING WATER,",Mizoram,19.0,25.0,6.3,6.9,70.0,100.0,,,,,,,,,,,,,,,22.0,0,6.6,0,85.0,,,0,,,,0,,0,,0
2022,3739,"SERKAWN, LUNGLEI ZOBAWK HAND PUMP, LUNGLEI",Mizoram,23.0,23.0,7.02,7.02,96.0,96.0,,,,,,,,,,,,,,,23.0,0,7.02,0,96.0,,,0,,,,0,,0,,0
2022,3741,"DIST. KHURPUI SPRING WATER,",Mizoram,19.0,19.0,6.7,6.7,155.0,155.0,,,,,,,,,,,,,,,19.0,0,6.7,0,155.0,,,0,,,,0,,0,,0
2022,3742,"LAWNGTLAI CHANMARI HAND PUMP,",Mizoram,21.0,21.0,6.5,6.5,154.0,154.0,,,,,,,,,,,,,,,21.0,0,6.5,0,154.0,,,0,,,,0,,0,,0
2022,3745,"LAWNGTLAI CHHOCHHOPA SPRING WATER,",Mizoram,16.0,19.0,6.5,7.1,157.0,192.0,,,,,,,,,,,,,,,17.5,0,6.8,0,174.5,,,0,,,,0,,0,,0
2022,3753,"NEW COLONY, SAIHA HMAR VENG SPRING WATER,",Mizoram,16.0,20.0,7.3,7.5,154.0,217.0,,,0.03,0.03,,,,,,,,,,,18.0,0,7.4,0,185.5,,0.03,0,,,,0,,0,,0
2022,3758,"KOLASIB BETHEL VENG HAND PUMP,",Mizoram,19.0,20.0,6.2,7.5,203.0,359.0,,,,,,,,,,,,,,,19.5,0,6.85,0,281.0,,,0,,,,0,,0,,0
2022,4124,"CHAMPHAI ELECTRIC VENG SPRING WATER,",Mizoram,17.0,26.0,7.1,7.1,156.0,269.0,269.0,269.0,,,,,,,,,,,,,21.5,0,7.1,0,212.5,269.0,,0,,,,0,,0,,0
2022,4126,"NR GM HSS, VENGSANG, LUNGLEI PAWHHAWN SPRING WATER,",Mizoram,17.0,19.0,5.1,6.0,187.0,207.0,,,,,,,,,,,,,,,18.0,0,5.55,0,197.0,,,0,,,,0,,0,,0
2022,4127,"CHAMPHAI KHURPUI SPRING WATER, NEW",Mizoram,15.0,19.0,5.6,7.8,56.0,114.0,,,,,,,,,,,,,,,17.0,0,6.699999999999999,0,85.0,,,0,,,,0,,0,,0
2022,4128,"SAIHA, F LALLAWMAWMA WELL, NEW",Mizoram,15.0,20.0,6.3,7.2,131.0,249.0,1.4,1.4,,,,,,,,,,,,,17.5,0,6.75,0,190.0,1.4,,0,,,,0,,0,,0
2022,4129,"SAIHA DIST. TUIVAMIT SPRING WATER, AOC",Mizoram,21.0,21.0,7.6,7.6,154.0,154.0,,,,,,,,,,,,,,,21.0,0,7.6,0,154.0,,,0,,,,0,,0,,0
2022,4133,"VENG, LAWNGTLAI NGHARPET VENG SPRING",Mizoram,25.0,28.0,6.8,7.4,170.0,291.0,1.3,1.3,,,,,,,,,,,,,26.5,0,7.1,0,230.5,1.3,,0,,,,0,,0,,0
2022,2896,"WATER, LUNGSIR, MAMIT OPENWELL AT KOHIMA VILLAGE",Nagaland,17.8,26.0,7.7,7.9,350.0,930.0,,,0.5,0.7,,,,,186.0,465.0,,,,,21.9,0,7.800000000000001,0,640.0,,0.6,0,,,325.5,0,,0,,0
2022,2897,?T? KHEL (HOUSE NO.21),Nagaland,22.0,27.8,6.4,7.6,228.0,288.0,,,0.9,1.0,,,,,110.0,114.0,,,,,24.9,0,7.0,0,258.0,,0.95,0,,,112.0,0,,0,,0
2022,2898,BOREWELL AT KAMDI BAZAAR OPENWELL AT DOYAPUR NEAR,Nagaland,23.7,28.6,5.5,6.1,179.0,182.0,,,0.8,0.9,,,,,73.4,89.4,,,,,26.15,0,5.8,0,180.5,,0.8500000000000001,0,,,81.4,0,,0,,0
2022,2899,DIMASA BAPTIST CHURCH BOREWELL AT DHANSIRIPAR,Nagaland,26.1,28.6,6.8,7.6,210.0,244.0,,,0.8,0.9,,,,,110.0,122.0,0.3,0.3,,,27.35,0,7.199999999999999,0,227.0,,0.8500000000000001,0,,,116.0,0,0.3,0,,0
2022,2900,NEAR SIBRAI (SHIV) TEMPLE OPENWELL AT TOULAZOUMA,Nagaland,23.3,28.5,6.1,6.9,216.0,234.0,,,0.7,0.8,,,,,102.0,117.0,,,,,25.9,0,6.5,0,225.0,,0.75,0,,,109.5,0,,0,,0
2022,2901,VILLAGE NEAR LUNGWIRAM VILLAGE (HOUSE NO.379) OPENWELL AT LUNGWIRAM,Nagaland,25.5,28.5,5.7,6.2,180.0,196.0,,,0.6,0.7,,,,,89.1,90.6,2.8,2.8,,,27.0,0,5.95,0,188.0,,0.6499999999999999,0,,,89.85,0,2.8,1,,0
2022,2902,"VILLAGE, BLOCK 3, NEAR BAPTIST CHURCH BOREWELL AT THAHEKHU",Nagaland,22.3,28.9,7.5,7.9,214.0,354.0,,,0.6,0.7,,,,,114.0,117.0,,,,,25.6,0,7.7,0,284.0,,0.6499999999999999,0,,,115.5,0,,0,,0
2022,2903,RAILWAY CROSSING BOREWELL AT SIGNAL ANGAMI,Nagaland,27.2,28.6,7.2,7.4,211.0,1053.0,,,0.7,0.8,,,,,112.0,526.0,0.21,0.24,,,27.9,0,7.300000000000001,0,632.0,,0.75,0,,,319.0,0,0.22499999999999998,0,,0
2022,2904,"VILLAGE, HOUSE NO 93 OPENWELL NEAR NAGA",Nagaland,25.6,29.5,5.8,6.8,186.0,685.0,,,1.0,1.1,,,,,94.0,342.0,,,,,27.55,0,6.3,0,435.5,,1.05,0,,,218.0,0,,0,,0
2022,2905,"CEMETERY (OLD), (HOUSE NO.10) BOREWELL AT NPCB, SIGNAL",Nagaland,27.2,28.1,6.2,6.5,192.0,260.0,,,0.7,0.7,,,,,115.0,125.0,,,,,27.65,0,6.35,0,226.0,,0.7,0,,,120.0,0,,0,,0
2022,1644,"POINT JAGATPUR INDUSTRIAL AREA,",Odisha,23.0,24.0,6.8,6.8,431.0,515.0,1.1,1.1,2.75,4.42,23.0,23.0,43.0,43.0,,,0.33,0.47,,,23.5,0,6.8,0,473.0,1.1,3.585,0,23.0,43.0,,0,0.4,0,,0
2022,1645,CUTTACK MADHUPATNA- KALYAN NAGAR,Odisha,24.0,24.0,6.6,6.7,318.0,372.0,1.2,1.2,0.72,1.05,23.0,23.0,31.0,31.0,,,0.29,0.44,,,24.0,0,6.65,0,345.0,1.2,0.885,0,23.0,31.0,,0,0.365,0,,0
2022,1646,"AREA, CUTTACK BIDANASHI - TULASIPUR AREA,",Odisha,22.0,23.0,6.9,6.9,158.0,168.0,,,0.34,0.62,24.0,24.0,33.0,33.0,,,0.26,0.39,,,22.5,0,6.9,0,163.0,,0.48,0,24.0,33.0,,0,0.325,0,,0
2022,1647,CUTTACK,Odisha,21.0,22.0,6.7,7.1,290.0,345.0,,,1.81,2.48,,,,,,,0.34,0.41,,,21.5,0,6.9,0,317.5,,2.145,0,,,,0,0.375,0,,0
2022,1648,"BADAMBARI AREA, CUTTACK RANIHAT- MANGALABAG AREA,",Odisha,22.0,23.0,7.1,7.1,219.0,283.0,1.1,1.1,0.42,1.62,31.0,31.0,43.0,43.0,,,0.36,0.42,,,22.5,0,7.1,0,251.0,1.1,1.02,0,31.0,43.0,,0,0.39,0,,0
2022,1649,"CUTTACK KHANDAGIRI AREA,",Odisha,20.0,28.0,5.7,6.9,172.0,268.0,,,0.61,1.12,,,,,,,0.33,0.8,,,24.0,0,6.300000000000001,0,220.0,,0.865,0,,,,0,0.5650000000000001,0,,0
2022,1650,"BHUBANESWAR CAPITAL HOSPITAL AREA,",Odisha,20.0,28.0,6.6,7.1,247.0,256.0,,,0.94,3.42,,,,,,,0.21,0.63,,,24.0,0,6.85,0,251.5,,2.1799999999999997,0,,,,0,0.42,0,,0
2022,1651,BHUBANESWAR OLD TOWN- SAMANTARAPUR,Odisha,20.0,28.0,6.9,7.1,426.0,485.0,,,1.04,2.11,350.0,350.0,920.0,920.0,,,0.44,0.82,,,24.0,0,7.0,0,455.5,,1.575,0,350.0,920.0,,0,0.63,0,,0
2022,1652,"KALPANA - LAXMISAGAR AREA,",Odisha,20.0,28.0,5.3,6.8,237.0,287.0,,,1.32,4.07,,,,,,,0.32,0.6,,,24.0,0,6.05,0,262.0,,2.6950000000000003,0,,,,0,0.45999999999999996,0,,0
2022,1653,"AREA, BHUBANESWAR / BHUBANESWAR MANCHESWAR INDUSTRIAL",Odisha,20.0,26.0,5.5,7.4,140.0,286.0,1.1,1.1,1.22,2.1,79.0,79.0,350.0,350.0,,,0.27,0.47,,,23.0,0,6.45,0,213.0,1.1,1.6600000000000001,0,79.0,350.0,,0,0.37,0,,0
2022,1654,"HOUSE- OLD BUS STAND AREA, CHANDRASHEKHARPUR SECRETARIAT- GOVERNOR",Odisha,25.0,27.0,6.5,6.7,352.0,372.0,,,1.52,4.49,22.0,140.0,49.0,1600.0,,,0.22,0.63,,,26.0,0,6.6,0,362.0,,3.005,0,81.0,824.5,,0,0.425,0,,0
2022,1655,BHUBANESWAR,Odisha,25.0,30.0,7.3,7.9,285.0,4498.0,1.6,1.6,1.92,10.23,,,,,,,0.24,0.26,,,27.5,0,7.6,0,2391.5,1.6,6.075,0,,,,0,0.25,0,,0
2022,1656,"NEAR SEA BEACH, PURI",Odisha,21.0,30.0,7.5,7.7,838.0,1019.0,1.7,2.4,0.34,0.82,33.0,33.0,220.0,220.0,,,0.33,0.42,,,25.5,0,7.6,0,928.5,2.05,0.58,0,33.0,220.0,,0,0.375,0,,0
2022,1657,"NEAR JAGANNATH TEMPLE, PURI HOSPITAL - BUS STAND-",Odisha,21.0,30.0,7.5,8.3,415.0,636.0,1.2,1.2,0.39,5.74,79.0,79.0,240.0,240.0,,,0.27,0.33,,,25.5,0,7.9,0,525.5,1.2,3.065,0,79.0,240.0,,0,0.30000000000000004,0,,0
2022,1658,"MAUSHIMA TEMPLE AREA, PURI",Odisha,30.0,30.0,8.4,8.4,291.0,291.0,1.1,1.1,0.52,0.52,,,,,,,0.96,0.96,,,30.0,0,8.4,0,291.0,1.1,0.52,0,,,,0,0.96,0,,0
2022,3964,"BALIAPANDA, PURI NEAR MKCG MEDICAL COLLEGE,",Odisha,24.0,32.0,7.5,8.2,698.0,762.0,1.4,1.4,3.78,4.52,,,,,,,0.48,0.98,,,28.0,0,7.85,0,730.0,1.4,4.1499999999999995,0,,,,0,0.73,0,,0
2022,3965,BERHAMPUR,Odisha,23.0,32.0,7.6,7.7,441.0,602.0,1.8,1.8,0.73,4.52,,,,,,,0.76,1.03,,,27.5,0,7.65,0,521.5,1.8,2.625,0,,,,0,0.895,0,,0
2022,3966,"NEAR BUS STAND, BERHAMPUR",Odisha,24.0,32.0,7.5,7.5,728.0,1485.0,,,0.62,1.94,,,,,,,0.35,0.72,,,28.0,0,7.5,0,1106.5,,1.28,0,,,,0,0.5349999999999999,0,,0
2022,3967,"NEAR BADABAZAR, BERHAMPUR NEAR RAILWAY STATION STAND,",Odisha,24.0,32.0,7.4,7.6,604.0,1204.0,,,1.89,4.62,,,,,,,0.36,0.57,,,28.0,0,7.5,0,904.0,,3.255,0,,,,0,0.46499999999999997,0,,0
2022,3968,"BERHAMPUR NEAR VSS MEDICAL COLLEGE,",Odisha,28.0,28.0,7.1,7.2,493.0,708.0,,,0.32,1.42,,,,,,,0.48,0.74,,,28.0,0,7.15,0,600.5,,0.87,0,,,,0,0.61,0,,0
2022,3969,"BURLA, SAMBALPUR NEAR RAILWAY STATION,",Odisha,26.0,28.0,7.1,7.3,618.0,947.0,,,2.2,9.14,,,,,,,0.48,0.72,,,27.0,0,7.199999999999999,0,782.5,,5.67,0,,,,0,0.6,0,,0
2022,3970,"SAMBALPUR NEAR PANTHANIVAS,",Odisha,27.0,29.0,7.1,7.1,254.0,539.0,,,0.62,1.42,,,,,,,0.32,0.44,,,28.0,0,7.1,0,396.5,,1.02,0,,,,0,0.38,0,,0
2022,3971,SAMBALPUR,Odisha,24.0,27.0,6.9,7.1,914.0,963.0,1.1,1.1,4.96,18.02,,,,,,,0.42,0.43,,,25.5,0,7.0,0,938.5,1.1,11.49,0,,,,0,0.425,0,,0
2022,3972,ANGUL TOWNSHIP,Odisha,23.0,27.0,7.3,7.4,527.0,674.0,1.1,1.1,1.02,1.22,49.0,49.0,49.0,49.0,,,0.39,0.98,,,25.0,0,7.35,0,600.5,1.1,1.12,0,49.0,49.0,,0,0.685,0,,0
2022,3973,"NALCO TOWNSHIP, TALCHER MAHANADI COAL FIELD AREA,",Odisha,23.0,27.0,6.8,7.3,180.0,500.0,1.8,1.8,1.32,5.0,920.0,920.0,1600.0,1600.0,,,0.28,0.4,,,25.0,0,7.05,0,340.0,1.8,3.16,0,920.0,1600.0,,0,0.34,0,,0
2022,3974,TALCHER,Odisha,23.0,26.0,7.3,7.4,284.0,494.0,1.1,1.1,0.42,1.09,,,,,,,0.36,0.45,,,24.5,0,7.35,0,389.0,1.1,0.755,0,,,,0,0.405,0,,0
2022,3975,"KANIHA, TALCHER",Odisha,23.0,23.0,6.8,6.8,314.0,314.0,,,0.99,0.99,,,,,,,0.36,0.36,,,23.0,0,6.8,0,314.0,,0.99,0,,,,0,0.36,0,,0
2022,3976,TALCHER TOWN,Odisha,23.0,27.0,7.2,7.4,815.0,1187.0,1.1,1.1,1.1,1.32,33.0,130.0,130.0,130.0,,,0.42,0.8,,,25.0,0,7.300000000000001,0,1001.0,1.1,1.21,0,81.5,130.0,,0,0.61,0,,0
2022,3977,"MERAMUNDALI AREA, TALCHER",Odisha,24.0,27.0,6.9,7.2,687.0,846.0,1.1,1.1,0.32,0.8,,,,,,,0.3,0.64,,,25.5,0,7.050000000000001,0,766.5,1.1,0.56,0,,,,0,0.47,0,,0
2022,3978,TALCHER THERMAL AREA,Odisha,23.0,27.0,6.8,7.1,420.0,898.0,1.1,1.1,0.59,6.02,22.0,22.0,22.0,22.0,,,0.27,0.6,,,25.0,0,6.949999999999999,0,659.0,1.1,3.3049999999999997,0,22.0,22.0,,0,0.435,0,,0
2022,3979,"BANARPAL, TALCHER",Odisha,23.0,27.0,7.2,8.0,943.0,2041.0,1.1,1.1,0.42,0.65,79.0,79.0,350.0,350.0,,,0.3,1.12,,,25.0,0,7.6,0,1492.0,1.1,0.535,0,79.0,350.0,,0,0.7100000000000001,0,,0
2022,3981,"KULAD, TALCHER",Odisha,28.0,28.0,7.2,7.3,170.0,198.0,,,3.34,5.22,,,,,,,0.26,0.47,,,28.0,0,7.25,0,184.0,,4.279999999999999,0,,,,0,0.365,0,,0
2022,3982,"BADAMANI INDUSTRIAL ESTATE,",Odisha,28.0,28.0,6.8,6.8,136.0,140.0,1.2,1.2,2.15,4.72,,,,,,,0.31,0.33,,,28.0,0,6.8,0,138.0,1.2,3.4349999999999996,0,,,,0,0.32,0,,0
2022,3983,JHARSUGUDA,Odisha,27.0,28.0,6.5,6.7,187.0,192.0,1.5,1.5,3.5,6.82,,,,,,,0.32,0.32,,,27.5,0,6.6,0,189.5,1.5,5.16,0,,,,0,0.32,0,,0
2022,3984,"BUDHIPADAR, JHARSUGUDA BRAJARAJ NAGAR MINING BELT,",Odisha,27.0,28.0,6.0,6.6,139.0,215.0,1.4,1.4,0.72,4.54,,,,,,,0.31,0.51,,,27.5,0,6.3,0,177.0,1.4,2.63,0,,,,0,0.41000000000000003,0,,0
2022,3985,"JHARSUGUDA RAMPUR AREA (WATER TANK),",Odisha,27.0,28.0,6.6,6.6,243.0,246.0,,,0.32,0.85,,,,,,,0.3,0.52,,,27.5,0,6.6,0,244.5,,0.585,0,,,,0,0.41000000000000003,0,,0
2022,3986,"JHARSUGUDA IB THERMAL POWER STATION,",Odisha,28.0,28.0,6.1,6.8,100.0,214.0,,,0.32,0.51,,,,,,,0.26,0.33,,,28.0,0,6.449999999999999,0,157.0,,0.41500000000000004,0,,,,0,0.29500000000000004,0,,0
2022,3987,JHARSUGUDA,Odisha,28.0,28.0,6.6,7.1,145.0,149.0,,,0.32,0.65,350.0,350.0,540.0,540.0,,,0.25,0.85,,,28.0,0,6.85,0,147.0,,0.485,0,350.0,540.0,,0,0.55,0,,0
2022,3988,"BELPAHAR AREA, JHARSUGUDA BADAPADIA MARKET COMPLEX,",Odisha,26.0,29.0,8.1,8.3,3545.0,5161.0,1.1,1.4,4.34,4.39,,,,,,,0.29,1.33,,,27.5,0,8.2,0,4353.0,1.25,4.365,0,,,,0,0.81,0,,0
2022,3989,PARADEEP,Odisha,27.0,30.0,7.8,7.9,582.0,5088.0,1.5,1.5,4.03,5.0,,,,,,,0.31,0.62,,,28.5,0,7.85,0,2835.0,1.5,4.515000000000001,0,,,,0,0.46499999999999997,0,,0
2022,3990,"MUSADIHA, PARADEEP",Odisha,21.0,22.0,6.9,8.4,313.0,373.0,1.1,1.2,2.33,3.03,1600.0,1600.0,1600.0,1600.0,,,0.49,0.49,,,21.5,0,7.65,0,343.0,1.15,2.6799999999999997,0,1600.0,1600.0,,0,0.49,0,,0
2022,3991,"TISCO, SUKINDA",Odisha,21.0,22.0,6.3,8.3,180.0,239.0,1.1,1.1,4.18,6.62,33.0,33.0,33.0,33.0,,,0.47,0.47,,,21.5,0,7.300000000000001,0,209.5,1.1,5.4,0,33.0,33.0,,0,0.47,0,,0
2022,3992,"SARUABIL, SUKINDA",Odisha,21.0,22.0,6.2,8.4,192.0,400.0,1.4,1.4,0.36,2.05,,,,,,,0.22,0.48,,,21.5,0,7.300000000000001,0,296.0,1.4,1.2049999999999998,0,,,,0,0.35,0,,0
2022,3993,"KALIAPANI, SUKINDA",Odisha,21.0,22.0,6.5,8.2,225.0,233.0,1.1,1.1,0.59,1.87,49.0,49.0,79.0,79.0,,,0.21,0.37,,,21.5,0,7.35,0,229.0,1.1,1.23,0,49.0,79.0,,0,0.29,0,,0
2022,3994,"KAMARDA, SUKINDA",Odisha,22.0,24.0,7.2,7.3,286.0,287.0,,,0.32,0.72,240.0,240.0,350.0,350.0,,,0.35,0.56,,,23.0,0,7.25,0,286.5,,0.52,0,240.0,350.0,,0,0.455,0,,0
2022,3995,"CHAKULIA, BALASORE",Odisha,24.0,24.0,7.8,7.8,329.0,329.0,,,0.62,0.62,45.0,45.0,350.0,350.0,,,5.14,5.14,,,24.0,0,7.8,0,329.0,,0.62,0,45.0,350.0,,0,5.14,1,,0
2022,3996,"KUANRPUR, BALASORE",Odisha,22.0,24.0,6.7,7.3,157.0,317.0,,,0.33,0.42,130.0,130.0,350.0,350.0,,,0.32,0.39,,,23.0,0,7.0,0,237.0,,0.375,0,130.0,350.0,,0,0.355,0,,0
2022,4862,"CHHAK, KHADIA ROAD, NAIGOPALPUR, BALASORE MARKET COMPLEX, COURT",Odisha,28.0,30.0,7.3,7.5,485.0,985.0,1.1,1.1,0.32,0.4,,,,,,,0.32,0.43,,,29.0,0,7.4,0,735.0,1.1,0.36,0,,,,0,0.375,0,,0
2022,4863,"KENDRAPARA INSIDE GAJMARA UP SCHOOL,",Odisha,25.0,26.0,6.2,7.2,68.0,144.0,1.1,1.1,0.34,0.59,130.0,130.0,350.0,350.0,,,0.25,0.44,,,25.5,0,6.7,0,106.0,1.1,0.46499999999999997,0,130.0,350.0,,0,0.345,0,,0
2022,4864,"GAJAMARA, DHENKANAL DHENKANAL DAILY MARKET",Odisha,25.0,26.0,6.5,7.1,184.0,339.0,1.1,1.2,0.42,1.21,79.0,79.0,240.0,240.0,,,0.34,0.47,,,25.5,0,6.8,0,261.5,1.15,0.815,0,79.0,240.0,,0,0.405,0,,0
2022,4865,AREA DISTRICT HEAD QUARTER,Odisha,22.0,24.0,6.9,7.2,305.0,361.0,1.2,1.2,0.37,0.42,,,,,,,0.3,0.57,,,23.0,0,7.050000000000001,0,333.0,1.2,0.395,0,,,,0,0.43499999999999994,0,,0
2022,4866,"HOSPITAL PREMISES, BHADRAK SALANDI HOSPITAL PREMISES NEAR UNAUTHORISED GARBAGE",Odisha,22.0,24.0,7.3,7.4,156.0,377.0,,,0.36,1.67,,,,,,,0.33,0.77,,,23.0,0,7.35,0,266.5,,1.015,0,,,,0,0.55,0,,0
2022,4867,"DISPOSAL SITE BY THE SIDE OF NH, BHADRAK DHANGIDIMUTA VILLAGE (KUSUMI GP OFFICE NEAR",Odisha,22.0,24.0,6.7,7.2,155.0,184.0,1.1,1.1,0.62,0.85,,,,,,,0.33,0.46,,,23.0,0,6.95,0,169.5,1.1,0.735,0,,,,0,0.395,0,,0
2022,4868,"BADAMPAHAR MINING AREA, MAYURBHANJ DHANGIDIMUTA VILLAGE (BASTI",Odisha,22.0,24.0,6.9,7.2,190.0,276.0,1.6,1.6,1.84,3.54,23.0,23.0,79.0,79.0,,,0.29,0.44,,,23.0,0,7.050000000000001,0,233.0,1.6,2.69,0,23.0,79.0,,0,0.365,0,,0
2022,4869,"MINE RUN-OFF WATER NEAR BADAPAHAR MINING AREA, MAYURBHANJ JODA WEST MANGANESE MINE OF M/S TATA STEEL LTD.",Odisha,22.0,26.0,6.3,7.2,101.0,118.0,1.3,1.3,0.67,0.92,,,,,,,0.67,0.67,,,24.0,0,6.75,0,109.5,1.3,0.795,0,,,,0,0.67,0,,0
2022,4870,"(BICHHAKUNDI COLONY), JODA, KEONJHAR BALDA BLOCK IRON ORE MINES OF M/S SIRAJUDDIN & CO. (NEAR",Odisha,22.0,25.0,5.6,6.8,76.0,86.0,1.5,1.5,0.42,0.8,,,,,,,0.64,0.64,,,23.5,0,6.199999999999999,0,81.0,1.5,0.61,0,,,,0,0.64,0,,0
2022,4871,"M/S K N RAM & CO., TANTO, TIME OFFICE INSIDE THE MINE LEASEHOLD AREA), KEONJHAR ROIDA-II IRON ORE MINES OF",Odisha,22.0,25.0,5.6,6.9,101.0,158.0,,,1.72,2.2,,,,,,,0.47,0.47,,,23.5,0,6.25,0,129.5,,1.96,0,,,,0,0.47,0,,0
2022,4872,"M/S KAYPEE ENTERPRISES NEAR BHADRASAHI, BARBIL, KEONJHAR THAKURANI IRON ORE MINES OF",Odisha,21.0,25.0,5.6,6.7,67.0,102.0,,,2.39,2.52,79.0,79.0,140.0,140.0,,,0.46,0.46,,,23.0,0,6.15,0,84.5,,2.455,0,79.0,140.0,,0,0.46,0,,0
2022,4873,"VT CENTRE, BARBIL, KEONJHAR DDM OFFICE, KOIRA PREMISES,",Odisha,22.0,31.0,6.9,7.1,70.0,145.0,,,0.6,1.41,,,,,,,0.31,0.97,,,26.5,0,7.0,0,107.5,,1.005,0,,,,0,0.64,0,,0
2022,4874,"SUNDARGARH TENSA RESIDENTIAL AREA,",Odisha,22.0,31.0,6.8,6.9,218.0,224.0,,,0.32,0.32,,,,,,,0.28,0.35,,,26.5,0,6.85,0,221.0,,0.32,0,,,,0,0.315,0,,0
2022,4875,"KOIRA, SUNDARGARH COLLECTOR OFFICE PREMISES,",Odisha,22.0,30.0,6.6,6.9,320.0,338.0,,,0.32,0.32,,,,,,,0.29,0.37,,,26.0,0,6.75,0,329.0,,0.32,0,,,,0,0.32999999999999996,0,,0
2022,4876,DEOGARH GOVT. MODEL DEGREE COLLAGE,Odisha,22.0,22.0,6.8,6.8,522.0,522.0,,,3.88,3.88,,,,,,,0.29,0.29,,,22.0,0,6.8,0,522.0,,3.88,0,,,,0,0.29,0,,0
2022,4877,"PREMISES, DEOGARH INSIDE THE PREMISES OF DISTRICT HEAD QUARTER",Odisha,26.0,27.0,6.7,7.2,665.0,1035.0,1.1,1.1,4.45,17.52,,,,,,,0.35,0.49,,,26.5,0,6.95,0,850.0,1.1,10.985,0,,,,0,0.42,0,,0
2022,4878,"SITE OF GAJAPATI MUNICIPALITY HOSPITAL, PARALAKHEMUNDI, GAJAPATI NEAR SOLID WASTE DISPOSAL",Odisha,26.0,27.0,6.9,7.1,1005.0,1975.0,1.1,1.1,4.91,17.51,,,,,,,0.32,0.46,,,26.5,0,7.0,0,1490.0,1.1,11.21,0,,,,0,0.39,0,,0
2022,4879,"DISTRICT HEAD QUARTER AT KELLY SAHI, GAJAPATI INSIDE THE PREMISES OF",Odisha,21.0,32.0,6.6,7.2,287.0,306.0,,,1.98,4.62,,,,,,,0.3,0.53,,,26.5,0,6.9,0,296.5,,3.3,0,,,,0,0.41500000000000004,0,,0
2022,4880,"HOSPITAL, PHULBANI NEAR SOLID WASTE DISPOSAL SITE OF PHULBANI MUNICIPALITY",Odisha,22.0,31.0,6.8,7.1,241.0,305.0,,,1.52,4.02,,,,,,,0.26,0.66,,,26.5,0,6.949999999999999,0,273.0,,2.7699999999999996,0,,,,0,0.46,0,,0
2022,4881,"DISTRICT HEAD QUARTER AT DADA PUJA MOUZA, PHULBANI INSIDE THE PREMISES OF",Odisha,21.0,32.0,6.9,7.7,497.0,1138.0,,,1.46,3.62,,,,,,,0.29,0.47,,,26.5,0,7.300000000000001,0,817.5,,2.54,0,,,,0,0.38,0,,0
2022,4882,"HOSPITAL, NAYAGARH NEAR SOLID WASTE DISPOSAL",Odisha,21.0,31.0,7.1,7.3,425.0,1145.0,,,1.71,4.03,,,,,,,0.31,0.46,,,26.0,0,7.199999999999999,0,785.0,,2.87,0,,,,0,0.385,0,,0
2022,4883,"BHALUKHOLA VILLAGE, NAYAGARH NEAR BARGARH GOVT.",Odisha,27.0,29.0,7.1,7.4,553.0,1238.0,,,2.25,7.84,,,,,,,0.49,0.67,,,28.0,0,7.25,0,895.5,,5.045,0,,,,0,0.5800000000000001,0,,0
2022,4884,"HOSPITAL, BARGARH NEAR GANAPATI GOVT.",Odisha,26.0,29.0,6.6,7.1,791.0,1095.0,,,1.51,8.53,,,,,,,0.35,0.63,,,27.5,0,6.85,0,943.0,,5.02,0,,,,0,0.49,0,,0
2022,4885,"HOSPITAL, BARGARH NEAR NUAPADA GOVT.",Odisha,27.0,29.0,6.8,7.3,458.0,546.0,,,0.82,4.72,,,,,,,0.31,0.33,,,28.0,0,7.05,0,502.0,,2.77,0,,,,0,0.32,0,,0
2022,4886,"(BACKSIDE OF VETERINARY HOSPITAL, NUAPADA NEAR NILASAILA NAGAR",Odisha,28.0,28.0,6.9,7.3,523.0,598.0,,,1.8,3.33,,,,,,,0.39,0.47,,,28.0,0,7.1,0,560.5,,2.565,0,,,,0,0.43,0,,0
2022,4887,"OFFICE, NUAPADA NEAR BOLANGIR MEDICAL",Odisha,26.0,29.0,7.1,7.4,1059.0,1105.0,,,1.35,5.72,,,,,,,0.41,0.42,,,27.5,0,7.25,0,1082.0,,3.535,0,,,,0,0.415,0,,0
2022,4888,"COLLEGE, BALANGIR NEAR SUDPADA POST OFFICE,",Odisha,27.0,30.0,6.9,7.5,1226.0,1533.0,,,4.5,5.92,,,,,,,0.42,0.48,,,28.5,0,7.2,0,1379.5,,5.21,0,,,,0,0.44999999999999996,0,,0
2022,4889,SCHOOL AND IN FRONT OF HEAD BALANGIR NEAR TOWN GIRLS PRIMARY,Odisha,27.0,31.0,7.2,8.2,816.0,891.0,,,0.72,0.88,,,,,,,0.31,0.34,,,29.0,0,7.699999999999999,0,853.5,,0.8,0,,,,0,0.325,0,,0
2022,4890,"POST OFFICE, BOUDH NEAR BUTUPALLI CHHAK,",Odisha,28.0,31.0,7.1,7.7,580.0,692.0,,,4.87,6.62,,,,,,,0.35,0.64,,,29.5,0,7.4,0,636.0,,5.745,0,,,,0,0.495,0,,0
2022,4891,"MAULISINGHA ROAD, BOUDH DISTRICT HEAD QUARTER",Odisha,27.0,30.0,7.4,7.8,636.0,796.0,,,4.1,5.42,,,,,,,0.53,0.6,,,28.5,0,7.6,0,716.0,,4.76,0,,,,0,0.565,0,,0
2022,4892,"HOSPITAL CAMPUS, SONEPUR NEAR GUNDICHA TEMPLE AT",Odisha,26.0,30.0,7.4,8.0,551.0,768.0,,,2.12,4.38,,,,,,,0.39,0.53,,,28.0,0,7.7,0,659.5,,3.25,0,,,,0,0.46,0,,0
2022,4893,"BURDELLA PULLAMA TEMPLE, TENTEL GHAT, SONEPUR WITNIN THE PREMISES OF",Odisha,25.0,25.0,6.6,7.1,322.0,458.0,1.1,1.1,4.66,7.54,,,130.0,130.0,,,0.27,0.56,,,25.0,0,6.85,0,390.0,1.1,6.1,0,,130.0,,0,0.41500000000000004,0,,0
2022,4894,RAYAGADA,Odisha,25.0,26.0,6.7,7.4,263.0,307.0,1.1,1.1,4.41,9.03,,,240.0,240.0,,,0.26,0.49,,,25.5,0,7.050000000000001,0,285.0,1.1,6.72,0,,240.0,,0,0.375,0,,0
2022,4895,"KASTURI NAGAR, RAYAGADA",Odisha,24.0,24.0,6.1,6.6,503.0,560.0,1.1,1.1,4.61,15.54,,,,,,,0.23,0.57,,,24.0,0,6.35,0,531.5,1.1,10.075,0,,,,0,0.39999999999999997,0,,0
2022,4896,"BADACHINDRI, KORAPUT",Odisha,24.0,24.0,7.3,7.4,96.0,175.0,1.5,1.5,1.76,2.62,,,,,,,0.26,0.6,,,24.0,0,7.35,0,135.5,1.5,2.19,0,,,,0,0.43,0,,0
2022,4897,"JAGANNATH TEMPLE, KORAPUT",Odisha,25.0,26.0,6.2,6.8,513.0,568.0,1.1,1.1,1.95,18.41,,,,,,,0.41,0.41,,,25.5,0,6.5,0,540.5,1.1,10.18,0,,,,0,0.41,0,,0
2022,4898,"TOTAGUDA, NAWARANGPUR",Odisha,25.0,26.0,6.5,6.8,91.0,142.0,1.1,1.1,1.19,2.44,240.0,240.0,540.0,540.0,,,0.21,0.43,,,25.5,0,6.65,0,116.5,1.1,1.815,0,240.0,540.0,,0,0.32,0,,0
2022,4899,"GABRALGUDA, NAWARANGPUR GOSALPADA COLONY (WARD NO.",Odisha,25.0,27.0,6.8,6.9,668.0,846.0,1.1,1.1,4.09,15.76,,,,,,,0.3,0.4,,,26.0,0,6.85,0,757.0,1.1,9.925,0,,,,0,0.35,0,,0
2022,4900,"COLONY, WARD NO. 17), 7), BHAWANIPATNA SITABUDIPARA (IRRIGATION",Odisha,26.0,27.0,7.2,7.2,517.0,545.0,1.1,1.2,1.82,3.52,,,,,,,0.46,0.46,,,26.5,0,7.2,0,531.0,1.15,2.67,0,,,,0,0.46,0,,0
2022,4901,BHAWANIPATNA,Odisha,25.0,26.0,6.4,6.5,307.0,341.0,1.1,1.1,3.73,7.55,,,,,,,0.3,0.39,,,25.5,0,6.45,0,324.0,1.1,5.64,0,,,,0,0.345,0,,0
2022,4902,"MV-43, MALKANIGIRI TEKBADI OF NETAJI NAGAR,",Odisha,25.0,26.0,6.7,6.7,447.0,550.0,1.4,1.4,4.26,5.92,,,,,,,0.23,0.5,,,25.5,0,6.7,0,498.5,1.4,5.09,0,,,,0,0.365,0,,0
2022,4903,"SCHOOL, HAZARIBAGICHA, HAZARIBAGICHA PRIMARY",Odisha,28.0,29.2,7.6,8.1,435.0,5161.0,1.1,1.1,0.92,4.39,,,,,,,0.55,1.33,,,28.6,0,7.85,0,2798.0,1.1,2.655,0,,,,0,0.9400000000000001,0,,0
2022,1397,"ROAD, LAWSPET, NEAR DEPUTY KENDRAPARA KRISHNA NAGAR BOREWELL, PUMPING STATION, EAST COAST",Puducherry,31.0,31.0,6.07,6.07,1123.0,1123.0,,,8.93,8.93,,,,,627.0,627.0,,,,,31.0,0,6.07,0,1123.0,,8.93,0,,,627.0,0,,0,,0
2022,1398,"COLLECTOR OFFICE, PUDUCHERRY. THENGAITHITTU BOREWELL, PUMPING STATION, II CROSS,",Puducherry,31.0,31.0,6.29,6.29,2030.0,2030.0,,,1.75,1.75,,,,,1209.0,1209.0,,,,,31.0,0,6.29,0,2030.0,,1.75,0,,,1209.0,0,,0,,0
2022,1453,"PUDHU NAGAR, THENGAITHITTU, PUDUCHERRY. MUTHIRAIPPALAYAM BOREWELL, PUMPING STATION,",Puducherry,30.5,30.5,6.54,6.54,955.0,955.0,,,4.12,4.12,,,,,494.0,494.0,,,,,30.5,0,6.54,0,955.0,,4.12,0,,,494.0,0,,0,,0
2022,1454,"STAFF QUARTERS, PONDICHERRY MUTHIRAIPPALAYAM, PUDUCHERRY. PONDICHERRY UNIVERSITY BOREWELL, PUMPING STATION,",Puducherry,31.0,31.0,5.7,5.7,560.0,560.0,,,2.43,2.43,,,,,292.0,292.0,,,,,31.0,0,5.7,0,560.0,,2.43,0,,,292.0,0,,0,,0
2022,1687,"KOIL, MISSION STREET, UNIVERSITY CAMPUS, KALAPET, PUDUCHERRY. CHETTY KOIL OPENWELL, CHETTY",Puducherry,30.0,30.0,7.32,7.32,2370.0,2370.0,,,0.32,0.32,,,,,1143.0,1143.0,,,,,30.0,0,7.32,0,2370.0,,0.32,0,,,1143.0,0,,0,,0
2022,1688,"PUDUCHERRY. KATTERIKUPPAM BOREWELL, PUMPING STATION, ERIKKARAI",Puducherry,29.5,29.5,7.33,7.33,1038.0,1038.0,,,0.64,0.64,,,,,437.0,437.0,,,,,29.5,0,7.33,0,1038.0,,0.64,0,,,437.0,0,,0,,0
2022,2009,"ROAD, KATTERIKUPPAM, PUDUCHERRY. KURUMBAPET BOREWELL, PUMPING STATION, GOPALAN",Puducherry,31.0,31.0,6.55,6.55,916.0,916.0,,,4.08,4.08,,,,,401.0,401.0,,,,,31.0,0,6.55,0,916.0,,4.08,0,,,401.0,0,,0,,0
2022,2010,"KADAI ROAD, KURUMBAPET, PUDUCHERRY. METTUPALAYAM BOREWELL, PUMPING STATION, PIPDIC",Puducherry,31.0,31.0,6.39,6.39,1504.0,1504.0,,,0.76,0.76,,,,,955.0,955.0,,,,,31.0,0,6.39,0,1504.0,,0.76,0,,,955.0,0,,0,,0
2022,2011,"INDUSTRIAL ESTATE, METTUPALAYAM, PUDUCHERRY. URUVAIYAR BOREWELL, PUMPING STATION, LAKSHMI",Puducherry,31.0,31.0,7.1,7.1,2850.0,2850.0,,,1.85,1.85,,,,,1512.0,1512.0,,,,,31.0,0,7.1,0,2850.0,,1.85,0,,,1512.0,0,,0,,0
2022,2012,"NARASIMMAR NAGAR, URUVAIYAR, PUDUCHERRY. MARUTHI SCHOOL BOREWELL, MARUTHI SCHOOL, MARUTHI",Puducherry,31.0,31.0,6.38,6.38,2290.0,2290.0,,,1.45,1.45,,,,,1141.0,1141.0,,,,,31.0,0,6.38,0,2290.0,,1.45,0,,,1141.0,0,,0,,0
2022,2013,"NAGAPATTINAM MAIN ROAD, T.R.PATTINAM BOREWELL, PUMPING STATION,",Puducherry,26.8,29.5,8.44,8.69,1990.0,2760.0,,,0.32,0.32,,,,,1038.0,1096.0,,,,,28.15,0,8.565,1,2375.0,,0.32,0,,,1067.0,0,,0,,0
2022,2014,"KOTTUCHERRY - NEDUNKADU T.R. PATTINAM, KARAIKAL, U.T OF PUDUCHERRY. VADAMATTAM BOREWELL, PUMPING STATION,",Puducherry,26.8,31.0,8.52,8.67,1550.0,2020.0,,,0.36,0.4,,,,,828.0,869.0,,,,,28.9,0,8.594999999999999,1,1785.0,,0.38,0,,,848.5,0,,0,,0
2022,2446,"ROAD, VADAMATTAM, KARAIKAL, U.T OF PUDUCHERRY. PALLUR OPENWELL, GOVT HEALTH STAFF QUARTERS",Puducherry,27.5,27.5,5.44,5.44,344.0,344.0,,,3.89,3.89,,,,,270.0,270.0,,,,,27.5,0,5.44,0,344.0,,3.89,0,,,270.0,0,,0,,0
2022,2447,"CAMPUS, PALLUR, MAHE, U.T OF PUDUCHERRY. PANDAKKAL OPENWELL, KIZHAKKU EDUTHA COLONY,",Puducherry,27.0,27.0,5.4,5.4,102.0,102.0,,,1.2,1.2,,,,,50.0,50.0,,,,,27.0,0,5.4,0,102.0,,1.2,0,,,50.0,0,,0,,0
2022,3882,"ROAD, ECHANGADU, PANTHAKKAL, MAHE, U.T OF PUDUCHERRY. ECHANGADU BOREWELL, PUMPING STATION, PANITHITTU",Puducherry,32.0,32.0,6.38,6.38,630.0,630.0,,,0.32,0.32,,,,,265.0,265.0,,,,,32.0,0,6.38,0,630.0,,0.32,0,,,265.0,0,,0,,0
2022,3883,"STATION, BAHOUR LAKE ROAD, KIRUMAMPAKKAM, PUDUCHERRY. BAHOUR BOREWELL, PUMPING",Puducherry,32.0,32.0,6.78,6.78,767.0,767.0,,,0.32,0.32,,,,,206.0,206.0,,,,,32.0,0,6.78,0,767.0,,0.32,0,,,206.0,0,,0,,0
2022,3884,"BAHOUR, PUDUCHERRY. CHEVALIER SELLANE GOVT SCHOOL BOREWELL, CHEVALIER SELLANE GOVT HIGHER",Puducherry,31.0,31.0,7.31,7.31,1247.0,1247.0,,,4.84,4.84,,,,,640.0,640.0,,,,,31.0,0,7.31,0,1247.0,,4.84,0,,,640.0,0,,0,,0
2022,3885,"SECONDARY SCHOOL, EAST COAST ROAD, KALAPET, PUDUCHERRY. SEDARAPET BOREWELL, PUMPING STATION, DHANDERAR",Puducherry,29.0,29.0,6.82,6.82,2110.0,2110.0,,,3.04,3.04,,,,,1150.0,1150.0,,,,,29.0,0,6.82,0,2110.0,,3.04,0,,,1150.0,0,,0,,0
2022,3886,"THIRUVANDOR KOIL MAIN ROAD, KULAM, SEDARAPET, PUDUCHERRY. KOTHAPURINATHAM BOREWELL, PUMPING STATION,",Puducherry,32.0,32.0,7.35,7.35,1353.0,1353.0,,,3.0,3.0,,,,,647.0,647.0,,,,,32.0,0,7.35,0,1353.0,,3.0,0,,,647.0,0,,0,,0
2022,4631,"KOTHAPURINATHAM, PUDUCHERRY. THIRUKKANUR BOREWELL, PUMPING STATION, OPP. BONNE",Puducherry,30.5,30.5,7.51,7.51,1376.0,1376.0,,,0.74,0.74,,,,,624.0,624.0,,,,,30.5,0,7.51,0,1376.0,,0.74,0,,,624.0,0,,0,,0
2022,4632,"MOLAPAKKAM ROAD, NEAR DR ROAD, THIRUKKANUR, PUDUCHERRY. MADUKARAI BOREWELL, PUMPING STATION,",Puducherry,30.0,30.0,7.06,7.06,2300.0,2300.0,,,5.48,5.48,,,,,1100.0,1100.0,,,,,30.0,0,7.06,0,2300.0,,5.48,0,,,1100.0,0,,0,,0
2022,4633,,Puducherry,31.0,31.0,6.3,6.3,1196.0,1196.0,,,1.8,1.8,,,,,483.0,483.0,,,,,31.0,0,6.3,0,1196.0,,1.8,0,,,483.0,0,,0,,0
2022,1898,"ROAD, KIRUMAMPAKKAM, PUDUCHERR.Y PETROL PUMP OPP. HERO CYCLE,",Punjab,,,7.5,7.5,1415.0,1415.0,,,1.2,1.2,,,,,850.0,850.0,0.9,0.9,,,,0,7.5,0,1415.0,,1.2,0,,,850.0,0,0.9,0,,0
2022,1900,LUDHIANA GURCHAARAN SINGH HAIBOWAL,Punjab,,,7.7,8.0,886.0,9710.0,,,0.6,5.1,,,,,423.0,527.0,0.33,0.33,,,,0,7.85,0,5298.0,,2.8499999999999996,0,,,475.0,0,0.33,0,,0
2022,1901,"DAIRY COMPLEX, LUDHIANA DUSSHERA GROUND INDUSTRIAL",Punjab,36.0,36.0,7.1,7.7,645.0,2691.0,,,0.4,2.9,,,,,160.0,368.0,0.3,1.3,,,36.0,0,7.4,0,1668.0,,1.65,0,,,264.0,0,0.8,0,,0
2022,1902,"ESTATE, LUDHIANA SHUKLA TEA STAL POINT,",Punjab,,,7.8,7.8,1331.0,1331.0,,,1.0,1.0,,,,,797.0,797.0,0.8,0.8,,,,0,7.8,0,1331.0,,1.0,0,,,797.0,0,0.8,0,,0
2022,1903,LUDHIANA PUNJAB AGRICULTURAL,Punjab,,,7.8,7.9,442.0,469.0,,,0.4,4.7,,,,,263.0,282.0,0.29,0.29,,,,0,7.85,0,455.5,,2.5500000000000003,0,,,272.5,0,0.29,0,,0
2022,2916,"UNIVERSITY, LUDHIANA NEAR LANDFILL SITE, AMRITSAR,",Punjab,,,7.5,7.6,453.0,856.0,,,2.22,2.22,,,,,270.0,493.0,0.21,0.21,,,,0,7.55,0,654.5,,2.22,0,,,381.5,0,0.21,0,,0
2022,2917,"NEAR HARMANDIR SAHEB,",Punjab,,,7.5,7.6,1016.0,1094.0,,,0.64,5.39,,,,,593.0,645.0,0.41,0.59,,,,0,7.55,0,1055.0,,3.0149999999999997,0,,,619.0,0,0.5,0,,0
2022,2918,"AMRITSAR, PUNJAB",Punjab,,,7.4,7.4,1757.0,2368.0,,,0.49,2.4,,,,,997.0,1574.0,0.57,0.92,,,,0,7.4,0,2062.5,,1.4449999999999998,0,,,1285.5,0,0.745,0,,0
2022,2919,"DERA BASSI, PUNJAB",Punjab,,,7.2,7.4,1362.0,2598.0,,,0.78,2.6,,,,,798.0,1829.0,0.41,1.1,,,,0,7.300000000000001,0,1980.0,,1.69,0,,,1313.5,0,0.755,0,,0
2022,2920,"DERA BASSI, PUNJAB",Punjab,32.0,36.0,7.4,7.4,815.0,1334.0,,,0.32,1.3,,,,,476.0,824.0,0.4,0.51,,,34.0,0,7.4,0,1074.5,,0.81,0,,,650.0,0,0.455,0,,0
2022,2921,"HAMIRA VILLAGE, PUNJAB",Punjab,32.0,35.0,7.8,7.8,413.0,427.0,,,,,,,,,251.0,262.0,0.39,0.39,,,33.5,0,7.8,0,420.0,,,0,,,256.5,0,0.39,0,,0
2022,2922,"HAMIRA VILLAGE, PUNJAB LEATHER COMPLEX, JALANDHAR,",Punjab,30.0,38.0,7.6,7.6,929.0,942.0,,,1.4,4.32,,,,,559.0,828.0,0.5,0.5,,,34.0,0,7.6,0,935.5,,2.8600000000000003,0,,,693.5,0,0.5,0,,0
2022,2923,"LEATHER COMPLEX, JALANDHAR,",Punjab,30.0,35.0,7.4,7.5,1043.0,2358.0,,,0.47,1.8,,,,,572.0,1588.0,0.49,0.6,,,32.5,0,7.45,0,1700.5,,1.135,0,,,1080.0,0,0.5449999999999999,0,,0
2022,2924,,Punjab,,,7.4,7.4,885.0,887.0,,,0.4,0.8,,,,,532.0,580.0,0.5,0.6,,,,0,7.4,0,886.0,,0.6000000000000001,0,,,556.0,0,0.55,0,,0
2022,2925,"MANDI GOBINDGARH, PUNJAB",Punjab,,,7.4,7.4,924.0,1018.0,,,0.8,0.9,,,,,583.0,733.0,0.7,0.8,,,,0,7.4,0,971.0,,0.8500000000000001,0,,,658.0,0,0.75,0,,0
2022,2926,"MANDI GOBINDGARH, PUNJAB",Punjab,,,7.7,7.7,857.0,857.0,,,1.32,1.32,,,,,520.0,520.0,,,,,,0,7.7,0,857.0,,1.32,0,,,520.0,0,,0,,0
2022,2927,"NANGAL, PUNJAB",Punjab,,,7.9,7.9,740.0,740.0,,,0.99,0.99,,,,,447.0,447.0,,,,,,0,7.9,0,740.0,,0.99,0,,,447.0,0,,0,,0
2022,2928,"NANGAL, PUNJAB",Punjab,,,7.8,7.8,688.0,688.0,,,0.7,0.7,,,,,409.0,409.0,0.3,0.3,,,,0,7.8,0,688.0,,0.7,0,,,409.0,0,0.3,0,,0
2022,2929,"ROPAR, PUNJAB",Punjab,,,8.4,8.4,265.0,265.0,,,,,,,,,153.0,153.0,,,,,,0,8.4,0,265.0,,,0,,,153.0,0,,0,,0
2022,2930,,Punjab,,,8.4,8.4,1452.0,1452.0,,,2.2,2.2,,,,,795.0,795.0,0.9,0.9,,,,0,8.4,0,1452.0,,2.2,0,,,795.0,0,0.9,0,,0
2022,2931,"TOANSA, PUNJAB",Punjab,,,7.4,7.4,2538.0,2538.0,,,2.7,2.7,,,,,1518.0,1518.0,1.2,1.2,,,,0,7.4,0,2538.0,,2.7,0,,,1518.0,0,1.2,0,,0
2022,4134,"ROAD, LUDHIANA INDUSTRIAL TOANSA, PUNJAB TUBE WELL AT RSSB, TIBBA",Punjab,,,7.9,8.1,558.0,631.0,,,0.4,0.4,,,,,310.0,378.0,0.29,0.29,,,,0,8.0,0,594.5,,0.4,0,,,344.0,0,0.29,0,,0
2022,4135,AREA,Punjab,,,7.5,7.7,772.0,1404.0,,,0.6,1.13,,,,,465.0,821.0,0.64,0.64,,,,0,7.6,0,1088.0,,0.865,0,,,643.0,0,0.64,0,,0
2022,4136,"MSW DUMPING SITE, JAMALPUR",Punjab,,,7.4,7.7,1565.0,1664.0,,,1.12,4.32,,,,,924.0,998.0,0.69,0.9,,,,0,7.550000000000001,0,1614.5,,2.72,0,,,961.0,0,0.7949999999999999,0,,0
2022,4137,"LTD, MUGHAL MAJRA, MANDI STP JAMALPUR HANDPUMP IN M/S DEEP STEEL",Punjab,,,7.2,7.5,761.0,1443.0,,,0.8,2.31,,,,,437.0,1067.0,0.5,1.06,,,,0,7.35,0,1102.0,,1.5550000000000002,0,,,752.0,0,0.78,0,,0
2022,4138,"PRITAM SCHOOL, AMBEY MAJRA, GOBBINDGARH HANDPUMP, 149 NEAR SANT",Punjab,,,7.3,7.4,734.0,1127.0,,,0.9,0.91,,,,,515.0,629.0,0.8,0.9,,,,0,7.35,0,930.5,,0.905,0,,,572.0,0,0.8500000000000001,0,,0
2022,4139,"MANDI GOBINDGARH HANDPUMP AT PARK ADJOINING TO NATIONAL INDUSTRIES, E-",Punjab,,,7.3,7.3,2125.0,2125.0,,,1.9,1.9,,,,,1253.0,1253.0,1.2,1.2,,,,0,7.3,0,2125.0,,1.9,0,,,1253.0,0,1.2,0,,0
2022,4140,"BAGHBANI FARM, VILL HARIAN, 128, PH-IV, FOCAL POINT LUDHIANA HANDPUMP IN SAHOTA",Punjab,,,7.3,7.3,1815.0,1815.0,,,1.6,1.6,,,,,1058.0,1058.0,1.0,1.0,,,,0,7.3,0,1815.0,,1.6,0,,,1058.0,0,1.0,0,,0
2022,4141,"CENTRE, DEFENCE ROAD, MACHIWARA HANDPUMP INSTRIAL GROWTH",Punjab,32.0,32.0,7.7,7.7,325.0,325.0,,,0.5,0.5,,,,,195.0,195.0,,,,,32.0,0,7.7,0,325.0,,0.5,0,,,195.0,0,,0,,0
2022,4142,"PATHANKOT HANDPUMP, VILL DHERIWAL,",Punjab,32.0,32.0,7.4,7.4,310.0,310.0,,,0.4,0.4,,,,,184.0,184.0,,,,,32.0,0,7.4,0,310.0,,0.4,0,,,184.0,0,,0,,0
2022,4143,"NABHA POWER LTD, VILL DIST PATHANKOT HANDPUMP NEAR ASH DYKES OF",Punjab,29.0,29.0,7.7,7.9,557.0,1107.0,,,1.9,1.9,,,,,334.0,668.0,0.3,0.3,,,29.0,0,7.800000000000001,0,832.0,,1.9,0,,,501.0,0,0.3,0,,0
2022,4144,"NALASH, RAJPURA GROUND WATER SAMPLING",Punjab,28.0,28.0,7.8,8.1,519.0,608.0,,,4.32,4.32,,,,,346.0,365.0,0.22,0.22,,,28.0,0,7.949999999999999,0,563.5,,4.32,0,,,355.5,0,0.22,0,,0
2022,4145,WITH GHAGGAR NEAR VILL BLOCATION IN VILLAGE MAIN SAGAR PARA DRAIN MEETING,Punjab,29.0,29.0,8.2,8.2,577.0,577.0,,,0.69,0.69,,,,,347.0,347.0,0.24,0.24,,,29.0,0,8.2,0,577.0,,0.69,0,,,347.0,0,0.24,0,,0
2022,4147,"NANAK THERMAL POWER SAGAR PARA, PATRAN NEAR ASH DYKES OF GURU",Punjab,,,7.9,8.0,2234.0,2783.0,,,2.3,7.82,,,,,1382.0,1655.0,1.0,4.31,,,,0,7.95,0,2508.5,,5.0600000000000005,0,,,1518.5,0,2.655,1,,0
2022,4148,"PHUKOKARI GGS HMEL PLANT/ NFL, BHATINDA VILLAGE KANAKWAL/",Punjab,,,7.6,7.9,315.0,2270.0,,,8.9,8.9,,,,,161.0,1270.0,1.4,1.4,,,,0,7.75,0,1292.5,,8.9,0,,,715.5,0,1.4,0,,0
2022,4149,"PLANT LEHRA MOHABBAT, REFINERY, BHATINDA ASH DYKES OF THERMAL POWER",Punjab,,,7.6,7.8,913.0,1186.0,,,0.82,2.01,,,,,558.0,710.0,0.64,2.35,,,,0,7.699999999999999,0,1049.5,,1.4149999999999998,0,,,634.0,0,1.495,1,,0
2022,4150,"100 M D/S OF VILL RURIANWALI,",Punjab,,,7.9,8.0,673.0,4580.0,,,0.47,3.61,,,,,383.0,2693.0,0.31,1.91,,,,0,7.95,0,2626.5,,2.04,0,,,1538.0,1,1.1099999999999999,1,,0
2022,4151,"P LTD, VILL MANSOORWAL, DIST DIST MUKTSAR NEAR MALBORS INTERNATIONLA",Punjab,,,7.5,7.5,1985.0,1985.0,,,,,,,,,1076.0,1076.0,,,,,,0,7.5,0,1985.0,,,0,,,1076.0,0,,0,,0
2022,4153,"FEROZPUR DASHMESH NAGAR, GALI NO 12,",Punjab,,,7.6,7.8,381.0,1294.0,,,0.9,7.41,,,,,225.0,752.0,0.5,0.5,,,,0,7.699999999999999,0,837.5,,4.155,0,,,488.5,0,0.5,0,,0
2022,4154,LUDHIANA TSSM SR SEC SCHOOL,Punjab,36.0,36.0,7.5,7.7,751.0,904.0,,,0.8,0.9,,,,,453.0,519.0,0.6,0.6,,,36.0,0,7.6,0,827.5,,0.8500000000000001,0,,,486.0,0,0.6,0,,0
2022,4155,"LUDHIANA OPP SATISH DAIRY SHIMLAPURI, LUDHIANA DAIRY COMPLEX, TAJPUR ROAD,",Punjab,,,7.5,7.6,745.0,810.0,,,1.0,4.3,,,,,447.0,483.0,0.21,0.21,,,,0,7.55,0,777.5,,2.65,0,,,465.0,0,0.21,0,,0
2022,4156,"ROAD NEAR DHANDARI KALAN, MEAR AMRIT DHARAM KANTA HANDPUMP IN AREA ON SUA",Punjab,36.0,36.0,7.2,7.7,893.0,1027.0,,,0.6,1.1,,,,,508.0,631.0,0.5,0.8,,,36.0,0,7.45,0,960.0,,0.8500000000000001,0,,,569.5,0,0.65,0,,0
2022,4157,TUBEWELL IN THE AREA OF LUDHIANA HANDPUMP SHALLOW,Punjab,36.0,36.0,7.3,7.8,761.0,1248.0,,,0.6,1.4,,,,,455.0,749.0,0.5,0.9,,,36.0,0,7.55,0,1004.5,,1.0,0,,,602.0,0,0.7,0,,0
2022,1415,"JANTA NAGAR, LUDHIANA WELL OF LOOMJI, CHAUDHARY, NEAR NAYAGAON, PALI, (U/S 1",Rajasthan,24.0,28.0,7.45,7.9,2830.0,9001.0,,,5.47,8.22,4.0,220.0,110.0,440.0,2034.0,6020.0,0.78,1.25,,,26.0,0,7.675000000000001,0,5915.5,,6.845000000000001,0,112.0,275.0,4027.0,1,1.0150000000000001,0,,0
2022,1706,"MONTO MOTORS, MIA, ALWAR, RIICO PUMP HOUSE NEAR",Rajasthan,28.0,30.0,7.06,7.86,1309.0,1412.0,,,2.93,3.0,1.9,4.0,2.0,9.0,694.0,896.0,0.68,1.04,,,29.0,0,7.46,0,1360.5,,2.965,0,2.95,5.5,795.0,0,0.8600000000000001,0,,0
2022,1707,"CHEMICALS, MIA, ALWAR, BORE WELL IN MODI ALKALIS &",Rajasthan,26.0,33.0,7.19,7.56,1912.0,2890.0,,,2.76,2.85,2.0,3.5,4.0,6.0,1674.0,2109.0,0.48,0.64,,,29.5,0,7.375,0,2401.0,,2.8049999999999997,0,2.75,5.0,1891.5,1,0.56,0,,0
2022,1708,"BAGAR RAJPUT, ALWAR, KOTHI WALA WELL IN VILLAGE",Rajasthan,27.0,30.0,7.14,7.48,1796.0,2417.0,,,1.24,1.71,6.0,7.0,17.0,23.0,739.0,1320.0,0.36,0.61,,,28.5,0,7.3100000000000005,0,2106.5,,1.475,0,6.5,20.0,1029.5,0,0.485,0,,0
2022,1710,"BOREWELL OF SHRI DULI CHAND DAYMA S/O SH. CHETRAM DAYMA, NEAR GOVT. SCHOOL,",Rajasthan,27.0,27.0,7.14,8.01,1840.0,1972.0,,,2.38,2.42,4.0,54.0,7.0,135.0,910.0,1078.0,0.62,0.98,,,27.0,0,7.574999999999999,0,1906.0,,2.4,0,29.0,71.0,994.0,0,0.8,0,,0
2022,1713,"ENTERPRISES, RIA, VILLAGE- VILLAGE- ALUPUR (ALAMPUR), BHIWADI, DISTT- ALWAR, TEHSIL- TIJARA BOREWELL OF SH JAGDISH BHATI, NEAR SANJEEV",Rajasthan,28.0,29.0,7.17,8.03,1220.0,1272.0,,,1.86,4.0,4.0,58.0,7.0,126.0,720.0,840.0,0.34,0.68,,,28.5,0,7.6,0,1246.0,,2.93,0,31.0,66.5,780.0,0,0.51,0,,0
2022,1715,"GHATAL,BHIWADI, DISTRICT - ALWAR HAND PUMP NEAR SECONDARY",Rajasthan,27.0,28.0,7.59,7.92,2100.0,2120.0,,,1.92,2.19,7.8,11.0,14.0,17.0,1365.0,1378.0,0.75,1.05,,,27.5,0,7.755,0,2110.0,,2.0549999999999997,0,9.4,15.5,1371.5,0,0.9,0,,0
2022,1720,"ASSOCIATED ALCOHOL CHAUDHARY KA WELL VILLAGE PANIALA, KOTAPUTALI NEAR",Rajasthan,25.0,27.0,7.9,7.98,3770.0,3950.0,,,3.99,4.23,7.8,10.0,14.0,15.0,2450.0,2560.0,0.35,0.42,,,26.0,0,7.94,0,3860.0,,4.11,0,8.9,14.5,2505.0,1,0.385,0,,0
2022,1721,"JHOTAWARA, JAIPUR, PHED WELL NEAR RAILWAY LINE",Rajasthan,27.0,28.0,8.14,8.62,690.0,712.0,,,1.61,3.25,6.0,6.8,13.0,15.0,448.0,463.0,,,,,27.5,0,8.379999999999999,1,701.0,,2.43,0,6.4,14.0,455.5,0,,0,,0
2022,1723,"VILLAGE GONER ROAD JAIPUR, HAND PUMP OF VIDHANI",Rajasthan,26.0,27.0,7.67,8.83,8740.0,10850.0,,,5.3,6.42,4.5,6.1,7.8,8.1,5680.0,7050.0,1.49,1.84,,,26.5,0,8.25,1,9795.0,,5.859999999999999,0,5.3,7.949999999999999,6365.0,1,1.665,1,,0
2022,1724,"MOHANA ROAD SANGANER WELL OF GOOJARON KI TALAI,",Rajasthan,26.0,28.0,8.13,8.57,548.0,575.0,,,0.98,1.17,11.0,11.0,17.0,20.0,356.0,374.0,0.26,0.34,,,27.0,0,8.350000000000001,1,561.5,,1.075,0,11.0,18.5,365.0,0,0.30000000000000004,0,,0
2022,1725,"JAIPUR, RAJASTHAN PUBLIC HAND PUMP BEFORE",Rajasthan,26.0,27.0,7.28,7.76,4230.0,5030.0,,,4.88,5.42,6.8,9.1,11.0,12.0,2740.0,3270.0,0.31,0.42,,,26.5,0,7.52,0,4630.0,,5.15,0,7.949999999999999,11.5,3005.0,1,0.365,0,,0
2022,2015,"PORT, JODHPUR (MANGILAL SANGANER PULIA, RAJASTHAN PABUPURA ROAD NEAR CIVIL AIR",Rajasthan,27.0,31.4,7.1,7.37,2390.0,2540.0,,,3.62,5.12,2.0,2.0,11.0,12.0,1551.0,1710.0,0.54,1.62,,,29.2,0,7.234999999999999,0,2465.0,,4.37,0,2.0,11.5,1630.5,0,1.08,1,,0
2022,2017,"RATHOR) VILLAGE VINAYAKIA, JODHPUR",Rajasthan,27.0,29.8,7.25,7.65,2160.0,2200.0,,,2.92,4.22,4.0,6.0,13.0,13.0,1430.0,1460.0,0.85,1.34,,,28.4,0,7.45,0,2180.0,,3.57,0,5.0,13.0,1445.0,0,1.095,0,,0
2022,2018,"(BADRI KUMHAR) VILLAGE VINAYAKIA, JODHPUR",Rajasthan,27.0,29.6,7.16,7.47,8160.0,9140.0,,,4.12,13.32,4.0,6.0,16.0,21.0,5300.0,6120.0,1.69,2.7,,,28.3,0,7.3149999999999995,0,8650.0,,8.72,0,5.0,18.5,5710.0,1,2.1950000000000003,1,,0
2022,2019,(HUKUM SINGH RATHORE),Rajasthan,25.0,25.0,8.18,8.18,1086.0,1086.0,,,2.22,2.22,10.0,10.0,18.0,18.0,760.0,760.0,0.68,0.68,,,25.0,0,8.18,0,1086.0,,2.22,0,10.0,18.0,760.0,0,0.68,0,,0
2022,2020,"NEAR UIT BRIDGE, UDAIPUR NEW FATEHPURA, 200 FT.FROM",Rajasthan,26.0,26.0,8.02,8.31,1571.0,1612.0,,,1.72,2.12,4.0,10.0,17.0,17.0,1100.0,1128.0,0.24,0.34,,,26.0,0,8.165,0,1591.5,,1.92,0,7.0,17.0,1114.0,0,0.29000000000000004,0,,0
2022,2021,"ALOO FACTORY, KACCHI BASTI, PANCHWATI NALLAH, UDAIPUR NEAR ARVIND GENERAL STORE,",Rajasthan,25.0,25.0,7.84,8.02,1650.0,1780.0,,,2.32,2.42,6.0,6.0,13.0,21.0,1155.0,1246.0,0.22,0.39,,,25.0,0,7.93,0,1715.0,,2.37,0,6.0,17.0,1200.5,0,0.305,0,,0
2022,2022,"SARDARPURA, UDAIPUR NEAR RANA PRATAP NAGAR,",Rajasthan,25.0,25.0,7.84,8.31,1496.0,1510.0,,,3.22,3.72,2.0,9.0,3.0,14.0,1047.0,1057.0,0.38,0.46,,,25.0,0,8.075,0,1503.0,,3.47,0,5.5,8.5,1052.0,0,0.42000000000000004,0,,0
2022,2023,"RAILWAY STATION, UDAIPUR HOTEL ORIENT PLACE, SUBHAS",Rajasthan,26.0,26.0,8.21,8.29,973.0,997.0,,,2.82,2.92,4.0,8.0,14.0,17.0,681.0,698.0,0.28,0.39,,,26.0,0,8.25,0,985.0,,2.87,0,6.0,15.5,689.5,0,0.335,0,,0
2022,2024,"FORCE STATION AMER ROAD, NAGAR, UDAIPUR IN SIDE SHIV TEMPLE NEAR AIR",Rajasthan,26.0,28.0,7.49,8.55,1575.0,2840.0,,,3.66,4.2,9.3,9.3,15.0,17.0,1023.0,1846.0,0.42,0.64,,,27.0,0,8.02,1,2207.5,,3.93,0,9.3,16.0,1434.5,0,0.53,0,,0
2022,2025,"MAHADEV TEMPLE, JAI SINGH JAIPUR NEAR SHREE KALYANESHWAR",Rajasthan,26.0,28.0,8.1,8.82,1607.0,1623.0,,,2.83,4.5,4.5,6.1,9.3,10.0,1044.0,1055.0,0.33,0.34,,,27.0,0,8.46,1,1615.0,,3.665,0,5.3,9.65,1049.5,0,0.335,0,,0
2022,2027,"PURA KHURD, JAIPUR. NEAR ABN CENTRAL ACADEMY,",Rajasthan,26.0,27.0,7.62,8.64,1237.0,2370.0,,,4.11,6.34,4.0,6.0,8.3,9.1,804.0,1540.0,0.28,0.28,,,26.5,0,8.13,1,1803.5,,5.225,0,5.0,8.7,1172.0,0,0.28,0,,0
2022,2028,"NAGAR, MAHARANIFARM, NEAR SAMSHAN VISHWAKARMA",Rajasthan,26.0,26.0,8.19,8.68,735.0,862.0,,,0.8,0.93,4.5,6.8,9.2,11.0,478.0,560.0,0.22,0.22,,,26.0,0,8.434999999999999,1,798.5,,0.865,0,5.65,10.1,519.0,0,0.22,0,,0
2022,2029,JAIPUR,Rajasthan,20.0,24.0,7.56,7.76,2220.0,2610.0,,,2.78,6.67,5.6,6.1,8.2,10.0,1444.0,1696.0,0.69,0.72,,,22.0,0,7.66,0,2415.0,,4.725,0,5.85,9.1,1570.0,0,0.705,0,,0
2022,2031,"NEAR GANDHI BHWAN, AJMER NEAR 9 NO. PETROL PUMP, NEAR",Rajasthan,20.0,24.0,7.73,7.91,1474.0,1706.0,,,1.53,5.95,4.5,4.5,9.1,9.3,958.0,1109.0,0.54,0.94,,,22.0,0,7.82,0,1590.0,,3.74,0,4.5,9.2,1033.5,0,0.74,0,,0
2022,2032,"ADARSH NAGAR GATE, AJMER",Rajasthan,20.0,24.0,7.65,8.09,578.0,664.0,,,0.66,1.09,15.0,17.0,24.0,26.0,376.0,431.0,0.28,0.33,,,22.0,0,7.87,0,621.0,,0.875,0,16.0,25.0,403.5,0,0.30500000000000005,0,,0
2022,2960,"POLICE STATION, SINGHANA, NEAR KHANPURA TALAB, AJMER WELL INFRONT OF SINGHANA",Rajasthan,22.0,27.0,7.16,7.71,6910.0,7050.0,,,3.21,6.56,12.0,17.0,21.0,24.0,4490.0,4583.0,0.3,0.61,,,24.5,0,7.4350000000000005,0,6980.0,,4.885,0,14.5,22.5,4536.5,1,0.45499999999999996,0,,0
2022,2961,"MEENA, MANPUR MACHERI, JHUNJHUNU, RAJASTHAN WELL OF SH MNAGAL CHAND",Rajasthan,28.0,28.0,8.03,8.51,997.0,1010.0,,,2.21,4.14,,,2.0,2.0,648.0,656.0,0.32,0.36,,,28.0,0,8.27,1,1003.5,,3.175,0,,2.0,652.0,0,0.33999999999999997,0,,0
2022,2962,"RAIGER, MANPUR MACHERI, JAIPUR, RAJASTHAN WELL OF SH MOOL CHAND",Rajasthan,25.0,26.0,8.06,8.49,918.0,1047.0,,,2.3,6.14,,,3.6,4.0,596.0,680.0,0.31,0.62,,,25.5,0,8.275,0,982.5,,4.22,0,,3.8,638.0,0,0.46499999999999997,0,,0
2022,2963,"COMPLEX, MANPUR MACHERI, JAIPUR, RAJASTHAN WELL OF RIICO AT LEATHER",Rajasthan,25.5,26.0,7.72,7.97,5610.0,5700.0,,,5.29,6.19,9.1,12.0,14.0,17.0,3640.0,3700.0,0.32,0.51,,,25.75,0,7.845,0,5655.0,,5.74,0,10.55,15.5,3670.0,1,0.41500000000000004,0,,0
2022,2964,"MANPUR MACHERI, JAIPUR, JAIPUR, RAJASTHAN WELL AT INDIA PUBLIC SCHOOL,",Rajasthan,25.0,26.0,7.69,8.05,2300.0,2730.0,,,4.11,6.07,3.7,3.7,4.5,5.6,1497.0,1775.0,0.44,0.48,,,25.5,0,7.870000000000001,0,2515.0,,5.09,0,3.7,5.05,1636.0,0,0.45999999999999996,0,,0
2022,2965,SHRI GIRDHARI SINGH CHOUDHARY NEAR BANDI,Rajasthan,19.8,24.8,7.52,7.68,4050.0,5500.0,,,5.7,5.74,5.0,70.0,75.0,120.0,2700.0,3570.0,1.34,1.38,,,22.3,0,7.6,0,4775.0,,5.720000000000001,0,37.5,97.5,3135.0,1,1.3599999999999999,0,,0
2022,2966,"PUNAYATA, JODHPUR- BRIDGE, PALI BYE PASS ROAD, PALI, RAJASTHAN SHRI GIRDHARI SINGH RAJPUROHIT NEAR VILLAGE",Rajasthan,19.6,23.5,7.52,7.65,1010.0,4728.0,,,2.12,2.52,5.0,6.0,12.0,14.0,637.0,3160.0,0.81,0.84,,,21.55,0,7.585,0,2869.0,,2.3200000000000003,0,5.5,13.0,1898.5,1,0.825,0,,0
2022,2967,"VILLAGE PUNAYATA, PALI, SUMERPUR BYE PASS ROAD, PALI, RAJASTHAN SH. POL SINGH PUROHIT,",Rajasthan,19.7,25.0,7.74,7.82,3186.0,8820.0,,,4.8,4.84,2.0,4.0,9.0,10.0,2120.0,5290.0,0.95,0.96,,,22.35,0,7.78,0,6003.0,,4.82,0,3.0,9.5,3705.0,1,0.955,0,,0
2022,2968,"SH. BHANA RAM KALAL, DHARU NAGAR, NEAR MAIN MANDIA",Rajasthan,19.9,23.0,8.92,9.08,5622.0,6810.0,,,3.24,3.33,7.0,10.0,13.0,14.0,3760.0,4420.0,1.25,1.27,,,21.45,0,9.0,1,6216.0,,3.285,0,8.5,13.5,4090.0,1,1.26,0,,0
2022,2969,"NEAR AGRO FOOD PARK, ALWAR, ROAD, OPP. VILLAGE MANDIA, PALI, RAJASTHAN M/S SPECIALTY SILICA LTD., MIA ,",Rajasthan,20.0,27.0,7.06,7.25,974.0,1004.0,,,0.94,1.65,9.0,11.0,14.0,17.0,619.0,812.0,0.36,0.54,,,23.5,0,7.154999999999999,0,989.0,,1.295,0,10.0,15.5,715.5,0,0.45,0,,0
2022,2970,"RIICO TUBE WELL, RIA, BEHROR,",Rajasthan,27.0,30.0,7.31,7.4,890.0,1440.0,,,1.95,1.98,6.0,9.0,14.0,26.0,850.0,1120.0,0.61,0.63,,,28.5,0,7.355,0,1165.0,,1.9649999999999999,0,7.5,20.0,985.0,0,0.62,0,,0
2022,2971,"RIICO TUBE WELL, RIA,",Rajasthan,26.0,31.0,7.06,7.19,2410.0,3750.0,,,2.3,3.21,9.0,14.0,21.0,23.0,1940.0,2893.0,0.46,0.87,,,28.5,0,7.125,0,3080.0,,2.755,0,11.5,22.0,2416.5,1,0.665,0,,0
2022,2972,"NEEMRANA, RAJASTHAN RIICO TUBE WELL, RIA,",Rajasthan,25.0,31.0,7.09,7.36,2972.0,3350.0,,,1.26,1.95,14.0,14.0,2.0,26.0,1812.0,2905.0,0.68,0.76,,,28.0,0,7.225,0,3161.0,,1.605,0,14.0,14.0,2358.5,1,0.72,0,,0
2022,2973,"SOTANALA, RAJASTHAN RIICO TUBE WELL, RIA,",Rajasthan,26.0,30.0,6.99,7.43,3672.0,5404.0,,,2.2,2.73,14.0,14.0,21.0,22.0,2172.0,3442.0,0.59,0.88,,,28.0,0,7.21,0,4538.0,,2.465,0,14.0,21.5,2807.0,1,0.735,0,,0
2022,2974,"SHAHJAHANPUR, RAJASTHAN VILLAGE AGYARA, TEHSIL-",Rajasthan,27.0,30.0,7.14,7.43,1871.0,2520.0,,,1.85,1.98,11.0,23.0,21.0,30.0,976.0,1885.0,0.69,0.99,,,28.5,0,7.285,0,2195.5,,1.915,0,17.0,25.5,1430.5,0,0.84,0,,0
2022,2975,"RAMGARH, ALWAR, RAJASTHAN VILLAGE BAGER MEO, TEHSIL-",Rajasthan,29.0,31.0,7.19,7.76,1874.0,2692.0,,,1.86,2.16,13.0,17.0,27.0,33.0,1112.0,1752.0,0.58,0.89,,,30.0,0,7.475,0,2283.0,,2.0100000000000002,0,15.0,30.0,1432.0,0,0.735,0,,0
2022,2976,"RAMGARH, ALWAR, RAJASTHAN SUJAN GANGA, BHARATPUR,",Rajasthan,27.0,29.0,7.72,8.46,4046.0,5523.0,4.4,5.6,8.96,9.34,210.0,280.0,480.0,500.0,2577.0,2694.0,0.46,0.7,,,28.0,0,8.09,0,4784.5,5.0,9.15,0,245.0,490.0,2635.5,1,0.58,0,,0
2022,2977,"VILLAGE- SANGARIA, JODHPUR, WELL OF RAM CHANDRA DEWRA,",Rajasthan,27.0,29.8,7.52,7.85,19820.0,22700.0,,,4.92,10.97,6.0,8.0,14.0,20.0,13298.0,14740.0,1.92,2.31,,,28.4,0,7.685,0,21260.0,,7.945,0,7.0,17.0,14019.0,1,2.115,1,,0
2022,2982,"WELL OF BIRMA RAM PATEL,",Rajasthan,26.0,28.4,7.77,8.36,20200.0,22900.0,,,4.82,9.22,2.0,6.0,10.0,14.0,12622.0,14890.0,2.14,3.16,,,27.2,0,8.065,0,21550.0,,7.0200000000000005,0,4.0,12.0,13756.0,1,2.6500000000000004,1,,0
2022,2985,"MEGHWAL, VILLAGE- NANDWAN, SALAWAS, JODHPUR, RAJASTHAN WELL OF GIRDHARI RAM",Rajasthan,27.0,29.8,7.26,7.78,11130.0,11880.0,,,4.82,12.52,2.0,4.0,9.0,11.0,7230.0,7840.0,1.56,1.9,,,28.4,0,7.52,0,11505.0,,8.67,0,3.0,10.0,7535.0,1,1.73,1,,0
2022,2988,"JODHPUR, RAJASTHAN WELL OF PEMA RAM MALI,",Rajasthan,28.0,30.0,7.7,7.91,4990.0,6300.0,,,3.42,4.12,4.0,4.0,11.0,11.0,3180.0,4090.0,1.49,1.6,,,29.0,0,7.805,0,5645.0,,3.77,0,4.0,11.0,3635.0,1,1.545,1,,0
2022,2991,"MALI, SAKARNA BERA, BALOTRA, BHITUJA, RAJASTHAN WELL OF BHAG JI LAXMAN RAM",Rajasthan,29.0,29.0,7.39,7.43,12880.0,13430.0,,,5.84,5.97,2.0,3.0,4.5,5.0,8720.0,8720.0,0.62,0.81,,,29.0,0,7.41,0,13155.0,,5.904999999999999,0,2.5,4.75,8720.0,1,0.7150000000000001,0,,0
2022,2993,"PAM, LEFT SIDE OF BRIDGE LUNI, BARMER, RAJASTHAN WELL OF CHOUTHA RAM PUSA",Rajasthan,28.0,30.0,7.81,7.92,6140.0,6260.0,,,6.83,7.04,7.0,11.0,16.0,21.0,3990.0,4200.0,1.72,1.89,,,29.0,0,7.865,0,6200.0,,6.9350000000000005,0,9.0,18.5,4095.0,1,1.805,1,,0
2022,3001,"NEAR BUS STAND BALOTRA, RAJASTHAN BORE WELL OF M/S SHRI . BHRAM JEET SERVICE STATION,",Rajasthan,28.0,29.0,7.2,8.03,1192.0,2200.0,,,1.72,3.98,3.0,78.0,9.0,156.0,752.0,1458.0,0.32,1.06,,,28.5,0,7.615,0,1696.0,,2.85,0,40.5,82.5,1105.0,0,0.6900000000000001,0,,0
2022,3002,"ALAMPUR ROAD BHIWADI,TEHSIL-TIJARA, DISTT- ALWAR BORE WELL M/S R.C. PALACE HOTEL,HOTERL,NEAR LIC OFFICE,",Rajasthan,29.0,29.0,7.26,7.93,1428.0,1510.0,,,2.3,3.4,3.0,68.0,9.0,114.0,936.0,1060.0,0.48,1.14,,,29.0,0,7.595,0,1469.0,,2.8499999999999996,0,35.5,61.5,998.0,0,0.8099999999999999,0,,0
2022,3003,",BHIWADI,TEHSIL-TIJARA DISS- ALWAR BORE WELL OFFICE OF RAJ. HOUSING BOARD OFFICE ,",Rajasthan,28.0,28.0,7.3,7.86,1485.0,2160.0,,,2.08,7.03,3.0,3.0,9.0,11.0,1260.0,1424.0,0.44,0.86,,,28.0,0,7.58,0,1822.5,,4.555,0,3.0,10.0,1342.0,0,0.65,0,,0
2022,3004,"PUBLIC SCHOOL,NEAR BHAGAT BHIWADI,TEHSIL-TIJARA,DISTT- ALWAR BORE WELL OF M/S MODERN",Rajasthan,29.0,30.0,7.25,7.51,1320.0,1710.0,,,2.22,2.94,4.0,18.0,7.0,32.0,948.0,1058.0,0.56,0.98,,,29.5,0,7.38,0,1515.0,,2.58,0,11.0,19.5,1003.0,0,0.77,0,,0
2022,3006,"TIRAHA, NEVTA DAM, ROAD BHIWADI,TEHSIL- TIJARA,DISTT-ALWAR HAND PUMP NEAR NEVTA",Rajasthan,26.0,27.0,7.75,8.85,3070.0,3280.0,,,2.01,2.86,4.0,4.5,6.1,7.8,1995.0,2130.0,0.77,0.91,,,26.5,0,8.3,1,3175.0,,2.4349999999999996,0,4.25,6.949999999999999,2062.5,1,0.8400000000000001,0,,0
2022,4165,"SANGANER, JAIPUR, RAJASTHAN BORE WELL NEAR STP AT",Rajasthan,26.0,27.0,7.62,8.26,1885.0,1885.0,,,2.09,5.2,9.2,11.0,17.0,17.0,1204.0,1225.0,0.38,0.38,,,26.5,0,7.9399999999999995,0,1885.0,,3.645,0,10.1,17.0,1214.5,0,0.38,0,,0
2022,4166,"GAJADHARPURA, JAIPUR BORE WELL NEAR MSW SITE/",Rajasthan,27.0,28.0,8.17,8.91,3450.0,3570.0,,,3.59,4.56,6.8,8.3,10.0,11.0,2230.0,2310.0,1.04,1.74,,,27.5,0,8.54,1,3510.0,,4.074999999999999,0,7.550000000000001,10.5,2270.0,1,1.3900000000000001,1,,0
2022,4168,"KANOTA DAM, JAIPUR HAND PUMP AT VILLAGE",Rajasthan,,,,,,,,,,,,,,,,,,,,,,0,,0,,,,0,,,,0,,0,,0
2022,4169,"MANDAPIA, BHILWARA HAND PUMP AT VILLAGE",Rajasthan,19.0,19.5,7.73,8.26,545.0,1377.0,,,1.09,1.23,3.7,4.0,5.6,6.1,354.0,895.0,0.21,0.82,,,19.25,0,7.995,0,961.0,,1.1600000000000001,0,3.85,5.85,624.5,0,0.515,0,,0
2022,4170,"MANGROP, BHILWARA HAND PUMP AT VILLAGE ATOON,",Rajasthan,18.5,19.0,7.52,7.81,2880.0,3430.0,,,3.14,5.71,3.6,4.0,5.5,6.0,1872.0,2480.0,0.54,0.61,,,18.75,0,7.664999999999999,0,3155.0,,4.425,0,3.8,5.75,2176.0,1,0.575,0,,0
2022,4176,"BHILWARA HAND PUMP NEAR RIICO INUSTRIAL AREA, AAJOLIYON KA",Rajasthan,23.0,25.0,7.21,7.71,2208.0,2236.0,,,2.06,3.12,14.0,21.0,26.0,45.0,1896.0,1896.0,0.26,0.31,,,24.0,0,7.46,0,2222.0,,2.59,0,17.5,35.5,1896.0,0,0.28500000000000003,0,,0
2022,4180,"KHERA, GANGRAR, CHITTORGARH BOREWELL OF JYOTI UCHCH MADHYMIC VIDHYALAYA,",Rajasthan,30.0,30.0,7.31,7.51,1330.0,2330.0,,,8.22,8.82,3.0,42.0,7.0,72.0,988.0,1510.0,0.86,0.98,,,30.0,0,7.41,0,1830.0,,8.52,0,22.5,39.5,1249.0,0,0.9199999999999999,0,,0
2022,4181,"KAHARANI INDUSTRIAL NAYAGAON, RAMPUR MUNDANA, BHIWADI BOREWELL IN THE HOUSE AKRAM KHAN, AMLAKI,",Rajasthan,28.0,29.0,7.26,7.43,3120.0,3640.0,,,1.68,2.82,4.0,34.0,7.0,72.0,1968.0,3065.0,0.4,0.76,,,28.5,0,7.345,0,3380.0,,2.25,0,19.0,39.5,2516.5,1,0.5800000000000001,0,,0
2022,4183,"INFRONT OF STP, BHIWADI, AREA,BHIWADI,TEHSIL- TIJARA, ALWAR BOREWELL AT STAR HOSPITAL,",Rajasthan,28.0,28.0,7.39,7.9,2100.0,2830.0,,,1.84,8.22,4.0,220.0,7.0,440.0,1420.0,2034.0,0.78,0.92,,,28.0,0,7.645,0,2465.0,,5.03,0,112.0,223.5,1727.0,1,0.8500000000000001,0,,0
2022,4184,"PREMISES,NEAR BUS STAND TIJARA, ALWAR BOREWELL IN CETP",Rajasthan,28.0,29.0,7.21,7.64,2210.0,2440.0,,,1.62,4.36,4.0,8.0,7.0,18.0,1720.0,1741.0,0.46,0.98,,,28.5,0,7.425,0,2325.0,,2.99,0,6.0,12.5,1730.5,0,0.72,0,,0
2022,4759,"IMPROVEMENT TRUST, CIVIL BHIWADI, TIJARA, ALWAR HANDPUMP IN FRONT OF URBAN",Rajasthan,20.0,24.0,7.42,7.64,3420.0,3990.0,,,3.06,6.28,3.7,3.7,9.3,10.0,2220.0,2590.0,0.7,0.97,,,22.0,0,7.529999999999999,0,3705.0,,4.67,0,3.7,9.65,2405.0,1,0.835,0,,0
2022,4760,"LINES, AJMER HANDPUMP WITHIN PREMISES OF NAGAR PARISHAD OFFICE,",Rajasthan,20.0,24.0,7.6,7.83,2250.0,3450.0,,,3.16,6.25,4.0,4.5,9.1,9.1,1461.0,2240.0,1.07,1.23,,,22.0,0,7.715,0,2850.0,,4.705,0,4.25,9.1,1850.5,1,1.15,0,,0
2022,4761,"WATER POLLUTION CONTROL OLD CITY ROAD, DESHWALI MOHALLA, KRISHANGARH TUBE WELL OF M/S BALOTRA",Rajasthan,28.0,31.0,7.31,7.46,33440.0,34900.0,,,5.08,5.52,7.0,15.0,16.0,24.0,23400.0,23660.0,1.33,1.52,,,29.5,0,7.385,0,34170.0,,5.3,0,11.0,20.0,23530.0,1,1.425,1,,0
2022,4763,"TRUST (CETP) KHED ROAD, BALOTRA, BARMER, RAJASTHAN BOREWELL OF SHRI PEMARAM MALI/DHUDARAM MALI,",Rajasthan,28.0,30.0,7.44,7.52,6150.0,9350.0,,,5.26,6.22,9.0,12.0,16.0,21.0,4180.0,6070.0,0.92,0.95,,,29.0,0,7.48,0,7750.0,,5.74,0,10.5,18.5,5125.0,1,0.935,0,,0
2022,4764,"M/S ABHISHEK KOTHARI, NAKODA ROAD MEWA NAGAR,",Rajasthan,27.0,28.0,7.47,7.65,2710.0,3200.0,,,4.08,4.15,4.0,6.0,9.0,11.0,1860.0,2080.0,0.6,0.73,,,27.5,0,7.5600000000000005,0,2955.0,,4.115,0,5.0,10.0,1970.0,1,0.665,0,,0
2022,4765,"NAKODA ROAD, JASOL, BARMER, BOREWELL OF AJANTA TEXTILES",Rajasthan,29.0,30.0,7.21,7.32,24500.0,30500.0,,,8.39,9.12,2.0,2.0,3.7,4.0,1652.0,19870.0,0.5,0.53,,,29.5,0,7.265000000000001,0,27500.0,,8.754999999999999,0,2.0,3.85,10761.0,1,0.515,0,,0
2022,4766,BOREWELL OF AMRITLAL S/O BACHARAJ & JOINT KRISHI FORM,Rajasthan,29.0,32.0,7.46,7.51,19370.0,22300.0,,,5.23,5.41,2.0,3.0,5.0,6.0,13120.0,14500.0,0.38,0.45,,,30.5,0,7.484999999999999,0,20835.0,,5.32,0,2.5,5.5,13810.0,1,0.41500000000000004,0,,0
2022,4767,"S/O RAJARAM MALI, KHASRA NO. KH. NO. 66/15, BITHUJA, BARMER, RAJASTHAN OPEN WELL OF SAGNARAM MALI",Rajasthan,,,,,,,,,,,,,,,,,,,,,,0,,0,,,,0,,,,0,,0,,0
2022,4768,"9, SINDRI, BARMER, OPENWELL OF SHRI ISHWAR SINGH MALI S/O BHURJI MALI,",Rajasthan,28.0,31.0,7.78,7.88,10550.0,12400.0,,,4.57,4.91,13.0,75.0,32.0,120.0,7840.0,8060.0,1.31,1.55,,,29.5,0,7.83,0,11475.0,,4.74,0,44.0,76.0,7950.0,1,1.4300000000000002,1,,0
2022,4774,"DHANNA KI DHANI BILASAR, BARMER RIICO TUBWELL NO. 1, LOCATED NEAR GANPATI TUBES & FABRICATION (P) LTD SP-A-53(A),",Rajasthan,29.0,29.0,7.04,7.9,1795.0,2552.0,,,2.7,3.16,3.0,132.0,7.0,190.0,1228.0,1560.0,0.34,0.82,,,29.0,0,7.470000000000001,0,2173.5,,2.93,0,67.5,98.5,1394.0,0,0.58,0,,0
2022,4775,"RIA, BHIWADI, OPPOSITE TO WHEEL'O CITY AT T-POINT, TEHSIL- TIJARA RIICO TUBEWELL NO. 3 LOCATED ON ROAD SIDE CLOSE TO INDAG RUBBER AND OPPOSITE TO",Rajasthan,28.0,30.0,6.94,7.54,1642.0,2170.0,,,3.18,3.74,3.0,34.0,7.0,64.0,1116.0,1356.0,0.38,0.64,,,29.0,0,7.24,0,1906.0,,3.46,0,18.5,35.5,1236.0,0,0.51,0,,0
2022,4777,"HONDA SHOWROOM, NEELAM CHOWK, BHIWADI, TEHSIL- TIJARA RIICO TUBEWELL NO. 31, LOCATED NEAR BKL LIFESTYLE,",Rajasthan,28.0,28.0,7.0,7.79,1290.0,1666.0,,,3.76,4.22,3.0,6.0,7.0,12.0,920.0,1162.0,0.56,0.98,,,28.0,0,7.395,0,1478.0,,3.9899999999999998,0,4.5,9.5,1041.0,0,0.77,0,,0
2022,4778,"KVA POWER STATION, CLOSE TO PLOT NO. 1228, RIA, BHIWADI, OPP. TO ACRO PAINTS-II, TIJARA RIICO TUBEWELL NO. 34, LOCATED ON ROAD SIDE OF 220",Rajasthan,27.0,28.0,6.96,7.71,1310.0,1542.0,,,3.34,4.62,4.0,6.0,7.0,14.0,910.0,960.0,0.35,0.52,,,27.5,0,7.335,0,1426.0,,3.98,0,5.0,10.5,935.0,0,0.435,0,,0
2022,4779,BOREWELL OF VKIA,Rajasthan,26.0,27.0,7.74,8.1,1388.0,1491.0,,,2.2,5.05,8.1,9.2,12.0,12.0,902.0,969.0,0.27,0.31,,,26.5,0,7.92,0,1439.5,,3.625,0,8.649999999999999,12.0,935.5,0,0.29000000000000004,0,,0
2022,4782,"RECREATIONAL CLUB JAIPUR OFFICE OF ASSISTANT ENGINEER, JAIPUR, VIDHUT VITRAN NIGAM",Rajasthan,26.0,28.0,7.88,8.79,2440.0,6820.0,,,4.29,6.03,2.0,3.6,8.2,9.2,1589.0,4430.0,1.2,1.44,,,27.0,0,8.334999999999999,1,4630.0,,5.16,0,2.8,8.7,3009.5,1,1.3199999999999998,0,,0
2022,4783,"MALVIYA NAGAR IND. AREA, LTD, RIICO IND. AREA, BAGRU, TEHSIL-SANGANER, JHALANA FOREST PARK, NEAR",Rajasthan,26.0,26.0,7.17,7.88,1372.0,3000.0,,,1.38,1.98,4.0,4.0,6.0,6.8,892.0,1951.0,0.36,0.36,,,26.0,0,7.525,0,2186.0,,1.68,0,4.0,6.4,1421.5,0,0.36,0,,0
2022,4784,"GEHLOT, NEAR PATWAR MALVIYA NAGAR JAIPUR WELL OF SHRI HAZARI SINGH",Rajasthan,27.0,29.8,7.87,8.1,3200.0,4740.0,,,3.22,7.42,2.0,4.0,7.8,9.0,2170.0,3080.0,0.36,0.62,,,28.4,0,7.984999999999999,0,3970.0,,5.32,0,3.0,8.4,2625.0,1,0.49,0,,0
2022,4785,"BHAWAN, SALAWAS JODHPUR WELL OF SHRI TILARAM,",Rajasthan,27.0,28.9,6.97,7.58,5280.0,5730.0,,,5.55,18.52,2.0,11.0,14.0,20.0,3430.0,3853.0,1.46,1.78,,,27.95,0,7.275,0,5505.0,,12.035,0,6.5,17.0,3641.5,1,1.62,1,,0
2022,4786,"NANDWAN, JODHPUR WELL OF SHRI DEVARAM, HEER",Rajasthan,27.0,29.0,7.11,7.19,8650.0,9030.0,,,4.12,4.62,4.0,10.0,13.0,21.0,5870.0,5890.0,1.94,2.32,,,28.0,0,7.15,0,8840.0,,4.37,0,7.0,17.0,5880.0,1,2.13,1,,0
2022,4787,"KHERA, JODHPUR WELL OF SHRI DALARAM, AHEER",Rajasthan,26.0,28.5,6.96,7.27,5200.0,6180.0,,,4.52,7.92,2.0,8.0,13.0,20.0,3330.0,4000.0,1.31,2.8,,,27.25,0,7.115,0,5690.0,,6.22,0,5.0,16.5,3665.0,1,2.0549999999999997,1,,0
2022,4788,"KHERA, JODHPUR WELL OF SHRI MAGARAM,",Rajasthan,27.0,28.9,7.16,7.33,13980.0,18830.0,,,4.82,5.02,2.0,4.0,6.0,7.0,8230.0,9260.0,1.67,2.82,,,27.95,0,7.245,0,16405.0,,4.92,0,3.0,6.5,8745.0,1,2.245,1,,0
2022,4789,"BHATIA, SALAWAS-JODHPUR NANDWAN, JODHPUR WELL OF SHRI BHAGARAM",Rajasthan,26.0,29.6,7.22,7.4,6390.0,6880.0,,,4.9,5.82,6.0,6.0,16.0,24.0,4280.0,4410.0,1.82,2.68,,,27.8,0,7.3100000000000005,0,6635.0,,5.36,0,6.0,20.0,4345.0,1,2.25,1,,0
2022,4791,"FERTILIZER & CHEMICALS, ROAD, SALAWAS, JODHPUR HANDPUMP NEAR M/S CHAMBLE",Rajasthan,27.0,28.0,7.78,8.39,708.0,848.0,,,1.07,1.19,9.2,11.0,17.0,17.0,460.0,551.0,0.31,0.62,,,27.5,0,8.085,0,778.0,,1.13,0,10.1,17.0,505.5,0,0.46499999999999997,0,,0
2022,4792,"RAJASTHAN TEXTILE MILLS, GADEPAN HANDPUMP NEAR M/S",Rajasthan,28.0,28.0,7.62,8.02,4750.0,5520.0,,,2.31,4.37,6.1,6.8,8.2,11.0,3080.0,3580.0,0.31,0.38,,,28.0,0,7.82,0,5135.0,,3.34,0,6.449999999999999,9.6,3330.0,1,0.345,0,,0
2022,4793,"BHAWANI MANDI PUBLIC TUBEWELL, VILLAGE-",Rajasthan,27.0,28.0,7.34,8.72,1220.0,2270.0,,,2.11,6.17,7.8,9.1,11.0,13.0,793.0,1474.0,0.45,0.53,,,27.5,0,8.030000000000001,1,1745.0,,4.14,0,8.45,12.0,1133.5,0,0.49,0,,0
2022,4794,"PANNALAL, BADA TALAB, VILL- NANI, TEHSIL-SIKAR,DIST-SIKAR TUBEWELL OF HARIPRASAD",Rajasthan,27.0,28.0,7.59,8.55,1275.0,1328.0,,,3.43,6.08,7.8,9.2,17.0,21.0,828.0,863.0,1.01,1.09,,,27.5,0,8.07,1,1301.5,,4.755,0,8.5,19.0,845.5,0,1.05,0,,0
2022,4796,"NANI, TEHSIL-SIKAR OPEN WELL OF SARAS DAIRY,",Rajasthan,26.0,27.0,7.92,8.01,1105.0,1164.0,,,2.12,2.42,2.0,6.0,7.0,21.0,774.0,815.0,0.35,0.43,,,26.5,0,7.965,0,1134.5,,2.27,0,4.0,14.0,794.5,0,0.39,0,,0
2022,4797,"CITY PALACE, NEAR SHEETLA VILAS, NH-08, UDAIPUR BOREWELL NEAR MAIN GATE,",Rajasthan,25.0,26.0,8.08,8.18,985.0,1012.0,,,3.52,3.92,3.0,9.0,7.0,14.0,690.0,708.0,0.29,0.38,,,25.5,0,8.129999999999999,0,998.5,,3.7199999999999998,0,6.0,10.5,699.0,0,0.33499999999999996,0,,0
2022,4798,"SECTOR-03, HIRAN MARG, MATA TEMPLE, UDAIPUR BOREWELL OF BSNL OFFICE,",Rajasthan,26.0,26.0,8.02,8.23,714.0,769.0,,,1.42,1.92,4.0,10.0,17.0,18.0,500.0,538.0,0.28,0.37,,,26.0,0,8.125,0,741.5,,1.67,0,7.0,17.5,519.0,0,0.325,0,,0
2022,4799,UDAIPUR HAND PUMP AT DISTRICT,Rajasthan,27.0,28.0,7.55,7.73,1324.0,1522.0,,,2.41,2.69,9.1,9.2,12.0,14.0,860.0,983.0,0.4,0.45,,,27.5,0,7.640000000000001,0,1423.0,,2.55,0,9.149999999999999,13.0,921.5,0,0.42500000000000004,0,,0
2022,4800,TUBE WELL AT DISTRICT,Rajasthan,25.0,26.5,7.51,8.67,4610.0,5250.0,,,3.7,6.31,7.8,8.1,11.0,12.0,2996.0,3410.0,0.49,0.99,,,25.75,0,8.09,1,4930.0,,5.005,0,7.949999999999999,11.5,3203.0,1,0.74,0,,0
2022,4801,"COLLECTOR OFFICE, CHURU HAND PUMP AT DISTRICT",Rajasthan,27.0,27.0,7.61,8.41,5470.0,7860.0,,,4.45,4.66,6.8,7.8,12.0,13.0,3550.0,5110.0,1.15,1.44,,,27.0,0,8.01,0,6665.0,,4.555,0,7.3,12.5,4330.0,1,1.295,0,,0
2022,4802,"COLLECTOR OFFICE, DAUSA HAND PUMP AT DISTRICT",Rajasthan,27.0,27.0,7.21,7.21,1624.0,1624.0,,,2.8,2.8,7.0,7.0,13.0,13.0,796.0,796.0,0.59,0.59,,,27.0,0,7.21,0,1624.0,,2.8,0,7.0,13.0,796.0,0,0.59,0,,0
2022,4803,"COLLECTOR OFFICE, KARAULI SHAHID CAPT, CHANDRA",Rajasthan,28.7,28.7,7.02,7.34,7300.0,7420.0,,,3.23,5.37,2.0,2.0,3.7,4.0,4740.0,4740.0,0.45,0.51,,,28.7,0,7.18,0,7360.0,,4.3,0,2.0,3.85,4740.0,1,0.48,0,,0
2022,4806,"CHOUDHARY PARK, BIKANER SHRI BABUAL SOPATRA, SHEKHO",Rajasthan,20.0,23.0,7.72,7.95,4286.0,4340.0,,,2.32,2.52,4.0,4.0,16.0,21.0,2780.0,2830.0,1.19,1.21,,,21.5,0,7.835,0,4313.0,,2.42,0,4.0,18.5,2805.0,1,1.2,0,,0
2022,4807,"PUNAYATA INDUSTRY ROAD, KI DDHANI PALI SHRI MUKESH RAJPUROHIT, INFORNT OF GS-197-A,",Rajasthan,19.6,24.9,7.3,7.41,7780.0,8670.0,,,3.5,3.57,6.0,7.0,10.0,13.0,5200.0,5630.0,1.23,1.27,,,22.25,0,7.355,0,8225.0,,3.535,0,6.5,11.5,5415.0,1,1.25,0,,0
2022,4809,"BHANWAR SINGH MANDLI FROM NEAR BY NATIONAL HIGHWAY PALI-JODHPUR, CETP-IV, PALI SHRI RANARAM, NEAR",Rajasthan,19.8,25.0,7.12,7.25,1962.0,3040.0,,,3.84,3.93,2.0,6.0,11.0,11.0,1300.0,1980.0,1.52,1.58,,,22.4,0,7.1850000000000005,0,2501.0,,3.885,0,4.0,11.0,1640.0,0,1.55,1,,0
2022,32,HOUSE NH-PALI-SUMERPUR,Tamil Nadu,26.0,34.0,7.45,7.95,1056.0,1243.0,2.6,2.8,0.32,6.57,11.0,68.0,26.0,460.0,672.0,806.0,,,,,30.0,0,7.7,0,1149.5,2.7,3.4450000000000003,0,39.5,243.0,739.0,0,,0,,0
2022,1449,"THIRUPUVANAM FOR WELL AT MUSIRI, TAMIL NADU COLLECTOR WELL AT",Tamil Nadu,29.0,29.0,7.38,7.38,581.0,581.0,2.0,2.0,0.67,0.67,24.0,24.0,63.0,63.0,330.0,330.0,,,,,29.0,0,7.38,0,581.0,2.0,0.67,0,24.0,63.0,330.0,0,,0,,0
2022,4810,OPPOSITE TO M/S. PIONEER TAMILNADU SURIYAMPALAYAM BOREWELL (HAND PUMP) OWNED BY ERODE CORPORATION LOATED,Tamil Nadu,31.0,34.0,7.12,8.01,2200.0,2446.0,,,0.32,0.32,,,3.6,3.6,1520.0,1544.0,0.38,0.38,,,32.5,0,7.5649999999999995,0,2323.0,,0.32,0,,3.6,1532.0,0,0.38,0,,0
2022,4811,"PHOENIX TEXTILE PROCESSORS, PROCESSING INDIA PVT. LTD., BHAVANI MAIN ROAD, R.N. PUDUR POST, ERODE BOREWELL LOCATED AT M/S.",Tamil Nadu,28.0,32.0,6.12,7.75,2420.0,4580.0,,,0.32,0.33,11.0,11.0,2.0,24.0,1596.0,2856.0,0.42,0.42,,,30.0,0,6.9350000000000005,0,3500.0,,0.325,0,11.0,13.0,2226.0,1,0.42,0,,0
2022,4814,"VENDIPALAYAM, ERODE HOUSE OF THIRU MURUGAN, S/O. ESAKKI, NO.16B,",Tamil Nadu,27.0,32.0,7.24,8.29,1085.0,1155.0,2.8,12.0,0.32,4.94,,,4.0,8.1,760.0,768.0,,,,,29.5,0,7.765,0,1120.0,7.4,2.6300000000000003,0,,6.05,764.0,0,,0,,0
2022,4815,"PERUMALPURAM STREET, MEENAKSHIPURAM, ANNA NAGAR, TIRUNELVELI MUNICIPAL CORPORATION BORE WELL LOCATED IN",Tamil Nadu,28.0,31.0,7.15,8.35,745.0,935.0,2.3,7.8,0.32,4.41,,,2.0,3.6,464.0,656.0,,,,,29.5,0,7.75,0,840.0,5.05,2.365,0,,2.8,560.0,0,,0,,0
2022,4816,"NARANAMMALPURAM, TIRUNELVELI AUTHOR Ã‚Â– MUKKANI",Tamil Nadu,,,7.45,7.96,379.0,955.0,2.5,2.6,0.32,5.74,,,4.0,10.0,252.0,572.0,,,,,,0,7.705,0,667.0,2.55,3.0300000000000002,0,,7.0,412.0,0,,0,,0
2022,4817,ARUNACHALA SWAMY TEMPLE OF THIRU N. SAMUTHRAPANDI HOUSE BORE WELL ERAL Ã‚Â– CHARMAM,Tamil Nadu,,,7.4,7.8,78.0,382.0,2.2,2.2,0.32,0.32,3.6,3.6,6.0,6.0,48.0,228.0,,,,,,0,7.6,0,230.0,2.2,0.32,0,3.6,6.0,138.0,0,,0,,0
2022,4818,"WEST OF BORE WELL ALWARTHIRUNAGARI Ã‚Â– VETERINARY DISPENSARY, WEST",Tamil Nadu,,,7.4,7.41,213.0,330.0,2.5,3.1,0.32,1.39,3.6,3.6,7.8,10.0,140.0,198.0,,,,,,0,7.405,0,271.5,2.8,0.855,0,3.6,8.9,169.0,0,,0,,0
2022,4819,DEVELOPMENT OFFICE Ã‚Â– CAR STREET NEAR OVER HEAD TANK OF BORE WELL SRIVAIKUNDAM Ã‚Â– BLOCK,Tamil Nadu,,,7.26,7.5,1475.0,1864.0,2.3,2.3,0.32,0.32,3.6,3.6,3.7,17.0,826.0,1118.0,,,,,,0,7.38,0,1669.5,2.3,0.32,0,3.6,10.35,972.0,0,,0,,0
2022,4820,OPEN WELL SRIVAIKUNDAM Ã‚Â– TNEB SUB STATION 33 KVA OPPOSITE TO,Tamil Nadu,,,7.27,7.97,82.0,388.0,2.1,2.5,0.32,0.33,13.0,13.0,2.0,47.0,50.0,230.0,,,,,,0,7.619999999999999,0,235.0,2.3,0.325,0,13.0,24.5,140.0,0,,0,,0
2022,4821,KAMBARASAMPETTAI INTAKE TIRUNELVELI MAIN ROAD OPEN WELL BOREWELL NEAR,Tamil Nadu,29.0,34.0,7.68,8.81,424.0,706.0,2.2,2.6,0.32,0.68,11.0,11.0,21.0,78.0,276.0,432.0,,,,,31.5,0,8.245000000000001,1,565.0,2.4000000000000004,0.5,0,11.0,49.5,354.0,0,,0,,0
2022,4822,INTAKE WELL (TRICHY WELL (TRICHY UPSTREAM) BOREWELL NEAR THOGUR,Tamil Nadu,26.0,28.0,7.51,7.85,548.0,815.0,2.0,2.0,0.32,0.85,20.0,140.0,39.0,940.0,350.0,526.0,,,,,27.0,0,7.68,0,681.5,2.0,0.585,0,80.0,489.5,438.0,0,,0,,0
2022,4824,"DOWNSTREAM) PARAMASIVAM WATER SERVICE STATION, BLOCK NO.13 BSNL",Tamil Nadu,35.0,35.0,7.65,7.65,2190.0,2190.0,,,0.32,0.32,11.0,11.0,24.0,24.0,1416.0,1416.0,0.26,0.26,,,35.0,0,7.65,0,2190.0,,0.32,0,11.0,24.0,1416.0,0,0.26,0,,0
2022,4825,"SANGILIMUNIYAPPAN KOVIL, EXCHANGE OPPOSITE, METTUR DAM Ã‚Â– 636 402. M. KALIAPPAN,",Tamil Nadu,26.0,32.0,6.3,7.6,1388.0,1424.0,,,0.32,0.33,6.1,6.1,6.1,14.0,920.0,928.0,,,,,29.0,0,6.949999999999999,0,1406.0,,0.325,0,6.1,10.05,924.0,0,,0,,0
2022,4826,"ERIKKADU, METTUR SAKTHI NAGAR, NEAR MUNICIPALITY SEWAGE",Tamil Nadu,24.0,27.0,6.82,7.11,870.0,1146.0,2.4,2.4,0.32,0.32,,,3.6,3.7,564.0,724.0,,,,,25.5,0,6.965,0,1008.0,2.4,0.32,0,,3.6500000000000004,644.0,0,,0,,0
2022,4907,"TREATMENT PLANT, KOMPURANKADU, METTUR KOMBUPALLAM,",Tamil Nadu,28.0,30.0,6.96,7.67,270.0,289.0,,,0.32,0.32,25.0,27.0,58.0,79.0,180.0,192.0,,,,,29.0,0,7.3149999999999995,0,279.5,,0.32,0,26.0,68.5,186.0,0,,0,,0
2022,4908,"SATHYAMANGALAM ARIYAPPAMPALAYAM,",Tamil Nadu,29.0,32.0,6.34,7.62,177.0,266.0,,,0.32,0.33,22.0,23.0,49.0,58.0,124.0,180.0,,,,,30.5,0,6.98,0,221.5,,0.325,0,22.5,53.5,152.0,0,,0,,0
2022,4909,SATHYAMANGALAM,Tamil Nadu,28.0,32.0,6.76,7.29,267.0,473.0,,,0.32,0.33,31.0,31.0,70.0,70.0,208.0,304.0,,,,,30.0,0,7.025,0,370.0,,0.325,0,31.0,70.0,256.0,0,,0,,0
2022,4911,"PUDUR VILLAGE, PALANI TALUK, THALAVAIPETTAI, BHAVANI BOREWELL AT PASUPATHY",Tamil Nadu,30.0,30.0,6.53,6.53,1540.0,1540.0,,,32.04,32.04,,,2.0,2.0,996.0,996.0,0.55,0.55,,,30.0,0,6.53,0,1540.0,,32.04,0,,2.0,996.0,0,0.55,0,,0
2022,4912,"VILLAGE, NEAR ELEMENTARY DINDIGUL DIST. BORE WELL AT VANNIARVALASU",Tamil Nadu,30.0,30.0,6.64,6.64,1599.0,1599.0,,,0.42,0.42,,,2.0,2.0,1024.0,1024.0,0.62,0.62,,,30.0,0,6.64,0,1599.0,,0.42,0,,2.0,1024.0,0,0.62,0,,0
2022,15,"PANCHAYAT UNION, PALANI TALUK, DINDIGUL DIST BOREWELL AT KOYYURA,",Telangana,28.0,31.0,7.36,8.51,195.0,216.0,,,1.2,2.2,,,17.0,27.0,114.0,128.0,0.42,0.98,,,29.5,0,7.9350000000000005,1,205.5,,1.7000000000000002,0,,22.0,121.0,0,0.7,0,,0
2022,16,"SCHOOL, TADVAI (V), SS TADVAI JAYASHANKAR BHUPALAPALLI OPEN WELL AT GOVT ASHRAM",Telangana,27.0,28.0,8.36,8.7,677.0,1007.0,1.1,2.0,1.4,408.0,,,11.0,27.0,420.0,614.0,0.66,0.82,,,27.5,0,8.53,1,842.0,1.55,204.7,1,,19.0,517.0,0,0.74,0,,0
2022,27,"(M), MULUGU DISTRICT BOREWELL AT PEDDAVOORA",Telangana,22.0,23.0,7.52,7.69,1900.0,1988.0,,,7.26,16.29,,,,,1110.0,1235.0,0.3,0.33,0.01,0.01,22.5,0,7.605,0,1944.0,,11.774999999999999,0,,,1172.5,0,0.315,0,0.01,0
2022,1515,"PALVANCHA, BHADRADRI (V&M), NALGONDA BOREWELL AT NAGARAM,",Telangana,28.0,31.2,8.28,8.28,1150.0,1821.0,,,5.2,9.4,,,17.0,24.0,713.0,1092.0,1.1,1.14,,,29.6,0,8.28,0,1485.5,,7.300000000000001,0,,20.5,902.5,0,1.12,0,,0
2022,1525,NEAR M/S.SRI CHAITANYA KOTHAGUDEM BOREWELL AT PASHAMYLARAM,Telangana,23.0,26.0,7.39,7.52,1900.0,3480.0,,,16.29,27.32,,,,,1235.0,1950.0,0.3,0.34,0.01,0.01,24.5,0,7.455,0,2690.0,,21.805,0,,,1592.5,0,0.32,0,0.01,0
2022,1791,"CHLORIDES, SANGAREDDY BOREWELL AT PYDIPALLY NEAR EAST SIDE OF SAI CHERUVU ,",Telangana,27.0,27.0,7.83,8.09,613.0,3130.0,2.0,2.0,1.8,9.8,,,12.0,26.0,386.0,1972.0,0.98,1.08,,,27.0,0,7.96,0,1871.5,2.0,5.800000000000001,0,,19.0,1179.0,0,1.03,0,,0
2022,1792,"ENAMAMULA (V), WARANGAL PAIDIPALLY (V), WARANGAL (M&D) BOREWELL AT CKM COLLEGE,",Telangana,27.0,27.0,8.15,8.84,1012.0,1090.0,,,2.9,4.6,,,17.0,21.0,608.0,732.0,1.02,1.1,,,27.0,0,8.495000000000001,1,1051.0,,3.75,0,,19.0,670.0,0,1.06,0,,0
2022,1793,"NEAR ASH PONDS OF NTPC, (M&D) OPEN WELL AT KUNDANPALLY",Telangana,28.0,29.0,7.48,7.99,1720.0,1933.0,1.6,1.6,2.9,4.8,,,21.0,38.0,1066.0,1218.0,1.0,1.1,,,28.5,0,7.735,0,1826.5,1.6,3.8499999999999996,0,,29.5,1142.0,0,1.05,0,,0
2022,1794,"PEDDAPALLI , RAMAGUNDAM BOREWELL AT MANAKONDUR ,",Telangana,28.0,30.0,7.81,7.92,926.0,989.0,2.0,2.0,2.9,3.2,,,33.0,48.0,564.0,604.0,0.86,0.96,,,29.0,0,7.865,0,957.5,2.0,3.05,0,,40.5,584.0,0,0.9099999999999999,0,,0
2022,1795,"PANCHAYAT OFFICE, RAMAGUNDAM BOREWELL AT BOLLARAM NEAR",Telangana,23.0,24.0,7.05,7.27,2450.0,3850.0,,,15.24,18.22,,,,,1370.0,2502.5,0.25,0.27,0.01,0.01,23.5,0,7.16,0,3150.0,,16.73,0,,,1936.25,1,0.26,0,0.01,0
2022,1810,"SRIRAMNAGAR COLONY,",Telangana,25.0,25.0,7.44,7.69,2240.0,2413.0,,,22.32,25.3,,,,,1260.0,1568.45,0.3,0.35,0.01,0.01,25.0,0,7.565,0,2326.5,,23.810000000000002,0,,,1414.225,0,0.32499999999999996,0,0.01,0
2022,1811,"SHAKKARNAGAR, NIZAMABAD BOREWELL AT RUDRAVELLI NEAR PRIMARY SCHOOL, RUDRAVELLI",Telangana,21.0,23.0,7.89,8.12,1764.0,1950.0,,,9.28,11.26,,,,,988.0,1267.5,0.26,0.29,0.01,0.01,22.0,0,8.004999999999999,0,1857.0,,10.27,0,,,1127.75,0,0.275,0,0.01,0
2022,3088,"(V), BIBINAGAR (M),YADADRI BHUVANAGIRI(D) BOREWELL AT J.NARASIMHA RAO?S HOUSE, 14NOS. AREA,",Telangana,28.0,32.6,7.27,7.95,1364.0,1422.0,2.0,2.0,4.6,8.6,,,21.0,25.0,832.0,932.0,1.04,1.12,,,30.3,0,7.609999999999999,0,1393.0,2.0,6.6,0,,23.0,882.0,0,1.08,0,,0
2022,3094,"RAMAVARAM, NEAR MWS DUMPSITE, KOTHAGUDEM BOREWELL AT AKBARNAGAR,",Telangana,28.0,30.0,7.88,8.34,968.0,1076.0,2.0,2.0,3.0,3.2,,,22.0,33.0,590.0,668.0,0.92,1.06,,,29.0,0,8.11,0,1022.0,2.0,3.1,0,,27.5,629.0,0,0.99,0,,0
2022,4260,"YARD, MEDAK TOWN, MEDAK BOREWELL NEAR MSW DUMP",Telangana,34.0,35.0,7.15,7.48,1312.0,1802.0,,,8.35,12.32,,,,,738.0,1171.3,0.32,0.35,0.01,0.01,34.5,0,7.315,0,1557.0,,10.335,0,,,954.65,0,0.33499999999999996,0,0.01,0
2022,4262,"DISTRICT BOREWELL NEAR GRAMPANCHYAT OFFICE,",Telangana,35.0,35.0,6.78,7.41,2464.0,2770.0,,,20.34,23.32,,,,,1384.0,1800.5,0.4,0.46,0.01,0.01,35.0,0,7.095000000000001,0,2617.0,,21.83,0,,,1592.25,0,0.43000000000000005,0,0.01,0
2022,4263,"KISTAIPALLY VILLAGE, JINNARM MANDAL, SANGAREDDY DISTRICT BOREWELL NEAR MPP SCHOOL, GADDAPOTHARAM VILLAGE,",Telangana,33.0,35.0,6.79,6.89,4900.0,4910.0,,,25.22,28.24,,,,,2760.0,3185.0,0.32,0.36,0.01,0.01,34.0,0,6.84,0,4905.0,,26.729999999999997,0,,,2972.5,1,0.33999999999999997,0,0.01,0
2022,4264,"JINNARAM MANDAL, SANGAREDDY DISTRICT BOREWELL WATER POINT AT ZP GIRLS HIGH SCHOOL, BHUDAN",Telangana,22.0,23.0,7.57,7.96,2201.0,2385.0,,,22.46,28.24,,,,,1234.0,1550.25,0.5,0.52,0.01,0.01,22.5,0,7.765000000000001,0,2293.0,,25.35,0,,,1392.125,0,0.51,0,0.01,0
2022,4265,"SHIVA TEMPLE & WATER TANK , POCHAMPALLY (V&M), YADADRI DISTRICT. BOREWELL AT GRAM PANCHAYATH OFFICE NEAR",Telangana,22.0,23.0,7.73,8.02,1581.0,1871.0,,,10.42,12.27,,,,,1027.65,1048.0,0.26,0.26,0.01,0.01,22.5,0,7.875,0,1726.0,,11.344999999999999,0,,,1037.825,0,0.26,0,0.01,0
2022,4266,"DOTHIGUDEM (V) , YADADRI BHUVANAGIRI DISTRICT BOREWELL, NEAR PRIMARY SCHOOL, ADLOOR YELLAREDDY",Telangana,25.0,25.0,7.29,7.71,984.0,1405.0,,,12.21,14.19,,,,,560.0,913.25,0.4,0.43,0.01,0.01,25.0,0,7.5,0,1194.5,,13.2,0,,,736.625,0,0.41500000000000004,0,0.01,0
2022,4268,"875, ABESTOS COLONY, GANDHI (V), SADASHIVANAGAR (M), KAMAREDDY DIST. BOREWELL LOCATED AT HOUSE OF SRI VITAL RAO, H.NO.2-42,",Telangana,28.0,28.0,7.21,7.21,1073.0,1073.0,,,13.6,13.6,,,46.0,46.0,654.0,654.0,1.04,1.04,,,28.0,0,7.21,0,1073.0,,13.6,0,,46.0,654.0,0,1.04,0,,0
2022,4269,"OPERATIVE COLONY, NAGAR, BALANAGAR, MEDCHAL DISTRICT BOREWELL LOCATED AT HOUSE OF SRI P VEKATESH RAJU,PLOT NO.115, 22-321,APIIC, CO-",Telangana,31.0,31.0,7.17,7.17,2570.0,2570.0,,,12.4,12.4,,,120.0,120.0,1542.0,1542.0,1.16,1.16,,,31.0,0,7.17,0,2570.0,,12.4,0,,120.0,1542.0,0,1.16,0,,0
2022,4270,"SHAKTHIPURAM, PRASHANTH JEEDIMETLA, QUTHBULLAPUR(M), MEDCHAL DISTRICT BOREWELL LOCATED AT HOUSE OF P.ANJANEYULU , PLOT NO.25,",Telangana,30.0,30.0,7.52,7.52,3030.0,3030.0,6.0,6.0,13.2,13.2,49.0,49.0,920.0,920.0,1878.0,1878.0,1.28,1.28,,,30.0,0,7.52,0,3030.0,6.0,13.2,0,49.0,920.0,1878.0,0,1.28,0,,0
2022,4271,"GOVERNMENT PRIMARY NAGAR, I.E.KUKATPALLY, MEDCHAL DISTRICT BOREWELL LOCATED AT",Telangana,30.0,30.0,7.61,7.61,1273.0,1273.0,,,12.8,12.8,,,94.0,94.0,802.0,802.0,0.98,0.98,,,30.0,0,7.61,0,1273.0,,12.8,0,,94.0,802.0,0,0.98,0,,0
2022,4272,"(V), QUTHBULLAPUR (M), MEDCHAL DISTRICT. BOREWELL LOCATED AT RAJIV GRUHA KALPA, AHMEDGUDA,",Telangana,32.0,32.0,7.32,7.32,707.0,707.0,,,10.2,10.2,,,48.0,48.0,452.0,452.0,0.86,0.86,,,32.0,0,7.32,0,707.0,,10.2,0,,48.0,452.0,0,0.86,0,,0
2022,4273,"DUNDIGAL (V), DHUNDIGAL (M), AMBEDKAR NAGAR, KAPRA MEDCHAL DISTRICT. BOREWELL LOCATED AT THANDA",Telangana,28.0,28.0,7.19,7.19,2375.0,2375.0,,,11.8,11.8,,,110.0,110.0,1472.0,1472.0,1.32,1.32,,,28.0,0,7.19,0,2375.0,,11.8,0,,110.0,1472.0,0,1.32,0,,0
2022,4274,"PERIPHERY OF THE IDA, MEDCHAL DISTRICT. BOREWELL POINTS AT THE",Telangana,29.0,29.0,7.33,7.33,1651.0,1651.0,,,10.4,10.4,,,120.0,120.0,1040.0,1040.0,1.2,1.2,,,29.0,0,7.33,0,1651.0,,10.4,0,,120.0,1040.0,0,1.2,0,,0
2022,4275,"PERIPHERY OF THE IDA, JEEDIMETLA, MEDCHAL BOREWELL POINTS AT THE",Telangana,32.0,32.0,7.71,7.71,2195.0,2195.0,2.0,2.0,9.3,9.3,,,110.0,110.0,1360.0,1360.0,1.02,1.02,,,32.0,0,7.71,0,2195.0,2.0,9.3,0,,110.0,1360.0,0,1.02,0,,0
2022,4276,"BALANAGAR, MEDCHAL BOREWELL NEAR GRAMPANCHYAT OFFICE,",Telangana,34.0,35.0,7.27,7.84,2302.0,2430.0,,,18.16,19.18,,,,,1370.0,1496.3,0.3,0.31,0.01,0.01,34.5,0,7.555,0,2366.0,,18.67,0,,,1433.15,0,0.305,0,0.01,0
2022,4277,"SULTHANPUR (V), AMEENPUR KHAZIPALLY VILLAGE, SANGAREDDY DISTRICT BOREWELL AT ZP HIGH SCHOOL,",Telangana,24.0,24.0,7.22,7.22,2975.0,2975.0,,,26.49,26.49,,,,,1710.0,1710.0,0.46,0.46,0.01,0.01,24.0,0,7.22,0,2975.0,,26.49,0,,,1710.0,0,0.46,0,0.01,0
2022,4279,"GATE 1 BORAPATLA (V), (M), SANGAREDDY DISTRICT BOREWELL NEAR M/S. AUROBINDO PHARMA UNIT -I,",Telangana,24.0,24.0,7.36,7.36,1239.0,1239.0,,,22.18,22.18,,,,,720.0,720.0,0.47,0.47,0.01,0.01,24.0,0,7.36,0,1239.0,,22.18,0,,,720.0,0,0.47,0,0.01,0
2022,4280,"HATNOORA (M), SANGAREDDY DISTRICT BOREWELL AT IDA RAMPUR, NEAR GWMC DUMP YARD,",Telangana,28.0,28.0,6.99,6.99,7610.0,7610.0,18.0,18.0,24.8,24.8,,,220.0,220.0,4794.0,4794.0,1.02,1.02,,,28.0,0,6.99,0,7610.0,18.0,24.8,0,,220.0,4794.0,1,1.02,0,,0
2022,4281,"RAMPUR (V), KHAZIPET (M), HANAMKONDA, WARANGAL BOREWELL NEAR BHIMANPALLI VILLAGE (OPEN LAND), BHUDAN",Telangana,22.0,23.0,7.47,7.74,2712.0,2886.0,,,26.19,29.25,,,,,1524.0,1875.9,0.21,0.26,0.01,0.01,22.5,0,7.605,0,2799.0,,27.72,0,,,1699.95,0,0.235,0,0.01,0
2022,4282,"POCHAMPALLY MANDAL, NALGONDA BOREWELL NEAR AARLA BAVI (V) (AGRICULTURAL FIELD),",Telangana,22.0,23.0,7.43,7.65,1482.0,1542.0,,,17.14,17.18,,,,,830.0,1002.3,0.24,0.26,0.01,0.01,22.5,0,7.54,0,1512.0,,17.16,0,,,916.15,0,0.25,0,0.01,0
2022,4283,"POCHAMPALLY MANDAL, YADADRI BHUVANAGIR DISTRICT BOREWELL NEAR DANTUR (V), (OPEN LAND), BHUDAN",Telangana,21.0,23.0,7.61,7.73,1594.0,3420.0,,,10.13,26.2,,,,,1036.1,1920.0,0.3,0.35,0.01,0.01,22.0,0,7.67,0,2507.0,,18.165,0,,,1478.05,0,0.32499999999999996,0,0.01,0
2022,4284,"POCHAMPALLY MANDAL, YADADRI BHUVANAGIRI DISTRICT BOREWELL NEAR MALKAPUR",Telangana,22.0,22.0,7.66,8.22,2261.0,2442.0,,,16.18,18.29,,,,,1274.0,1587.3,0.27,0.29,0.01,0.01,22.0,0,7.94,0,2351.5,,17.235,0,,,1430.65,0,0.28,0,0.01,0
2022,4285,"(AGRICULTURAL FIELD), CHOUTUPPAL MANDAL, NALGONDA BOREWELL NEAR PEDDAKONDUR VILLAGE (AGRICULTURAL FIELD),",Telangana,21.0,23.0,7.13,7.35,2230.0,2312.0,,,12.26,14.31,,,,,1252.0,1502.8,0.3,0.32,0.01,0.01,22.0,0,7.24,0,2271.0,,13.285,0,,,1377.4,0,0.31,0,0.01,0
2022,4286,"(AGRICULTURAL FIELD), CHOUTUPPAL MANDAL, NALGONDA BOREWELL NEAR ANKIREDDIGUDEM VILLAGE",Telangana,22.0,23.0,7.21,7.48,2661.0,2744.0,,,21.23,24.28,,,,,1540.0,1729.65,0.28,0.29,0.01,0.01,22.5,0,7.345000000000001,0,2702.5,,22.755000000000003,0,,,1634.825,0,0.28500000000000003,0,0.01,0
2022,4287,"CHOUTUPPAL MANDAL, NALGONDA BOREWELL NEAR LINGAREDDYGUDEM VILLAGE (BESIDE CHOUTUPPAL-",Telangana,21.0,23.0,7.42,7.71,1580.0,1663.0,,,15.32,16.2,,,,,950.0,1080.95,0.26,0.28,0.01,0.01,22.0,0,7.5649999999999995,0,1621.5,,15.76,0,,,1015.475,0,0.27,0,0.01,0
2022,4288,"CHERUVU, DEVALAMMA VALIGONDA ROAD), CHOUTUPPAL MANDAL, NALGONDA BOREWELL NEAR NAGARAM",Telangana,22.0,23.0,7.58,7.72,1164.0,1816.0,,,14.24,18.3,,,,,652.0,1180.4,0.25,0.27,0.01,0.01,22.5,0,7.65,0,1490.0,,16.27,0,,,916.2,0,0.26,0,0.01,0
2022,4289,"NAGARAM VILLAGE, NALGONDA BOREWELL NEAR PITTAM PALLE VILLAGE (OPEN LAND BESIDE",Telangana,21.0,22.0,7.19,7.38,1375.0,1536.0,,,13.26,13.27,,,,,772.0,998.4,0.38,0.41,0.01,0.01,21.5,0,7.285,0,1455.5,,13.265,0,,,885.2,0,0.395,0,0.01,0
2022,4290,"VILLAGE ROAD), CHITYAL MANDAL, NALGONDA BOREWELL NEAR PEDDAKAPARTHI VILLAGE (OPEN",Telangana,22.0,23.0,7.48,7.64,1729.0,2800.0,,,8.25,28.25,,,,,974.0,1820.0,0.36,0.45,0.01,0.01,22.5,0,7.5600000000000005,0,2264.5,,18.25,0,,,1397.0,0,0.405,0,0.01,0
2022,1405,"LAND BESIDE VILLAGE ROAD), CHITYAL MANDAL , NALGONDA WELL AT UDAIPUR (TUBEWELL),",Tripura,21.0,24.0,5.47,5.69,96.0,108.0,,,0.5,0.51,,,,,54.0,62.0,,,,,22.5,0,5.58,0,102.0,,0.505,0,,,58.0,0,,0,,0
2022,1406,WELL AROUND UDAIPUR,Tripura,22.0,24.0,5.5,5.61,108.0,113.0,,,0.43,0.48,,,,,62.0,68.0,,,,,23.0,0,5.555,0,110.5,,0.45499999999999996,0,,,65.0,0,,0,,0
2022,1730,"(TUBEWELL), TRIPURA",Tripura,21.5,23.0,6.52,6.68,106.0,985.0,,,0.32,0.32,,,,,52.0,56.0,,,,,22.25,0,6.6,0,545.5,,0.32,0,,,54.0,0,,0,,0
2022,1731,"KUNJBAN, AGARTALA, TRIPURA",Tripura,22.0,23.5,6.42,6.51,93.0,98.0,,,0.32,0.32,,,,,52.0,58.0,,,,,22.75,0,6.465,0,95.5,,0.32,0,,,55.0,0,,0,,0
2022,1732,"LANKAMURA, TRIPURA",Tripura,21.0,23.0,5.95,6.18,121.0,129.0,,,0.32,0.32,,,,,72.0,76.0,,,,,22.0,0,6.0649999999999995,0,125.0,,0.32,0,,,74.0,0,,0,,0
2022,1733,"A.D.NAGAR, AGARTALA, TRIPURA SHIBNAGAR, AGARTALA,",Tripura,21.5,23.0,6.52,6.65,108.0,118.0,,,0.32,0.32,,,,,62.0,68.0,,,,,22.25,0,6.585,0,113.0,,0.32,0,,,65.0,0,,0,,0
2022,1734,"GANDHIGRAM, AGARTALA,",Tripura,22.0,23.0,6.31,6.49,108.0,114.0,,,0.32,0.32,,,,,62.0,64.0,,,,,22.5,0,6.4,0,111.0,,0.32,0,,,63.0,0,,0,,0
2022,3423,"TUBE WELL AT HAPANIA, WEST",Tripura,23.0,23.0,6.39,6.39,78.0,78.0,,,0.32,0.32,,,,,42.0,42.0,,,,,23.0,0,6.39,0,78.0,,0.32,0,,,42.0,0,,0,,0
2022,3424,"TUBE WELL AT NAGICHERRA,",Tripura,21.5,22.5,5.97,6.11,87.0,94.0,,,0.32,0.32,,,,,46.0,50.0,,,,,22.0,0,6.04,0,90.5,,0.32,0,,,48.0,0,,0,,0
2022,3425,,Tripura,22.0,23.0,5.65,5.81,101.0,116.0,,,0.6,0.76,,,,,58.0,66.0,,,,,22.5,0,5.73,0,108.5,,0.6799999999999999,0,,,62.0,0,,0,,0
2022,3426,"NAGAR, WEST TRIPURA TUBE WELL AT B.C.MANU,",Tripura,22.5,23.0,5.76,5.95,92.0,108.0,,,0.32,0.32,,,,,52.0,58.0,,,,,22.75,0,5.855,0,100.0,,0.32,0,,,55.0,0,,0,,0
2022,3427,"SOUTH TRIPURA TUBE WELL AT SHANTIR BAZAR,",Tripura,22.0,22.5,6.22,6.35,76.0,91.0,,,0.32,0.46,,,,,44.0,52.0,,,,,22.25,0,6.285,0,83.5,,0.39,0,,,48.0,0,,0,,0
2022,3428,"SOUTH TRIPURA TUBE WELL AT BAGAFA, SOUTH",Tripura,22.0,22.5,6.09,6.15,88.0,97.0,,,0.32,0.53,,,,,52.0,52.0,,,,,22.25,0,6.12,0,92.5,,0.42500000000000004,0,,,52.0,0,,0,,0
2022,3430,"TUBE WELL AT JAWAHANAGAR,",Tripura,21.5,22.0,6.28,6.34,87.0,98.0,,,0.32,0.62,,,,,52.0,54.0,,,,,21.75,0,6.3100000000000005,0,92.5,,0.47,0,,,53.0,0,,0,,0
2022,3431,DHALAI,Tripura,21.5,22.0,6.56,6.68,72.0,89.0,,,0.32,0.32,,,,,48.0,48.0,,,,,21.75,0,6.619999999999999,0,80.5,,0.32,0,,,48.0,0,,0,,0
2022,3432,"(INTERSTATE BOUNDRY), NORTH TUBE WELL AT KULAI, DHALAI TUBE WELL AT CHURAIBARI",Tripura,22.0,22.5,5.93,5.99,98.0,108.0,,,0.63,0.73,,,,,58.0,62.0,,,,,22.25,0,5.96,0,103.0,,0.6799999999999999,0,,,60.0,0,,0,,0
2022,3433,"INDUSTRIAL ESTATE AREA, TUBE WELL AT KAMESWAR,",Tripura,22.0,22.5,6.83,6.99,98.0,105.0,,,0.72,0.84,,,,,52.0,58.0,,,,,22.25,0,6.91,0,101.5,,0.78,0,,,55.0,0,,0,,0
2022,3434,"INDUSTRIAL ESTATE AREA, NORTH TRIPURA TUBE WELL AT KUMARGHAT,",Tripura,22.0,22.5,6.18,6.3,99.0,103.0,,,0.71,0.81,,,,,54.0,58.0,,,,,22.25,0,6.24,0,101.0,,0.76,0,,,56.0,0,,0,,0
2022,3435,"NORTH TRIPURA TUBE WELL AT GOUR NAGAR,",Tripura,22.0,22.5,6.27,6.41,98.0,109.0,,,0.32,0.32,,,,,56.0,58.0,,,,,22.25,0,6.34,0,103.5,,0.32,0,,,57.0,0,,0,,0
2022,3436,"NORTH TRIPURA TUBE WELL AT KAILASHAHAR,",Tripura,22.0,22.5,5.93,6.05,89.0,95.0,,,0.32,0.32,,,,,50.0,52.0,,,,,22.25,0,5.99,0,92.0,,0.32,0,,,51.0,0,,0,,0
2022,4185,NORTH TRIPURA,Tripura,21.0,22.0,5.95,6.12,119.0,125.0,,,0.49,0.52,,,,,72.0,74.0,,,,,21.5,0,6.035,0,122.0,,0.505,0,,,73.0,0,,0,,0
2022,4186,TUBE WELL AT JIRANIA TUBE WELL AT DUKLI INDUSTRIAL,Tripura,21.5,22.0,6.05,6.29,127.0,133.0,,,0.32,0.32,,,,,72.0,76.0,,,,,21.75,0,6.17,0,130.0,,0.32,0,,,74.0,0,,0,,0
2022,4187,AREA,Tripura,21.5,22.0,6.29,6.56,121.0,127.0,,,0.32,0.32,,,,,68.0,70.0,,,,,21.75,0,6.425,0,124.0,,0.32,0,,,69.0,0,,0,,0
2022,4188,TUBE WELL AT BADHARGHAT TUBE WELL AT ARUNDHATI,Tripura,21.0,21.5,6.47,6.59,118.0,121.0,,,0.32,0.32,,,,,64.0,66.0,,,,,21.25,0,6.529999999999999,0,119.5,,0.32,0,,,65.0,0,,0,,0
2022,4189,NAGAR,Tripura,21.0,21.5,6.55,6.63,105.0,109.0,,,0.32,0.32,,,,,58.0,58.0,,,,,21.25,0,6.59,0,107.0,,0.32,0,,,58.0,0,,0,,0
2022,4190,TUBE WELL AT NANADANNAGAR TUBE WELL AT DEBENDRA,Tripura,21.0,21.0,5.85,5.97,108.0,114.0,,,0.6,0.74,,,,,64.0,66.0,,,,,21.0,0,5.91,0,111.0,,0.6699999999999999,0,,,65.0,0,,0,,0
2022,4191,CHANDRA NAGAR TUBE WELL AT SURYAMONI,Tripura,21.0,21.5,6.57,6.69,99.0,102.0,,,0.32,0.32,,,,,52.0,58.0,,,,,21.25,0,6.630000000000001,0,100.5,,0.32,0,,,55.0,0,,0,,0
2022,4200,NAGAR,Tripura,21.0,22.5,6.09,6.11,99.0,101.0,,,0.47,0.67,,,,,52.0,58.0,,,,,21.75,0,6.1,0,100.0,,0.5700000000000001,0,,,55.0,0,,0,,0
2022,4201,TUBE WELL AT BISHALGARH,Tripura,21.0,22.0,5.69,5.93,110.0,111.0,,,0.52,0.6,,,,,64.0,68.0,,,,,21.5,0,5.8100000000000005,0,110.5,,0.56,0,,,66.0,0,,0,,0
2022,4202,TUBE WELL AT SONAMURA,Tripura,21.0,22.5,6.05,6.18,121.0,131.0,,,0.32,0.32,,,,,68.0,70.0,,,,,21.75,0,6.115,0,126.0,,0.32,0,,,69.0,0,,0,,0
2022,1748,"DAMAUDA AT KASHIPUR NEAR AREA, MUZAFFARNAGAR PRADESH HANDPUMP IN VILLAGE",Uttarakhand,26.0,30.0,7.5,7.6,446.0,720.0,,,0.32,0.39,,,,,204.0,220.0,0.4,0.41,,,28.0,0,7.55,0,583.0,,0.355,0,,,212.0,0,0.405,0,,0
2022,3440,M/S INDIA GLYCOLES LTD. GROUND WATER AT SITAR GANJ,Uttarakhand,26.0,31.0,7.4,7.4,313.0,410.0,,,0.32,0.46,,,,,214.0,276.0,0.33,0.68,,,28.5,0,7.4,0,361.5,,0.39,0,,,245.0,0,0.505,0,,0
2022,3441,"INDUSTRIAL AREA- 1,US NAGAR GROUND WATER AT SITAR GANJ",Uttarakhand,26.0,31.0,6.8,7.2,426.0,440.0,,,0.32,0.35,,,,,288.0,294.0,0.37,0.6,,,28.5,0,7.0,0,433.0,,0.33499999999999996,0,,,291.0,0,0.485,0,,0
2022,3442,"INDUSTRIAL AREA- 2,US NAGAR GROUND WATER AT PANTNAGAR",Uttarakhand,26.0,30.0,7.4,7.4,313.0,330.0,,,0.36,0.46,,,,,214.0,220.0,0.33,0.75,,,28.0,0,7.4,0,321.5,,0.41000000000000003,0,,,217.0,0,0.54,0,,0
2022,3443,GROUND WATER AT PANTNAGAR,Uttarakhand,26.0,30.0,7.5,7.5,295.0,308.0,,,0.32,0.32,,,,,200.0,205.0,0.33,0.8,,,28.0,0,7.5,0,301.5,,0.32,0,,,202.5,0,0.5650000000000001,0,,0
2022,3444,"INDUSTRIAL AREA- 2,US NAGAR GROUND WATER AT SANTIPURI",Uttarakhand,26.0,30.0,7.2,7.7,348.0,350.0,,,0.32,0.76,,,,,230.0,234.0,0.37,0.4,,,28.0,0,7.45,0,349.0,,0.54,0,,,232.0,0,0.385,0,,0
2022,3445,"KICHHA- 1,US NAGAR GROUND WATER AT SANTIPURI",Uttarakhand,26.0,30.0,7.2,7.6,330.0,344.0,,,0.32,0.33,,,,,216.0,221.0,0.29,0.42,,,28.0,0,7.4,0,337.0,,0.325,0,,,218.5,0,0.355,0,,0
2022,3446,"MORADABAD ROAD- 1,US KICHHA- 2,US NAGAR GROUND WATER AT KASHIPUR",Uttarakhand,26.0,30.0,7.2,7.3,332.0,350.0,,,0.32,0.32,,,,,214.0,230.0,0.37,0.46,,,28.0,0,7.25,0,341.0,,0.32,0,,,222.0,0,0.41500000000000004,0,,0
2022,3447,"MORADABAD ROAD- 2,US NAGAR GROUND WATER AT KASHIPUR",Uttarakhand,25.0,31.0,7.4,7.5,338.0,346.0,,,0.32,0.33,,,,,226.0,241.0,0.3,0.4,,,28.0,0,7.45,0,342.0,,0.325,0,,,233.5,0,0.35,0,,0
2022,3448,NAGAR GROUND WATER AT KASHIPUR,Uttarakhand,25.0,25.0,7.3,7.3,328.0,328.0,,,0.32,0.32,,,,,222.0,222.0,0.29,0.29,,,25.0,0,7.3,0,328.0,,0.32,0,,,222.0,0,0.29,0,,0
2022,3449,"VIDYALAYA, BAZPUR ROAD BAZPUR ROAD- 1,US NAGAR HAND PUMP NEAR KENDRIYA",Uttarakhand,26.0,26.0,7.3,7.3,356.0,356.0,,,0.38,0.38,,,,,262.0,262.0,0.28,0.28,,,26.0,0,7.3,0,356.0,,0.38,0,,,262.0,0,0.28,0,,0
2022,3450,"KASHIPUR,US NAGAR GROUND WATER AT SIDCUL INDUSTRIAL AREA- 1,",Uttarakhand,19.7,25.0,7.1,8.0,709.0,880.0,,,0.32,6.66,,,,,454.0,563.0,0.56,0.98,,,22.35,0,7.55,0,794.5,,3.49,0,,,508.5,0,0.77,0,,0
2022,3451,"ROSHANABAD COLLECTORATE, HARIDWAR GROUND WATER AT SIDCUL INDUSTRIAL AREA- 2,",Uttarakhand,20.9,25.0,6.98,7.6,1378.0,2030.0,,,0.79,2.79,,,,,882.0,1299.0,1.13,1.13,,,22.95,0,7.29,0,1704.0,,1.79,0,,,1090.5,0,1.13,0,,0
2022,3452,"INDUSTRIAL AREA-1,ROORKEE SALEEMPUR CHOWK,ROORKEE,HARIDWAR GROUND WATER AT RAMNAGAR",Uttarakhand,20.1,26.0,7.2,8.0,606.0,892.0,,,0.32,0.63,,,,,388.0,570.0,0.31,0.74,,,23.05,0,7.6,0,749.0,,0.475,0,,,479.0,0,0.525,0,,0
2022,3453,",HARIDWAR GROUND WATER AT BHAGWAN INDUSTRIAL AREA- 2,",Uttarakhand,20.5,24.0,7.4,7.9,455.0,712.0,,,0.41,0.43,,,,,291.0,455.0,0.84,0.84,,,22.25,0,7.65,0,583.5,,0.42,0,,,373.0,0,0.84,0,,0
2022,3454,"INDUSTRIAL AREA- 1, CHC SIKANDERPUR, LAKHESWARI, ROORKEE, HARIDWAR GROUND WATER AT ROORKEE",Uttarakhand,20.0,25.0,7.39,8.1,509.0,757.0,,,0.37,0.47,,,,,326.0,484.0,0.9,0.9,,,22.5,0,7.744999999999999,0,633.0,,0.42,0,,,405.0,0,0.9,0,,0
2022,3455,"BHAGWANPUR,HARIDWAR GROUND WATER AT ROORKEE",Uttarakhand,19.4,22.0,7.6,8.1,563.0,725.0,,,0.37,0.49,,,,,360.0,464.0,0.23,0.88,,,20.7,0,7.85,0,644.0,,0.43,0,,,412.0,0,0.555,0,,0
2022,3456,"INDUSTRIAL AREA- 2, SUNEHRA GROUND WATER AT SELAQUI",Uttarakhand,15.0,23.0,5.96,6.55,178.0,274.0,,,0.32,0.32,,,,,100.0,182.0,0.33,0.48,,,19.0,0,6.255,0,226.0,,0.32,0,,,141.0,0,0.405,0,,0
2022,3457,"INDUSTRIAL AREA- 1, DEHRADUN GROUND WATER AT SELAQUI",Uttarakhand,14.0,23.0,6.22,6.76,195.0,286.0,,,0.32,0.32,,,,,105.0,199.0,0.43,0.49,,,18.5,0,6.49,0,240.5,,0.32,0,,,152.0,0,0.45999999999999996,0,,0
2022,2547,"HARBOUR ROAD, 24 PARGANAS AMTOLA ON DIAMOND",West Bengal,29.0,31.0,7.39,7.48,2738.0,3099.0,,,0.34,0.46,2.0,2.0,11.0,21.0,1652.0,1734.0,0.21,0.23,,,30.0,0,7.4350000000000005,0,2918.5,,0.4,0,2.0,16.0,1693.0,0,0.22,0,,0
2022,2548,(S),West Bengal,30.0,30.0,7.07,7.18,1548.0,1645.0,,,0.6,0.68,4.0,6.8,45.0,46.0,986.0,1038.0,0.24,0.36,,,30.0,0,7.125,0,1596.5,,0.64,0,5.4,45.5,1012.0,0,0.3,0,,0
2022,4706,"HIDCO OFFICE, RAJARHAT",West Bengal,26.0,28.0,7.27,7.6,928.0,1056.0,,,,,,,,,536.0,712.0,0.21,0.54,0.01,0.01,27.0,0,7.435,0,992.0,,,0,,,624.0,0,0.375,0,0.01,0
2022,4707,GROUND WATER AT KHARDAH,West Bengal,28.0,29.0,7.74,8.1,261.0,454.0,,,0.37,0.37,,,,,174.0,214.0,0.33,0.34,,,28.5,0,7.92,0,357.5,,0.37,0,,,194.0,0,0.335,0,,0
2022,4708,GROUND WATER AT NAIHATI GROUND WATER AT,West Bengal,29.0,33.0,7.38,7.39,890.0,1078.0,,,,,5.1,5.1,12.0,12.0,424.0,536.0,0.33,0.33,,,31.0,0,7.385,0,984.0,,,0,5.1,12.0,480.0,0,0.33,0,,0
2022,4709,BERHAMPORE,West Bengal,27.0,28.0,7.92,7.98,318.0,331.0,,,,,,,,,202.0,216.0,0.44,0.45,,,27.5,0,7.95,0,324.5,,,0,,,209.0,0,0.445,0,,0
2022,4712,GROUND WATER AT CHINSURA BORE WELL INSIDE M/S UNITED,West Bengal,31.0,32.0,7.61,8.36,1790.0,1995.0,,,,,,,,,1086.0,1096.0,0.21,0.21,,,31.5,0,7.984999999999999,0,1892.5,,,0,,,1091.0,0,0.21,0,,0
2022,4713,PHOSPHOROUS LIMITED TUB WELL BESIDE GREEN BELT,West Bengal,31.0,32.0,7.13,8.33,1583.0,1723.0,,,,,,,,,946.0,1044.0,,,,,31.5,0,7.73,0,1653.0,,,0,,,995.0,0,,0,,0
2022,4714,CANAL POINT NO.8 GROUND WATER AT ANGADPUR,West Bengal,28.0,29.0,6.92,8.34,593.0,701.0,,,0.76,1.6,,,,,546.0,572.0,0.53,0.67,0.035,0.035,28.5,0,7.63,0,647.0,,1.1800000000000002,0,,,559.0,0,0.6000000000000001,0,0.035,0
2022,4715,ANGADPUR DURGAPUR GROUND WATER AT MUCHIPARA,West Bengal,27.0,28.0,6.74,8.08,147.0,236.0,,,0.91,1.26,,,2.0,2.0,48.0,230.0,,,,,27.5,0,7.41,0,191.5,,1.085,0,,2.0,139.0,0,,0,,0
2022,4716,DURGAPUR GROUND WATER AT,West Bengal,25.0,30.0,7.24,7.64,668.0,746.0,,,0.7,1.43,,,,,366.0,558.0,0.5,0.61,,,27.5,0,7.4399999999999995,0,707.0,,1.065,0,,,462.0,0,0.5549999999999999,0,,0
2022,4721,"HURALALPUR, PURULIA GROUND WATER AT MATIGARA",West Bengal,24.0,24.0,6.51,6.58,97.0,98.0,,,,,,,,,60.0,67.0,0.21,0.21,,,24.0,0,6.545,0,97.5,,,0,,,63.5,0,0.21,0,,0
2022,4726,BAZAAR GROUND WATER MIRIK,West Bengal,15.0,23.0,6.5,6.89,98.0,158.0,,,4.82,4.82,,,,,64.0,121.0,,,,,19.0,0,6.695,0,128.0,,4.82,0,,,92.5,0,,0,,0
2022,4730,DUGWELL GROUND WATER (DUGWELL) AT,West Bengal,25.0,26.0,6.52,6.8,484.0,550.0,1.8,1.8,4.5,4.5,,,,,230.0,385.0,0.21,0.21,,,25.5,0,6.66,0,517.0,1.8,4.5,0,,,307.5,0,0.21,0,,0
2022,4731,UTTARBANGA KRISHI HARISHPAL MORE GROUNDWATER AT,West Bengal,24.0,26.0,6.74,7.6,300.0,301.0,,,1.09,1.09,,,,,176.0,180.0,,,,,25.0,0,7.17,0,300.5,,1.09,0,,,178.0,0,,0,,0
2022,4732,VISHWAVIDYALAYA GROUNDWATER AT ANANDA,West Bengal,25.0,27.0,6.86,7.97,281.0,525.0,,,0.78,4.6,,,,,180.0,341.0,0.21,0.21,,,26.0,0,7.415,0,403.0,,2.69,0,,,260.5,0,0.21,0,,0
2022,4733,MOHAN COMMERCE COLLEGE GROUNDWATER AT SUKNA,West Bengal,24.0,28.0,6.66,7.69,114.0,125.0,,,,,,,,,72.0,87.0,,,,,26.0,0,7.175000000000001,0,119.5,,,0,,,79.5,0,,0,,0
2022,4734,FOREST RANGE TUBE WELL INSIDE MAHISHADAL,West Bengal,29.0,31.0,8.05,8.33,1527.0,1985.0,,,0.31,0.41,,,,,1406.0,1924.0,0.21,0.22,,,30.0,0,8.190000000000001,0,1756.0,,0.36,0,,,1665.0,0,0.215,0,,0
2022,4735,RAJBARI TUBE WELL INSIDE MECHEDA,West Bengal,27.0,29.0,7.46,7.96,751.0,981.0,1.4,1.4,,,,,,,502.0,620.0,0.23,0.23,,,28.0,0,7.71,0,866.0,1.4,,0,,,561.0,0,0.23,0,,0
2022,4736,BUS STAND,West Bengal,29.0,31.0,7.56,8.07,3377.0,3600.0,,,,,,,,,2562.0,3282.0,0.23,0.23,,,30.0,0,7.8149999999999995,0,3488.5,,,0,,,2922.0,1,0.23,0,,0
2022,4737,TUBE WELL AT OLD DIGHA GROUND WATER AT SHYAMPUR,West Bengal,27.0,32.0,7.26,7.62,1090.0,4380.0,,,,,,,,,636.0,2564.0,0.47,0.47,,,29.5,0,7.4399999999999995,0,2735.0,,,0,,,1600.0,1,0.47,0,,0
