Year,STN_Code,Monitoring_Location,State,Temp_Min_C,Temp_Max_C,pH_Min,pH_Max,Conductivity_Min,Conductivity_Max,BOD_Min,BOD_Max,NitrateN_NitriteN_Min,NitrateN_NitriteN_Max,Fecal_Coliform_Min,Fecal_Coliform_Max,Total_Coliform_Min,Total_Coliform_Max,TDS_Min,TDS_Max,Fluoride_Min,Fluoride_Max,Arsenic_Min,Arsenic_Max,Temp_Mean,Temp_Exceeds_BIS,pH_Mean,pH_Exceeds_BIS,Conductivity_Mean,BOD_Mean,NitrateN_NitriteN_Mean,NitrateN_NitriteN_Exceeds_BIS,Fecal_Coliform_Mean,Total_Coliform_Mean,TDS_Mean,TDS_Exceeds_BIS,Fluoride_Mean,Fluoride_Exceeds_BIS,Arsenic_Mean,Arsenic_Exceeds_BIS
2019,26,WELL AT GRAM PANCHAYAT,Andhra Pradesh,25.0,26.0,3.9,4.8,7.8,7.9,1814.0,1841.0,0.8,1.4,0.48,3.43,2.0,3.0,39.0,400.0,,,,,25.5,0,4.35,0,7.85,1827.5,1.1,0,1.955,2.5,219.5,0,,0,,0
2019,1513,"D.NO. 48-16-43 AUTONAGAR OFFICE, KAANURU, VIJAYWADA BOREWELL KRISHNA MURTHY,",Andhra Pradesh,26.0,26.0,3.8,4.5,7.4,7.7,1796.0,1873.0,0.8,1.4,0.74,3.81,2.0,3.0,64.0,800.0,,,,,26.0,0,4.15,0,7.550000000000001,1834.5,1.1,0,2.275,2.5,432.0,0,,0,,0
2019,1514,VIJJAYAWADA BOREWELL VIJAY KUMAR,Andhra Pradesh,25.0,26.0,4.8,5.1,7.4,7.7,1561.0,1875.0,1.2,4.1,0.83,0.85,2.0,3.0,21.0,400.0,,,,,25.5,0,4.949999999999999,0,7.550000000000001,1718.0,2.65,0,0.84,2.5,210.5,0,,0,,0
2019,1516,AUTONAGAR VIJAYAWADA BOREWELL OF NAVLOK,Andhra Pradesh,19.0,19.0,3.8,3.9,7.8,8.1,890.0,1566.0,1.2,1.2,1.5,1.66,2.0,3.0,21.0,400.0,,,,,19.0,0,3.8499999999999996,0,7.949999999999999,1228.0,1.2,0,1.58,2.5,210.5,0,,0,,0
2019,1517,"GARDENS, NELLORE BOREWELL NEAR TUNGBHADRA",Andhra Pradesh,22.0,22.0,4.5,4.5,7.5,7.5,5010.0,5010.0,0.8,0.8,4.0,4.0,2.0,2.0,2.0,2.0,,,,,22.0,0,4.5,0,7.5,5010.0,0.8,0,4.0,2.0,2.0,0,,0,,0
2019,1518,RIVER KURNOOL BOREWELL AT NANDYAL,Andhra Pradesh,21.0,23.0,4.6,5.7,6.8,7.2,6620.0,7410.0,0.7,0.8,2.1,3.96,2.0,2.0,2.0,2.0,,,,,22.0,0,5.15,0,7.0,7015.0,0.75,0,3.0300000000000002,2.0,2.0,0,,0,,0
2019,1519,BOREWELL AT NAGIRI (KUNDU),Andhra Pradesh,29.0,30.0,4.2,4.8,6.6,7.0,1820.0,2160.0,0.5,1.0,1.7,2.9,2.0,2.0,2.0,2.0,,,,,29.5,0,4.5,0,6.8,1990.0,0.75,0,2.3,2.0,2.0,0,,0,,0
2019,1520,SWARNAMUKHI RIVER AT BOREWELL NEAR,Andhra Pradesh,29.0,30.0,4.4,5.3,6.7,7.4,789.0,830.0,0.5,0.8,1.2,2.14,2.0,2.0,2.0,2.0,,,,,29.5,0,4.85,0,7.050000000000001,809.5,0.65,0,1.67,2.0,2.0,0,,0,,0
2019,1521,", WARD NO.2 , MINDI , SRIKALAHASTI OPEN WELL NEAR RAMA TEMPLE",Andhra Pradesh,28.0,28.0,4.5,5.6,7.4,8.5,2229.0,2295.0,1.2,1.5,10.81,16.35,11.0,21.0,150.0,240.0,,,,,28.0,0,5.05,0,7.95,2262.0,1.35,0,13.580000000000002,16.0,195.0,0,,0,,0
2019,1522,VISAKHAPATNAM OPEN WELL PEDDANUVVI -,Andhra Pradesh,27.0,27.0,4.0,4.5,7.0,8.3,597.0,2669.0,1.0,1.4,0.38,10.47,9.0,11.0,93.0,150.0,,,,,27.0,0,4.25,0,7.65,1633.0,1.2,0,5.425000000000001,10.0,121.5,0,,0,,0
2019,1523,VIZIANAGARAM BOREWELL NEAR M/S ANDHRA,Andhra Pradesh,29.0,31.0,4.2,5.2,7.4,7.4,289.0,326.0,0.8,1.7,0.09,0.28,3.0,4.0,28.0,45.0,,,,,30.0,0,4.7,0,7.4,307.5,1.25,0,0.185,3.5,36.5,0,,0,,0
2019,1524,"SUGARS LTD. , KOVVUR OPEN WELL NEAR PARTAP",Andhra Pradesh,27.0,30.0,5.6,5.8,7.6,7.8,1089.0,2641.0,1.1,1.3,1.17,2.27,7.0,9.0,93.0,120.0,,,,,28.5,0,5.699999999999999,0,7.699999999999999,1865.0,1.2000000000000002,0,1.72,8.0,106.5,0,,0,,0
2019,3087,NAGAR BRIDGE -KAKINADA BORE WELL NEAR VILLAGE,Andhra Pradesh,26.0,28.0,4.1,4.5,7.5,7.8,2093.0,2152.0,0.8,1.0,2.74,2.8,2.0,3.0,75.0,800.0,,,,,27.0,0,4.3,0,7.65,2122.5,0.9,0,2.77,2.5,437.5,0,,0,,0
2019,3089,"SECRETARIAT, PATHAPADU (V) HAND PUMP AT TANAM VILL.,",Andhra Pradesh,28.0,28.0,4.0,5.0,7.6,8.7,982.0,2359.0,2.0,2.0,9.98,10.84,11.0,15.0,21.0,150.0,,,,,28.0,0,4.5,0,8.149999999999999,1670.5,2.0,0,10.41,13.0,85.5,0,,0,,0
2019,3090,"PITTAVANIPALEM, VISHAKHAPATNAM HAND PUMP AT",Andhra Pradesh,27.0,28.0,3.3,5.8,7.1,7.6,3543.0,4652.0,0.3,1.6,11.27,23.85,9.0,15.0,23.0,150.0,,,,,27.5,0,4.55,0,7.35,4097.5,0.9500000000000001,0,17.560000000000002,12.0,86.5,0,,0,,0
2019,3091,VISHAKHAPATNAM BORE WELL AT KAPULUPPADA,Andhra Pradesh,27.0,28.0,5.4,5.5,7.4,7.5,1997.0,2849.0,1.3,1.9,5.09,5.22,7.0,9.0,93.0,240.0,,,,,27.5,0,5.45,0,7.45,2423.0,1.6,0,5.154999999999999,8.0,166.5,0,,0,,0
2019,3092,BORE WELL AT ARINAMA,Andhra Pradesh,26.0,27.0,4.5,4.8,7.3,8.4,1059.0,1200.0,0.5,1.3,8.14,10.53,7.0,15.0,63.0,150.0,,,,,26.5,0,4.65,0,7.85,1129.5,0.9,0,9.335,11.0,106.5,0,,0,,0
2019,3093,"AKKIVALASA, SRIKAKULAM BORE WELL AT ALLADAPALEM",Andhra Pradesh,28.0,29.0,4.7,5.0,7.8,8.2,1274.0,1876.0,0.8,2.6,10.41,20.06,7.0,11.0,110.0,110.0,,,,,28.5,0,4.85,0,8.0,1575.0,1.7000000000000002,0,15.235,9.0,110.0,0,,0,,0
2019,4350,"VILLAGE, PYDIBHIMAVARAM BOREWELL AT ZP HIGH SCHOOL, UDDANAM REGION,",Andhra Pradesh,26.0,26.0,6.0,6.3,7.0,7.9,967.0,1291.0,0.6,1.7,10.5,11.22,7.0,7.0,63.0,63.0,,,,,26.0,0,6.15,0,7.45,1129.0,1.15,0,10.86,7.0,63.0,0,,0,,0
2019,4353,"HOUSE, GAJAPATHINAGARAM AMALAPADU (V) VAJRAPUKOTTURU BORE WELL AT MANGARAJU",Andhra Pradesh,25.0,25.0,6.1,6.1,7.5,7.5,2457.0,2457.0,1.0,1.0,10.96,10.96,4.0,4.0,63.0,63.0,,,,,25.0,0,6.1,0,7.5,2457.0,1.0,0,10.96,4.0,63.0,0,,0,,0
2019,4354,"TEMPLE RAJAYYAPETA VILLAGE, VILLAGE, PAYAKARAOPETA (M) BORE WELL, SRI NOOKATATA",Andhra Pradesh,25.0,25.0,6.8,6.8,7.9,7.9,13150.0,13150.0,2.3,2.3,5.3,5.3,9.0,9.0,39.0,39.0,,,,,25.0,0,6.8,0,7.9,13150.0,2.3,0,5.3,9.0,39.0,0,,0,,0
2019,4355,"NAKKAPALLI (M) BORE WELL, CHIPPADA VILLAGE,",Andhra Pradesh,26.0,26.0,7.2,7.2,7.5,7.5,314.0,314.0,1.1,1.1,9.97,9.97,15.0,15.0,75.0,75.0,,,,,26.0,0,7.2,0,7.5,314.0,1.1,0,9.97,15.0,75.0,0,,0,,0
2019,4360,"BHEEMUNIPATNAM (M) BORE WELL AT IDA,",Andhra Pradesh,25.0,25.0,5.1,5.1,7.1,7.1,1560.0,1560.0,1.2,1.2,8.94,8.94,4.0,4.0,93.0,93.0,,,,,25.0,0,5.1,0,7.1,1560.0,1.2,0,8.94,4.0,93.0,0,,0,,0
2019,4364,"WORKERS COLONY, RAMANAYYAPETA, KKAINADA BOREWELL AT RAJIV GRUHA KA;PA, NEAR AP PAPER MAILLS",Andhra Pradesh,27.0,27.0,4.9,4.9,7.3,7.3,892.0,892.0,1.5,1.5,7.65,7.65,4.0,4.0,69.0,69.0,,,,,27.0,0,4.9,0,7.3,892.0,1.5,0,7.65,4.0,69.0,0,,0,,0
2019,4376,"OFFICE, IDA KONDAPALLI, MALLAYAPETA, KATHERU, RAJAMAHENDRAVARAM BOREWELL WATER , APIIC",Andhra Pradesh,25.0,29.0,4.0,4.2,7.6,7.9,2990.0,3082.0,1.2,1.2,3.22,3.84,2.0,3.0,400.0,460.0,,,,,27.0,0,4.1,0,7.75,3036.0,1.2,0,3.5300000000000002,2.5,430.0,0,,0,,0
2019,4377,"JEWELLARY PARK, IBRAHIMPATNAM (M) BOREWELL AT IMITATION",Andhra Pradesh,26.0,26.0,3.9,4.2,7.9,8.5,1770.0,5590.0,0.8,0.8,2.84,4.02,2.0,3.0,23.0,800.0,,,,,26.0,0,4.05,0,8.2,3680.0,0.8,0,3.4299999999999997,2.5,411.5,0,,0,,0
2019,4380,"MACHILIPTNAM BOREWELL WATER , SRI VENKATESWARA SWAMY",Andhra Pradesh,21.0,22.0,4.3,4.5,7.1,7.5,782.0,972.0,0.8,0.8,3.6,4.97,2.0,3.0,28.0,220.0,,,,,21.5,0,4.4,0,7.3,877.0,0.8,0,4.285,2.5,124.0,0,,0,,0
2019,4382,"STATION, AUTONAGAR, TEMPLE, VENKATAPALEM (V), TULLUR (M) BOREWELL WATER POLICE",Andhra Pradesh,21.0,21.0,4.4,4.4,7.5,7.5,3800.0,3800.0,0.8,0.8,6.0,6.0,3.0,3.0,15.0,15.0,,,,,21.0,0,4.4,0,7.5,3800.0,0.8,0,6.0,3.0,15.0,0,,0,,0
2019,4384,"BHAGEERADHA CHEMICALS & PEDAKAKANI, GUNTUR BOREWELL IN FRONT OF M/S",Andhra Pradesh,24.0,30.0,4.2,4.6,7.4,8.2,6320.0,10000.0,0.8,1.8,5.4,9.2,2.0,3.0,120.0,380.0,,,,,27.0,0,4.4,0,7.8,8160.0,1.3,0,7.3,2.5,250.0,0,,0,,0
2019,4392,"GOVINDARAJA SWAMY TEMPLE, CHERUVUKOMMUPALEM (V) ONGOLE (M) BOREWELL NEAR SRI",Andhra Pradesh,28.0,36.0,4.8,5.3,6.5,6.9,1230.0,1280.0,0.5,0.5,1.13,3.6,2.0,2.0,2.0,2.0,,,,,32.0,0,5.05,0,6.7,1255.0,0.5,0,2.365,2.0,2.0,0,,0,,0
2019,4393,"TIRUPATI TOWN CLOSED MSW DUMPSITE,",Andhra Pradesh,24.0,26.0,3.6,4.2,7.2,7.4,2870.0,3230.0,0.7,2.6,3.6,9.5,2.0,2.0,2.0,2.0,,,,,25.0,0,3.9000000000000004,0,7.300000000000001,3050.0,1.65,0,6.55,2.0,2.0,0,,0,,0
2019,4394,"UKKAYAPALLI (V), KADAPA (M) BOREWELL AT APLLC OFFICE INDUSTRIAL ESTATE GROWTH",Andhra Pradesh,25.0,26.0,4.2,4.4,6.4,7.0,2370.0,3470.0,0.5,1.5,2.1,19.6,2.0,2.0,2.0,2.0,,,,,25.5,0,4.300000000000001,0,6.7,2920.0,1.0,0,10.850000000000001,2.0,2.0,0,,0,,0
2019,4395,"INDUSTRIAL ESTATE, CENTRE, THUMAKUNTA, HINDUPUR (M) BOREWELL AT APLLC OFFICE",Andhra Pradesh,21.0,25.0,4.2,4.4,6.7,7.2,2240.0,2820.0,0.7,0.7,1.9,2.7,2.0,2.0,2.0,2.0,,,,,23.0,0,4.300000000000001,0,6.95,2530.0,0.7,0,2.3,2.0,2.0,0,,0,,0
2019,1533,"GROUND WATER AT DIGBOI,",Assam,19.0,26.0,0.0,0.0,6.5,6.8,145.0,452.0,1.7,2.6,0.8,0.8,2.0,2.0,2.0,2.0,,,,,22.5,0,0.0,0,6.65,298.5,2.15,0,0.8,2.0,2.0,0,,0,,0
2019,1534,"TINSUKIA DISTT., ASSAM GROUND WATER AT KARBI",Assam,21.0,26.0,0.0,0.0,6.6,7.0,60.0,97.0,1.6,3.8,1.0,1.1,2.0,2.0,2.0,2.0,,,,,23.5,0,0.0,0,6.8,78.5,2.7,0,1.05,2.0,2.0,0,,0,,0
2019,1535,"GOVT ME SCHOOL WARD 6, RED ANGLONG DISTT., ASSAM GROUND WATER AT SIBSAGAR",Assam,23.0,25.0,0.0,0.0,7.1,7.6,213.0,290.0,1.8,2.8,1.0,1.2,2.0,2.0,2.0,2.0,,,,,24.0,0,0.0,0,7.35,251.5,2.3,0,1.1,2.0,2.0,0,,0,,0
2019,1536,"H.S. SCHOOL SONARI TOWN DIST CROSS ROAD , ASSAM GROUND WATER NEAR BPMS",Assam,24.0,30.0,0.0,0.0,7.2,7.9,233.0,296.0,1.0,2.0,0.7,1.0,2.0,2.0,2.0,2.0,,,,,27.0,0,0.0,0,7.550000000000001,264.5,1.5,0,0.85,2.0,2.0,0,,0,,0
2019,1537,"CHARAIDEO GROUND WATER AT (JORHAT,",Assam,25.0,25.0,0.0,0.0,7.0,7.5,130.0,237.0,1.1,2.3,1.2,3.2,2.0,2.0,2.0,2.0,,,,,25.0,0,0.0,0,7.25,183.5,1.7,0,2.2,2.0,2.0,0,,0,,0
2019,1538,"ASSAM) GROUND WATER AT SILCHAR,",Assam,23.0,24.0,0.0,0.0,6.3,6.4,96.0,116.0,1.2,2.0,1.0,1.7,2.0,2.0,2.0,2.0,,,,,23.5,0,0.0,0,6.35,106.0,1.6,0,1.35,2.0,2.0,0,,0,,0
2019,1539,"GROUND WATER AT BARPETA,",Assam,26.0,27.0,0.0,0.0,7.2,7.5,278.0,578.0,1.3,1.6,0.7,0.7,2.0,2.0,2.0,2.0,,,,,26.5,0,0.0,0,7.35,428.0,1.4500000000000002,0,0.7,2.0,2.0,0,,0,,0
2019,1540,GROUND WATER AT,Assam,26.0,28.0,0.0,0.0,7.2,7.3,104.0,110.0,1.4,1.8,1.1,1.2,2.0,2.0,2.0,2.0,,,,,27.0,0,0.0,0,7.25,107.0,1.6,0,1.15,2.0,2.0,0,,0,,0
2019,1541,"BONAIGAON, ASSAM GROUND WATER AT NOONMATI",Assam,22.0,29.0,0.0,0.0,7.1,7.2,187.0,445.0,1.2,1.2,0.5,2.8,2.0,2.0,2.0,2.0,,,,,25.5,0,0.0,0,7.15,316.0,1.2,0,1.65,2.0,2.0,0,,0,,0
2019,1542,"GUWAHATI, ASSAM GROUND WATER AT SIJUBARI",Assam,25.0,26.0,0.0,0.0,7.0,7.1,44.0,49.0,1.5,2.6,0.7,1.0,2.0,2.0,2.0,2.0,,,,,25.5,0,0.0,0,7.05,46.5,2.05,0,0.85,2.0,2.0,0,,0,,0
2019,2243,"MAZAR, NATBOMA HATIGAON GROUND WATER FROM LEDO,",Assam,18.0,26.0,0.0,0.0,5.4,6.6,214.0,221.0,1.8,2.7,0.7,0.9,2.0,2.0,2.0,2.0,,,,,22.0,0,0.0,0,6.0,217.5,2.25,0,0.8,2.0,2.0,0,,0,,0
2019,2244,"MARGHERITA, ASSAM GROUND WATER FROM NAZIRA,",Assam,25.0,30.0,0.0,0.0,7.3,7.6,245.0,283.0,0.8,2.0,1.0,2.0,2.0,2.0,2.0,2.0,,,,,27.5,0,0.0,0,7.449999999999999,264.0,1.4,0,1.5,2.0,2.0,0,,0,,0
2019,2245,NUMALIGARH (NEAR NRL TE GROUND WATER FROM,Assam,24.0,27.0,0.0,0.0,5.4,6.6,116.0,140.0,1.3,4.2,1.0,1.0,2.0,2.0,2.0,2.0,,,,,25.5,0,0.0,0,6.0,128.0,2.75,0,1.0,2.0,2.0,0,,0,,0
2019,2246,"LABOR COLONY), ASSAM GROUND WATER FROM",Assam,18.0,24.0,0.0,0.0,7.0,7.2,109.0,144.0,1.1,2.1,0.7,1.0,2.0,2.0,2.0,2.0,,,,,21.0,0,0.0,0,7.1,126.5,1.6,0,0.85,2.0,2.0,0,,0,,0
2019,2247,"SEMENCHAPARI, ASSAM GROUND WATER FROM",Assam,18.0,24.0,0.0,0.0,6.8,6.9,23.0,191.0,1.2,1.8,0.8,1.0,2.0,2.0,2.0,2.0,,,,,21.0,0,0.0,0,6.85,107.0,1.5,0,0.9,2.0,2.0,0,,0,,0
2019,2248,"SILAPATHAR, ASSAM GROUND WATER FROM",Assam,28.0,30.0,0.0,0.0,7.0,7.1,135.0,140.0,1.5,3.4,0.7,0.8,2.0,2.0,2.0,2.0,,,,,29.0,0,0.0,0,7.05,137.5,2.45,0,0.75,2.0,2.0,0,,0,,0
2019,2249,"LAKHIMPUR TOWN, ASSAM GROUND WATER FROM TEZPUR",Assam,26.0,27.0,0.0,0.0,6.7,7.2,137.0,268.0,1.0,2.0,0.3,0.7,2.0,2.0,2.0,2.0,,,,,26.5,0,0.0,0,6.95,202.5,1.5,0,0.5,2.0,2.0,0,,0,,0
2019,2250,GROUND WATER FROM,Assam,24.0,29.0,0.0,0.0,7.1,7.3,164.0,364.0,1.3,1.9,1.0,1.3,2.0,2.0,2.0,2.0,,,,,26.5,0,0.0,0,7.199999999999999,264.0,1.6,0,1.15,2.0,2.0,0,,0,,0
2019,2251,"JAGIROAD NEAR HPC EFFLUENT NAGAON (PANIGAON), ASSAM GROUND WATER FROM",Assam,27.0,29.0,0.0,0.0,6.3,6.3,40.0,919.0,1.3,4.0,0.7,1.6,2.0,2.0,2.0,2.0,,,,,28.0,0,0.0,0,6.3,479.5,2.65,0,1.15,2.0,2.0,0,,0,,0
2019,2252,"DUMPING SITE AT GARCHUK- DISCHARGE POINT, ASSAM GROUND WATER NEAR MSW",Assam,25.0,26.0,0.0,0.0,6.9,7.2,162.0,170.0,2.0,3.8,0.6,0.9,2.0,2.0,2.0,2.0,,,,,25.5,0,0.0,0,7.050000000000001,166.0,2.9,0,0.75,2.0,2.0,0,,0,,0
2019,2253,"GUWAHATI, ASSAM GROUND WATER FROM",Assam,26.0,29.0,0.0,0.0,6.8,7.8,171.0,301.0,1.2,4.2,0.6,1.1,2.0,2.0,2.0,2.0,,,,,27.5,0,0.0,0,7.3,236.0,2.7,0,0.8500000000000001,2.0,2.0,0,,0,,0
2019,2254,"BARPETA ROAD(RLY STATION), NALBARI, ASSAM GROUND WATER FROM",Assam,28.0,28.0,0.0,0.0,7.0,7.6,264.0,364.0,1.3,1.4,0.8,0.9,2.0,2.0,2.0,2.0,,,,,28.0,0,0.0,0,7.3,314.0,1.35,0,0.8500000000000001,2.0,2.0,0,,0,,0
2019,2255,"GROUND WATER NEAR BPRL,",Assam,23.0,28.0,0.0,0.0,7.2,7.3,96.0,99.0,1.1,3.0,0.8,0.9,2.0,2.0,2.0,2.0,,,,,25.5,0,0.0,0,7.25,97.5,2.05,0,0.8500000000000001,2.0,2.0,0,,0,,0
2019,2256,"KOKRAJHAR DISTRICT (HS DHALIGAON, ASSAM GROUND WATER FROM",Assam,26.0,29.0,0.0,0.0,6.5,7.1,168.0,268.0,1.1,1.2,1.0,1.1,2.0,2.0,2.0,2.0,,,,,27.5,0,0.0,0,6.8,218.0,1.15,0,1.05,2.0,2.0,0,,0,,0
2019,2257,"DISTRICT (COLLEGE NAGAR ), SCHOOL ), ASSAM GROUND WATER FROM DHUBRI",Assam,28.0,30.0,0.0,0.0,7.0,7.0,180.0,280.0,1.3,1.7,1.0,1.0,2.0,2.0,2.0,2.0,,,,,29.0,0,0.0,0,7.0,230.0,1.5,0,1.0,2.0,2.0,0,,0,,0
2019,2258,GOALPARA DIST. (GOALPARA GROUND WATER FROM,Assam,25.0,29.0,0.0,0.0,7.0,7.7,201.0,299.0,1.3,2.0,1.0,1.2,2.0,2.0,2.0,2.0,,,,,27.0,0,0.0,0,7.35,250.0,1.65,0,1.1,2.0,2.0,0,,0,,0
2019,2259,"COLLEGE ), ASSAM GROUND WATER FROM DIPHU",Assam,20.0,27.0,0.0,6.5,7.2,8.1,56.0,739.0,1.2,4.0,1.1,2.0,2.0,730.0,2.0,2000.0,,,,,23.5,0,3.25,0,7.65,397.5,2.6,0,1.55,366.0,1001.0,0,,0,,0
2019,2260,"(GOVT. COLLEGE), ASSAM GROUND WATER FROM",Assam,23.0,24.0,0.0,0.0,5.8,6.2,90.0,152.0,1.0,1.6,0.8,1.6,2.0,2.0,2.0,2.0,,,,,23.5,0,0.0,0,6.0,121.0,1.3,0,1.2000000000000002,2.0,2.0,0,,0,,0
2019,2261,"HAMREN, ASSAM GROUND WATER FROM",Assam,20.0,21.0,0.0,0.0,6.7,7.2,116.0,126.0,1.2,1.3,0.8,0.8,2.0,2.0,2.0,2.0,,,,,20.5,0,0.0,0,6.95,121.0,1.25,0,0.8,2.0,2.0,0,,0,,0
2019,2262,"HAFLONG, ASSAM GROUND WATER FROM",Assam,23.0,23.0,0.0,0.0,6.1,7.2,102.0,112.0,1.4,1.9,0.7,0.8,2.0,2.0,2.0,2.0,,,,,23.0,0,0.0,0,6.65,107.0,1.65,0,0.75,2.0,2.0,0,,0,,0
2019,2263,"HIALAKANDI (NEAR ASTC BUS KARIMGANJ (COLLEGE), ASSAM GROUND WATER FROM",Assam,23.0,24.0,0.0,0.0,6.4,6.4,186.0,196.0,1.2,1.3,0.7,0.9,2.0,2.0,2.0,2.0,,,,,23.5,0,0.0,0,6.4,191.0,1.25,0,0.8,2.0,2.0,0,,0,,0
2019,2264,"PANCHGRAM MARKET NEAR STAND ), ASSAM GROUND WATER IN",Assam,23.0,24.0,0.0,0.0,6.3,6.4,142.0,148.0,1.3,4.2,1.0,1.3,2.0,2.0,2.0,2.0,,,,,23.5,0,0.0,0,6.35,145.0,2.75,0,1.15,2.0,2.0,0,,0,,0
2019,3761,GROUND WATER FROM,Assam,28.0,32.0,0.0,0.0,7.0,7.3,149.0,151.0,1.3,2.4,0.5,0.7,2.0,2.0,2.0,2.0,,,,,30.0,0,0.0,0,7.15,150.0,1.85,0,0.6,2.0,2.0,0,,0,,0
2019,3762,MUNICIPAL WASTE PROCESSING BISWANATH CHARIALI TOWN GROUND WATER NEAR,Assam,26.0,28.0,0.0,0.0,7.1,7.7,42.0,345.0,1.2,1.4,0.5,0.7,2.0,2.0,2.0,2.0,,,,,27.0,0,0.0,0,7.4,193.5,1.2999999999999998,0,0.6,2.0,2.0,0,,0,,0
2019,3766,"FACILITY, MORABHARLI, TEZPUR GROUND WATER FROM",Assam,26.0,27.0,0.0,0.0,6.8,7.5,68.0,503.0,1.1,1.1,0.8,0.8,2.0,2.0,2.0,2.0,,,,,26.5,0,0.0,0,7.15,285.5,1.1,0,0.8,2.0,2.0,0,,0,,0
2019,3770,MANGALDOI TOWN GROUND WATER NEAR GARMUR,Assam,25.0,28.0,0.0,0.0,7.1,7.5,235.0,237.0,1.6,2.4,2.2,2.3,2.0,2.0,2.0,2.0,,,,,26.5,0,0.0,0,7.3,236.0,2.0,0,2.25,2.0,2.0,0,,0,,0
2019,3771,"RECREATION GROUND, JORHAT GROUND WATER FROM TITABAR",Assam,24.0,28.0,0.0,0.0,7.3,7.7,276.0,285.0,2.0,2.2,1.6,3.2,2.0,2.0,2.0,2.0,,,,,26.0,0,0.0,0,7.5,280.5,2.1,0,2.4000000000000004,2.0,2.0,0,,0,,0
2019,3779,"URBAN WATER SUPPLY, TITABAR GROUND WATER FROM",Assam,24.0,27.0,0.0,0.0,6.9,7.6,207.0,210.0,0.7,1.1,1.9,2.0,2.0,2.0,2.0,2.0,,,,,25.5,0,0.0,0,7.25,208.5,0.9,0,1.95,2.0,2.0,0,,0,,0
2019,3790,"GARMUR, MAJULI GROUND WATER NEAR GOGAMUKH PUBLIC WATER",Assam,18.0,18.0,0.0,0.0,8.1,8.1,202.0,202.0,2.3,2.3,1.0,1.0,2.0,2.0,2.0,2.0,,,,,18.0,0,0.0,0,8.1,202.0,2.3,0,1.0,2.0,2.0,0,,0,,0
2019,3793,"COLONY (NAGABALI) SUPPLY SCHEME, GOGAMUKH, DHEMAJI TUBE WELL AT R/O SRI TANKESWAR DAS, RUPJYOTI",Assam,26.0,26.0,0.0,0.0,6.7,6.8,150.0,452.0,1.4,2.4,0.7,0.8,2.0,2.0,2.0,2.0,,,,,26.0,0,0.0,0,6.75,301.0,1.9,0,0.75,2.0,2.0,0,,0,,0
2019,3794,"MUNICIPALITY DUMPING SITE, GOLAGHAT TUBE WELL AT R/O SRI ANIL BAORA AT BOSAGAON NEAR BY",Assam,24.0,26.0,0.0,0.0,6.9,7.2,53.0,149.0,1.0,2.9,0.5,0.6,2.0,2.0,2.0,2.0,,,,,25.0,0,0.0,0,7.050000000000001,101.0,1.95,0,0.55,2.0,2.0,0,,0,,0
2019,3795,"GORONGA GIRLS ME SCHOOL, THE ATHKHALIA, NAMGHAR, PO: PULIKAITONI TUBE WELL OF WOKHA",Assam,24.0,26.0,0.0,0.0,7.2,7.4,46.0,53.0,1.2,2.9,0.6,0.7,2.0,2.0,2.0,2.0,,,,,25.0,0,0.0,0,7.300000000000001,49.5,2.05,0,0.6499999999999999,2.0,2.0,0,,0,,0
2019,3801,"MEHEPUR TRENCHING GROUND, GOROUNGA TINIALI, FURKATING GROUND WATER FROM",Assam,23.0,24.0,0.0,0.0,6.4,6.6,322.0,336.0,1.5,2.8,1.2,1.3,2.0,2.0,2.0,2.0,,,,,23.5,0,0.0,0,6.5,329.0,2.15,0,1.25,2.0,2.0,0,,0,,0
2019,3802,"MEHERPUR, CACHAR GROUND WATER FROM MEHEPUR NEAR A CLUSTER OF",Assam,23.0,24.0,0.0,0.0,6.7,6.8,310.0,316.0,2.0,2.6,1.0,1.4,2.0,2.0,2.0,2.0,,,,,23.5,0,0.0,0,6.75,313.0,2.3,0,1.2,2.0,2.0,0,,0,,0
2019,3805,"BADARPUR INDUSTRIAL AREA AT NURSING HOME & DIAGNOSTIC CENTRE, MEHERPUR, CACHAR GROUND WATER NEAR",Assam,23.0,23.0,0.0,0.0,6.1,6.5,136.0,138.0,2.0,2.6,1.0,1.1,2.0,2.0,2.0,2.0,,,,,23.0,0,0.0,0,6.3,137.0,2.3,0,1.05,2.0,2.0,0,,0,,0
2019,3813,"GROUND WATER FROM BONDA,",Assam,22.0,30.0,0.0,0.0,7.1,7.2,241.0,441.0,1.3,3.5,1.0,1.0,2.0,300.0,2.0,2.0,,,,,26.0,0,0.0,0,7.15,341.0,2.4,0,1.0,151.0,2.0,0,,0,,0
2019,3815,GUWAHATI GROUND WATER FROM,Assam,25.0,27.0,0.0,0.0,6.8,7.5,61.0,534.0,1.1,1.5,0.8,1.0,2.0,2.0,2.0,2.0,,,,,26.0,0,0.0,0,7.15,297.5,1.3,0,0.9,2.0,2.0,0,,0,,0
2019,3816,"KHANAPARA, GUWAHATI GROUND WATER FROM",Assam,24.0,26.0,0.0,0.0,6.9,7.5,60.0,527.0,1.8,1.9,0.8,1.0,2.0,2.0,2.0,2.0,,,,,25.0,0,0.0,0,7.2,293.5,1.85,0,0.9,2.0,2.0,0,,0,,0
2019,3817,"BASISTHA, GUWAHATI GROUND WATER FROM",Assam,24.0,25.0,0.0,0.0,7.1,7.9,195.0,404.0,1.2,1.3,0.8,1.0,2.0,2.0,2.0,2.0,,,,,24.5,0,0.0,0,7.5,299.5,1.25,0,0.9,2.0,2.0,0,,0,,0
2019,3818,"KAHILIPARA, GUWAHATI GROUND WATER FROM",Assam,25.0,26.0,0.0,0.0,7.2,7.3,55.0,289.0,1.0,1.6,1.2,1.4,2.0,2.0,2.0,2.0,,,,,25.5,0,0.0,0,7.25,172.0,1.3,0,1.2999999999999998,2.0,2.0,0,,0,,0
2019,4001,"MALIGAON, GUWAHATI GROUND WATER FROM",Assam,25.0,27.0,0.0,0.0,7.5,7.9,34.0,318.0,1.3,2.8,0.9,1.2,2.0,2.0,2.0,2.0,,,,,26.0,0,0.0,0,7.7,176.0,2.05,0,1.05,2.0,2.0,0,,0,,0
2019,4002,PANJABARI GROUND WATER FROM,Assam,25.0,26.0,0.0,0.0,6.8,7.3,35.0,193.0,1.6,2.7,0.7,1.1,2.0,2.0,2.0,2.0,,,,,25.5,0,0.0,0,7.05,114.0,2.1500000000000004,0,0.9,2.0,2.0,0,,0,,0
2019,4003,SANTIPUR GROUND WATER FROM TEZPUR,Assam,26.0,26.0,0.0,0.0,7.2,7.2,86.0,86.0,1.7,1.7,0.8,0.8,2.0,2.0,2.0,2.0,,,,,26.0,0,0.0,0,7.2,86.0,1.7,0,0.8,2.0,2.0,0,,0,,0
2019,4007,COLLEGIATE HIGH SCHOOL GROUND WATER FROM,Assam,24.0,24.0,0.0,0.0,7.2,7.2,269.0,269.0,0.9,0.9,3.7,3.7,2.0,2.0,2.0,2.0,,,,,24.0,0,0.0,0,7.2,269.0,0.9,0,3.7,2.0,2.0,0,,0,,0
2019,4008,GROUND WATER FROM GELEKY LAKWAH,Assam,24.0,24.0,0.0,0.0,7.5,7.5,203.0,203.0,1.7,1.7,1.8,1.8,2.0,2.0,2.0,2.0,,,,,24.0,0,0.0,0,7.5,203.0,1.7,0,1.8,2.0,2.0,0,,0,,0
2019,4303,GROUND WATER FROM,Assam,24.0,27.0,0.0,0.0,7.7,7.8,34.0,317.0,1.2,2.5,0.8,1.5,2.0,2.0,2.0,2.0,,,,,25.5,0,0.0,0,7.75,175.5,1.85,0,1.15,2.0,2.0,0,,0,,0
2019,4327,"RAILWAY STATION ROAD, SATGAON GROUND WATER FROM",Assam,28.0,28.0,0.0,0.0,6.9,6.9,404.0,404.0,2.8,2.8,0.8,0.8,2.0,2.0,2.0,2.0,,,,,28.0,0,0.0,0,6.9,404.0,2.8,0,0.8,2.0,2.0,0,,0,,0
2019,4328,ROWTA GROUND WATER BESIDE MSW,Assam,27.0,27.0,0.0,0.0,6.5,6.5,207.0,207.0,1.5,1.5,0.8,0.8,2.0,2.0,2.0,2.0,,,,,27.0,0,0.0,0,6.5,207.0,1.5,0,0.8,2.0,2.0,0,,0,,0
2019,4330,"PANGRAM STONE CRASHER DUMPING SITE, DHEKIAJULI GROUND WATER NEAR",Assam,24.0,24.0,0.0,0.0,6.5,6.5,102.0,102.0,1.2,1.2,0.6,0.6,2.0,2.0,2.0,2.0,,,,,24.0,0,0.0,0,6.5,102.0,1.2,0,0.6,2.0,2.0,0,,0,,0
2019,4333,CLUSTER GROUND WATER FROM DEMOW,Assam,28.0,28.0,0.0,0.0,7.4,7.4,240.0,240.0,1.2,1.2,0.5,0.5,2.0,2.0,2.0,2.0,,,,,28.0,0,0.0,0,7.4,240.0,1.2,0,0.5,2.0,2.0,0,,0,,0
2019,4335,WATER SUPPLY DEMOW TOWN GROUND WATER FROM,Assam,27.0,27.0,0.0,0.0,7.0,7.0,144.0,144.0,1.6,1.6,0.3,0.3,2.0,2.0,2.0,2.0,,,,,27.0,0,0.0,0,7.0,144.0,1.6,0,0.3,2.0,2.0,0,,0,,0
2019,4338,"PUKHURI KUKURACHOWA AMGURI, AMGURI TOWN GROUND WATER FORM TENGA",Assam,25.0,25.0,0.0,0.0,7.3,7.3,148.0,148.0,1.0,1.0,0.4,0.4,2.0,2.0,2.0,2.0,,,,,25.0,0,0.0,0,7.3,148.0,1.0,0,0.4,2.0,2.0,0,,0,,0
2019,4339,TOWN PIPE WATER SUPPLY GROUND WATER NEAR NAGAON,Assam,32.0,32.0,0.0,0.0,7.3,7.3,88.0,88.0,1.5,1.5,0.8,0.8,2.0,2.0,2.0,2.0,,,,,32.0,0,0.0,0,7.3,88.0,1.5,0,0.8,2.0,2.0,0,,0,,0
2019,4340,"SCHEME(Z-111), NAGAON GROUND WATER FROM",Assam,30.0,30.0,0.0,0.0,7.3,7.3,306.0,306.0,1.2,1.2,0.7,0.7,2.0,2.0,2.0,2.0,,,,,30.0,0,0.0,0,7.3,306.0,1.2,0,0.7,2.0,2.0,0,,0,,0
2019,2277,INDI.ESTATE.(M/S CIPLA WELL AT VERNA,Goa,29.0,29.0,5.6,5.6,7.1,7.1,223.0,223.0,,,0.38,0.38,5.0,5.0,,,,,,,29.0,0,5.6,0,7.1,223.0,,0,0.38,5.0,,0,,0,,0
2019,2278,WELL AT SANCOALE INDL.ESTATE LIMITED),Goa,29.0,29.0,6.4,6.4,7.1,7.1,68.0,68.0,,,0.78,0.78,2.0,2.0,,,,,,,29.0,0,6.4,0,7.1,68.0,,0,0.78,2.0,,0,,0,,0
2019,2279,"WELL AT ZUARI INDUSTRIES LTD,",Goa,29.0,29.0,5.2,5.2,6.3,6.3,307.0,307.0,,,2.89,2.89,2.0,2.0,,,,,,,29.0,0,5.2,0,6.3,307.0,,0,2.89,2.0,,0,,0,,0
2019,2280,ESTATE(M/S CADILA ZUARI NAGAR WELL AT KUDAI INDL.,Goa,,,6.5,6.5,6.5,6.5,238.0,238.0,,,0.1,0.1,8.0,8.0,,,,,,,,0,6.5,0,6.5,238.0,,0,0.1,8.0,,0,,0,,0
2019,2281,WELL AT CORLIM INDL. ESTATE HEALTHCARE LIMITED),Goa,,,7.0,7.0,6.5,6.5,98.0,98.0,,,0.06,0.06,2.0,2.0,,,,,,,,0,7.0,0,6.5,98.0,,0,0.06,2.0,,0,,0,,0
2019,2282,WELL AT PILERNE INDUSTRIAL,Goa,29.0,29.0,5.2,5.2,7.3,7.3,245.0,245.0,,,,,2.0,2.0,,,,,,,29.0,0,5.2,0,7.3,245.0,,0,,2.0,,0,,0,,0
2019,3193,ESTATE(M/S UNICHEM ) BORE WELL AT CUNCOLIM,Goa,31.0,31.0,5.0,5.0,7.0,7.0,41.0,41.0,,,0.02,0.02,2.0,2.0,,,,,,,31.0,0,5.0,0,7.0,41.0,,0,0.02,2.0,,0,,0,,0
2019,3194,INDUSTRIAL ESTATE BORE WELL AT BETHORA,Goa,29.0,29.0,5.7,5.7,6.5,6.5,120.0,120.0,,,0.83,0.83,2.0,2.0,,,,,,,29.0,0,5.7,0,6.5,120.0,,0,0.83,2.0,,0,,0,,0
2019,3,WELL AT AHMEDABAD,Gujarat,29.0,30.0,4.3,5.1,7.4,7.6,1329.0,1372.0,0.6,1.1,0.02,0.44,2.0,2.0,2.0,2.0,,,,,29.5,0,4.699999999999999,0,7.5,1350.5,0.8500000000000001,0,0.23,2.0,2.0,0,,0,,0
2019,6,WELL AT BARODA,Gujarat,28.0,29.0,1.7,2.1,7.2,7.9,1291.0,1511.0,0.4,0.4,0.4,0.46,2.0,2.0,2.0,2.0,,,,,28.5,0,1.9,0,7.550000000000001,1401.0,0.4,0,0.43000000000000005,2.0,2.0,0,,0,,0
2019,1948,GROUND WATER AT,Gujarat,29.0,29.0,2.4,2.8,8.0,8.1,1380.0,1410.0,1.2,1.4,0.1,0.23,2.0,2.0,2.0,2.0,,,,,29.0,0,2.5999999999999996,0,8.05,1395.0,1.2999999999999998,0,0.165,2.0,2.0,0,,0,,0
2019,1949,GROUND WATER AT AMRELI BHAVNAGAR,Gujarat,28.0,29.0,2.1,2.4,7.9,8.0,1470.0,1470.0,1.2,1.8,0.22,0.29,2.0,2.0,2.0,6.0,,,,,28.5,0,2.25,0,7.95,1470.0,1.5,0,0.255,2.0,4.0,0,,0,,0
2019,1950,GROUND WATER AT JUNAGADH,Gujarat,23.0,23.0,,,7.6,7.6,1469.0,1469.0,0.8,0.8,1.44,1.44,2.0,2.0,2.0,2.0,,,,,23.0,0,,0,7.6,1469.0,0.8,0,1.44,2.0,2.0,0,,0,,0
2019,1951,GROUND WATER AT RAJKOT,Gujarat,26.0,26.0,3.7,3.7,7.5,7.5,1240.0,1240.0,0.9,0.9,0.91,0.91,,,,,,,,,26.0,0,3.7,0,7.5,1240.0,0.9,0,0.91,,,0,,0,,0
2019,1953,GROUND WATER AT JAMNAGAR,Gujarat,28.0,30.0,,,7.3,7.7,910.0,1020.0,,,0.3,0.31,,,,,,,,,29.0,0,,0,7.5,965.0,,0,0.305,,,0,,0,,0
2019,1954,GROUND WATER AT BHUJ,Gujarat,32.0,35.0,3.1,3.2,7.2,7.4,2680.0,4130.0,1.1,1.4,0.21,1.8,2.0,2.0,2.0,2.0,,,,,33.5,0,3.1500000000000004,0,7.300000000000001,3405.0,1.25,0,1.0050000000000001,2.0,2.0,0,,0,,0
2019,1955,GROUND WATER AT PALANPUR,Gujarat,27.0,30.0,,,7.3,7.6,1332.0,1516.0,0.9,1.2,2.03,3.73,,,,,,,,,28.5,0,,0,7.449999999999999,1424.0,1.05,0,2.88,,,0,,0,,0
2019,1956,GROUND WATER AT MEHASANA,Gujarat,31.0,31.0,4.1,5.2,7.6,8.0,355.0,3118.0,0.8,1.2,0.12,0.19,2.0,2.0,2.0,2.0,,,,,31.0,0,4.65,0,7.8,1736.5,1.0,0,0.155,2.0,2.0,0,,0,,0
2019,1957,GROUND WATER AT SIDDHPUR,Gujarat,28.0,29.0,,,7.8,7.8,1751.0,1858.0,0.7,1.2,2.71,3.7,,,,,,,,,28.5,0,,0,7.8,1804.5,0.95,0,3.205,,,0,,0,,0
2019,1958,(DIST.PATAN) GROUND WATER AT,Gujarat,27.0,27.0,5.7,5.7,7.8,7.8,826.0,826.0,1.2,1.2,3.02,3.02,2.0,2.0,2.0,2.0,,,,,27.0,0,5.7,0,7.8,826.0,1.2,0,3.02,2.0,2.0,0,,0,,0
2019,1959,GROUND WATER AT NADIAD HIMATNAGAR,Gujarat,30.0,30.0,,,7.7,7.7,1859.0,1859.0,0.4,0.4,0.46,0.46,,,2.0,2.0,,,,,30.0,0,,0,7.7,1859.0,0.4,0,0.46,,2.0,0,,0,,0
2019,1960,GROUND WATER AT DAHOD,Gujarat,31.0,31.0,2.4,2.4,7.7,7.7,832.0,832.0,0.3,0.3,0.54,0.54,2.0,2.0,2.0,2.0,,,,,31.0,0,2.4,0,7.7,832.0,0.3,0,0.54,2.0,2.0,0,,0,,0
2019,1961,GROUND WATER AT GODHARA,Gujarat,29.0,29.0,2.1,2.1,7.1,7.1,790.0,790.0,0.4,0.4,0.56,0.56,2.0,2.0,2.0,2.0,,,,,29.0,0,2.1,0,7.1,790.0,0.4,0,0.56,2.0,2.0,0,,0,,0
2019,1962,VADODARA (INDUSTRIAL-,Gujarat,23.0,29.0,1.2,1.3,7.0,7.4,3220.0,5400.0,0.7,0.9,0.32,0.77,2.0,2.0,2.0,2.0,,,,,26.0,0,1.25,0,7.2,4310.0,0.8,0,0.545,2.0,2.0,0,,0,,0
2019,1965,"NANDESARI) MORA-HAJIRA (INDUSTRIAL),",Gujarat,28.0,29.0,2.1,3.4,7.9,8.0,1227.0,1252.0,0.9,0.9,0.13,0.61,9.0,9.0,41.0,41.0,,,,,28.5,0,2.75,0,7.95,1239.5,0.9,0,0.37,9.0,41.0,0,,0,,0
2019,1966,"HAJIRA GABHENI VILLAGE, SURAT",Gujarat,28.0,29.0,0.5,6.2,7.7,7.7,1340.0,1644.0,0.7,0.9,0.04,0.44,6.0,6.0,33.0,33.0,,,,,28.5,0,3.35,0,7.7,1492.0,0.8,0,0.24,6.0,33.0,0,,0,,0
2019,1967,"ATUL, VILLAGE G.W, (VALSAD) (INDUSTRIAL)",Gujarat,27.0,27.0,3.6,3.8,7.9,8.0,436.0,498.0,0.2,2.3,0.25,0.26,2.0,2.0,2.0,2.0,,,,,27.0,0,3.7,0,7.95,467.0,1.25,0,0.255,2.0,2.0,0,,0,,0
2019,1968,"VAPI INDUSTRIAL AREA IN D/S,",Gujarat,27.0,27.0,3.8,4.3,7.8,7.9,444.0,482.0,0.2,2.1,0.27,0.35,2.0,2.0,2.0,2.0,,,,,27.0,0,4.05,0,7.85,463.0,1.1500000000000001,0,0.31,2.0,2.0,0,,0,,0
2019,1969,VAPI SARIGAM VILLAGE (D/S OF,Gujarat,29.0,29.0,4.2,4.2,8.0,8.0,1354.0,1354.0,2.2,2.2,0.33,0.33,2.0,2.0,2.0,2.0,,,,,29.0,0,4.2,0,8.0,1354.0,2.2,0,0.33,2.0,2.0,0,,0,,0
2019,1970,"BOREWELL D/S TSDF SITE, GIDC",Gujarat,27.0,27.0,3.6,4.3,7.8,8.0,498.0,672.0,0.2,2.0,0.35,0.41,2.0,2.0,2.0,2.0,,,,,27.0,0,3.95,0,7.9,585.0,1.1,0,0.38,2.0,2.0,0,,0,,0
2019,2083,"BORE WELL OF CHHATRAL GIDC. INDUSTRIAL AREA, VAPI",Gujarat,27.0,32.0,3.6,4.3,7.0,7.9,2206.0,3008.0,0.9,1.3,0.47,3.42,,,,,,,,,29.5,0,3.95,0,7.45,2607.0,1.1,0,1.9449999999999998,,,0,,0,,0
2019,2084,BORE WELL OF PALSANA,Gujarat,28.0,29.0,2.2,3.4,7.4,7.6,1394.0,1594.0,0.9,1.0,0.08,0.14,6.0,9.0,41.0,63.0,,,,,28.5,0,2.8,0,7.5,1494.0,0.95,0,0.11000000000000001,7.5,52.0,0,,0,,0
2019,2085,BORE WELL OF SANTEJ VILLAGE. VILLAGE.,Gujarat,28.0,31.0,3.5,5.7,7.4,7.4,1556.0,1971.0,0.8,1.1,0.27,0.45,,,,,,,,,29.5,0,4.6,0,7.4,1763.5,0.9500000000000001,0,0.36,,,0,,0,,0
2019,2087,B/W- HAZARDOUS W. DISPOSAL,Gujarat,28.0,29.0,1.9,3.3,7.6,8.1,545.0,3522.0,0.9,1.1,0.03,0.07,6.0,16.0,53.0,53.0,,,,,28.5,0,2.5999999999999996,0,7.85,2033.5,1.0,0,0.05,11.0,53.0,0,,0,,0
2019,2088,BORE WELL OF SACHIN GIDC. SITE (GUJ. ENVIRO P.& I. LTD. ),Gujarat,28.0,29.0,2.0,3.2,7.3,7.6,8331.0,8506.0,1.1,1.1,0.1,0.12,9.0,9.0,83.0,83.0,,,,,28.5,0,2.6,0,7.449999999999999,8418.5,1.1,0,0.11,9.0,83.0,0,,0,,0
2019,2089,"BORASARA & NAVAPURA, DIST. B/W NEAR INDL. AREA",Gujarat,28.0,29.0,2.2,3.7,7.7,7.7,3403.0,3538.0,0.9,1.0,0.13,0.22,9.0,9.0,73.0,73.0,,,,,28.5,0,2.95,0,7.7,3470.5,0.95,0,0.175,9.0,73.0,0,,0,,0
2019,2090,WELL AT OLPAD. SURAT.,Gujarat,28.0,29.0,2.3,3.2,7.2,7.3,9574.0,11570.0,0.8,0.9,0.19,0.25,9.0,9.0,83.0,83.0,,,,,28.5,0,2.75,0,7.25,10572.0,0.8500000000000001,0,0.22,9.0,83.0,0,,0,,0
2019,2091,INDUSTRIES ASSOCIATION BORE WELL OF NAVSARI GIDC,Gujarat,29.0,35.0,,,7.5,8.0,2627.0,2627.0,0.9,1.0,0.12,0.18,8.0,9.0,33.0,33.0,,,,,32.0,0,,0,7.75,2627.0,0.95,0,0.15,8.5,33.0,0,,0,,0
2019,2092,OFFICE. WATER WORKS OF NAVSARI,Gujarat,,,,,,,,,,,,,,,,,,,,,,0,,0,,,,0,,,,0,,0,,0
2019,2093,NEAR DHUDIA TALAV. WELL OF BARDOLI AT REST,Gujarat,28.0,29.0,2.1,4.1,7.5,7.7,1054.0,2335.0,0.8,1.0,0.05,0.13,9.0,11.0,53.0,53.0,,,,,28.5,0,3.0999999999999996,0,7.6,1694.5,0.9,0,0.09,10.0,53.0,0,,0,,0
2019,2094,HOUSE. WELL AT ANKLESHWAR INDUSTRIAL AREA (BORE WELL,Gujarat,29.0,29.0,5.0,5.0,7.1,7.1,3670.0,3670.0,0.3,0.3,0.3,0.3,2.0,2.0,2.0,2.0,,,,,29.0,0,5.0,0,7.1,3670.0,0.3,0,0.3,2.0,2.0,0,,0,,0
2019,2095,"OF M/S INDUSTRIAL CARBON AT ANKLESHWAR- RAJPIPLA ROAD. BORE WELL AT STP MADHAPAR,",Gujarat,26.0,28.0,3.1,3.9,7.5,7.5,2348.0,4195.0,0.8,0.9,1.01,1.37,,,,,,,,,27.0,0,3.5,0,7.5,3271.5,0.8500000000000001,0,1.19,,,0,,0,,0
2019,2096,"DIST. RAJKOT. BORE WELL, SNR. VINAYAK JAL SUDDHIKARAN SAHAKARI",Gujarat,28.0,28.0,2.5,4.3,7.0,7.2,5308.0,6269.0,0.7,1.1,0.64,0.66,2.0,2.0,2.0,2.0,,,,,28.0,0,3.4,0,7.1,5788.5,0.9,0,0.65,2.0,2.0,0,,0,,0
2019,2097,"MANDALI LTD. (CETP ), VILL. BAVLA, DIST. AHMEDABAD. BORE WELL OF SOMESHWAR RICE MILL, NR. BAVLA ECO",Gujarat,28.0,28.0,3.0,3.2,7.3,7.5,4337.0,4996.0,0.9,1.2,0.38,0.9,2.0,2.0,2.0,2.0,,,,,28.0,0,3.1,0,7.4,4666.5,1.05,0,0.64,2.0,2.0,0,,0,,0
2019,2098,"PROJECT, (CETP ), VILL. BAVLA, DIST. AHMEDABAD. BORE WELL OF PIRANA",Gujarat,29.0,30.0,4.4,5.6,7.1,7.2,2949.0,3245.0,1.0,1.1,0.11,0.12,2.0,2.0,2.0,2.0,,,,,29.5,0,5.0,0,7.15,3097.0,1.05,0,0.11499999999999999,2.0,2.0,0,,0,,0
2019,3208,"PIRANA, NR. V. N. BRIDGE, AHMEDABAD. JILLA PANCHAYAT SCHOOL, NEAR GRAM PANCHAYAT KATA",Gujarat,27.0,27.0,3.6,4.4,7.8,8.0,577.0,1180.0,0.3,2.3,0.43,0.5,2.0,2.0,2.0,2.0,,,,,27.0,0,4.0,0,7.9,878.5,1.2999999999999998,0,0.46499999999999997,2.0,2.0,0,,0,,0
2019,3209,"SCHOOL, BHADARWAD ROAD, FALIA, VILLAGE NAMDHA, VALSAD BOREWELL OF GAYATRI PRAGNA",Gujarat,27.0,27.0,4.2,4.2,8.0,8.0,1450.0,1450.0,2.3,2.3,0.18,0.18,2.0,2.0,2.0,2.0,,,,,27.0,0,4.2,0,8.0,1450.0,2.3,0,0.18,2.0,2.0,0,,0,,0
2019,3210,"VILLAGE TARSADI AT KOSAMBA BAZAR FALIA, SARIGAM, VALSAD BOREWELL AT PIRAMAL GLASS,",Gujarat,28.0,29.0,2.1,4.2,7.2,7.3,3840.0,4126.0,0.8,0.9,0.28,0.3,9.0,9.0,41.0,41.0,,,,,28.5,0,3.1500000000000004,0,7.25,3983.0,0.8500000000000001,0,0.29000000000000004,9.0,41.0,0,,0,,0
2019,3211,"INDUSTRIAL AREA, SURAT BOREWELL AT PRIMARY HEALTH",Gujarat,28.0,28.0,2.2,3.6,7.7,7.8,1449.0,2119.0,0.9,0.9,0.06,0.16,6.0,6.0,63.0,63.0,,,,,28.0,0,2.9000000000000004,0,7.75,1784.0,0.9,0,0.11,6.0,63.0,0,,0,,0
2019,3212,"EXCELLENCE BUILDING, GIDC, CENTER, KADODARA, SURAT BOREWELL NEAR CENTER OF",Gujarat,33.0,33.0,,,7.3,7.4,2408.0,2701.0,0.8,1.2,0.54,2.72,,,,,,,,,33.0,0,,0,7.35,2554.5,1.0,0,1.6300000000000001,,,0,,0,,0
2019,3213,"VATVA, AHMEDABAD BOREWELL, CETP-NARODA,",Gujarat,34.0,34.0,,,7.4,7.4,1399.0,1535.0,1.0,1.3,0.54,0.64,,,,,,,,,34.0,0,,0,7.4,1467.0,1.15,0,0.5900000000000001,,,0,,0,,0
2019,3214,"GIDC, NARODA-AHMEDABAD BOREWELL NEAR GIDC ODHAV INDUSTRIAL ASSOCIATION",Gujarat,33.0,33.0,,,7.4,7.4,1763.0,1860.0,0.9,1.4,1.51,2.23,,,,,,,,,33.0,0,,0,7.4,1811.5,1.15,0,1.87,,,0,,0,,0
2019,3215,"SOLID WASTE SITE- GYASPUR, BUILDING, GIDC, ODHAV, AHMEDABAD BOREWELL NEAR MUNICIPAL",Gujarat,26.0,30.0,3.8,5.9,4.6,8.1,3183.0,6174.0,0.7,1.3,0.51,3.09,2.0,2.0,2.0,2.0,,,,,28.0,0,4.85,0,6.35,4678.5,1.0,0,1.7999999999999998,2.0,2.0,0,,0,,0
2019,3216,"NAROL, AHMEDABAD BOREWELL NEAR TSDF SITE OF GREEN ENVIRONMNET SERVICES",Gujarat,33.0,34.0,,,7.3,7.3,2730.0,2885.0,1.0,1.5,0.33,0.99,,,,,,,,,33.5,0,,0,7.3,2807.5,1.25,0,0.66,,,0,,0,,0
2019,3217,"NARODA ENVIRO PROJECT.LTD, CO. OP.LTD, VATVA, AHMEDABAD BOREWELL NEAR TSDF SITE OF",Gujarat,34.0,34.0,,,7.4,7.8,1791.0,2135.0,0.7,1.4,0.94,2.07,,,,,,,,,34.0,0,,0,7.6,1963.0,1.0499999999999998,0,1.505,,,0,,0,,0
2019,3218,"ODHAVE, AHMEDABAD WELL OF MODASA, NAGAR",Gujarat,27.0,27.0,4.3,4.3,7.0,7.0,1832.0,1832.0,1.0,1.0,15.95,15.95,2.0,2.0,2.0,2.0,,,,,27.0,0,4.3,0,7.0,1832.0,1.0,0,15.95,2.0,2.0,0,,0,,0
2019,3219,"PALIKA, VARIGRUH, MODASA WELL OF IDAR, NAGAR PALIKA,",Gujarat,27.0,27.0,5.2,5.2,7.1,7.1,1813.0,1813.0,0.7,0.7,16.74,16.74,2.0,2.0,2.0,2.0,,,,,27.0,0,5.2,0,7.1,1813.0,0.7,0,16.74,2.0,2.0,0,,0,,0
2019,3220,"GIDC OFFICE, GIDC NADIAD, BOREWELL OF GIDC-NADIAD AT",Gujarat,30.0,30.0,,,7.6,7.6,3170.0,3170.0,0.4,0.4,0.46,0.46,,,2.0,2.0,,,,,30.0,0,,0,7.6,3170.0,0.4,0,0.46,,2.0,0,,0,,0
2019,3221,"KHEDA BOREWELL OF TOWN RAJPIPLA,",Gujarat,28.0,28.0,,,7.6,7.6,714.0,714.0,0.4,0.4,0.25,0.25,2.0,2.0,2.0,2.0,,,,,28.0,0,,0,7.6,714.0,0.4,0,0.25,2.0,2.0,0,,0,,0
2019,3222,"BOREWELL OF GIDC, PANOLI DIST.NARMADA",Gujarat,32.0,32.0,,,7.3,7.3,3912.0,3912.0,0.4,0.4,0.25,0.25,2.0,2.0,2.0,2.0,,,,,32.0,0,,0,7.3,3912.0,0.4,0,0.25,2.0,2.0,0,,0,,0
2019,3223,BOREWELL KADI INDUSTRIAL,Gujarat,30.0,30.0,3.9,3.9,7.8,7.9,1501.0,1819.0,0.8,1.1,1.26,1.38,2.0,2.0,2.0,2.0,,,,,30.0,0,3.9,0,7.85,1660.0,0.9500000000000001,0,1.3199999999999998,2.0,2.0,0,,0,,0
2019,3224,DEESA BOREWELL AREA,Gujarat,26.0,30.0,,,7.5,7.7,808.0,853.0,0.8,1.2,2.78,3.04,,,,,,,,,28.0,0,,0,7.6,830.5,1.0,0,2.91,,,0,,0,,0
2019,3225,VISNAGAR BOREWELL,Gujarat,30.0,30.0,3.7,4.1,7.4,7.4,1840.0,1848.0,0.7,1.3,1.73,1.83,2.0,2.0,2.0,2.0,,,,,30.0,0,3.9,0,7.4,1844.0,1.0,0,1.78,2.0,2.0,0,,0,,0
2019,3226,PATAN BOREWELL,Gujarat,26.0,28.0,,,7.8,7.9,1701.0,1988.0,0.8,1.3,3.16,3.51,,,,,,,,,27.0,0,,0,7.85,1844.5,1.05,0,3.335,,,0,,0,,0
2019,3227,VIJAPUR (RANASAN) BOREWELL,Gujarat,30.0,31.0,3.8,4.6,7.0,7.3,1903.0,2634.0,0.7,1.2,0.51,1.7,2.0,2.0,2.0,2.0,,,,,30.5,0,4.199999999999999,0,7.15,2268.5,0.95,0,1.105,2.0,2.0,0,,0,,0
2019,3228,"GIDC, HALOL, PANCHMAHAL",Gujarat,29.0,29.0,2.2,2.2,7.2,7.2,3090.0,3090.0,0.4,0.4,0.5,0.5,2.0,2.0,2.0,2.0,,,,,29.0,0,2.2,0,7.2,3090.0,0.4,0,0.5,2.0,2.0,0,,0,,0
2019,3229,"GIDC, DAHOD, DAHOD",Gujarat,29.0,29.0,2.6,2.6,7.0,7.0,1047.0,1047.0,0.4,0.4,0.48,0.48,2.0,2.0,2.0,2.0,,,,,29.0,0,2.6,0,7.0,1047.0,0.4,0,0.48,2.0,2.0,0,,0,,0
2019,3230,"BOREWELL OF GIDC, JUNAGADH",Gujarat,24.0,24.0,,,7.1,7.1,5480.0,5480.0,0.7,0.7,1.31,1.31,2.0,2.0,2.0,2.0,,,,,24.0,0,,0,7.1,5480.0,0.7,0,1.31,2.0,2.0,0,,0,,0
2019,3231,SAURASHTRA ENVIRO PROJECT BOREWELL NEAR TSDF SITE OF,Gujarat,30.0,30.0,3.2,3.2,8.2,8.2,2490.0,2490.0,1.5,1.5,2.6,2.6,,,,,,,,,30.0,0,3.2,0,8.2,2490.0,1.5,0,2.6,,,0,,0,,0
2019,3232,"WATER SUPPLY, BILLIMORA, LTD., JUNA KATARIYA, BHACHAU BOREWELL OF GIDC, ANTALIA",Gujarat,29.0,34.0,,,7.4,7.7,2477.0,3106.0,0.9,1.0,0.09,0.13,6.0,6.0,27.0,53.0,,,,,31.5,0,,0,7.550000000000001,2791.5,0.95,0,0.11,6.0,40.0,0,,0,,0
2019,3233,GANDEVI BOREWELL OF KALIAWADI GRID,Gujarat,29.0,35.0,,,7.7,8.0,2945.0,3229.0,0.9,0.9,0.12,0.15,6.0,6.0,21.0,41.0,,,,,32.0,0,,0,7.85,3087.0,0.9,0,0.135,6.0,31.0,0,,0,,0
2019,3234,"NANDESARI ENVIRO CONTROL ROAD, NAVSARI BOREWELL NERA TSDF OF",Gujarat,23.0,29.0,,,6.9,7.0,10180.0,12350.0,15.0,16.0,0.36,0.79,2.0,2.0,2.0,2.0,,,,,26.0,0,,0,6.95,11265.0,15.5,0,0.575,2.0,2.0,0,,0,,0
2019,3235,"GIDC OFFICE, GIDC, KALOL, LIMITED, NADESARI, VADODARA BOREWELL OF GIDC KALOL, B/H",Gujarat,29.0,31.0,3.2,4.1,7.2,7.6,2355.0,3492.0,0.8,1.1,1.43,3.44,,,,,,,,,30.0,0,3.65,0,7.4,2923.5,0.9500000000000001,0,2.435,,,0,,0,,0
2019,3236,"GANDHINAGAR BOREWELL OF M/S ALFA ECA (I) LTD., UNIT-1, SR.NO. 249, UMA",Gujarat,28.0,28.0,5.0,5.1,7.6,7.7,1960.0,2261.0,0.9,1.1,0.1,0.62,2.0,2.0,2.0,2.0,,,,,28.0,0,5.05,0,7.65,2110.5,1.0,0,0.36,2.0,2.0,0,,0,,0
2019,3237,"NO. 144/146, SARKHEJ-BAVLA BOREWELL OF L & T LTD., PLOT",Gujarat,28.0,28.0,2.0,4.4,7.0,7.2,5963.0,6105.0,0.7,1.0,0.27,0.59,2.0,2.0,2.0,2.0,,,,,28.0,0,3.2,0,7.1,6034.0,0.85,0,0.43,2.0,2.0,0,,0,,0
2019,3238,"BOREWELL OF GIDC KANSARI ROAD, SANAND, AHMEDABAD",Gujarat,25.0,29.0,2.1,2.6,7.3,7.7,4050.0,5520.0,0.3,0.4,0.42,0.5,,,2.0,2.0,,,,,27.0,0,2.35,0,7.5,4785.0,0.35,0,0.45999999999999996,,2.0,0,,0,,0
2019,3239,"BOREWELL OF GIDC, SOJITRA",Gujarat,25.0,31.0,1.6,1.6,7.5,7.8,2770.0,3970.0,0.4,0.5,0.4,0.46,,,2.0,2.0,,,,,28.0,0,1.6,0,7.65,3370.0,0.45,0,0.43000000000000005,,2.0,0,,0,,0
2019,3240,"BOREWELL OF AJI GIDC, RAJKOT",Gujarat,27.0,27.0,2.2,3.0,7.5,7.9,1810.0,1977.0,0.8,1.0,0.95,1.3,,,,,,,,,27.0,0,2.6,0,7.7,1893.5,0.9,0,1.125,,,0,,0,,0
2019,3241,"SOLID WASTE SITE, NAKARWADI, BOREWELL NEAR MUNICIPAL",Gujarat,26.0,28.0,2.3,3.0,7.4,7.8,949.0,2261.0,0.8,1.2,1.1,1.49,,,,,,,,,27.0,0,2.65,0,7.6,1605.0,1.0,0,1.295,,,0,,0,,0
2019,3242,"GUJARAT MARITIME BOARD, RAJKOT BOREWELL NEAR TSDF OF",Gujarat,29.0,30.0,2.0,2.4,8.0,8.1,1890.0,1910.0,1.6,1.8,0.25,0.34,2.0,2.0,2.0,2.0,,,,,29.5,0,2.2,0,8.05,1900.0,1.7000000000000002,0,0.29500000000000004,2.0,2.0,0,,0,,0
2019,3243,"ALANG, BHAVNAGAR BOREWELL OF GIDC, VARTEJ,",Gujarat,29.0,30.0,2.1,2.6,7.7,7.9,3080.0,3200.0,1.4,1.4,0.06,0.34,2.0,2.0,2.0,2.0,,,,,29.5,0,2.35,0,7.800000000000001,3140.0,1.4,0,0.2,2.0,2.0,0,,0,,0
2019,3244,BHAVNAGAR BOREWELL NEAR TSDF OF BHARUCH ENVIRO,Gujarat,29.0,29.0,5.1,5.1,6.8,6.8,4120.0,4120.0,0.6,0.6,0.31,0.31,2.0,2.0,2.0,2.0,,,,,29.0,0,5.1,0,6.8,4120.0,0.6,0,0.31,2.0,2.0,0,,0,,0
2019,3245,"INFRASTRUCTURE LIMITED, ANKLESHWAR, BHARUCH BOREWELL AT DHANGADHRA",Gujarat,41.0,41.0,3.8,3.8,7.0,7.0,5157.0,5157.0,0.8,0.8,1.2,1.2,2.0,2.0,2.0,2.0,,,,,41.0,0,3.8,0,7.0,5157.0,0.8,0,1.2,2.0,2.0,0,,0,,0
2019,3246,"SHANKAR TEKRI, NEAR DHANGADHRA CHEMICALS BOREWELL OF GIDC OFFICE,",Gujarat,28.0,28.0,,,7.2,7.7,1920.0,1950.0,,,0.3,0.33,,,,,,,,,28.0,0,,0,7.45,1935.0,,0,0.315,,,0,,0,,0
2019,3247,"NO. 3059, ROAD NO.6, NR. UDHYOGNAGAR, JAMNANGAR BOREWELL OF SHRI MAHAVIR METAL CRAFT PVT. LTD., PLOT",Gujarat,29.0,29.0,,,7.3,7.4,910.0,3020.0,,,0.28,1.49,,,,,,,,,29.0,0,,0,7.35,1965.0,,0,0.885,,,0,,0,,0
2019,4411,"KER SHIV SAI PARK, NEW MAHAVIR CIRCLE, PHASE-III, GIDC, DARED, JAMNAGAR BOREWELL OF MR. HITENDRABHAI LAKHMANBHAI",Gujarat,28.0,28.0,,,8.1,8.2,2210.0,2240.0,,,0.28,0.3,,,,,,,,,28.0,0,,0,8.149999999999999,2225.0,,0,0.29000000000000004,,,0,,0,,0
2019,4412,"SMASHAN ROAD, GANDHINAGAR BOREWELL OF SHRI KANKESHWAR MAHADEV",Gujarat,27.0,28.0,,,7.2,7.5,2850.0,3400.0,,,0.3,0.33,,,,,,,,,27.5,0,,0,7.35,3125.0,,0,0.315,,,0,,0,,0
2019,4413,"PARMAR, S. NO. 18 AT: VILLAGE B/W OF JASHWANTBHAI",Gujarat,25.0,32.0,1.5,1.7,7.9,8.0,1241.0,1764.0,0.5,0.5,0.38,0.44,2.0,2.0,,,,,,,28.5,0,1.6,0,7.95,1502.5,0.5,0,0.41000000000000003,2.0,,0,,0,,0
2019,4416,"BORE WELL AT VORAGAMDI KALAMSAR, TA KHAMBHAT",Gujarat,29.0,29.0,1.6,1.6,7.4,7.4,1248.0,1248.0,,,0.48,,2.0,2.0,,,,,,,29.0,0,1.6,0,7.4,1248.0,,0,,2.0,,0,,0,,0
2019,4422,"BORE WELL OF ITI COLLAGE OPP, M/S PALIWAL MILK AT MOTA",Gujarat,28.0,28.0,,,6.8,6.8,735.0,735.0,,,0.44,,2.0,2.0,,,,,,,28.0,0,,0,6.8,735.0,,0,,2.0,,0,,0,,0
2019,1555,"WELL AT KALA AMB,",Himachal Pradesh,,,,,7.4,7.8,644.0,805.0,0.2,0.3,0.12,1.26,2.0,2.0,2.0,2.0,,,,,,0,,0,7.6,724.5,0.25,0,0.69,2.0,2.0,0,,0,,0
2019,1556,WELL AT PAONTA SAHIB,Himachal Pradesh,,,,,7.5,7.9,581.0,728.0,0.1,0.1,0.15,1.89,2.0,2.0,2.0,2.0,,,,,,0,,0,7.7,654.5,0.1,0,1.02,2.0,2.0,0,,0,,0
2019,1557,WELL AT PARWANOO,Himachal Pradesh,,,,,7.6,7.6,991.0,991.0,0.1,0.1,0.08,0.08,,,,,,,,,,0,,0,7.6,991.0,0.1,0,0.08,,,0,,0,,0
2019,1559,GROUND WATER AT,Himachal Pradesh,23.0,26.0,,,7.5,8.3,500.0,1059.0,0.1,0.2,0.15,0.15,,,,,,,,,24.5,0,,0,7.9,779.5,0.15000000000000002,0,0.15,,,0,,0,,0
2019,1560,GROUND WATER AT NALAGARH BAROTIWALA,Himachal Pradesh,22.5,22.5,,,8.1,8.1,574.0,574.0,0.1,0.1,0.11,0.11,,,,,,,,,22.5,0,,0,8.1,574.0,0.1,0,0.11,,,0,,0,,0
2019,1561,GROUND WATER AT DAMTAL,Himachal Pradesh,16.0,22.0,0.0,0.0,7.8,7.9,542.0,1812.0,0.1,0.1,0.0,0.21,2.0,2.0,2.0,2.0,,,,,19.0,0,0.0,0,7.85,1177.0,0.1,0,0.105,2.0,2.0,0,,0,,0
2019,1562,WELL AT UNA,Himachal Pradesh,14.5,19.5,0.0,0.0,7.3,7.4,193.0,728.0,0.1,0.1,0.0,0.28,,,,,,,,,17.0,0,0.0,0,7.35,460.5,0.1,0,0.14,,,0,,0,,0
2019,1872,GROUND WATER AT SHIMLA D/S,Himachal Pradesh,8.0,25.0,5.1,8.0,7.1,8.5,434.0,39630.0,5.2,42.0,0.14,10.32,5.0,920.0,94.0,1600.0,,,,,16.5,0,6.55,0,7.8,20032.0,23.6,0,5.23,462.5,847.0,0,,0,,0
2019,1873,DHARAMSHALA KANGRA D/S OF OF MSW DUMPING SITE GROUND WATER AT,Himachal Pradesh,15.0,16.0,0.0,0.0,6.8,7.6,182.0,344.0,0.1,0.3,0.06,0.73,2.0,2.0,94.0,94.0,,,,,15.5,0,0.0,0,7.199999999999999,263.0,0.2,0,0.395,2.0,94.0,0,,0,,0
2019,1874,OF MSW DUMPING SITE MSW DUMPING SITE GROUND WATER AT SOLAN-D/S,Himachal Pradesh,22.0,22.0,2.0,9.2,7.0,8.3,267.0,771.0,0.1,0.6,0.0,1.39,2.0,17.0,2.0,41.0,,,,,22.0,0,5.6,1,7.65,519.0,0.35,0,0.695,9.5,21.5,0,,0,,0
2019,1877,SALOGRA GROUND WATER AT BADDI,Himachal Pradesh,22.0,25.5,,,7.1,8.1,916.0,1039.0,0.1,0.1,0.17,0.17,,,,,,,,,23.75,0,,0,7.6,977.5,0.1,0,0.17,,,0,,0,,0
2019,1878,INDUSTRIAL AREA GROUND WATER AT,Himachal Pradesh,21.5,21.5,,,7.1,7.1,690.0,690.0,0.1,0.1,0.11,0.11,,,,,,,,,21.5,0,,0,7.1,690.0,0.1,0,0.11,,,0,,0,,0
2019,1879,BAROTIWALA INDUSTRIAL AREA GROUND WATER AT NALAGARH,Himachal Pradesh,23.0,23.0,,,6.8,6.8,1278.0,1278.0,0.1,0.1,0.11,0.11,,,,,,,,,23.0,0,,0,6.8,1278.0,0.1,0,0.11,,,0,,0,,0
2019,1880,INDUSTRIAL AREA GROUND WATER AT KALA AMB,Himachal Pradesh,,,,,7.8,8.1,313.0,677.0,0.2,0.2,0.09,1.21,2.0,2.0,2.0,2.0,,,,,,0,,0,7.949999999999999,495.0,0.2,0,0.65,2.0,2.0,0,,0,,0
2019,1881,INDUSTRIAL AREA GROUND WATER AT PAONTA,Himachal Pradesh,,,,,7.3,7.9,663.0,847.0,0.1,0.2,0.17,1.82,2.0,2.0,2.0,2.0,,,,,,0,,0,7.6,755.0,0.15000000000000002,0,0.995,2.0,2.0,0,,0,,0
2019,1882,SAHIB INDUSTRIAL AREA GROUND WATER AT MEHATPUR,Himachal Pradesh,20.0,20.0,,,7.8,7.8,76.0,76.0,0.1,0.1,0.0,0.0,,,,,,,,,20.0,0,,0,7.8,76.0,0.1,0,0.0,,,0,,0,,0
2019,1883,INDUSTRIAL AREA GROUND WATER AT UNA,Himachal Pradesh,19.5,19.5,,,7.2,7.7,204.0,5860.0,0.1,0.1,0.0,0.36,,,,,,,,,19.5,0,,0,7.45,3032.0,0.1,0,0.18,,,0,,0,,0
2019,2628,HAND PUMP AT SHAMSHI INDUSTRIAL AREA,Himachal Pradesh,15.0,15.0,,,7.2,7.2,372.0,372.0,0.1,0.1,,,2.0,2.0,2.0,2.0,,,,,15.0,0,,0,7.2,372.0,0.1,0,,2.0,2.0,0,,0,,0
2019,2630,HAND PUMP AT HAMIRPUR,Himachal Pradesh,13.5,13.5,,,7.2,7.2,209.0,209.0,0.1,0.1,0.45,0.45,2.0,2.0,2.0,2.0,,,,,13.5,0,,0,7.2,209.0,0.1,0,0.45,2.0,2.0,0,,0,,0
2019,2631,HAND PUMP AT NADAUN TOWN,Himachal Pradesh,13.5,25.0,0.0,0.0,7.2,7.7,245.0,7240.0,0.1,0.1,0.0,0.36,,,,,,,,,19.25,0,0.0,0,7.45,3742.5,0.1,0,0.18,,,0,,0,,0
2019,2632,HAND PUMP AT BILASPUR,Himachal Pradesh,18.0,21.0,,,8.1,8.2,849.0,885.0,0.0,0.0,0.0,0.0,2.0,2.0,2.0,2.0,,,,,19.5,0,,0,8.149999999999999,867.0,0.0,0,0.0,2.0,2.0,0,,0,,0
2019,2633,HAND PUMP AT RECONGPEO TOWN,Himachal Pradesh,,,,,7.9,7.9,94.0,94.0,0.1,0.1,0.52,0.52,2.0,2.0,2.0,2.0,,,,,,0,,0,7.9,94.0,0.1,0,0.52,2.0,2.0,0,,0,,0
2019,2634,HAND PUMP AT SHIMLA,Himachal Pradesh,18.0,18.0,,,8.3,8.4,342.0,25530.0,0.1,0.2,0.21,1.64,2.0,2.0,2.0,2.0,,,,,18.0,0,,0,8.350000000000001,12936.0,0.15000000000000002,0,0.9249999999999999,2.0,2.0,0,,0,,0
2019,2635,HAND PUMP AT RAMPUR,Himachal Pradesh,,,,,7.5,8.1,97.0,2865.0,0.2,0.4,0.51,0.72,2.0,2.0,2.0,2.0,,,,,,0,,0,7.8,1481.0,0.30000000000000004,0,0.615,2.0,2.0,0,,0,,0
2019,2637,HAND PUMP AT JWALAJI,Himachal Pradesh,0.0,0.0,0.0,0.0,7.2,7.7,188.0,1080.0,0.1,0.1,0.0,0.09,,,,,,,,,0.0,0,0.0,0,7.45,634.0,0.1,0,0.045,,,0,,0,,0
2019,2638,TEMPLE HAND PUMP AT CHINTPURNI,Himachal Pradesh,0.0,0.0,0.0,0.0,8.2,8.2,482.0,482.0,0.1,0.1,0.09,0.09,,,,,,,,,0.0,0,0.0,0,8.2,482.0,0.1,0,0.09,,,0,,0,,0
2019,2639,TEMPLE/ TOWN HAND PUMP AT CHAMUNDA,Himachal Pradesh,16.0,16.0,,,7.5,7.8,150.0,152.0,0.1,0.1,0.0,0.06,,,,,,,,,16.0,0,,0,7.65,151.0,0.1,0,0.03,,,0,,0,,0
2019,2640,DEVI TEMPLE/ TOWN HAND PUMP AT SANSARPUR,Himachal Pradesh,,,,,7.2,7.2,197.0,197.0,0.1,0.1,0.44,0.44,2.0,2.0,79.0,79.0,,,,,,0,,0,7.2,197.0,0.1,0,0.44,2.0,79.0,0,,0,,0
2019,2644,HAND PUMP AT PARWANOO IA TERRACE IA,Himachal Pradesh,18.0,18.0,3.1,3.1,7.3,7.6,397.0,863.0,0.1,0.2,0.0,0.04,21.0,21.0,46.0,46.0,,,,,18.0,0,3.1,0,7.449999999999999,630.0,0.15000000000000002,0,0.02,21.0,46.0,0,,0,,0
2019,2645,HAND PUMP AT NAHAN,Himachal Pradesh,,,,,7.0,8.0,593.0,1155.0,0.1,0.3,0.1,1.37,2.0,2.0,2.0,2.0,,,,,,0,,0,7.5,874.0,0.2,0,0.7350000000000001,2.0,2.0,0,,0,,0
2019,2646,HAND PUMP AT KALA AMB,Himachal Pradesh,,,,,7.4,7.8,726.0,864.0,0.2,0.2,0.11,2.41,2.0,2.0,2.0,2.0,,,,,,0,,0,7.6,795.0,0.2,0,1.26,2.0,2.0,0,,0,,0
2019,2647,HAND PUMP AT TAHLIWAL IA,Himachal Pradesh,14.0,21.0,,,6.8,7.2,212.0,5350.0,0.1,0.1,0.0,0.42,,,,,,,,,17.5,0,,0,7.0,2781.0,0.1,0,0.21,,,0,,0,,0
2019,2648,HAND PUMP AT KEYLONG,Himachal Pradesh,9.0,9.0,,,7.8,7.8,365.0,365.0,,,,,2.0,2.0,2.0,2.0,,,,,9.0,0,,0,7.8,365.0,,0,,2.0,2.0,0,,0,,0
2019,4434,BOREWELL OF DIC UNA AT IA,Himachal Pradesh,19.5,19.5,0.0,0.0,7.9,7.9,377.0,377.0,0.1,0.1,0.0,0.0,,,,,,,,,19.5,0,0.0,0,7.9,377.0,0.1,0,0.0,,,0,,0,,0
2019,4478,"JEETPUR BEHRI INFTING WATER SUPLY SCHEME SAMSHI, NEAR SABJI MANDI",Himachal Pradesh,12.0,12.0,11.2,11.2,7.7,7.7,78.0,78.0,0.1,0.1,,,13.0,13.0,120.0,120.0,,,,,12.0,0,11.2,1,7.7,78.0,0.1,0,,13.0,120.0,0,,0,,0
2019,4483,"BHUNTAR, TEHSIL KULLU, DISTT KULLU GROUND WATER SUPPLY",Himachal Pradesh,18.0,18.0,6.1,6.1,7.6,7.6,760.0,760.0,0.1,0.1,0.0,0.0,,,,,,,,,18.0,0,6.1,0,7.6,760.0,0.1,0,0.0,,,0,,0,,0
2019,4758,"OF RAJENDRA SINGH MUNDA, GOVT. HANDPUMP NEAR HOUSE",Jharkhand,13.0,28.0,6.0,7.9,6.5,7.6,,,0.0,0.0,,,,,,,,,,,20.5,0,6.95,0,7.05,,0.0,0,,,,0,,0,,0
2019,3564,MANGALIJYOTHI SCHOOL MSW KOKRANA MURI BOREWELL WATER NEAR,Karnataka,27.0,28.0,2.7,5.7,6.9,7.2,144.0,194.0,3.0,3.0,1.08,1.22,2.0,2.0,2.0,9.0,,,,,27.5,0,4.2,0,7.050000000000001,169.0,3.0,0,1.15,2.0,5.5,0,,0,,0
2019,4093,"(P), KIADB IND GROWTH SITE VAMMANJOOR M/S SUGURESHWARA IND, 196",Karnataka,30.0,30.0,5.0,5.0,7.4,7.4,4363.0,4363.0,8.8,8.8,,,,,,,,,,,30.0,0,5.0,0,7.4,4363.0,8.8,0,,,,0,,0,,0
2019,19,"WELL AT ALWAYE, KERALA",Kerala,27.0,28.0,5.9,6.2,140.0,145.0,0.2,0.2,0.02,0.21,340.0,700.0,490.0,1700.0,,,,,,,27.5,0,6.050000000000001,0,142.5,0.2,0.11499999999999999,0,520.0,1095.0,,0,,0,,0
2019,22,"WELL AT CHUNGAPALLY, KERALA",Kerala,27.0,27.0,6.4,6.8,66.0,123.0,0.2,0.5,0.6,2.6,81.0,630.0,170.0,1000.0,,,,,,,27.0,0,6.6,0,94.5,0.35,1.6,0,355.5,585.0,,0,,0,,0
2019,35,"WELL AT PUNALUR, KERALA",Kerala,23.0,23.0,5.8,6.9,148.0,154.0,1.0,1.0,0.48,0.58,10.0,26.0,60.0,79.0,,,,,,,23.0,0,6.35,0,151.0,1.0,0.53,0,18.0,69.5,,0,,0,,0
2019,1581,"THIRUVANANTHAPURAM, WELL AT PAPPANAMKODE,",Kerala,30.0,36.0,4.5,5.7,152.0,152.0,0.9,3.4,0.01,0.2,100.0,200.0,310.0,400.0,,,,,,,33.0,0,5.1,0,152.0,2.15,0.10500000000000001,0,150.0,355.0,,0,,0,,0
2019,1582,"THIRUVANANTHAPURAM, WELL AT NEDUMANGAD,",Kerala,32.0,33.0,5.7,6.2,155.0,178.0,1.0,4.1,0.02,0.1,100.0,100.0,300.0,400.0,,,,,,,32.5,0,5.95,0,166.5,2.55,0.060000000000000005,0,100.0,350.0,,0,,0,,0
2019,1583,"WELL AT KUNDARA, KOLLAM",Kerala,22.0,23.0,6.5,6.7,156.0,166.0,1.2,1.2,0.52,0.62,20.0,48.0,70.0,100.0,,,,,,,22.5,0,6.6,0,161.0,1.2,0.5700000000000001,0,34.0,85.0,,0,,0,,0
2019,1584,"DISTT. , KERALA WELL AT CHERTHALA, ALLEPPY,",Kerala,26.0,28.0,6.8,6.9,299.0,412.0,1.1,1.7,0.01,0.03,10.0,280.0,100.0,790.0,,,,,,,27.0,0,6.85,0,355.5,1.4,0.02,0,145.0,445.0,,0,,0,,0
2019,1585,"WELL AT VYTTILA, ERNAKULAM",Kerala,28.0,29.0,7.5,7.7,277.0,520.0,0.2,1.4,0.06,0.8,100.0,1200.0,240.0,2300.0,,,,,,,28.5,0,7.6,0,398.5,0.7999999999999999,0.43000000000000005,0,650.0,1270.0,,0,,0,,0
2019,1586,"DISTT. , KERALA WELL AT EDAYAR ERNAKULAM",Kerala,28.0,28.0,6.2,6.5,244.0,352.0,0.2,1.1,0.03,0.05,270.0,6300.0,700.0,7900.0,,,,,,,28.0,0,6.35,0,298.0,0.65,0.04,0,3285.0,4300.0,,0,,0,,0
2019,1587,"DISTT., KERALA WELL AT KALAMASSERY",Kerala,28.0,30.0,6.2,7.0,268.0,340.0,0.2,0.2,0.02,0.03,100.0,240.0,540.0,540.0,,,,,,,29.0,0,6.6,0,304.0,0.2,0.025,0,170.0,540.0,,0,,0,,0
2019,1588,"ERNAKULAM DISTT. , KERALA WELL AT PUNKUNNAM TRISSUR",Kerala,22.0,26.0,6.0,6.3,160.0,267.0,0.9,1.1,0.01,0.5,100.0,280.0,310.0,2000.0,,,,,,,24.0,0,6.15,0,213.5,1.0,0.255,0,190.0,1155.0,,0,,0,,0
2019,1589,"WELL AT MALAPURAM , KERALA DISTT. , KERALA",Kerala,21.0,30.0,6.5,7.6,332.0,730.0,0.6,1.6,0.25,1.6,10.0,34.0,24.0,84.0,,,,,,,25.5,0,7.05,0,531.0,1.1,0.925,0,22.0,54.0,,0,,0,,0
2019,1590,"WELL AT MAVOOR, KOZHIKKODE",Kerala,24.0,28.0,6.4,6.6,92.0,103.0,0.1,0.2,1.58,5.0,120.0,150.0,220.0,260.0,,,,,,,26.0,0,6.5,0,97.5,0.15000000000000002,3.29,0,135.0,240.0,,0,,0,,0
2019,1591,"(MUNICIPALITY) KANNUR DISTT. , KERALA WELL AT KANNUR",Kerala,24.0,30.0,4.6,6.7,116.0,119.0,0.3,1.2,0.25,0.58,20.0,21.0,100.0,150.0,,,,,,,27.0,0,5.65,0,117.5,0.75,0.415,0,20.5,125.0,,0,,0,,0
2019,1592,"DISTTM , KERALA WELL AT PAYYANNUR, KANNUR",Kerala,27.0,28.0,6.6,6.6,328.0,359.0,0.9,2.3,0.43,0.54,17.0,32.0,100.0,150.0,,,,,,,27.5,0,6.6,0,343.5,1.5999999999999999,0.485,0,24.5,125.0,,0,,0,,0
2019,2308,"DISTT. , KERALA WELL AT FATHIMAPURAM",Kerala,28.0,30.0,7.0,7.3,197.0,247.0,0.6,1.0,0.03,0.81,280.0,2000.0,540.0,4100.0,,,,,,,29.0,0,7.15,0,222.0,0.8,0.42000000000000004,0,1140.0,2320.0,,0,,0,,0
2019,2309,WELL AT KAROOR (PALA) (CHANGANASSERY),Kerala,29.0,30.0,7.1,7.5,76.0,304.0,0.1,0.6,0.01,0.13,2.0,1800.0,49.0,3600.0,,,,,,,29.5,0,7.3,0,190.0,0.35,0.07,0,901.0,1824.5,,0,,0,,0
2019,2310,WELL AT VAIKOM,Kerala,29.0,31.0,6.6,6.8,91.0,198.0,0.2,0.3,0.08,0.23,49.0,1300.0,140.0,2400.0,,,,,,,30.0,0,6.699999999999999,0,144.5,0.25,0.155,0,674.5,1270.0,,0,,0,,0
2019,2311,WELL AT VADAVATHOOR,Kerala,29.0,30.0,6.6,6.7,103.0,160.0,0.3,0.4,0.02,0.92,280.0,2400.0,600.0,4900.0,,,,,,,29.5,0,6.65,0,131.5,0.35,0.47000000000000003,0,1340.0,2750.0,,0,,0,,0
2019,2313,"(KOTTAYAM) WELL AT SARVODAPURAM,",Kerala,26.0,28.0,7.5,7.6,268.0,485.0,1.2,1.2,0.01,0.02,49.0,200.0,100.0,400.0,,,,,,,27.0,0,7.55,0,376.5,1.2,0.015,0,124.5,250.0,,0,,0,,0
2019,2314,WELL AT KUREEPUZHA (KOLLAM) ALAPPUZHA,Kerala,22.0,25.0,6.8,6.9,176.0,210.0,1.1,1.4,0.56,0.92,27.0,79.0,84.0,140.0,,,,,,,23.5,0,6.85,0,193.0,1.25,0.74,0,53.0,112.0,,0,,0,,0
2019,2315,WELL AT K.M.M.L. (KOLLAM),Kerala,22.0,24.0,7.5,7.6,220.0,234.0,1.0,1.6,0.58,0.89,60.0,60.0,110.0,110.0,,,,,,,23.0,0,7.55,0,227.0,1.3,0.735,0,60.0,110.0,,0,,0,,0
2019,2316,WELL AT CHELLORA TRENCHING,Kerala,26.0,34.0,5.1,6.9,54.0,140.0,1.8,2.9,0.05,0.51,20.0,40.0,100.0,460.0,,,,,,,30.0,0,6.0,0,97.0,2.35,0.28,0,30.0,280.0,,0,,0,,0
2019,2317,GROUND (KANNUR) WELL AT PUNNALPETTIPPALAM,Kerala,26.0,32.0,5.5,5.9,280.0,308.0,0.9,1.3,0.17,0.26,4.0,10.0,20.0,60.0,,,,,,,29.0,0,5.7,0,294.0,1.1,0.21500000000000002,0,7.0,40.0,,0,,0,,0
2019,2320,WELL AT MANJERI (TELLICHERRY MUNICIPALITY,Kerala,21.0,30.0,6.3,7.3,236.0,256.0,0.5,1.6,0.15,1.25,10.0,38.0,18.0,70.0,,,,,,,25.5,0,6.8,0,246.0,1.05,0.7,0,24.0,44.0,,0,,0,,0
2019,2321,WELL AT LALOOR (THRISSUR),Kerala,22.0,27.0,5.9,6.1,180.0,264.0,0.4,0.7,0.0,1.89,10.0,10.0,100.0,400.0,,,,,,,24.5,0,6.0,0,222.0,0.55,0.945,0,10.0,250.0,,0,,0,,0
2019,2322,WELL AT OLLUR (THRISSUR),Kerala,24.0,28.0,5.0,5.8,130.0,140.0,0.8,1.2,0.04,0.84,10.0,100.0,200.0,1000.0,,,,,,,26.0,0,5.4,0,135.0,1.0,0.44,0,55.0,600.0,,0,,0,,0
2019,2323,M.S.W. DUMPARK WELL AT BRAHMAPURAM,Kerala,27.0,29.0,6.5,6.9,174.0,218.0,0.3,0.6,0.02,0.29,480.0,1000.0,700.0,2200.0,,,,,,,28.0,0,6.7,0,196.0,0.44999999999999996,0.155,0,740.0,1450.0,,0,,0,,0
2019,2324,(ERNAKULAM) WELL AT HAZARDOUS WASTE,Kerala,28.0,28.0,5.6,6.1,66.0,96.0,0.3,1.2,0.01,0.56,2.0,120.0,10.0,230.0,,,,,,,28.0,0,5.85,0,81.0,0.75,0.28500000000000003,0,61.0,120.0,,0,,0,,0
2019,2327,WELL AT KARUKAMANI DUMP (AMBALAMUGHAL),Kerala,27.0,29.0,7.2,8.0,768.0,770.0,0.5,1.4,0.41,0.83,10.0,10.0,29.0,550.0,,,,,,,28.0,0,7.6,0,769.0,0.95,0.62,0,10.0,289.5,,0,,0,,0
2019,3463,"WELL AT VELLIPARAMBA,",Kerala,26.0,28.0,5.2,6.2,80.0,99.0,0.3,0.7,2.78,5.5,210.0,4600.0,540.0,8400.0,,,,,,,27.0,0,5.7,0,89.5,0.5,4.14,0,2405.0,4470.0,,0,,0,,0
2019,3472,KOZHEKODE WELL OF TEMPLE,Kerala,26.0,28.0,7.0,8.0,612.0,11750.0,0.9,1.0,0.13,0.85,10.0,10.0,60.0,100.0,,,,,,,27.0,0,7.5,0,6181.0,0.95,0.49,0,10.0,80.0,,0,,0,,0
2019,3474,"WELL AT PAYANOOR, KANNUR PARASSINIKADAVU, KANNUR",Kerala,27.0,28.0,6.9,6.9,148.0,239.0,1.1,2.5,0.01,0.07,21.0,40.0,100.0,120.0,,,,,,,27.5,0,6.9,0,193.5,1.8,0.04,0,30.5,110.0,,0,,0,,0
2019,3475,"WELL AT KARIMBAM, KANNUR",Kerala,26.0,27.0,4.6,4.9,67.0,96.0,1.6,2.0,0.04,0.34,4.0,40.0,49.0,350.0,,,,,,,26.5,0,4.75,0,81.5,1.8,0.19,0,22.0,199.5,,0,,0,,0
2019,52,"KHAN S/O JABBAR KHAN, WELL, SHRI RAO PRAJAPATI WELL , M. P.(T/W OF HANIF",Madhya Pradesh,24.0,24.0,4.5,4.5,7.6,7.6,962.0,962.0,1.0,1.0,3.69,3.69,2.0,2.0,81.0,81.0,,,,,24.0,0,4.5,0,7.6,962.0,1.0,0,3.69,2.0,81.0,0,,0,,0
2019,1616,"INDUSTRIAL AREA, AMRAWATI ROAD, BURHANPUR ) OPEN WELL/TUBE WELL",Madhya Pradesh,27.0,27.0,,,7.2,7.2,366.0,366.0,0.8,0.8,1.0,1.0,,,40.0,40.0,,,,,27.0,0,,0,7.2,366.0,0.8,0,1.0,,40.0,0,,0,,0
2019,1617,"INDUSTRIAL AREA MANDIDEEP, GOVINDPURA, BHOPAL, M.P OPEN WELL/TUBE WELL",Madhya Pradesh,28.0,28.0,,,8.0,8.0,264.0,264.0,0.8,0.8,1.5,1.5,,,94.0,94.0,,,,,28.0,0,,0,8.0,264.0,0.8,0,1.5,,94.0,0,,0,,0
2019,1618,"TWO POINTS IN INDUSTRIAL DISTT. RAISEN, M.P GROUND WATER SAMPLING AT",Madhya Pradesh,26.0,26.0,,,7.3,7.3,2600.0,2600.0,,,0.4,0.4,2.0,2.0,14.0,14.0,,,,,26.0,0,,0,7.3,2600.0,,0,0.4,2.0,14.0,0,,0,,0
2019,1619,"TWO POINTS IN INDUSTRIAL AREA MALANPUR, M.P GROUND WATER SAMPLING AT",Madhya Pradesh,26.0,26.0,,,7.3,7.3,2539.0,2539.0,,,0.4,0.4,2.0,2.0,13.0,13.0,,,,,26.0,0,,0,7.3,2539.0,,0,0.4,2.0,13.0,0,,0,,0
2019,1897,"TAPTI RIVER BRIDGE, PUMPING AREA MALANPUR, M.P TUBE WELL AT JAINABAD, NEAR",Madhya Pradesh,24.0,27.0,4.2,4.6,7.4,7.8,789.0,860.0,0.9,0.9,2.67,3.18,2.0,2.0,5.0,6.0,,,,,25.5,0,4.4,0,7.6,824.5,0.9,0,2.925,2.0,5.5,0,,0,,0
2019,2143,"WELL AT KATHODA, JABALPUR STN. BURHANPUR, M.P.",Madhya Pradesh,21.1,21.1,,,7.1,7.5,310.0,692.0,0.5,0.5,0.4,1.2,2.0,2.0,2.0,2.0,,,,,21.1,0,,0,7.3,501.0,0.5,0,0.8,2.0,2.0,0,,0,,0
2019,2144,"WELL AT MADAI GRAM,",Madhya Pradesh,21.2,21.2,,,7.1,7.2,379.0,529.0,0.5,0.5,0.34,1.1,2.0,2.0,2.0,2.0,,,,,21.2,0,,0,7.15,454.0,0.5,0,0.7200000000000001,2.0,2.0,0,,0,,0
2019,2145,"WELL AT MEHATWAS, NAGDA JABALPUR",Madhya Pradesh,24.0,24.0,,,7.5,7.6,1210.0,1620.0,1.2,2.0,3.69,4.49,2.0,2.0,10.0,10.0,,,,,24.0,0,,0,7.55,1415.0,1.6,0,4.09,2.0,10.0,0,,0,,0
2019,2146,"WELL AT BHAGATPURI VILLAGE,",Madhya Pradesh,,,,,7.6,7.6,2846.0,2846.0,1.0,1.0,8.12,8.12,2.0,2.0,8.0,8.0,,,,,,0,,0,7.6,2846.0,1.0,0,8.12,2.0,8.0,0,,0,,0
2019,2147,"NAGDA WELL AT PRATAL NAGAR,",Madhya Pradesh,23.0,23.0,,,7.9,7.9,2670.0,2670.0,2.0,2.0,0.82,0.82,,,,,,,,,23.0,0,,0,7.9,2670.0,2.0,0,0.82,,,0,,0,,0
2019,2148,"WELL AT DOSIGAON, RATLAM DEWAS",Madhya Pradesh,24.0,24.0,,,7.2,7.2,2562.0,2730.0,1.0,2.8,4.87,6.32,2.0,2.0,10.0,10.0,,,,,24.0,0,,0,7.2,2646.0,1.9,0,5.595000000000001,2.0,10.0,0,,0,,0
2019,2149,WELL AT CULVERT ON A.B.,Madhya Pradesh,,,,,7.6,7.6,,,2.0,2.0,6.69,6.69,,,,,,,,,,0,,0,7.6,,2.0,0,6.69,,,0,,0,,0
2019,2150,"NEAR GARDEN, DEV GURADIYA ROAD, MAKSI WELL AT TRENCHING GROUND,",Madhya Pradesh,24.0,28.0,4.9,5.2,7.1,7.6,1289.0,1489.0,0.6,1.1,2.9,4.2,2.0,2.0,8.0,55.0,,,,,26.0,0,5.050000000000001,0,7.35,1389.0,0.8500000000000001,0,3.55,2.0,31.5,0,,0,,0
2019,2151,WELL AT TRENCHING GROUND IN THE PREMISES OF M/S,Madhya Pradesh,24.0,28.0,4.2,5.4,7.5,7.8,166.0,2024.0,1.0,1.1,4.07,5.11,2.0,2.0,2.0,83.0,,,,,26.0,0,4.800000000000001,0,7.65,1095.0,1.05,0,4.59,2.0,42.5,0,,0,,0
2019,2152,"IN THE PREMISES OF M/S RISHABH MASALA UDYOG, INDORE WELL AT TRENCHING GROUND",Madhya Pradesh,24.0,28.0,4.5,5.4,7.0,8.0,1556.0,1688.0,0.8,1.0,3.58,4.04,2.0,2.0,5.0,5.0,,,,,26.0,0,4.95,0,7.5,1622.0,0.9,0,3.81,2.0,5.0,0,,0,,0
2019,2153,"LAKHANI FOOT WEAR, INDORE WELL AT IBRAHIMGANJ NEAR",Madhya Pradesh,27.0,27.0,,,7.2,7.2,269.0,269.0,9.6,9.6,,,,,,,,,,,27.0,0,,0,7.2,269.0,9.6,0,,,,0,,0,,0
2019,2154,"BUS STAND, BHOPAL WELL AT NEAR PRIMARY",Madhya Pradesh,24.0,27.0,,,7.0,8.2,535.0,2040.0,,,0.6,0.86,,,,,,,,,25.5,0,,0,7.6,1287.5,,0,0.73,,,0,,0,,0
2019,3332,"SCHOOL, PILUKHEDI, RAJGARH. TUBE WELL/ HAND PUMP AT",Madhya Pradesh,21.0,26.0,,,7.1,8.3,1864.0,3467.0,1.0,2.0,4.21,8.82,,,,,,,,,23.5,0,,0,7.7,2665.5,1.5,0,6.515000000000001,,,0,,0,,0
2019,3333,"INDUSTRIAL AREA, DEWAS HAND PUMP WATER AT",Madhya Pradesh,27.0,27.0,,,8.1,8.1,2148.0,2148.0,0.7,0.7,1.5,1.5,2.0,2.0,33.0,33.0,,,,,27.0,0,,0,8.1,2148.0,0.7,0,1.5,2.0,33.0,0,,0,,0
2019,3334,"BANSKHEDI, BHOPAL TUBE WELL NEAR BUS STAND AT",Madhya Pradesh,,,,,6.9,6.9,781.0,781.0,1.1,1.1,0.46,0.46,2.0,2.0,150.0,150.0,,,,,,0,,0,6.9,781.0,1.1,0,0.46,2.0,150.0,0,,0,,0
2019,3335,"INDUSTRIAL AREA RECHHAI, BETUL TUBE WELL/ HAND PUMP AT",Madhya Pradesh,18.5,22.0,,,7.4,8.5,360.0,592.0,0.2,0.2,1.0,1.0,2.0,2.0,2.0,2.0,,,,,20.25,0,,0,7.95,476.0,0.2,0,1.0,2.0,2.0,0,,0,,0
2019,3336,"INDUSTRIAL AREA, JABALPUR TUBE WELL/ HAND PUMP AT",Madhya Pradesh,,,,,7.3,7.3,570.0,570.0,,,,,3.0,3.0,11.0,11.0,,,,,,0,,0,7.3,570.0,,0,,3.0,11.0,0,,0,,0
2019,3337,INDL AREA SEONI NEAR CHHINDWARA TUBE WELL/ HAND PUMP AT,Madhya Pradesh,24.8,24.8,,,7.2,7.5,360.0,821.0,0.4,0.4,1.2,1.2,2.0,2.0,2.0,2.0,,,,,24.8,0,,0,7.35,590.5,0.4,0,1.2,2.0,2.0,0,,0,,0
2019,3338,"BHAWAN, VILLAGE TINAWALI BARAPATTHAR HAND PUMP NEAR PANCHAYAT",Madhya Pradesh,26.0,26.0,,,7.6,7.6,772.0,772.0,,,1.2,1.2,2.0,2.0,12.0,12.0,,,,,26.0,0,,0,7.6,772.0,,0,1.2,2.0,12.0,0,,0,,0
2019,3339,"MANGLIA INDUSTRIAL AREA , RAIRU TUBE WELL/ HAND PUMP NEAR",Madhya Pradesh,24.0,24.0,4.4,4.4,8.0,8.0,786.0,786.0,0.8,0.8,3.14,3.14,2.0,2.0,5.0,5.0,,,,,24.0,0,4.4,0,8.0,786.0,0.8,0,3.14,2.0,5.0,0,,0,,0
2019,3340,INDORE TUBE WELL AT NEAR TRENCHING,Madhya Pradesh,24.0,24.0,4.9,4.9,7.0,7.0,1338.0,1338.0,0.8,0.8,3.73,3.73,2.0,2.0,12.0,12.0,,,,,24.0,0,4.9,0,7.0,1338.0,0.8,0,3.73,2.0,12.0,0,,0,,0
2019,3341,"GROUND, INDORE TUBE WELL AT SECTOR-III,",Madhya Pradesh,24.0,28.0,3.2,3.9,7.7,8.0,1130.0,1585.0,0.8,1.1,2.93,3.67,2.0,2.0,3.0,11.0,,,,,26.0,0,3.55,0,7.85,1357.5,0.9500000000000001,0,3.3,2.0,7.0,0,,0,,0
2019,3342,"TARPUR, SECTOR-II, PITHAMPUR INDUSTRIAL AREA BOREWELL WATER AT VILLAGE",Madhya Pradesh,24.0,28.0,4.4,4.6,6.8,8.5,465.0,949.0,0.8,0.9,2.81,3.15,2.0,2.0,5.0,8.0,,,,,26.0,0,4.5,0,7.65,707.0,0.8500000000000001,0,2.98,2.0,6.5,0,,0,,0
2019,3343,"AREA UDYOG VIHAR , CHURAT, TUBE WELL NEAR INDUSTRIAL",Madhya Pradesh,28.9,28.9,4.6,4.6,6.9,6.9,1425.0,1425.0,1.0,1.0,3.83,3.83,2.0,2.0,6.0,6.0,,,,,28.9,0,4.6,0,6.9,1425.0,1.0,0,3.83,2.0,6.0,0,,0,,0
2019,3822,REWA GROUND WATER NEAR BUS,Madhya Pradesh,22.0,22.0,,,7.6,8.1,330.0,1369.0,1.2,1.2,1.33,1.33,2.0,2.0,25.0,25.0,,,,,22.0,0,,0,7.85,849.5,1.2,0,1.33,2.0,25.0,0,,0,,0
2019,3823,"STAND, DIST NARSINGPUR GROUND WATER NEAR BUS",Madhya Pradesh,21.7,21.7,,,7.3,7.4,468.0,588.0,0.3,0.3,1.0,1.0,2.0,2.0,2.0,2.0,,,,,21.7,0,,0,7.35,528.0,0.3,0,1.0,2.0,2.0,0,,0,,0
2019,3824,"BHEEMJORI, MALAJKH, DIST STAND, DIST BALAGHAT GROUND WATER VILL",Madhya Pradesh,22.0,22.0,,,7.5,8.3,115.0,814.0,0.2,0.2,1.0,1.0,2.0,2.0,2.0,2.0,,,,,22.0,0,,0,7.9,464.5,0.2,0,1.0,2.0,2.0,0,,0,,0
2019,3825,BALAGHAT GROUND WATER NEAR BUS,Madhya Pradesh,25.0,25.0,,,7.3,7.5,330.0,516.0,0.6,0.6,1.2,1.2,2.0,2.0,2.0,2.0,,,,,25.0,0,,0,7.4,423.0,0.6,0,1.2,2.0,2.0,0,,0,,0
2019,3826,"STAND, DIST MANDLA GROUND WATER NEAR BUS",Madhya Pradesh,25.0,25.0,,,7.1,7.5,330.0,686.0,0.4,0.4,1.2,1.2,2.0,2.0,2.0,2.0,,,,,25.0,0,,0,7.3,508.0,0.4,0,1.2,2.0,2.0,0,,0,,0
2019,3827,"STAND, DIST SEONI GROUND WATER VILL IMALIA,",Madhya Pradesh,25.5,25.5,,,7.2,7.3,356.0,624.0,0.5,0.5,1.2,1.2,2.0,2.0,2.0,2.0,,,,,25.5,0,,0,7.25,490.0,0.5,0,1.2,2.0,2.0,0,,0,,0
2019,3837,"SCHOOL DHOBI GHAT, DIST DIST JABALPUR GROUND WATER PRIMARY",Madhya Pradesh,28.0,28.0,,,7.5,7.6,550.0,560.0,,,1.56,1.56,,,,,,,,,28.0,0,,0,7.55,555.0,,0,1.56,,,0,,0,,0
2019,3838,"JINGURDHA, QSHF-176 METENCE SINGROULI GROUND WATER NCL,",Madhya Pradesh,27.5,28.0,,,7.5,7.8,660.0,670.0,,,,,,,,,,,,,27.75,0,,0,7.65,665.0,,0,,,,0,,0,,0
2019,3839,"MANDIR, AMLORI NCL, PROJECT OFF, DIST SINGROULI GROUND WATER NEAR SHIV",Madhya Pradesh,27.0,28.0,,,7.5,7.6,710.0,720.0,,,0.09,0.13,,,,,,,,,27.5,0,,0,7.55,715.0,,0,0.11,,,0,,0,,0
2019,3840,MANDI NCL JAYANT (BESIDE SINGROULI GROUND WATER NEAR SUBJEE,Madhya Pradesh,27.0,28.5,,,7.5,7.5,260.0,270.0,,,0.17,0.2,,,,,,,,,27.75,0,,0,7.5,265.0,,0,0.185,,,0,,0,,0
2019,3841,"RAJA COLONY JAYANT, POLICE STATION), SINGROULI GROUND WATER SARVESWAR",Madhya Pradesh,28.0,28.5,,,7.5,7.6,400.0,410.0,,,2.62,2.63,,,,,,,,,28.25,0,,0,7.55,405.0,,0,2.625,,,0,,0,,0
2019,3842,"STATION SECTOR-B, DUDHICHUA SINGROULI GROUND WATER NEAR SUB",Madhya Pradesh,27.0,28.0,,,7.5,7.8,410.0,420.0,,,0.11,0.16,,,,,,,,,27.5,0,,0,7.65,415.0,,0,0.135,,,0,,0,,0
2019,3843,"NCL PROJECT, SINGROULI GROUND WATER NEAR ENTRANCE GAGE OF",Madhya Pradesh,28.0,28.5,,,7.5,7.6,420.0,430.0,,,0.13,0.19,,,,,,,,,28.25,0,,0,7.55,425.0,,0,0.16,,,0,,0,,0
2019,1984,"INDL. ESTATE TARAPUR,",Maharashtra,37.0,37.0,4.8,4.8,8.1,8.1,582.0,582.0,4.8,4.8,6.11,6.11,33.0,33.0,220.0,220.0,,,,,37.0,0,4.8,0,8.1,582.0,4.8,0,6.11,33.0,220.0,0,,0,,0
2019,1985,"KASHIMIRA,BHAYANDER, THANE PALGHAR, THANE",Maharashtra,39.0,39.0,5.4,5.4,7.4,7.4,1280.0,1280.0,5.3,5.3,8.34,8.34,38.0,38.0,210.0,210.0,,,,,39.0,0,5.4,0,7.4,1280.0,5.3,0,8.34,38.0,210.0,0,,0,,0
2019,1986,"MOTAPADA,DAHANU, THANE",Maharashtra,15.0,15.0,6.1,6.1,8.4,8.4,546.0,546.0,4.2,4.2,0.6,0.6,17.0,17.0,70.0,70.0,,,,,15.0,0,6.1,0,8.4,546.0,4.2,0,0.6,17.0,70.0,0,,0,,0
2019,1987,"GOKHIWARE,VASAI, THANE",Maharashtra,38.0,38.0,5.8,5.8,8.2,8.2,540.0,540.0,3.8,3.8,8.71,8.71,31.0,31.0,150.0,150.0,,,,,38.0,0,5.8,0,8.2,540.0,3.8,0,8.71,31.0,150.0,0,,0,,0
2019,1988,"GHARATWADI,ALIYALI,PALGHAR,",Maharashtra,19.0,19.0,5.3,5.3,8.5,8.5,566.0,566.0,5.4,5.4,0.57,0.57,34.0,34.0,240.0,240.0,,,,,19.0,0,5.3,0,8.5,566.0,5.4,0,0.57,34.0,240.0,0,,0,,0
2019,1989,"KARAWALA,TALOJA,PANVEL, THANE MSW SITE,",Maharashtra,39.0,39.0,3.0,3.0,8.1,8.1,798.0,798.0,7.8,7.8,1.65,1.65,33.0,33.0,220.0,220.0,,,,,39.0,0,3.0,0,8.1,798.0,7.8,0,1.65,33.0,220.0,0,,0,,0
2019,1990,"RAIGAD BMW SITE, BURUDGAON,",Maharashtra,24.0,24.0,,,7.3,7.3,652.0,652.0,10.5,10.5,3.1,3.1,120.0,120.0,1800.0,1800.0,,,,,24.0,0,,0,7.3,652.0,10.5,0,3.1,120.0,1800.0,0,,0,,0
2019,1993,"AHMEDNAGAR PHANDARPUR, GANGAPUR,",Maharashtra,36.0,36.0,6.8,6.8,7.5,7.5,20350.0,20350.0,2.6,2.6,3.72,3.72,6.0,6.0,48.0,48.0,,,,,36.0,0,6.8,0,7.5,20350.0,2.6,0,3.72,6.0,48.0,0,,0,,0
2019,1994,"TPS-DURGAPUR, CHANDRAPUR AURANGABAD",Maharashtra,19.0,19.0,6.4,6.4,7.7,7.7,208.0,208.0,3.2,3.2,0.54,0.54,2.0,2.0,170.0,170.0,,,,,19.0,0,6.4,0,7.7,208.0,3.2,0,0.54,2.0,170.0,0,,0,,0
2019,1998,"BRHAMNI, KALMESHWAR,",Maharashtra,39.0,39.0,5.7,5.7,7.7,7.7,657.0,657.0,4.8,4.8,1.51,1.51,2.0,2.0,2.0,2.0,,,,,39.0,0,5.7,0,7.7,657.0,4.8,0,1.51,2.0,2.0,0,,0,,0
2019,2001,"NAGPUR PARATWADA, ACHALPUR,",Maharashtra,20.0,20.0,6.3,6.3,7.8,7.8,257.0,257.0,3.4,3.4,0.61,0.61,2.0,2.0,140.0,140.0,,,,,20.0,0,6.3,0,7.8,257.0,3.4,0,0.61,2.0,140.0,0,,0,,0
2019,2002,"ANJANGAON,AKOT, AKOLA AMRAVATI",Maharashtra,18.0,18.0,6.2,6.2,7.7,7.7,223.0,223.0,3.4,3.4,0.47,0.47,2.0,2.0,140.0,140.0,,,,,18.0,0,6.2,0,7.7,223.0,3.4,0,0.47,2.0,140.0,0,,0,,0
2019,2003,"SAWARGAON, YAVATMAL",Maharashtra,19.0,19.0,6.0,6.0,7.9,7.9,236.0,236.0,3.6,3.6,0.49,0.49,2.0,2.0,150.0,150.0,,,,,19.0,0,6.0,0,7.9,236.0,3.6,0,0.49,2.0,150.0,0,,0,,0
2019,2004,"PARVATI INDL. ESTATE, YADRAV,",Maharashtra,29.0,29.0,4.4,4.4,7.8,7.8,59220.0,59220.0,12.0,12.0,0.9,0.9,920.0,920.0,1600.0,1600.0,,,,,29.0,0,4.4,0,7.8,59220.0,12.0,0,0.9,920.0,1600.0,0,,0,,0
2019,2005,"SHIROL, KOLHAPUR KHANJIRENAGAR,",Maharashtra,33.0,33.0,,,6.8,6.8,807.0,807.0,90.0,90.0,17.0,17.0,1600.0,1600.0,1600.0,1600.0,,,,,33.0,0,,0,6.8,807.0,90.0,1,17.0,1600.0,1600.0,0,,0,,0
2019,2006,"HATKANANGALE, KOLHAPUR MIDC, SHINOLI, CHANDGAD,",Maharashtra,33.0,33.0,,,6.9,6.9,709.0,709.0,110.0,110.0,1.8,1.8,920.0,920.0,1600.0,1600.0,,,,,33.0,0,,0,6.9,709.0,110.0,1,1.8,920.0,1600.0,0,,0,,0
2019,2007,"SAVALI, MIRAJ, SANGLI KOLHAPUR",Maharashtra,33.0,33.0,,,6.9,6.9,803.0,803.0,150.0,150.0,1.9,1.9,1600.0,1600.0,1600.0,1600.0,,,,,33.0,0,,0,6.9,803.0,150.0,1,1.9,1600.0,1600.0,0,,0,,0
2019,2008,"RASULWADI-SAMBARWADI,",Maharashtra,33.0,33.0,4.1,4.1,7.4,7.4,33270.0,33270.0,12.0,12.0,4.0,4.0,63.0,63.0,280.0,280.0,,,,,33.0,0,4.1,0,7.4,33270.0,12.0,0,4.0,63.0,280.0,0,,0,,0
2019,2200,"Z.P SCHOOL, KATPUR, PAITHAN, MIRAJSANGLI BORE WELL AT KATPUR, NEAR",Maharashtra,36.0,36.0,6.5,6.5,7.6,7.6,20240.0,20240.0,2.6,2.6,3.45,3.45,5.0,5.0,49.0,49.0,,,,,36.0,0,6.5,0,7.6,20240.0,2.6,0,3.45,5.0,49.0,0,,0,,0
2019,2201,"DUG WELL AT RANJANGAON,",Maharashtra,,,6.4,6.4,7.5,7.5,2839.0,2839.0,2.6,2.6,1.94,1.94,,,,,,,,,,0,6.4,0,7.5,2839.0,2.6,0,1.94,,,0,,0,,0
2019,2202,"GANAGAPUR, AURANGABAD DUG WELL AT GHANE KUNT, NEAR AWASTHI, OWNED BY",Maharashtra,33.0,33.0,4.7,4.7,7.4,7.4,33380.0,33380.0,10.0,10.0,4.0,4.0,46.0,46.0,280.0,280.0,,,,,33.0,0,4.7,0,7.4,33380.0,10.0,0,4.0,46.0,280.0,0,,0,,0
2019,2204,"SHRI RAJENDRA AMRE , KHED, RATNAGIRI DUG WELL AT GUNJALWADI, SANGAMNER NEAR PRIMARY",Maharashtra,24.0,24.0,,,7.6,7.6,658.0,658.0,12.5,12.5,2.9,2.9,275.0,275.0,1800.0,1800.0,,,,,24.0,0,,0,7.6,658.0,12.5,0,2.9,275.0,1800.0,0,,0,,0
2019,2818,"HEALTH CARE CENTER, AHMEDNAGAR BORE WELL AT M/S SPECTRON ETHERS SIDDESHWAR MAHADEV",Maharashtra,28.0,28.0,3.6,3.6,8.1,8.1,645.0,645.0,7.5,7.5,1.4,1.4,550.0,550.0,1800.0,1800.0,,,,,28.0,0,3.6,0,8.1,645.0,7.5,0,1.4,550.0,1800.0,0,,0,,0
2019,2824,"MANDIR, RASEGAON, DINDORI, NASHIK DUG WELL AT NAREGAON,",Maharashtra,,,6.9,6.9,7.8,7.8,1140.0,1140.0,2.0,2.0,0.86,0.86,,,,,,,,,,0,6.9,0,7.8,1140.0,2.0,0,0.86,,,0,,0,,0
2019,2825,"AURANGABAD BORE WELL AT WAHEGAON NEAR ZILLA PARISHAD SCHOOL,",Maharashtra,36.0,36.0,6.5,6.5,7.6,7.6,21280.0,21280.0,2.6,2.6,2.97,2.97,6.0,6.0,46.0,46.0,,,,,36.0,0,6.5,0,7.6,21280.0,2.6,0,2.97,6.0,46.0,0,,0,,0
2019,2828,"PRIMARY SCHOOL, VISAPUR, WAHEGAON,PAITHAN, AURANGABAD DUG WELL NEAR JILLA PARISHAD",Maharashtra,20.0,20.0,6.2,6.2,7.7,7.7,203.0,203.0,3.4,3.4,0.58,0.58,2.0,2.0,220.0,220.0,,,,,20.0,0,6.2,0,7.7,203.0,3.4,0,0.58,2.0,220.0,0,,0,,0
2019,2829,"BALLARPUR, CHANDRAPUR BORE WELL AT MIDC SHIROLI NEAR M/S PRATIBHA",Maharashtra,33.0,33.0,4.4,4.4,7.5,7.5,35330.0,35330.0,11.0,11.0,3.4,3.4,47.0,47.0,220.0,220.0,,,,,33.0,0,4.4,0,7.5,35330.0,11.0,0,3.4,47.0,220.0,0,,0,,0
2019,2830,"ENTERPRISES, HATKANANGALE, KOLHAPUR BORE WELL AT MIDC GOKUL-",Maharashtra,33.0,33.0,4.5,4.5,7.6,7.6,35240.0,35240.0,11.0,11.0,3.1,3.1,46.0,46.0,220.0,220.0,,,,,33.0,0,4.5,0,7.6,35240.0,11.0,0,3.1,46.0,220.0,0,,0,,0
2019,2831,"SHIRGAON, KARVIR, KOLHAPUR DUG WELL AT SAKHARALI NEAR MIDC ISLAMPUR NEAR KRISHNA",Maharashtra,30.0,30.0,4.0,4.0,8.2,8.2,53940.0,53940.0,12.0,12.0,2.1,2.1,49.0,49.0,210.0,210.0,,,,,30.0,0,4.0,0,8.2,53940.0,12.0,0,2.1,49.0,210.0,0,,0,,0
2019,2832,"MILK INDUSTRY, WALWA, SANGALI DUG WELL NO-1 AT BRAHMANWADI ANJANWEL",Maharashtra,30.0,30.0,6.7,6.7,7.5,7.5,241.0,241.0,4.0,4.0,0.3,0.3,17.0,17.0,40.0,40.0,,,,,30.0,0,6.7,0,7.5,241.0,4.0,0,0.3,17.0,40.0,0,,0,,0
2019,2833,"OWNED BY SHRI VAIDYA, GUHAGAR, RATNAGIRI DUG WELL NO-1 AT GROUP",Maharashtra,30.0,30.0,3.9,3.9,8.2,8.2,54090.0,54090.0,12.0,12.0,2.1,2.1,79.0,79.0,240.0,240.0,,,,,30.0,0,3.9,0,8.2,54090.0,12.0,0,2.1,79.0,240.0,0,,0,,0
2019,1634,"POLICE BAZAR, SHILLONG",Meghalaya,16.0,17.0,4.1,4.3,5.5,6.0,250.0,265.0,1.8,1.9,7.55,11.0,11.0,22.0,58.0,79.0,,,,,16.5,0,4.199999999999999,0,5.75,257.5,1.85,0,9.275,16.5,68.5,0,,0,,0
2019,1635,"(POLICE BAZAAR SPRING) MAWLAI, SHILLONG",Meghalaya,16.0,16.0,3.5,3.6,5.2,6.1,185.0,290.0,1.6,1.8,12.46,18.3,2.0,11.0,22.0,23.0,,,,,16.0,0,3.55,0,5.65,237.5,1.7000000000000002,0,15.38,6.5,22.5,0,,0,,0
2019,1636,"(MAWPDANG SPRING) INDUSTRIAL ESTATE, BYRNIHAT",Meghalaya,17.0,18.0,3.2,3.5,6.6,6.7,105.0,185.0,1.9,2.2,0.38,0.42,2.0,11.0,23.0,47.0,,,,,17.5,0,3.35,0,6.65,145.0,2.05,0,0.4,6.5,35.0,0,,0,,0
2019,1637,"(NARBONG WELL - SPRING) SOHRA, CHERRAPUNJEE (WAH U",Meghalaya,14.0,23.0,4.0,4.8,6.0,6.6,98.0,118.0,1.0,1.0,1.4,5.37,2.0,2.0,4.0,4.0,,,,,18.5,0,4.4,0,6.3,108.0,1.0,0,3.385,2.0,4.0,0,,0,,0
2019,1638,DKHAR - SPRING) SHANGPUNG (UMSAHEP,Meghalaya,13.0,15.0,5.5,5.5,5.9,6.0,118.0,153.0,1.0,1.0,0.32,0.7,2.0,2.0,2.0,2.0,,,,,14.0,0,5.5,0,5.95,135.5,1.0,0,0.51,2.0,2.0,0,,0,,0
2019,3385,SPRING) MAWTHADRISHAN WELL AT,Meghalaya,19.0,21.0,6.0,6.7,6.7,6.8,55.0,66.0,1.0,1.4,0.42,0.5,2.0,2.0,13.0,17.0,,,,,20.0,0,6.35,0,6.75,60.5,1.2,0,0.45999999999999996,2.0,15.0,0,,0,,0
2019,3386,JAKREM HOT SPRING AT JAKREM MARKASA,Meghalaya,42.0,46.0,3.5,4.0,9.2,9.3,320.0,355.0,1.0,1.0,0.78,0.88,2.0,2.0,4.0,4.0,,,,,44.0,1,3.75,0,9.25,337.5,1.0,0,0.8300000000000001,2.0,4.0,0,,0,,0
2019,4323,BOREWELL AT GOOD SHAPHARD,Meghalaya,15.5,17.0,6.0,6.5,7.1,7.5,142.0,188.0,1.1,1.5,0.51,0.57,2.0,2.0,2.0,34.0,,,,,16.25,0,6.25,0,7.3,165.0,1.3,0,0.54,2.0,18.0,0,,0,,0
2019,4324,PARISH IN LADRYMBAI BOREWELL AT KHLIEHWAH,Meghalaya,16.0,16.0,3.7,5.4,5.0,5.2,124.0,135.0,1.2,1.3,0.19,0.33,2.0,2.0,12.0,49.0,,,,,16.0,0,4.550000000000001,0,5.1,129.5,1.25,0,0.26,2.0,30.5,0,,0,,0
2019,4325,SHASEM - A IN KHLIEHRIAT BOREWELL AT KHLIEHWAH,Meghalaya,15.0,17.0,6.0,7.0,4.3,4.8,85.0,110.0,1.0,1.3,0.25,0.34,2.0,2.0,4.0,39.0,,,,,16.0,0,6.5,0,4.55,97.5,1.15,0,0.29500000000000004,2.0,21.5,0,,0,,0
2019,1644,"JAGATPUR INDUSTRIAL AREA,",Odisha,25.0,29.0,6.1,7.5,504.0,539.0,0.1,0.2,2.19,7.34,2.0,2.0,2.0,2.0,,,,,,,27.0,0,6.8,0,521.5,0.15000000000000002,4.765,0,2.0,2.0,,0,,0,,0
2019,1645,CUTTACK MADHUPATNA- KALYAN NAGAR,Odisha,26.0,28.0,6.5,7.9,297.0,370.0,0.2,0.4,0.21,0.28,2.0,2.0,2.0,2.0,,,,,,,27.0,0,7.2,0,333.5,0.30000000000000004,0.245,0,2.0,2.0,,0,,0,,0
2019,1646,"AREA, CUTTACK BIDANASHI - TULASIPUR AREA,",Odisha,25.0,30.0,6.5,8.0,160.0,420.0,0.2,0.2,0.24,1.67,2.0,5.0,2.0,5.0,,,,,,,27.5,0,7.25,0,290.0,0.2,0.955,0,3.5,3.5,,0,,0,,0
2019,1647,"BADAMBARI AREA, CUTTACK CUTTACK",Odisha,25.0,29.0,6.7,8.4,216.0,393.0,0.4,0.9,0.86,1.54,2.0,2.0,2.0,2.0,,,,,,,27.0,0,7.550000000000001,0,304.5,0.65,1.2,0,2.0,2.0,,0,,0,,0
2019,1648,RANIHAT- MANGALABAGH,Odisha,25.0,30.0,6.5,8.2,263.0,418.0,0.1,0.4,0.76,9.5,2.0,2.0,2.0,2.0,,,,,,,27.5,0,7.35,0,340.5,0.25,5.13,0,2.0,2.0,,0,,0,,0
2019,1649,"AREA, CUTTACK KHANDAGIRI AREA,",Odisha,27.0,28.0,6.2,6.7,133.0,652.0,0.3,0.9,0.25,0.36,2.0,2.0,2.0,2.0,,,,,,,27.5,0,6.45,0,392.5,0.6,0.305,0,2.0,2.0,,0,,0,,0
2019,1650,"BHUBANESWAR CAPITAL HOSPITAL AREA,",Odisha,30.0,30.0,6.0,6.0,351.0,351.0,0.6,0.6,0.34,0.34,2.0,2.0,2.0,2.0,,,,,,,30.0,0,6.0,0,351.0,0.6,0.34,0,2.0,2.0,,0,,0,,0
2019,1651,BHUBANESWAR OLD TOWN- SAMANTARAAIPUR,Odisha,27.0,30.0,6.7,7.8,408.0,530.0,0.4,1.0,0.26,0.92,2.0,23.0,23.0,23.0,,,,,,,28.5,0,7.25,0,469.0,0.7,0.5900000000000001,0,12.5,23.0,,0,,0,,0
2019,1652,"AREA, BHUBANESWAR KALPNA - LAXMINAGAR AREA,",Odisha,27.0,29.0,5.9,6.3,261.0,284.0,0.2,0.3,0.13,11.39,2.0,2.0,2.0,23.0,,,,,,,28.0,0,6.1,0,272.5,0.25,5.760000000000001,0,2.0,12.5,,0,,0,,0
2019,1653,"AREA, BHUBANESWAR / BHUBANESWAR MANCHESWAR INDUSTRIAL",Odisha,29.0,29.0,7.1,7.1,216.0,216.0,0.3,0.3,0.14,0.14,2.0,2.0,2.0,2.0,,,,,,,29.0,0,7.1,0,216.0,0.3,0.14,0,2.0,2.0,,0,,0,,0
2019,1654,"HOUSE- OLDBUS STAND AREA, CHANDRASHEKHARPUR SECRETARIAT- GOVERNOR",Odisha,27.0,29.0,6.4,7.4,228.0,357.0,0.2,0.7,0.22,5.09,33.0,130.0,2.0,540.0,,,,,,,28.0,0,6.9,0,292.5,0.44999999999999996,2.655,0,81.5,271.0,,0,,0,,0
2019,1655,"NEAR SEA BEACH, PURI BHUBANESWAR",Odisha,27.0,27.0,8.2,8.2,600.0,1175.0,0.3,0.5,0.14,0.27,2.0,8.0,23.0,79.0,,,,,,,27.0,0,8.2,0,887.5,0.4,0.20500000000000002,0,5.0,51.0,,0,,0,,0
2019,1656,"NEAR JAGANNATH TEMPLE, PURI",Odisha,27.0,28.0,7.8,8.1,701.0,808.0,0.3,0.4,0.27,0.96,2.0,2.0,2.0,2.0,,,,,,,27.5,0,7.949999999999999,0,754.5,0.35,0.615,0,2.0,2.0,,0,,0,,0
2019,1657,HOSPITAL - BUS STAND-,Odisha,27.0,28.0,7.9,8.1,504.0,975.0,0.2,0.2,0.3,653.01,2.0,13.0,2.0,240.0,,,,,,,27.5,0,8.0,0,739.5,0.2,326.655,1,7.5,121.0,,0,,0,,0
2019,1658,"MAUSHIMA TEMPLE AREA, PURI NEAR RIVER KUSHABHADRA,",Odisha,29.0,29.0,7.9,8.1,350.0,442.0,0.1,0.6,0.12,0.31,2.0,2.0,2.0,11.0,,,,,,,29.0,0,8.0,0,396.0,0.35,0.215,0,2.0,6.5,,0,,0,,0
2019,3964,"PURI NEAR MKCG MEDICAL COLLEGE,",Odisha,17.0,24.0,7.8,8.2,670.0,1250.0,0.2,0.2,0.16,0.51,2.0,540.0,23.0,1600.0,,,,,,,20.5,0,8.0,0,960.0,0.2,0.335,0,271.0,811.5,,0,,0,,0
2019,3965,"NEAR BUS STAND, BERHAMPUR BERHAMPUR",Odisha,15.0,24.0,7.4,8.0,1283.0,1397.0,0.3,0.5,0.21,0.73,2.0,13.0,2.0,79.0,,,,,,,19.5,0,7.7,0,1340.0,0.4,0.47,0,7.5,40.5,,0,,0,,0
2019,3966,"NEAR BADABAZAR, BERHAMPUR",Odisha,20.0,24.0,6.8,7.6,777.0,1291.0,0.6,0.6,4.62,9.94,2.0,2.0,2.0,2.0,,,,,,,22.0,0,7.199999999999999,0,1034.0,0.6,7.279999999999999,0,2.0,2.0,,0,,0,,0
2019,3967,"NEAR RAILWAY STATION STAND,",Odisha,20.0,24.0,7.6,7.8,988.0,1338.0,0.2,0.3,5.31,5.82,2.0,2.0,13.0,23.0,,,,,,,22.0,0,7.699999999999999,0,1163.0,0.25,5.5649999999999995,0,2.0,18.0,,0,,0,,0
2019,3968,"BERHAMPUR NEAR VSS MEDICAL COLLEGE,",Odisha,28.0,32.0,7.5,8.1,422.0,602.0,0.1,0.9,0.24,0.3,2.0,2.0,2.0,20.0,,,,,,,30.0,0,7.8,0,512.0,0.5,0.27,0,2.0,11.0,,0,,0,,0
2019,3969,"BURLA, SAMBALPUR NEAR RAILWAY STATION,",Odisha,29.0,32.0,7.0,7.6,606.0,1738.0,0.1,0.6,6.36,6.88,2.0,2.0,2.0,2.0,,,,,,,30.5,0,7.3,0,1172.0,0.35,6.62,0,2.0,2.0,,0,,0,,0
2019,3970,"SAMBALPUR NEAR PANTHANIVAS,",Odisha,28.0,31.0,6.6,8.1,282.0,366.0,0.5,0.8,1.52,4.26,2.0,7.0,2.0,200.0,,,,,,,29.5,0,7.35,0,324.0,0.65,2.8899999999999997,0,4.5,101.0,,0,,0,,0
2019,3971,ANGUL TOWNSHIP SAMBALPUR,Odisha,26.0,28.0,7.2,7.9,776.0,1184.0,0.2,0.4,1.05,8.14,2.0,2.0,2.0,17.0,,,,,,,27.0,0,7.550000000000001,0,980.0,0.30000000000000004,4.595000000000001,0,2.0,9.5,,0,,0,,0
2019,3972,"NALCO TOWNSHIP, TALCHER",Odisha,26.0,28.0,7.6,7.6,551.0,608.0,0.1,0.3,0.2,2.04,2.0,2.0,2.0,17.0,,,,,,,27.0,0,7.6,0,579.5,0.2,1.12,0,2.0,9.5,,0,,0,,0
2019,3973,"MAHANADI COAL FIELD AREA,",Odisha,28.0,28.0,6.9,7.8,403.0,412.0,0.8,1.1,0.22,1.94,2.0,2.0,2.0,2.0,,,,,,,28.0,0,7.35,0,407.5,0.9500000000000001,1.08,0,2.0,2.0,,0,,0,,0
2019,3974,"KANIHA, TALCHER TALCHER",Odisha,28.0,28.0,7.5,7.9,511.0,527.0,0.1,0.4,0.17,0.27,2.0,2.0,2.0,45.0,,,,,,,28.0,0,7.7,0,519.0,0.25,0.22000000000000003,0,2.0,23.5,,0,,0,,0
2019,3975,TALCHER TOWN,Odisha,28.0,29.0,7.6,7.7,614.0,704.0,0.4,0.5,0.3,2.57,2.0,2.0,2.0,2.0,,,,,,,28.5,0,7.65,0,659.0,0.45,1.4349999999999998,0,2.0,2.0,,0,,0,,0
2019,3976,"MERAMUNDALI AREA, TALCHER",Odisha,23.0,28.0,7.2,8.0,220.0,878.0,0.2,1.0,0.37,0.9,2.0,2.0,2.0,2.0,,,,,,,25.5,0,7.6,0,549.0,0.6,0.635,0,2.0,2.0,,0,,0,,0
2019,3977,TALCHER THERMAL AREA,Odisha,28.0,28.0,7.3,7.9,922.0,1404.0,0.5,0.6,0.2,0.34,2.0,130.0,2.0,920.0,,,,,,,28.0,0,7.6,0,1163.0,0.55,0.27,0,66.0,461.0,,0,,0,,0
2019,3978,"BANARPAL, TALCHER",Odisha,28.0,28.0,7.5,7.6,1078.0,1138.0,0.3,0.4,0.38,0.77,2.0,2.0,2.0,13.0,,,,,,,28.0,0,7.55,0,1108.0,0.35,0.575,0,2.0,7.5,,0,,0,,0
2019,3979,"KULAD, TALCHER",Odisha,28.0,28.0,7.7,8.3,1008.0,1444.0,0.4,0.8,0.54,5.32,2.0,2.0,2.0,5.0,,,,,,,28.0,0,8.0,0,1226.0,0.6000000000000001,2.93,0,2.0,3.5,,0,,0,,0
2019,3980,"THELKOI, JHARSUGUDA",Odisha,21.0,21.0,6.9,6.9,241.0,241.0,0.4,0.4,0.19,0.19,2.0,2.0,2.0,2.0,,,,,,,21.0,0,6.9,0,241.0,0.4,0.19,0,2.0,2.0,,0,,0,,0
2019,3981,"BURKHAMUNDA, JHARSUGUDA",Odisha,17.0,22.0,7.1,7.4,190.0,196.0,0.2,0.2,0.46,4.79,2.0,17.0,2.0,49.0,,,,,,,19.5,0,7.25,0,193.0,0.2,2.625,0,9.5,25.5,,0,,0,,0
2019,3982,"BADAMANI INDUSTRIAL ESTATE,",Odisha,18.0,22.0,6.8,7.2,106.0,215.0,0.4,0.9,0.65,2.97,2.0,2.0,2.0,2.0,,,,,,,20.0,0,7.0,0,160.5,0.65,1.81,0,2.0,2.0,,0,,0,,0
2019,3983,"BUDHIPADAR, JHARSUGUDA JHARSUGUDA",Odisha,17.0,20.0,6.4,6.6,170.0,187.0,0.4,0.6,0.5,0.78,2.0,2.0,2.0,2.0,,,,,,,18.5,0,6.5,0,178.5,0.5,0.64,0,2.0,2.0,,0,,0,,0
2019,3984,"BRAJARAJ NAGAR MINING BELT,",Odisha,18.0,19.0,5.8,7.3,150.0,262.0,0.3,0.9,0.54,7.31,2.0,2.0,2.0,2.0,,,,,,,18.5,0,6.55,0,206.0,0.6,3.925,0,2.0,2.0,,0,,0,,0
2019,3985,"JHARSUGUDA RAMPUR AREA (WATER TANK),",Odisha,16.0,18.0,6.6,6.8,241.0,286.0,0.1,0.5,0.21,0.38,2.0,2.0,13.0,23.0,,,,,,,17.0,0,6.699999999999999,0,263.5,0.3,0.295,0,2.0,18.0,,0,,0,,0
2019,3986,"JHARSUGUDA IB THERMAL POWER STATION,",Odisha,17.0,23.0,6.6,6.9,219.0,315.0,0.4,0.4,0.18,0.48,2.0,2.0,2.0,2.0,,,,,,,20.0,0,6.75,0,267.0,0.4,0.32999999999999996,0,2.0,2.0,,0,,0,,0
2019,3987,"BELPAHAR AREA, JHARSUGUDA JHARSUGUDA",Odisha,16.0,21.0,6.8,6.9,195.0,199.0,0.2,0.3,0.17,0.61,2.0,2.0,2.0,2.0,,,,,,,18.5,0,6.85,0,197.0,0.25,0.39,0,2.0,2.0,,0,,0,,0
2019,3988,"BADAPADIA MARKET COMPLEX,",Odisha,22.0,30.0,7.3,8.2,913.0,948.0,0.8,1.1,9.67,10.83,2.0,2.0,2.0,2.0,,,,,,,26.0,0,7.75,0,930.5,0.9500000000000001,10.25,0,2.0,2.0,,0,,0,,0
2019,3989,"MUSADIHA, PARADEEP",Odisha,22.0,30.0,7.6,8.4,698.0,2468.0,0.3,1.5,1.68,1.9,2.0,2.0,2.0,23.0,,,,,,,26.0,0,8.0,0,1583.0,0.9,1.79,0,2.0,12.5,,0,,0,,0
2019,3990,"TISCO, SUKINDA",Odisha,22.0,22.0,6.8,7.9,196.0,284.0,0.3,0.4,0.2,0.26,2.0,2.0,2.0,13.0,,,,,,,22.0,0,7.35,0,240.0,0.35,0.23,0,2.0,7.5,,0,,0,,0
2019,3991,"SARUABIL, SUKINDA",Odisha,22.0,22.0,6.5,6.6,237.0,245.0,0.3,0.4,0.13,2.9,2.0,170.0,2.0,1600.0,,,,,,,22.0,0,6.55,0,241.0,0.35,1.515,0,86.0,801.0,,0,,0,,0
2019,3992,"KALIAPANI, SUKINDA",Odisha,22.0,22.0,6.7,7.8,343.0,500.0,0.1,0.2,0.12,1.49,2.0,11.0,33.0,540.0,,,,,,,22.0,0,7.25,0,421.5,0.15000000000000002,0.8049999999999999,0,6.5,286.5,,0,,0,,0
2019,3993,"KAMARDA, SUKINDA",Odisha,22.0,22.0,6.9,7.4,269.0,387.0,0.1,0.3,0.17,6.16,2.0,49.0,2.0,2.0,,,,,,,22.0,0,7.15,0,328.0,0.2,3.165,0,25.5,2.0,,0,,0,,0
2019,3994,"CHAKULIA, BALASORE",Odisha,24.0,26.0,6.6,6.6,180.0,303.0,0.2,0.7,0.28,6.29,2.0,2.0,2.0,2.0,,,,,,,25.0,0,6.6,0,241.5,0.44999999999999996,3.285,0,2.0,2.0,,0,,0,,0
2019,3995,"KUANRPUR, BALASORE",Odisha,24.0,26.0,7.6,7.8,217.0,308.0,0.2,0.7,0.07,0.14,2.0,2.0,2.0,46.0,,,,,,,25.0,0,7.699999999999999,0,262.5,0.44999999999999996,0.10500000000000001,0,2.0,24.0,,0,,0,,0
2019,3996,"NAIGOPALPUR, BALASORE",Odisha,22.0,26.0,6.6,7.1,93.0,198.0,0.2,0.3,0.35,0.43,2.0,17.0,8.0,70.0,,,,,,,24.0,0,6.85,0,145.5,0.25,0.39,0,9.5,39.0,,0,,0,,0
2019,1397,RAMAKRISHNA NAGAR/ WELL AT MUTHIALPET AREA(I),Puducherry,29.0,30.0,6.1,6.5,400.0,479.0,,,9.6,10.22,2.0,2.0,2.0,2.0,,,,,,,29.5,0,6.3,0,439.5,,9.91,0,2.0,2.0,,0,,0,,0
2019,1398,"KRISHNA NAGAR WELL AT THENGAITHITTU AREA,",Puducherry,31.0,32.0,6.4,6.6,1375.0,1598.0,,,0.02,0.41,2.0,2.0,300.0,300.0,,,,,,,31.5,0,6.5,0,1486.5,,0.215,0,2.0,300.0,,0,,0,,0
2019,1453,(II) WELL AT MUTHIRAPPALAYAM,Puducherry,30.5,31.0,6.6,7.1,576.0,651.0,,,4.29,4.65,2.0,2.0,350.0,350.0,,,,,,,30.75,0,6.85,0,613.5,,4.470000000000001,0,2.0,350.0,,0,,0,,0
2019,1454,"(PWD) WELL AT KALAPET, PONDI.",Puducherry,30.0,30.0,6.1,6.8,249.0,282.0,,,1.81,2.07,2.0,2.0,2.0,2.0,,,,,,,30.0,0,6.449999999999999,0,265.5,,1.94,0,2.0,2.0,,0,,0,,0
2019,1687,UNIVERSITY ADMN. BLOCK WELL AT NEHRU STATUE,Puducherry,28.0,29.0,7.5,8.4,2220.0,2220.0,,1.6,0.17,0.99,240.0,240.0,500.0,500.0,,,,,,,28.5,0,7.95,0,2220.0,,0.58,0,240.0,500.0,,0,,0,,0
2019,1688,WELL AT KATTERIKUPPAM MISSION ST. - CHETTY KOIL,Puducherry,29.0,31.0,7.5,8.2,605.0,699.0,,,0.39,0.6,2.0,2.0,2.0,2.0,,,,,,,30.0,0,7.85,0,652.0,,0.495,0,2.0,2.0,,0,,0,,0
2019,2009,WELL AT KURUMBAPET,Puducherry,31.0,31.0,6.4,6.4,497.0,552.0,0.0,,2.91,4.97,2.0,2.0,2.0,2.0,,,,,,,31.0,0,6.4,0,524.5,,3.94,0,2.0,2.0,,0,,0,,0
2019,2010,WELL AT METTUPALAYAM,Puducherry,31.0,31.5,6.4,6.5,694.0,1198.0,,,0.73,1.33,2.0,2.0,280.0,280.0,,,,,,,31.25,0,6.45,0,946.0,,1.03,0,2.0,280.0,,0,,0,,0
2019,2011,WELL AT URUVAIYAR,Puducherry,31.0,31.5,7.4,7.5,1680.0,5640.0,,,0.03,0.06,2.0,2.0,2.0,2.0,,,,,,,31.25,0,7.45,0,3660.0,,0.045,0,2.0,2.0,,0,,0,,0
2019,2012,"WELL AT MARUTHI SCHOOL,",Puducherry,30.0,30.0,6.7,6.9,2320.0,2500.0,,5.7,0.63,1.38,280.0,280.0,350.0,350.0,,,,,,,30.0,0,6.800000000000001,0,2410.0,,1.005,0,280.0,350.0,,0,,0,,0
2019,2013,"KARUVADIKUPPAM WELL AT T.R.PATTINAM,",Puducherry,29.0,30.0,8.1,8.6,1784.0,2260.0,,,0.69,0.8,2.0,2.0,2.0,2.0,,,,,,,29.5,0,8.35,1,2022.0,,0.745,0,2.0,2.0,,0,,0,,0
2019,2014,"KARAIKAL WELL AT VADAMATTAM,",Puducherry,28.5,29.0,8.1,8.6,1328.0,1598.0,,,0.81,1.18,2.0,2.0,2.0,2.0,,,,,,,28.75,0,8.35,1,1463.0,,0.995,0,2.0,2.0,,0,,0,,0
2019,2446,WELL AT PALLUR KARAIKAL,Puducherry,28.0,28.0,6.3,6.3,1743.0,1743.0,,,0.36,0.36,,,,,,,,,,,28.0,0,6.3,0,1743.0,,0.36,0,,,,0,,0,,0
2019,2447,WELL AT PANTHAKKAL,Puducherry,28.5,28.5,6.8,6.8,8222.0,8222.0,,,0.7,0.7,,,,,,,,,,,28.5,0,6.8,0,8222.0,,0.7,0,,,,0,,0,,0
2019,3882,"WELL AT ECHANKADU,",Puducherry,30.0,33.0,6.1,6.9,401.0,444.0,,,0.0,0.03,2.0,2.0,2.0,2.0,,,,,,,31.5,0,6.5,0,422.5,,0.015,0,2.0,2.0,,0,,0,,0
2019,3883,WELL NEAR BY LAKE BAHOUR KIRUMAMBAKKAM,Puducherry,32.0,32.0,6.5,7.2,326.0,363.0,,,0.0,0.04,2.0,2.0,2.0,2.0,,,,,,,32.0,0,6.85,0,344.5,,0.02,0,2.0,2.0,,0,,0,,0
2019,3884,GOVERNMENT HIGH WELL AT CHEVALIER SELLANE,Puducherry,29.0,31.0,6.5,7.0,1040.0,1267.0,,,11.8,17.82,2.0,2.0,280.0,280.0,,,,,,,30.0,0,6.75,0,1153.5,,14.81,0,2.0,280.0,,0,,0,,0
2019,3885,"SECONDARY SCHOOL, KALAPET WELL AT DHANDERAR KULAM,",Puducherry,30.0,32.0,6.7,7.1,1447.0,2140.0,,,0.2,2.68,240.0,240.0,300.0,300.0,,,,,,,31.0,0,6.9,0,1793.5,,1.4400000000000002,0,240.0,300.0,,0,,0,,0
2019,3886,"SEDARAPET WELL AT KOTHAPURINATHAM,",Puducherry,27.0,30.0,6.9,8.5,1177.0,1362.0,,,4.88,6.64,170.0,170.0,350.0,350.0,,,,,,,28.5,0,7.7,0,1269.5,,5.76,0,170.0,350.0,,0,,0,,0
2019,2931,"TOANSA, PUNJAB",Punjab,,,8.2,8.2,2000.0,2000.0,,,1.0,1.0,,,,,,,,,,,,0,8.2,0,2000.0,,1.0,0,,,,0,,0,,0
2019,4134,"ROAD, LUDHIANA INDUSTRIAL TUBE WELL AT RSSB, TIBBA",Punjab,,,7.4,7.8,509.0,538.0,,,0.5,0.7,2.0,2.0,2.0,2.0,,,,,,,,0,7.6,0,523.5,,0.6,0,2.0,2.0,,0,,0,,0
2019,4135,"MSW DUMPING SITE, JAMALPUR AREA",Punjab,,,7.3,7.9,525.0,553.0,,,0.5,0.8,2.0,2.0,2.0,2.0,,,,,,,,0,7.6,0,539.0,,0.65,0,2.0,2.0,,0,,0,,0
2019,4136,STP JAMALPUR,Punjab,,,7.6,7.6,554.0,554.0,,,0.9,0.9,,,,,,,,,,,,0,7.6,0,554.0,,0.9,0,,,,0,,0,,0
2019,4137,"LTD, MUGHAL MAJRA, MANDI HANDPUMP IN M/S DEEP STEEL",Punjab,,,7.2,7.2,1217.0,1217.0,,,2.8,2.8,,,,,,,,,,,,0,7.2,0,1217.0,,2.8,0,,,,0,,0,,0
2019,4138,"PRITAM SCHOOL, AMBEY GOBBINDGARH HANDPUMP, 149 NEAR SANT",Punjab,,,7.3,7.3,832.0,832.0,,,2.2,2.2,,,,,,,,,,,,0,7.3,0,832.0,,2.2,0,,,,0,,0,,0
2019,4139,"MAJRA, MANDI GOBINDGARH HANDPUMP AT PARK ADJOINING TO NATIONAL",Punjab,,,7.0,7.0,1100.0,1100.0,,,31.0,31.0,,,,,,,,,,,,0,7.0,0,1100.0,,31.0,0,,,,0,,0,,0
2019,4140,"BAGHBANI FARM, VILL HARIAN, INDUSTRIES, E-128, PH-IV, FOCAL POINT LUDHIANA HANDPUMP IN SAHOTA",Punjab,,,7.0,7.0,480.0,480.0,,,1.8,1.8,,,,,,,,,,,,0,7.0,0,480.0,,1.8,0,,,,0,,0,,0
2019,4141,"CENTRE, DEFENCE ROAD, MACHIWARA HANDPUMP INSTRIAL GROWTH",Punjab,,,6.5,6.5,335.0,335.0,,,4.8,4.8,,,,,,,,,,,,0,6.5,0,335.0,,4.8,0,,,,0,,0,,0
2019,4142,"PATHANKOT HANDPUMP, VILL DHERIWAL,",Punjab,,,7.2,7.2,528.0,528.0,,,1.2,1.2,,,,,,,,,,,,0,7.2,0,528.0,,1.2,0,,,,0,,0,,0
2019,4143,"OF NABHA POWER LTD, VILL DIST PATHANKOT HANDPUMP NEAR ASH DYKES",Punjab,30.0,30.0,7.3,7.7,587.0,891.0,,,0.6,0.9,2.0,2.0,2.0,2.0,,,,,,,30.0,0,7.5,0,739.0,,0.75,0,2.0,2.0,,0,,0,,0
2019,4144,"NALASH, RAJPURA GROUND WATER SAMPLING",Punjab,20.0,20.0,7.2,7.5,613.0,993.0,,,3.0,3.4,2.0,2.0,2.0,2.0,,,,,,,20.0,0,7.35,0,803.0,,3.2,0,2.0,2.0,,0,,0,,0
2019,4145,WITH RIVER GHAGGAR NEAR BLOCATION IN VILLAGE MAIN SAGAR PARA DRAIN MEETING,Punjab,20.0,20.0,6.9,8.1,531.0,1064.0,,,0.5,0.9,2.0,2.0,2.0,2.0,,,,,,,20.0,0,7.5,0,797.5,,0.7,0,2.0,2.0,,0,,0,,0
2019,4147,"NANAK THERMAL POWER VILL SAGAR PARA, PATRAN NEAR ASH DYKES OF GURU",Punjab,,,7.3,7.3,2224.0,2224.0,,,10.0,10.0,,,,,,,,,,,,0,7.3,0,2224.0,,10.0,0,,,,0,,0,,0
2019,1415,"WELL OF LOOMJI, CHAUDHARY, NEAR NAYAGAON, PALI, (U/S 1",Rajasthan,20.0,20.0,,,7.9,7.9,3500.0,3500.0,2.11,2.11,9.0,9.0,14.0,14.0,,,,,,,20.0,0,,0,7.9,3500.0,2.11,0,9.0,14.0,,0,,0,,0
2019,1706,"MONTO MOTORS, MIA, ALWAR, RIICO PUMP HOUSE NEAR",Rajasthan,27.0,30.0,5.0,5.0,7.0,7.2,940.0,1020.0,2.2,2.74,3.0,9.0,3.0,14.0,,,,,,,28.5,0,5.0,0,7.1,980.0,2.47,0,6.0,8.5,,0,,0,,0
2019,1707,"CHEMICALS, MIA, ALWAR, BORE WELL IN MODI ALKALIS &",Rajasthan,28.0,34.0,,,7.3,7.5,1880.0,2000.0,1.77,1.84,3.0,3.0,4.0,7.0,,,,,,,31.0,0,,0,7.4,1940.0,1.8050000000000002,0,3.0,5.5,,0,,0,,0
2019,1708,WELL KOTHI IN VILLAGE BAGAR,Rajasthan,29.0,31.0,,,7.1,7.1,1340.0,1490.0,1.76,2.01,3.0,4.0,3.0,7.0,,,,,,,30.0,0,,0,7.1,1415.0,1.8849999999999998,0,3.5,5.0,,0,,0,,0
2019,1709,"NEAR BHIWADI INDUSTRIAL RAJPUT, ALWAR, RAJASTHAN WELL AT VILLAGE SANTHLA VERY",Rajasthan,26.0,26.0,,,8.0,8.0,1360.0,1360.0,2.2,2.2,3.0,3.0,7.0,7.0,,,,,,,26.0,0,,0,8.0,1360.0,2.2,0,3.0,7.0,,0,,0,,0
2019,1710,"NEAR BHIWADI INDUSTRIAL AREA, BHIWADI, RAJASTHAN WELL AT VILLAGE ALUPUR, VERY",Rajasthan,25.0,26.0,3.9,3.9,7.3,7.9,1600.0,2800.0,2.1,2.29,3.0,4.0,4.0,7.0,,,,,,,25.5,0,3.9,0,7.6,2200.0,2.1950000000000003,0,3.5,5.5,,0,,0,,0
2019,1711,"BHIWADI TO BHIWADI AREA, BHIWADI, RAJASTHAN WELL AT VILLAGE HARCHANDPUR, VERY NEAR,",Rajasthan,26.0,26.0,3.7,3.7,7.3,7.8,3000.0,3400.0,2.2,2.37,3.0,3.0,3.0,7.0,,,,,,,26.0,0,3.7,0,7.55,3200.0,2.285,0,3.0,5.0,,0,,0,,0
2019,1712,"WELL AT VILLAGE BHIWADI , VERY NEAR, BHIWADI TO",Rajasthan,26.0,27.0,3.9,3.9,7.4,8.1,1730.0,1820.0,2.06,2.1,3.0,9.0,3.0,14.0,,,,,,,26.5,0,3.9,0,7.75,1775.0,2.08,0,6.0,8.5,,0,,0,,0
2019,1713,"BHIWADI INDUSTRIAL AREA, BHIWADI, RAJASTHAN WELL AT VILLAGE GATTAL, NEAR, BHIWADI TO BHIWADI",Rajasthan,26.0,27.0,,,7.4,7.9,630.0,790.0,2.06,2.2,3.0,4.0,3.0,7.0,,,,,,,26.5,0,,0,7.65,710.0,2.13,0,3.5,5.0,,0,,0,,0
2019,1715,HAND PUMP NEAR SECONDARY SCHOOL ABOUT 300MT. FROM,Rajasthan,24.0,24.0,,,7.4,7.5,1230.0,1340.0,1.85,2.07,3.0,4.0,7.0,9.0,,,,,,,24.0,0,,0,7.45,1285.0,1.96,0,3.5,8.0,,0,,0,,0
2019,1720,CHAUDHARY KA WELL VILLAGE,Rajasthan,28.0,28.0,,,7.6,8.0,1090.0,2100.0,2.0,2.1,3.0,7.0,3.0,11.0,,,,,,,28.0,0,,0,7.8,1595.0,2.05,0,5.0,7.0,,0,,0,,0
2019,2990,"WELL OF BHIKSINGH S/O AMAR SINGH PUROHIT, SAKARNA",Rajasthan,25.0,25.0,,,7.7,7.7,13700.0,13700.0,1.84,1.84,3.0,3.0,7.0,7.0,,,,,,,25.0,0,,0,7.7,13700.0,1.84,0,3.0,7.0,,0,,0,,0
2019,2991,"MALI, SAKARNA BERA, BALOTRA, WELL OF BHAG JI LAXMAN RAM",Rajasthan,24.0,25.0,,,7.3,7.4,11100.0,11400.0,1.78,1.87,4.0,7.0,7.0,7.0,,,,,,,24.5,0,,0,7.35,11250.0,1.8250000000000002,0,5.5,7.0,,0,,0,,0
2019,2993,"PAM, LEFT SIDE OF BRIDGE LUNI, JODHPUR, RAJASTHAN WELL OF CHOUTHA RAM PUSA",Rajasthan,23.0,25.0,,,7.8,7.9,4200.0,7000.0,3.11,3.16,3.0,4.0,7.0,7.0,,,,,,,24.0,0,,0,7.85,5600.0,3.135,0,3.5,7.0,,0,,0,,0
2019,2999,"VILLAGE PHALSHA MODE RIA BALOTRA, RAJASTHAN BORE WELL SH. PREM CHAND,",Rajasthan,25.0,26.0,4.2,4.2,7.9,8.0,1170.0,1490.0,2.07,2.46,3.0,4.0,3.0,7.0,,,,,,,25.5,0,4.2,0,7.95,1330.0,2.2649999999999997,0,3.5,5.0,,0,,0,,0
2019,3000,"S/O SH. HORIDWARI RAM 3A-16 CHOPNADI, RAJASTHAN BORE WELL SH. UMESH KUMAR",Rajasthan,25.0,27.0,4.0,4.0,7.3,7.7,870.0,1010.0,2.07,2.2,3.0,3.0,3.0,3.0,,,,,,,26.0,0,4.0,0,7.5,940.0,2.135,0,3.0,3.0,,0,,0,,0
2019,3001,"SERVICE STATION, BHIWADI, UIT, BHIWADI, RAJASTHAN BORE WELL SH. BHRAM JEET",Rajasthan,27.0,27.0,,,8.0,8.0,1060.0,1060.0,2.1,2.1,3.0,3.0,4.0,4.0,,,,,,,27.0,0,,0,8.0,1060.0,2.1,0,3.0,4.0,,0,,0,,0
2019,3002,BORE WELL M/S R.C. PALACE,Rajasthan,26.0,28.0,4.4,4.4,7.5,8.0,940.0,1740.0,2.11,2.2,3.0,7.0,3.0,11.0,,,,,,,27.0,0,4.4,0,7.75,1340.0,2.1550000000000002,0,5.0,7.0,,0,,0,,0
2019,3003,"HOUSING BOARD, BHIWADI, HOTEL, BHIWADI, RAJASTHAN BORE WELL OFFICE OF RAJ.",Rajasthan,26.0,27.0,3.4,3.4,7.4,7.9,1710.0,1800.0,1.76,2.07,3.0,3.0,3.0,7.0,,,,,,,26.5,0,3.4,0,7.65,1755.0,1.915,0,3.0,5.0,,0,,0,,0
2019,3004,"PUBLIC SCHOOL, BHIWADI, BORE WELL OF M/S MODERN",Rajasthan,25.0,29.0,4.8,4.8,8.0,8.1,1290.0,1340.0,2.29,2.62,3.0,4.0,7.0,11.0,,,,,,,27.0,0,4.8,0,8.05,1315.0,2.455,0,3.5,9.0,,0,,0,,0
2019,3005,"EDIBLE FOOD PRODUCT, BORE WELL OF M/S KUNDAN",Rajasthan,26.0,27.0,4.8,4.8,7.9,8.1,860.0,960.0,2.1,2.8,3.0,7.0,3.0,11.0,,,,,,,26.5,0,4.8,0,8.0,910.0,2.45,0,5.0,7.0,,0,,0,,0
2019,3006,"TIRAHA, NEVTA DAM, KHUSKHERA, RAJASTHAN HAND PUMP NEAR NEVTA",Rajasthan,28.0,28.0,,,7.8,8.0,2300.0,2300.0,1.14,1.55,3.0,3.0,3.0,7.0,,,,,,,28.0,0,,0,7.9,2300.0,1.345,0,3.0,5.0,,0,,0,,0
2019,4165,"SANGANER, JAIPUR, RAJASTHAN BORE WELL NEAR STP AT",Rajasthan,27.0,27.0,,,7.6,7.7,1040.0,1070.0,2.1,2.21,3.0,4.0,4.0,7.0,,,,,,,27.0,0,,0,7.65,1055.0,2.1550000000000002,0,3.5,5.5,,0,,0,,0
2019,4166,"GAJADHARPURA, JAIPUR BORE WELL NEAR MSW SITE/",Rajasthan,26.0,26.0,,,7.8,8.5,2200.0,2500.0,2.28,2.74,4.0,9.0,4.0,14.0,,,,,,,26.0,0,,0,8.15,2350.0,2.51,0,6.5,9.0,,0,,0,,0
2019,4168,"KANOTA DAM, JAIPUR HAND PUMP AT VILLAGE",Rajasthan,18.5,18.5,,,7.4,7.4,4100.0,4100.0,2.47,2.47,9.0,9.0,14.0,14.0,,,,,,,18.5,0,,0,7.4,4100.0,2.47,0,9.0,14.0,,0,,0,,0
2019,4169,HAND PUMP AT VILLAGE,Rajasthan,18.0,18.0,,,7.5,7.6,1060.0,1090.0,,,2.1,2.74,4.0,4.0,7.0,9.0,,,,,18.0,0,,0,7.55,1075.0,,0,2.42,4.0,8.0,0,,0,,0
2019,4170,"MANGROP, BHILWARA HAND PUMP AT VILLAGE",Rajasthan,17.5,19.0,,,7.5,7.5,1550.0,1700.0,,,2.36,3.65,3.0,4.0,7.0,7.0,,,,,18.25,0,,0,7.5,1625.0,,0,3.005,3.5,7.0,0,,0,,0
2019,4176,"ATOON, BHILWARA HAND PUMP NEAR RIICO INUSTRIAL AREA, AAJOLIYON KA",Rajasthan,25.0,28.0,,,7.3,7.3,2400.0,2600.0,,,1.84,2.1,4.0,4.0,7.0,9.0,,,,,26.5,0,,0,7.3,2500.0,,0,1.9700000000000002,4.0,8.0,0,,0,,0
2019,4177,"SWAROOP NAGAR, UDAIPUR KHERA, GANGRAR, CHITTORGARH",Rajasthan,18.0,26.0,4.2,7.8,7.3,9.0,420.0,1000.0,0.9,3.7,1.85,2.46,9.0,150.0,28.0,240.0,,,,,22.0,0,6.0,0,8.15,710.0,2.3000000000000003,0,2.1550000000000002,79.5,134.0,0,,0,,0
2019,4178,"GOVERDHAN SAGAR, UDAIPUR",Rajasthan,18.0,26.0,3.8,7.9,7.7,8.9,244.0,1460.0,3.1,4.6,1.84,2.46,20.0,150.0,75.0,210.0,,,,,22.0,0,5.85,0,8.3,852.0,3.8499999999999996,0,2.15,85.0,142.5,0,,0,,0
2019,4180,"BOREWELL OF JYOTI UCHCH MADHYMIC VIDHYALAYA,",Rajasthan,26.0,29.0,4.0,4.0,7.5,8.0,1400.0,1470.0,,,1.82,2.05,3.0,4.0,4.0,7.0,,,,,27.5,0,4.0,0,7.75,1435.0,,0,1.935,3.5,5.5,0,,0,,0
2019,4181,"NAYAGAON, RAMPUR MUNDANA, BHIWADI BOREWELL IN THE HOUSE AKRAM KHAN, AMLAKI,",Rajasthan,27.0,27.0,3.5,3.5,7.6,7.9,2300.0,2300.0,,,2.74,3.1,3.0,4.0,7.0,11.0,,,,,27.0,0,3.5,0,7.75,2300.0,,0,2.92,3.5,9.0,0,,0,,0
2019,4182,"KHARGANJ INDL AREA, TIJARA, ALWAR BOREWELL AT RO OF RSPCB,",Rajasthan,26.0,26.0,4.3,4.3,7.9,7.9,2300.0,2300.0,,,1.83,1.83,3.0,3.0,3.0,3.0,,,,,26.0,0,4.3,0,7.9,2300.0,,0,1.83,3.0,3.0,0,,0,,0
2019,4183,"INFRONT OF STP, BHIWADI, BHIWADI, TIJARA, ALWAR BOREWELL AT STAR HOSPITAL,",Rajasthan,26.0,27.0,3.8,3.8,7.6,8.0,2100.0,2200.0,,,1.88,2.06,3.0,4.0,3.0,7.0,,,,,26.5,0,3.8,0,7.8,2150.0,,0,1.97,3.5,5.0,0,,0,,0
2019,4184,"TIJARA, ALWAR BOREWELL IN CETP PREMISES,",Rajasthan,25.0,27.0,3.6,3.6,7.3,7.9,2400.0,2500.0,,,1.82,2.0,3.0,3.0,7.0,11.0,,,,,26.0,0,3.6,0,7.6,2450.0,,0,1.9100000000000001,3.0,9.0,0,,0,,0
2019,4759,"URBAN IMPROVEMENT TRUST, BHIWADI, TIJARA, ALWAR HANDPUMP IN FRONT OF",Rajasthan,26.0,26.0,,,7.6,7.6,2400.0,2400.0,,,2.06,2.06,4.0,4.0,9.0,9.0,,,,,26.0,0,,0,7.6,2400.0,,0,2.06,4.0,9.0,0,,0,,0
2019,4760,"CIVIL LINES, AJMER HANDPUMP WITHIN PREMISES OF NAGAR PARISHAD OFFICE,",Rajasthan,27.0,28.0,,,7.4,7.5,1900.0,2100.0,0.0,0.0,2.46,2.8,3.0,7.0,7.0,14.0,,,,,27.5,0,,0,7.45,2000.0,0.0,0,2.63,5.0,10.5,0,,0,,0
2019,4761,"AND RESEARCH FOUNDATION OLD CITY ROAD, DESHWALI MOHALLA, KRISHANGARH TUBE WELL OF M/S BALOTRA WATER POLLUTION CONTROL",Rajasthan,23.0,25.0,,,7.4,7.4,36000.0,45000.0,,,1.82,2.0,3.0,4.0,7.0,9.0,,,,,24.0,0,,0,7.4,40500.0,,0,1.9100000000000001,3.5,8.0,0,,0,,0
2019,32,"WELL AT MUSIRI, TAMIL NADU",Tamil Nadu,30.0,30.0,6.7,6.7,8.0,8.0,406.0,406.0,0.1,0.1,0.03,0.03,2.0,2.0,2.0,2.0,,,,,30.0,0,6.7,0,8.0,406.0,0.1,0,0.03,2.0,2.0,0,,0,,0
2019,1449,COLLECTOR WELL AT THIRUPUVANAM FOR MADURAI,Tamil Nadu,26.0,33.0,6.0,6.3,7.3,7.6,818.0,890.0,2.0,5.0,0.58,1.8,2.0,2.0,4.0,4.0,,,,,29.5,0,6.15,0,7.449999999999999,854.0,3.5,0,1.19,2.0,4.0,0,,0,,0
2019,4810,"OPPOSITE TO M/S. PIONEER WAT. SUPPLY SCHEME, TAMILNADU SURIYAMPALAYAM BOREWELL (HAND PUMP) OWNED BY ERODE CORPORATION LOATED",Tamil Nadu,30.0,30.0,3.1,3.1,7.5,7.5,2460.0,2460.0,0.2,0.2,0.01,0.01,2.0,2.0,6.0,6.0,,,,,30.0,0,3.1,0,7.5,2460.0,0.2,0,0.01,2.0,6.0,0,,0,,0
2019,4811,"PHOENIX TEXTILE PROCESSORS, PROCESSING INDIA PVT. LTD., BHAVANI MAIN ROAD, R.N. PUDUR POST, ERODE BOREWELL LOCATED AT M/S.",Tamil Nadu,30.0,30.0,6.2,6.2,7.7,7.7,2060.0,2060.0,0.1,0.1,4.03,4.03,4.0,4.0,9.0,9.0,,,,,30.0,0,6.2,0,7.7,2060.0,0.1,0,4.03,4.0,9.0,0,,0,,0
2019,4814,"VENDIPALAYAM, ERODE HOUSE OF THIRU MURUGAN, S/O. ESAKKI, NO.16B,",Tamil Nadu,27.0,30.0,4.3,5.0,6.7,7.0,1641.0,2410.0,,2.0,0.29,7.64,2.0,4.0,4.0,10.0,,,,,28.5,0,4.65,0,6.85,2025.5,,0,3.965,3.0,7.0,0,,0,,0
2019,4815,"PERUMALPURAM STREET, MEENAKSHIPURAM, ANNA NAGAR, TIRUNELVELI MUNICIPAL CORPORATION BORE WELL LOCATED IN",Tamil Nadu,28.0,30.0,3.5,5.2,6.6,7.2,814.0,1052.0,0.0,2.1,0.22,0.95,2.0,24.0,4.0,79.0,,,,,29.0,0,4.35,0,6.9,933.0,1.05,0,0.585,13.0,41.5,0,,0,,0
2019,4816,"NARANAMMALPURAM, TIRUNELVELI AUTHOR Â– MUKKANI AGRAGARAM STREET INFRONT",Tamil Nadu,27.0,27.0,4.0,4.0,6.9,6.9,1401.0,1401.0,2.9,2.9,2.32,2.32,2.0,2.0,2.0,2.0,,,,,27.0,0,4.0,0,6.9,1401.0,2.9,0,2.32,2.0,2.0,0,,0,,0
2019,4817,ARUNACHALA SWAMY TEMPLE OF THIRU N. SAMUTHRAPANDI HOUSE BORE WELL ERAL Â– CHARMAM,Tamil Nadu,27.0,27.0,5.5,5.5,7.2,7.2,72.0,72.0,2.9,2.9,0.07,0.07,2.0,2.0,4.0,4.0,,,,,27.0,0,5.5,0,7.2,72.0,2.9,0,0.07,2.0,4.0,0,,0,,0
2019,4818,"WEST OF BORE WELL ALWARTHIRUNAGARI Â– VETERINARY DISPENSARY, WEST",Tamil Nadu,28.0,28.0,7.3,7.3,6.7,6.7,2330.0,2330.0,,,0.0,0.0,2.0,2.0,4.0,4.0,,,,,28.0,0,7.3,0,6.7,2330.0,,0,0.0,2.0,4.0,0,,0,,0
2019,4819,DEVELOPMENT OFFICE Â– OPEN SRIVAIKUNDAM Â– BLOCK,Tamil Nadu,28.0,28.0,7.0,7.0,6.9,6.9,179.0,179.0,2.1,2.1,0.29,0.29,7.0,7.0,24.0,24.0,,,,,28.0,0,7.0,0,6.9,179.0,2.1,0,0.29,7.0,24.0,0,,0,,0
2019,4820,WELL SRIVAIKUNDAM Â– TNEB SUB STATION 33 KVA OPPOSITE TO,Tamil Nadu,28.0,28.0,6.0,6.0,6.6,6.6,178.0,178.0,2.5,2.5,1.3,1.3,32.0,32.0,110.0,110.0,,,,,28.0,0,6.0,0,6.6,178.0,2.5,0,1.3,32.0,110.0,0,,0,,0
2019,4821,KAMBARASAMPETTAI INTAKE TIRUNELVELI MAIN ROAD OPEN WELL BOREWELL NEAR,Tamil Nadu,28.0,28.0,6.8,6.8,7.0,7.0,388.0,388.0,0.4,0.4,0.06,0.06,4.0,4.0,11.0,11.0,,,,,28.0,0,6.8,0,7.0,388.0,0.4,0,0.06,4.0,11.0,0,,0,,0
2019,4824,"WELL (TRICHY UPSTREAM) PARAMASIVAM WATER SERVICE STATION, BLOCK NO.13 BSNL",Tamil Nadu,29.0,29.0,5.9,5.9,7.4,7.4,3360.0,3360.0,1.6,1.6,2.01,2.01,2.0,2.0,4.0,4.0,,,,,29.0,0,5.9,0,7.4,3360.0,1.6,0,2.01,2.0,4.0,0,,0,,0
2019,4825,"SANGILIMUNIYAPPAN KOVIL, EXCHANGE OPPOSITE, METTUR DAM Â– 636 402. M. KALIAPPAN,",Tamil Nadu,29.0,29.0,6.7,6.7,7.6,7.6,1958.0,1958.0,0.7,0.7,0.25,0.25,2.0,2.0,4.0,4.0,,,,,29.0,0,6.7,0,7.6,1958.0,0.7,0,0.25,2.0,4.0,0,,0,,0
2019,4826,"ERIKKADU, METTUR SAKTHI NAGAR, NEAR MUNICIPALITY SEWAGE",Tamil Nadu,29.0,29.0,6.6,6.6,7.9,7.9,360.0,360.0,0.4,0.4,1.65,1.65,4.0,4.0,6.0,6.0,,,,,29.0,0,6.6,0,7.9,360.0,0.4,0,1.65,4.0,6.0,0,,0,,0
2019,15,WELL AT KUYYURA,Telangana,27.0,,7.3,7.3,725.0,725.0,,,2.2,2.2,,,,,,,,,,,,0,7.3,0,725.0,,2.2,0,,,,0,,0,,0
2019,16,WELL AT TADAVAI A.P.,Telangana,28.0,28.0,7.6,7.6,753.0,753.0,,,13.0,13.0,,,,,,,,,,,28.0,0,7.6,0,753.0,,13.0,0,,,,0,,0,,0
2019,27,WELL AT PEDDAVOORA,Telangana,21.0,21.0,7.3,7.6,514.0,1577.0,2.4,2.4,15.29,15.29,2.0,2.0,2.0,2.0,,,,,,,21.0,0,7.449999999999999,0,1045.5,2.4,15.29,0,2.0,2.0,,0,,0,,0
2019,1515,"B/W. - NAGARAM(V),",Telangana,27.0,,7.2,7.2,1120.0,1120.0,,,6.0,6.0,,,,,,,,,,,,0,7.2,0,1120.0,,6.0,0,,,,0,,0,,0
2019,1525,"CHLORIDES , PASHAMAYLAM , PALVONCHA, KHAMMAM DIST. B/W - IDA , NEAR CHAITANYA",Telangana,23.0,27.0,6.7,6.9,2600.0,2890.0,4.5,4.5,38.38,38.38,2.0,2.0,2.0,2.0,,,,,,,25.0,0,6.800000000000001,0,2745.0,4.5,38.38,0,2.0,2.0,,0,,0,,0
2019,1791,"PAIDIPALLY (V), WARANGAL MEDAK DIST. B/W. - EAST OF SAICHERUVU ,",Telangana,27.0,27.0,7.2,7.2,1702.0,1702.0,,,7.0,7.0,,,,,,,,,,,27.0,0,7.2,0,1702.0,,7.0,0,,,,0,,0,,0
2019,1792,"ENUMAMULA (V) , WARANGAL DIST. B/W -NEAR CKM COLLEGE ,",Telangana,28.0,28.0,8.1,8.1,1637.0,1637.0,,,12.0,12.0,,,,,,,,,,,28.0,0,8.1,0,1637.0,,12.0,0,,,,0,,0,,0
2019,1793,"DIST. O/W - BHOOMAIAH NEAR ASHPONDS OF NTPC ,",Telangana,27.0,27.0,7.5,7.5,1711.0,1711.0,,,1.2,1.2,,,,,,,,,,,27.0,0,7.5,0,1711.0,,1.2,0,,,,0,,0,,0
2019,1794,"KUNDANPALLY (V) , RAMAGUNDAM , KARIMNAGAR B/W - MANAKONDUR (V) ,",Telangana,27.0,27.0,7.2,7.2,1238.0,1238.0,,,3.2,3.2,,,,,,,,,,,27.0,0,7.2,0,1238.0,,3.2,0,,,,0,,0,,0
2019,1795,"KARIMNAGAR DIST. B/W. - PANCHAYAT OFFICE , ,",Telangana,22.0,26.0,7.2,7.2,2900.0,3120.0,5.6,5.6,36.42,36.42,2.0,2.0,2.0,2.0,,,,,,,24.0,0,7.2,0,3010.0,5.6,36.42,0,2.0,2.0,,0,,0,,0
2019,1811,"RUDRAVELLI (V) , BIBINAGAR NIZAMABAD DIST. B/W. - PRIMARY SCHOOL -",Telangana,21.0,21.0,7.2,7.6,1847.0,1900.0,2.7,2.7,0.35,18.35,2.0,2.0,2.0,2.0,,,,,,,21.0,0,7.4,0,1873.5,2.7,9.350000000000001,0,2.0,2.0,,0,,0,,0
2019,3088,"RAMAVARAM, NEAR MWS (M), NALGONDA DIST. B/W AT J.NARASIMHA RAOÂ’S HOUSE, 14NOS. AREA,",Telangana,27.0,,7.2,7.2,1767.0,1767.0,,,10.0,10.0,,,,,,,,,,,,0,7.2,0,1767.0,,10.0,0,,,,0,,0,,0
2019,3094,"DUMPSITE, KOTHAGUDEM, KHAMMAM B/W AT AKBARNAGAR,",Telangana,27.0,27.0,7.7,7.7,967.0,967.0,,,1.6,1.6,,,,,,,,,,,27.0,0,7.7,0,967.0,,1.6,0,,,,0,,0,,0
2019,4260,"YARD, MEDAK TOWN MEDAK BORE WELL NEAR MSW DUMP",Telangana,26.0,27.0,7.2,7.5,1084.0,1326.0,7.0,7.0,15.43,15.43,2.0,2.0,2.0,2.0,,,,,,,26.5,0,7.35,0,1205.0,7.0,15.43,0,2.0,2.0,,0,,0,,0
2019,4261,"DISTRICT BORE WELL AT M/S SHALINI STEELS LTD, IDA BOLLARAM,",Telangana,26.0,27.0,6.4,7.2,4600.0,5340.0,14.7,14.7,35.41,35.41,2.0,2.0,2.0,2.0,,,,,,,26.5,0,6.800000000000001,0,4970.0,14.7,35.41,0,2.0,2.0,,0,,0,,0
2019,4262,"KISTAIPALLY VILLAGE JINNARM JINNARAM MANDAL, SANGAREDDY DISTRICT BOREWELL NEAR GRAMPANCHYAT OFFICE,",Telangana,26.0,28.0,6.8,7.4,2161.0,2198.0,3.3,3.3,35.41,37.42,2.0,2.0,2.0,2.0,,,,,,,27.0,0,7.1,0,2179.5,3.3,36.415,0,2.0,2.0,,0,,0,,0
2019,4263,"MANDAL, SANGAREDDY DISTRICT BOREWELL NEAR MPP SCHOOL GADDAPOTHARAM VILLAGE,",Telangana,27.0,27.0,7.0,7.3,3480.0,3640.0,8.4,8.4,29.29,29.29,2.0,2.0,2.0,2.0,,,,,,,27.0,0,7.15,0,3560.0,8.4,29.29,0,2.0,2.0,,0,,0,,0
2019,4264,"JINNARAM MANDAL, SANGAREDDY DISTRICT BORE WELL WATER POINT AT ZP GIRLS HIGH SCHOOL BHUDAM",Telangana,20.0,20.0,6.6,7.2,2100.0,3510.0,3.2,3.2,23.49,23.49,2.0,2.0,2.0,2.0,,,,,,,20.0,0,6.9,0,2805.0,3.2,23.49,0,2.0,2.0,,0,,0,,0
2019,4265,POCHAMPALLY (V & M) YADADRI DISTRICT B/W AT GRAM PANCHAYATH,Telangana,22.0,22.0,6.8,7.2,1556.0,2590.0,1.5,1.5,21.2,21.21,2.0,2.0,2.0,2.0,,,,,,,22.0,0,7.0,0,2073.0,1.5,21.205,0,2.0,2.0,,0,,0,,0
2019,4266,"OFFICE, DOTHIGUDAM BOREWELL NEAR PRIMARY SCHOOL, ADLOOR YELLAREDDY",Telangana,24.0,28.0,7.1,7.4,1180.0,1518.0,3.0,3.0,13.23,13.23,2.0,2.0,2.0,2.0,,,,,,,26.0,0,7.25,0,1349.0,3.0,13.23,0,2.0,2.0,,0,,0,,0
2019,4268,"875, ABESTOS COLONY, GANDHI (N) SADASHIVANAGAR (M) KAMAREDDY DIST BOREWELL LOCATED AT HOUSE OF SRI VITAL RAO, H.NO. 2-42",Telangana,27.0,27.0,7.8,7.8,1226.0,1226.0,,,9.0,9.0,,,,,,,,,,,27.0,0,7.8,0,1226.0,,9.0,0,,,,0,,0,,0
2019,4269,"NAGAR, BALANAGAR, MEDCHAL DISTRICT BOREWELL LOCATED AT HOUSE OF SRI P NEKATESH RAJU, PLOT NO 115,22 321, APIIC, CO-",Telangana,27.0,27.0,6.8,6.8,3480.0,3480.0,,,1.4,1.4,,,,,,,,,,,27.0,0,6.8,0,3480.0,,1.4,0,,,,0,,0,,0
2019,4270,"[PERATIVE CONONY, JEEDIMETLA, QUTHBULLAPUR (M) MEDCHAL DISTRICT BOREWELL LOCATED AT HOUSE",Telangana,27.0,27.0,7.2,7.2,2510.0,2510.0,,,13.0,13.0,,,,,,,,,,,27.0,0,7.2,0,2510.0,,13.0,0,,,,0,,0,,0
2019,4271,"SCHOOL, SY. NO 32 DHULAPALLY SHAKTHIPURAM, PRASHANTH NAGAR, I. E. KUKATPALLY, MEDCHAL DISTRICT BOREWELL LOCATED AT GOVERNMENT PRIMARY",Telangana,27.0,27.0,7.7,7.7,1652.0,1652.0,,,20.0,20.0,,,,,,,,,,,27.0,0,7.7,0,1652.0,,20.0,0,,,,0,,0,,0
2019,4272,"(V) QUTHBULLAPUR (M) MEDCHAL DISTRICT. BOREWELL LOCATED AT RAHIV GRUHA KA;PA, AHMEDGUDA,",Telangana,27.0,27.0,7.8,7.8,826.0,826.0,,,2.3,2.3,,,,,,,,,,,27.0,0,7.8,0,826.0,,2.3,0,,,,0,,0,,0
2019,4273,"DUNDIGAL (V) DHUNDIGAL (M) AMBEDKAR NAGAR, KAPRA MEDCHAL DISTRICT. BOREWELL LOCATED AT THANDA",Telangana,27.0,27.0,6.8,6.8,2998.0,2998.0,,,19.0,19.0,,,,,,,,,,,27.0,0,6.8,0,2998.0,,19.0,0,,,,0,,0,,0
2019,4274,"PERIPHERY OF THE IDA, MEDCHAL DISTRICT BOREWELL POINTS AT THE",Telangana,27.0,27.0,7.0,7.0,2186.0,2186.0,,,20.0,20.0,,,,,,,,,,,27.0,0,7.0,0,2186.0,,20.0,0,,,,0,,0,,0
2019,4275,PERIPHERY OF THE ISA JEEDIMETLA BOREWELL POINTS AT THE,Telangana,27.0,,7.2,7.2,2256.0,2256.0,,,11.0,11.0,,,,,,,,,,,,0,7.2,0,2256.0,,11.0,0,,,,0,,0,,0
2019,4276,"PANCHAYAT OFFICE, KHAZIPALLY BALANAGAR BOREWELL NEAR GRAM",Telangana,27.0,27.0,7.3,7.3,2215.0,2215.0,,,39.36,39.36,,,,,,,,,,,27.0,0,7.3,0,2215.0,,39.36,0,,,,0,,0,,0
2019,4277,"B/W AT ZPHS SULTHANPUR VILLAGE, SANGAREDDY DISTRIST",Telangana,25.0,25.0,6.6,7.4,6100.0,6890.0,9.0,9.0,37.57,37.57,2.0,2.0,2.0,2.0,,,,,,,25.0,0,7.0,0,6495.0,9.0,37.57,0,2.0,2.0,,0,,0,,0
2019,4278,"B/W AT AUROBINDO, HATNUR,",Telangana,25.0,25.0,6.8,7.2,1254.0,1674.0,5.0,5.0,21.12,21.12,2.0,2.0,2.0,2.0,,,,,,,25.0,0,7.0,0,1464.0,5.0,21.12,0,2.0,2.0,,0,,0,,0
2019,4279,"GUNDLA MACHANUR, SANGAREDDY B/W NEAR M/S ARCH PHARMA,",Telangana,25.0,25.0,6.7,6.9,440.0,3200.0,1.2,1.2,11.18,11.18,2.0,2.0,2.0,2.0,,,,,,,25.0,0,6.800000000000001,0,1820.0,1.2,11.18,0,2.0,2.0,,0,,0,,0
2019,4280,"SANGAREDDY B,W AT IDS RAMPUR,",Telangana,29.0,,7.5,7.5,3875.0,3875.0,,,4.8,4.8,,,,,,,,,,,,0,7.5,0,3875.0,,4.8,0,,,,0,,0,,0
2019,4281,"VILLAGE (OPEN LAND ) HANAMKONDA, WARANGAL B/W NEAR BHIMANPALLI",Telangana,21.0,21.0,7.2,7.3,3010.0,4290.0,3.3,3.3,25.17,25.17,2.0,2.0,2.0,2.0,,,,,,,21.0,0,7.25,0,3650.0,3.3,25.17,0,2.0,2.0,,0,,0,,0
2019,4282,"(AGRICULTURAL FIELD), POCHAMPALLY MANDAL B/W NEAR AARLA BAVI",Telangana,22.0,22.0,6.9,7.3,1667.0,1695.0,1.8,1.8,35.12,35.12,2.0,2.0,2.0,2.0,,,,,,,22.0,0,7.1,0,1681.0,1.8,35.12,0,2.0,2.0,,0,,0,,0
2019,4283,B/W NEAR DANTUR (OPEN,Telangana,21.0,21.0,6.7,7.4,2915.0,3920.0,2.0,2.0,32.15,32.15,2.0,2.0,2.0,2.0,,,,,,,21.0,0,7.050000000000001,0,3417.5,2.0,32.15,0,2.0,2.0,,0,,0,,0
2019,4284,"LAND), POCHAMPALLY MANDAL B/W NEAR MALKAPUR LAKE, MALKAPUR VILLAGE",Telangana,20.0,20.0,7.2,7.4,753.0,1732.0,1.2,1.2,19.32,19.32,2.0,2.0,2.0,2.0,,,,,,,20.0,0,7.300000000000001,0,1242.5,1.2,19.32,0,2.0,2.0,,0,,0,,0
2019,4285,"VILLAGE (AGRICULTURAL FIELD), (AGRICULTURAL FIELD) CHOUTUPPA; MANDAL B/W NEAR PEDDAKONDUR",Telangana,21.0,21.0,7.2,7.2,1259.0,2775.0,3.0,3.0,27.26,27.26,2.0,2.0,2.0,2.0,,,,,,,21.0,0,7.2,0,2017.0,3.0,27.26,0,2.0,2.0,,0,,0,,0
2019,4286,VILLAGE (AGRUCULTURAL FIELD) CHOUTUPPAL MANDAL B/W NEAR ANKIREDDIGUDAM,Telangana,21.0,21.0,7.0,7.1,678.0,2031.0,,,27.42,27.42,2.0,2.0,2.0,2.0,,,,,,,21.0,0,7.05,0,1354.5,,27.42,0,2.0,2.0,,0,,0,,0
2019,4287,CHOUTUPPAL MANDAL B/W NEAR LINGAREDDYGUDAM VILLAGE (BESIDE CHOUTUPPAL-,Telangana,20.0,20.0,6.9,7.1,1078.0,1732.0,1.8,1.8,18.37,18.37,2.0,2.0,2.0,2.0,,,,,,,20.0,0,7.0,0,1405.0,1.8,18.37,0,2.0,2.0,,0,,0,,0
2019,4288,"DEVALAMMA NAGARAM VALIGONDA ROAD) CHOUTUPPAL MANDAL B/W NEAR NAGARAM CHERUVU,",Telangana,22.0,22.0,7.4,9.7,520.0,1160.0,,,11.15,11.15,2.0,2.0,2.0,2.0,,,,,,,22.0,0,8.55,1,840.0,,11.15,0,2.0,2.0,,0,,0,,0
2019,4289,VILLAGE B/W NEAR PITTAM PALLE VILLAGE (OPEN LAND BESIDE,Telangana,21.0,21.0,7.0,7.0,1705.0,1705.0,,,18.37,18.37,,,,,,,,,,,21.0,0,7.0,0,1705.0,,18.37,0,,,,0,,0,,0
2019,4290,VILLAGE ROAD) CHITYAL MANDAL B/W NEAR PITTAM PEDDAKAPARTHI VIKKAGE,Telangana,20.0,20.0,7.1,7.1,325.0,325.0,,,11.15,11.15,,,,,,,,,,,20.0,0,7.1,0,325.0,,11.15,0,,,,0,,0,,0
2019,1405,"WELL AT UDAIPUR (TUBEWELL),",Tripura,24.5,25.5,0.4,0.5,5.9,6.1,136.0,143.0,0.0,0.0,0.18,0.23,2.0,2.0,2.0,2.0,,,,,25.0,0,0.45,0,6.0,139.5,0.0,0,0.20500000000000002,2.0,2.0,0,,0,,0
2019,1406,WELL AROUND UDAIPUR,Tripura,24.0,25.5,0.4,0.6,6.0,6.1,159.0,161.0,0.0,0.0,0.25,0.3,2.0,2.0,2.0,2.0,,,,,24.75,0,0.5,0,6.05,160.0,0.0,0,0.275,2.0,2.0,0,,0,,0
2019,1730,"KUNJBAN, AGARTALA, TRIPURA (TUBEWELL), TRIPURA",Tripura,24.0,26.0,0.2,0.2,6.1,6.3,131.0,135.0,0.0,0.0,0.28,0.34,2.0,2.0,2.0,2.0,,,,,25.0,0,0.2,0,6.199999999999999,133.0,0.0,0,0.31000000000000005,2.0,2.0,0,,0,,0
2019,1731,"LANKAMURA, TRIPURA",Tripura,24.0,26.5,0.1,0.2,6.0,6.1,128.0,139.0,0.0,0.0,0.18,0.2,2.0,2.0,2.0,2.0,,,,,25.25,0,0.15000000000000002,0,6.05,133.5,0.0,0,0.19,2.0,2.0,0,,0,,0
2019,1732,"A.D.NAGAR, AGARTALA,",Tripura,24.5,25.5,0.0,0.2,5.4,5.6,142.0,153.0,0.0,0.0,0.27,0.31,2.0,2.0,2.0,2.0,,,,,25.0,0,0.1,0,5.5,147.5,0.0,0,0.29000000000000004,2.0,2.0,0,,0,,0
2019,1733,"SHIBNAGAR, AGARTALA,",Tripura,24.0,26.0,0.4,0.5,5.8,6.0,137.0,144.0,0.0,0.1,0.25,0.28,2.0,2.0,2.0,2.0,,,,,25.0,0,0.45,0,5.9,140.5,0.05,0,0.265,2.0,2.0,0,,0,,0
2019,1734,"GANDHIGRAM, AGARTALA,",Tripura,23.5,25.5,0.0,0.2,6.1,6.4,135.0,149.0,0.0,0.0,0.26,0.31,2.0,2.0,2.0,2.0,,,,,24.5,0,0.1,0,6.25,142.0,0.0,0,0.28500000000000003,2.0,2.0,0,,0,,0
2019,3423,"TUBE WELL AT HAPANIA, WEST",Tripura,24.5,24.5,1.1,1.1,6.2,6.2,122.0,122.0,0.0,0.0,0.2,0.2,2.0,2.0,2.0,2.0,,,,,24.5,0,1.1,0,6.2,122.0,0.0,0,0.2,2.0,2.0,0,,0,,0
2019,3424,"TUBE WELL AT NAGICHERRA,",Tripura,25.0,25.0,1.1,1.1,6.2,6.2,122.0,122.0,0.2,0.2,0.17,0.17,2.0,2.0,2.0,2.0,,,,,25.0,0,1.1,0,6.2,122.0,0.2,0,0.17,2.0,2.0,0,,0,,0
2019,3425,,Tripura,25.5,25.5,0.8,0.8,5.9,5.9,127.0,127.0,0.0,0.0,0.24,0.24,2.0,2.0,2.0,2.0,,,,,25.5,0,0.8,0,5.9,127.0,0.0,0,0.24,2.0,2.0,0,,0,,0
2019,3426,"NAGAR, WEST TRIPURA TUBE WELL AT B.C.MANU,",Tripura,24.5,24.5,0.3,0.3,5.9,5.9,129.0,129.0,0.0,0.0,0.18,0.18,2.0,2.0,2.0,2.0,,,,,24.5,0,0.3,0,5.9,129.0,0.0,0,0.18,2.0,2.0,0,,0,,0
2019,3427,"SOUTH TRIPURA TUBE WELL AT SHANTIR BAZAR,",Tripura,24.5,24.5,0.5,0.5,6.0,6.0,98.0,98.0,0.2,0.2,0.13,0.13,2.0,2.0,2.0,2.0,,,,,24.5,0,0.5,0,6.0,98.0,0.2,0,0.13,2.0,2.0,0,,0,,0
2019,3428,"SOUTH TRIPURA TUBE WELL AT BAGAFA, SOUTH",Tripura,24.5,24.5,0.8,0.8,5.7,5.7,125.0,125.0,0.1,0.1,0.15,0.15,2.0,2.0,2.0,2.0,,,,,24.5,0,0.8,0,5.7,125.0,0.1,0,0.15,2.0,2.0,0,,0,,0
2019,3429,"TUBE WELL AT 82 MILE, DHALAI",Tripura,24.0,24.0,0.8,0.8,6.0,6.0,118.0,118.0,0.1,0.1,0.17,0.17,2.0,2.0,2.0,2.0,,,,,24.0,0,0.8,0,6.0,118.0,0.1,0,0.17,2.0,2.0,0,,0,,0
2019,3430,"TUBE WELL AT JAWAHANAGAR,",Tripura,24.5,24.5,0.8,0.8,6.0,6.0,101.0,101.0,0.2,0.2,0.2,0.2,2.0,2.0,2.0,2.0,,,,,24.5,0,0.8,0,6.0,101.0,0.2,0,0.2,2.0,2.0,0,,0,,0
2019,3431,"TUBE WELL AT KULAI, DHALAI DHALAI",Tripura,24.5,24.5,0.8,0.8,5.7,5.7,91.0,91.0,0.1,0.1,0.14,0.14,2.0,2.0,2.0,2.0,,,,,24.5,0,0.8,0,5.7,91.0,0.1,0,0.14,2.0,2.0,0,,0,,0
2019,3432,"(INTERSTATE BOUNDRY), NORTH TUBE WELL AT CHURAIBARI",Tripura,25.0,25.0,0.7,0.7,5.6,5.6,112.0,112.0,0.1,0.1,0.21,0.21,2.0,2.0,2.0,2.0,,,,,25.0,0,0.7,0,5.6,112.0,0.1,0,0.21,2.0,2.0,0,,0,,0
2019,3433,"INDUSTRIAL ESTATE AREA, TUBE WELL AT KAMESWAR,",Tripura,24.5,24.5,0.8,0.8,6.2,6.2,109.0,109.0,0.2,0.2,0.2,0.2,2.0,2.0,2.0,2.0,,,,,24.5,0,0.8,0,6.2,109.0,0.2,0,0.2,2.0,2.0,0,,0,,0
2019,3434,"INDUSTRIAL ESTATE AREA, TUBE WELL AT KUMARGHAT,",Tripura,25.0,25.0,0.6,0.6,5.7,5.7,107.0,107.0,0.0,0.0,0.22,0.22,2.0,2.0,2.0,2.0,,,,,25.0,0,0.6,0,5.7,107.0,0.0,0,0.22,2.0,2.0,0,,0,,0
2019,3435,"NORTH TRIPURA TUBE WELL AT GOUR NAGAR,",Tripura,24.5,24.5,0.6,0.6,6.1,6.1,115.0,115.0,0.1,0.1,0.17,0.17,2.0,2.0,2.0,2.0,,,,,24.5,0,0.6,0,6.1,115.0,0.1,0,0.17,2.0,2.0,0,,0,,0
2019,3436,"NORTH TRIPURA TUBE WELL AT KAILASHAHAR,",Tripura,25.0,25.0,0.6,0.6,5.8,5.8,129.0,129.0,0.1,0.1,0.22,0.22,2.0,2.0,2.0,2.0,,,,,25.0,0,0.6,0,5.8,129.0,0.1,0,0.22,2.0,2.0,0,,0,,0
2019,4185,TUBE WELL AT JIRANIA NORTH TRIPURA,Tripura,23.5,23.5,1.6,1.6,6.3,6.3,118.0,118.0,0.1,0.1,0.21,0.21,2.0,2.0,2.0,2.0,,,,,23.5,0,1.6,0,6.3,118.0,0.1,0,0.21,2.0,2.0,0,,0,,0
2019,4186,TUBE WELL AT DOKLI,Tripura,25.0,25.0,0.8,0.8,6.0,6.0,102.0,102.0,0.2,0.2,0.23,0.23,2.0,2.0,2.0,2.0,,,,,25.0,0,0.8,0,6.0,102.0,0.2,0,0.23,2.0,2.0,0,,0,,0
2019,4187,TUBE WELL AT BADHARGHAT,Tripura,25.5,25.5,1.1,1.1,6.6,6.6,110.0,110.0,0.1,0.1,0.25,0.25,2.0,2.0,2.0,2.0,,,,,25.5,0,1.1,0,6.6,110.0,0.1,0,0.25,2.0,2.0,0,,0,,0
2019,4188,TUBE WELL AT ARUNDHATI,Tripura,25.0,25.0,1.5,1.5,6.8,6.8,106.0,106.0,0.1,0.1,0.2,0.2,2.0,2.0,2.0,2.0,,,,,25.0,0,1.5,0,6.8,106.0,0.1,0,0.2,2.0,2.0,0,,0,,0
2019,4189,TUBE WELL AT NANADANNAGAR NAGAR,Tripura,25.0,25.0,1.8,1.8,6.3,6.3,95.0,95.0,0.1,0.1,0.18,0.18,2.0,2.0,2.0,2.0,,,,,25.0,0,1.8,0,6.3,95.0,0.1,0,0.18,2.0,2.0,0,,0,,0
2019,4190,TUBE WELL AT DEBENDRA,Tripura,25.5,25.5,1.2,1.2,5.7,5.7,98.0,98.0,0.2,0.2,0.21,0.21,2.0,2.0,2.0,2.0,,,,,25.5,0,1.2,0,5.7,98.0,0.2,0,0.21,2.0,2.0,0,,0,,0
2019,4191,CHANDRA NAGAR TUBE WELL AT SURYAMONI,Tripura,25.0,25.0,0.8,0.8,6.3,6.3,114.0,114.0,0.2,0.2,0.27,0.27,2.0,2.0,2.0,2.0,,,,,25.0,0,0.8,0,6.3,114.0,0.2,0,0.27,2.0,2.0,0,,0,,0
2019,4200,TUBE WELL AT BISHALGARH NAGAR,Tripura,25.0,25.0,0.5,0.5,6.2,6.2,119.0,119.0,0.0,0.0,0.19,0.19,2.0,2.0,2.0,2.0,,,,,25.0,0,0.5,0,6.2,119.0,0.0,0,0.19,2.0,2.0,0,,0,,0
2019,4201,TUBE WELL AT SONAMURA,Tripura,25.0,25.0,0.6,0.6,5.2,5.2,157.0,157.0,0.1,0.1,0.19,0.19,2.0,2.0,2.0,2.0,,,,,25.0,0,0.6,0,5.2,157.0,0.1,0,0.19,2.0,2.0,0,,0,,0
2019,4202,TUBE WELL AT BISHRAMGANJ,Tripura,25.0,25.0,1.5,1.5,5.6,5.6,169.0,169.0,0.3,0.3,0.16,0.16,2.0,2.0,2.0,2.0,,,,,25.0,0,1.5,0,5.6,169.0,0.3,0,0.16,2.0,2.0,0,,0,,0
2019,4203,TUBE WELL AT KARBOOK,Tripura,24.5,24.5,0.5,0.5,5.6,5.6,149.0,149.0,0.1,0.1,0.29,0.29,2.0,2.0,2.0,2.0,,,,,24.5,0,0.5,0,5.6,149.0,0.1,0,0.29,2.0,2.0,0,,0,,0
2019,4204,TUBE WELL AT AMARPUR,Tripura,25.0,25.0,0.6,0.6,5.8,5.8,137.0,137.0,0.2,0.2,0.36,0.36,2.0,2.0,2.0,2.0,,,,,25.0,0,0.6,0,5.8,137.0,0.2,0,0.36,2.0,2.0,0,,0,,0
2019,4205,"TUBE WELL AT AMAR SAGAR,",Tripura,25.0,25.0,0.7,0.7,6.1,6.1,131.0,131.0,0.2,0.2,0.34,0.34,2.0,2.0,2.0,2.0,,,,,25.0,0,0.7,0,6.1,131.0,0.2,0,0.34,2.0,2.0,0,,0,,0
2019,4206,"UDAIPUR TUBE WELL AT DHANI SAGAR,",Tripura,25.0,25.0,0.5,0.5,5.6,5.6,121.0,121.0,0.2,0.2,0.45,0.45,2.0,2.0,2.0,2.0,,,,,25.0,0,0.5,0,5.6,121.0,0.2,0,0.45,2.0,2.0,0,,0,,0
2019,4207,TUBE WELL AT SABROOM UDAIPUR,Tripura,25.0,25.0,0.7,0.7,6.1,6.1,139.0,139.0,0.3,0.3,0.26,0.26,2.0,2.0,2.0,2.0,,,,,25.0,0,0.7,0,6.1,139.0,0.3,0,0.26,2.0,2.0,0,,0,,0
2019,4208,TUBE WELL AT JOLAIBARI,Tripura,25.0,25.0,0.6,0.6,5.8,5.8,143.0,143.0,0.4,0.4,0.32,0.32,2.0,2.0,2.0,2.0,,,,,25.0,0,0.6,0,5.8,143.0,0.4,0,0.32,2.0,2.0,0,,0,,0
2019,4209,TUBE WELL AT BELONIA,Tripura,25.5,25.5,0.3,0.3,6.0,6.0,147.0,147.0,0.0,0.0,0.28,0.28,2.0,2.0,2.0,2.0,,,,,25.5,0,0.3,0,6.0,147.0,0.0,0,0.28,2.0,2.0,0,,0,,0
2019,4210,TUBE WELL AT AMBASSA,Tripura,25.0,25.0,0.3,0.3,5.8,5.8,130.0,130.0,0.1,0.1,0.27,0.27,2.0,2.0,2.0,2.0,,,,,25.0,0,0.3,0,5.8,130.0,0.1,0,0.27,2.0,2.0,0,,0,,0
2019,4211,TUBE WELL AT KAMALPUR,Tripura,24.5,24.5,0.3,0.3,6.1,6.1,132.0,132.0,0.0,0.0,0.23,0.23,2.0,2.0,2.0,2.0,,,,,24.5,0,0.3,0,6.1,132.0,0.0,0,0.23,2.0,2.0,0,,0,,0
2019,4212,TUBE WELL AT CHAWMANU,Tripura,24.0,24.0,0.4,0.4,6.0,6.0,124.0,124.0,0.2,0.2,0.34,0.34,2.0,2.0,2.0,2.0,,,,,24.0,0,0.4,0,6.0,124.0,0.2,0,0.34,2.0,2.0,0,,0,,0
2019,4213,TUBE WELL AT TELIAMURA,Tripura,25.0,25.0,0.5,0.5,5.9,5.9,124.0,124.0,0.2,0.2,0.26,0.26,2.0,2.0,2.0,2.0,,,,,25.0,0,0.5,0,5.9,124.0,0.2,0,0.26,2.0,2.0,0,,0,,0
2019,4214,TUBE WELL AT KHOWAI,Tripura,25.0,25.0,0.5,0.5,5.6,5.6,149.0,149.0,0.2,0.2,0.27,0.27,2.0,2.0,2.0,2.0,,,,,25.0,0,0.5,0,5.6,149.0,0.2,0,0.27,2.0,2.0,0,,0,,0
2019,4215,TUBE WELL AT DHARMANAGAR,Tripura,24.5,24.5,0.3,0.3,5.2,5.2,155.0,155.0,0.1,0.1,0.3,0.3,2.0,2.0,2.0,2.0,,,,,24.5,0,0.3,0,5.2,155.0,0.1,0,0.3,2.0,2.0,0,,0,,0
2019,4216,TUBE WELL AT DAMCHERRA,Tripura,25.0,25.0,1.1,1.1,5.4,5.4,140.0,140.0,0.2,0.2,0.18,0.18,2.0,2.0,2.0,2.0,,,,,25.0,0,1.1,0,5.4,140.0,0.2,0,0.18,2.0,2.0,0,,0,,0
2019,4217,TUBE WELL AT KANCHANPUR,Tripura,25.0,25.0,0.5,0.5,5.6,5.6,155.0,155.0,0.0,0.0,0.21,0.21,2.0,2.0,2.0,2.0,,,,,25.0,0,0.5,0,5.6,155.0,0.0,0,0.21,2.0,2.0,0,,0,,0
2019,4218,TUBE WELL AT PANISAGAR,Tripura,24.5,24.5,0.5,0.5,5.9,5.9,126.0,126.0,0.2,0.2,0.18,0.18,2.0,2.0,2.0,2.0,,,,,24.5,0,0.5,0,5.9,126.0,0.2,0,0.18,2.0,2.0,0,,0,,0
2019,1736,GROUND WATER QUALITY,Uttar Pradesh,22.0,24.0,5.6,7.9,658.0,680.0,4.4,4.8,,,,,,,,,,,,,23.0,0,6.75,0,669.0,4.6,,0,,,,0,,0,,0
2019,1737,"STATION SARDARNAGAR, U.P GROUND WATER QUALITY",Uttar Pradesh,22.0,,5.6,5.8,618.0,680.0,5.0,5.4,,,2.0,2.0,2.0,2.0,,,,,,,,0,5.699999999999999,0,649.0,5.2,,0,2.0,2.0,,0,,0,,0
2019,1738,"M/S WOODWARM CHEMICAL STATION CAPTANGANJ, U.P SITE 1, INDUSTRIAL AREA NEAR",Uttar Pradesh,27.0,27.0,7.3,7.5,615.0,675.0,1.8,1.8,0.68,0.68,2.0,2.0,2.0,13.0,,,,,,,27.0,0,7.4,0,645.0,1.8,0.68,0,2.0,7.5,,0,,0,,0
2019,1739,"LTD., UNNAO, U.P SITE 2, INDUSTRIAL AREA NEAR",Uttar Pradesh,27.0,27.0,7.3,7.4,1214.0,1521.0,0.4,0.4,0.65,0.65,2.0,93.0,2.0,2.0,,,,,,,27.0,0,7.35,0,1367.5,0.4,0.65,0,47.5,2.0,,0,,0,,0
2019,1740,"M/S AMIN SONS, UNNAO, U.P AT ROADWAYS BUS STATION,",Uttar Pradesh,28.0,28.0,7.6,7.7,428.0,1845.0,0.8,0.8,0.55,0.55,2.0,2.0,2.0,23.0,,,,,,,28.0,0,7.65,0,1136.5,0.8,0.55,0,2.0,12.5,,0,,0,,0
2019,1741,"NEAR M/S JAMJAM TANNERS, UNNAO, U.P MAGAWARA INDUSTRIAL AREA",Uttar Pradesh,27.0,27.0,7.4,7.6,573.0,878.0,1.2,1.2,0.42,0.42,2.0,220.0,2.0,540.0,,,,,,,27.0,0,7.5,0,725.5,1.2,0.42,0,111.0,271.0,,0,,0,,0
2019,1742,"LUCKNOW NEAR M/S INDIA UNNAO, U.P CHINHAT INDUSTRIAL AREA IN",Uttar Pradesh,26.1,26.1,7.3,7.5,456.0,963.0,,,1.0,1.4,40.0,40.0,68.0,350.0,,,,,,,26.1,0,7.4,0,709.5,,1.2,0,40.0,209.0,,0,,0,,0
2019,1743,"LUCKNOW NEAR M/S EVEREADY PESTICIDES LUCKNOW, U.P AISHBAGH INDUSTRIAL AREA AT",Uttar Pradesh,25.8,25.8,7.2,7.6,508.0,520.0,,,3.8,4.28,2.0,2.0,2.0,49.0,,,,,,,25.8,0,7.4,0,514.0,,4.04,0,2.0,25.5,,0,,0,,0
2019,1744,"INDUSTRIES LTD. LUCKNOW, U.P JAJMAU INDUSTRIAL AREA NO. 6",Uttar Pradesh,30.0,30.0,7.5,7.5,848.0,848.0,0.0,0.0,,,2.0,2.0,2.0,2.0,,,,,,,30.0,0,7.5,0,848.0,0.0,,0,2.0,2.0,,0,,0,,0
2019,1745,"INDUSTRY OF AMMONIA KANPUR, U.P PANKI INDUSTRIAL AREA NEAR",Uttar Pradesh,30.0,30.0,7.9,7.9,2050.0,2050.0,0.0,0.0,,,2.0,2.0,2.0,2.0,,,,,,,30.0,0,7.9,0,2050.0,0.0,,0,2.0,2.0,,0,,0,,0
2019,1746,"FERTIZER KANPUR, U.P NAGAR PALIKA TUBE WELL,",Uttar Pradesh,19.0,19.0,7.8,7.8,1161.0,1161.0,,,0.11,0.11,,,,,,,,,,,19.0,0,7.8,0,1161.0,,0.11,0,,,,0,,0,,0
2019,1747,"SAROWNI BLOCK AT SULTANPUR, U.P INDIA MARKA HAND PUMP IN",Uttar Pradesh,20.0,20.0,8.0,8.0,1189.0,1189.0,,,0.16,0.16,,,,,,,,,,,20.0,0,8.0,0,1189.0,,0.16,0,,,,0,,0,,0
2019,1749,"TUBE WELL AT MEERUT CITY, U.P RAIBAREILLY, U.P",Uttar Pradesh,18.0,18.0,7.2,7.2,695.0,695.0,,,2.2,2.2,,,,,,,,,,,18.0,0,7.2,0,695.0,,2.2,0,,,,0,,0,,0
2019,1750,"TUBE WELL AT BAGPAT CITY, U.P",Uttar Pradesh,17.0,17.0,7.4,7.4,725.0,725.0,,,1.8,1.8,,,2.0,2.0,,,,,,,17.0,0,7.4,0,725.0,,1.8,0,,2.0,,0,,0,,0
2019,1751,"AT GAJRAULA, MORADABAD, TUBE WELL IN INDUSTRIAL AREA",Uttar Pradesh,,,7.4,7.5,413.0,421.0,,1.0,0.38,0.38,2.0,20.0,2.0,92.0,,,,,,,,0,7.45,0,417.0,,0.38,0,11.0,47.0,,0,,0,,0
2019,1752,"SAHIBABAD INDUSTRIAL AREA,",Uttar Pradesh,23.0,23.0,,,6.6,6.6,1730.0,1730.0,1.2,1.2,0.42,0.42,2.0,2.0,2.0,2.0,,,,,23.0,0,,0,6.6,1730.0,1.2,0,0.42,2.0,2.0,0,,0,,0
2019,1753,"GHAZIABAD, U.P MEERUT ROAD INDUSTRIAL",Uttar Pradesh,20.0,23.0,,,6.9,7.9,501.0,1232.0,0.3,2.8,0.39,0.4,2.0,2.0,2.0,2.0,,,,,21.5,0,,0,7.4,866.5,1.5499999999999998,0,0.395,2.0,2.0,0,,0,,0
2019,1754,"AREA GHAZIABAD, U.P HAPUR ROAD INDUSTRIAL AREA",Uttar Pradesh,20.0,24.0,,,6.9,7.0,960.0,982.0,0.4,0.7,0.38,0.4,2.0,2.0,2.0,2.0,,,,,22.0,0,,0,6.95,971.0,0.55,0,0.39,2.0,2.0,0,,0,,0
2019,1755,"GHAZIABAD, U.P PILKHUA INDUSTRIAL AREA",Uttar Pradesh,20.0,24.0,,,6.7,6.8,1198.0,1210.0,0.2,0.3,0.3,0.38,2.0,2.0,2.0,2.0,,,,,22.0,0,,0,6.75,1204.0,0.25,0,0.33999999999999997,2.0,2.0,0,,0,,0
2019,1756,"GHAZIABAD, U.P GOPIGANJ INDUSTRIAL AREA",Uttar Pradesh,22.0,25.5,,,7.6,7.6,422.0,482.0,1.3,1.3,1.6,1.8,,,,,,,,,23.75,0,,0,7.6,452.0,1.3,0,1.7000000000000002,,,0,,0,,0
2019,1758,"BHADOHI, VARANASI, U.P GROUND AROUND STP",Uttar Pradesh,22.2,25.5,,,7.5,7.8,468.0,534.0,0.8,0.8,1.56,2.1,,,,,,,,,23.85,0,,0,7.65,501.0,0.8,0,1.83,,,0,,0,,0
2019,1759,"DINAPUR, VARANASI, U.P IFFCO, PHOOLPUR, ALLAHABAD,",Uttar Pradesh,25.3,26.3,,,6.8,7.1,848.0,956.0,0.2,0.3,1.08,1.14,2.0,2.0,2.0,2.0,,,,,25.8,0,,0,6.949999999999999,902.0,0.25,0,1.1099999999999999,2.0,2.0,0,,0,,0
2019,1760,U.P M/S KANORIA CHEMICAL,Uttar Pradesh,24.0,24.0,,,8.2,8.2,485.0,485.0,1.3,1.3,1.4,1.4,,,,,,,,,24.0,0,,0,8.2,485.0,1.3,0,1.4,,,0,,0,,0
2019,2467,"SONBHADRA, U.P CHANDPUR INDUSTRIAL AREA,",Uttar Pradesh,22.2,26.0,,,7.6,7.6,482.0,525.0,0.9,0.9,2.4,194.0,,,,,,,,,24.1,0,,0,7.6,503.5,0.9,0,98.2,,,0,,0,,0
2019,2468,"DEVELOPMENT AUTHORITY, LAHARTARA, VARANASI BHADOHI INDUSTRIAL AREA,",Uttar Pradesh,22.8,26.0,,,7.6,7.7,458.0,474.0,1.2,1.2,0.16,1.4,,,,,,,,,24.4,0,,0,7.65,466.0,1.2,0,0.7799999999999999,,,0,,0,,0
2019,2469,"SANT RAVIDAS NAGAR AT INDUSTRIAL AREA. NAINI,",Uttar Pradesh,25.4,26.5,0.0,0.0,7.0,7.1,1188.0,1400.0,0.2,0.4,1.25,1.33,2.0,2.0,2.0,2.0,,,,,25.95,0,0.0,0,7.05,1294.0,0.30000000000000004,0,1.29,2.0,2.0,0,,0,,0
2019,2470,"AT INDUSTRIAL AREA, FATEHPUR ALLAHABAD",Uttar Pradesh,25.3,26.2,0.0,0.0,7.1,7.1,1624.0,1673.0,0.3,0.4,1.54,1.61,2.0,2.0,2.0,2.0,,,,,25.75,0,0.0,0,7.1,1648.5,0.35,0,1.5750000000000002,2.0,2.0,0,,0,,0
2019,2471,DEVELOPMENT AUTHORITY GORAKHPUR INDUSTRIAL,Uttar Pradesh,22.0,24.0,,,5.6,7.2,516.0,560.0,2.6,3.6,,,,,,,,,,,23.0,0,,0,6.4,538.0,3.1,0,,,,0,,0,,0
2019,2472,"VILLAGE DAURALA, MEERUT AREA (GIDA), GORAKHPUR",Uttar Pradesh,17.0,17.0,,,7.2,7.2,640.0,640.0,,,1.6,1.6,,,,,,,,,17.0,0,,0,7.2,640.0,,0,1.6,,,0,,0,,0
2019,2473,"KHEKRA, BAGHPAT",Uttar Pradesh,17.0,17.0,,,7.1,7.1,715.0,715.0,,,2.1,2.1,,,2.0,2.0,,,,,17.0,0,,0,7.1,715.0,,0,2.1,,2.0,0,,0,,0
2019,2474,UNCHAHAAR (NEAR THERMAL,Uttar Pradesh,19.0,19.0,,,7.8,7.8,1182.0,1182.0,,,0.12,0.12,,,,,,,,,19.0,0,,0,7.8,1182.0,,0,0.12,,,0,,0,,0
2019,2475,"POWER PLANT) INDUSTRIAL AREA, SULTANPUR",Uttar Pradesh,18.0,18.0,,,8.1,8.1,1118.0,1118.0,,,0.14,0.14,,,,,,,,,18.0,0,,0,8.1,1118.0,,0,0.14,,,0,,0,,0
2019,2477,ROAD NEAR ARYA KANYA INTER,Uttar Pradesh,24.6,25.1,,,7.2,7.4,932.0,1582.0,,,,,,,,,,,,,24.85,0,,0,7.300000000000001,1257.0,,0,,,,0,,0,,0
2019,2478,"CHAINHAT, LKO NEAR UPTRON DEVA ROAD, INDUSTRIAL AREA,",Uttar Pradesh,26.0,26.0,7.3,7.8,487.0,587.0,,,1.24,1.62,2.0,2.0,2.0,2.0,,,,,,,26.0,0,7.55,0,537.0,,1.4300000000000002,0,2.0,2.0,,0,,0,,0
2019,2479,"NATIONAL LAKDI FAZALPUR, POLICE CHOWKI, LUCKNOW NEAR M/S KUMAR INTER",Uttar Pradesh,23.0,,7.2,7.3,232.0,236.0,0.3,0.5,,,2.0,2.0,33.0,37.0,,,,,,,,0,7.25,0,234.0,0.4,,0,2.0,35.0,,0,,0,,0
2019,2480,"DELHI ROAD, MORADABAD NEAR BRAHMAN MAJRA,",Uttar Pradesh,19.0,,7.0,7.0,340.0,340.0,,,,,,,,,,,,,,,,0,7.0,0,340.0,,,0,,,,0,,0,,0
2019,1766,"MINE PIT WATER ASSANSOL,",West Bengal,27.0,30.5,8.4,8.4,669.0,752.0,0.5,0.6,,0.05,,,2.0,2.0,,,,,,,28.75,0,8.4,0,710.5,0.55,,0,,2.0,,0,,0,,0
2019,1767,"DURGAPUR TOWN, NEAR IISCO,",West Bengal,26.0,27.0,8.0,8.2,174.0,431.0,0.5,0.6,0.11,0.21,,,,,,,,,,,26.5,0,8.1,0,302.5,0.55,0.16,0,,,,0,,0,,0
2019,1768,"BURDWAN, WEST BENGAL DURGAPUR TOWN, BURDWAN,",West Bengal,23.5,30.0,7.8,8.3,406.0,462.0,0.5,0.7,0.13,0.21,2.0,2.0,3.0,7.0,,,,,,,26.75,0,8.05,0,434.0,0.6,0.16999999999999998,0,2.0,5.0,,0,,0,,0
2019,1769,"FACTORY, HALDIA, WEST INSIDE HINDUSTAN LIVER",West Bengal,31.0,31.0,7.3,7.9,1265.0,2422.0,0.4,0.7,0.38,0.75,,,,,,,,,,,31.0,0,7.6,0,1843.5,0.55,0.565,0,,,,0,,0,,0
2019,1770,"BENGAL NEAR IOC REFINERY HALDIA,",West Bengal,26.0,34.0,7.4,7.7,2090.0,2369.0,0.6,1.2,0.16,1.17,,,,,,,,,,,30.0,0,7.550000000000001,0,2229.5,0.8999999999999999,0.6649999999999999,0,,,,0,,0,,0
2019,1771,"KALYANI INDUSTRIAL AREA,",West Bengal,27.0,28.0,7.3,7.6,868.0,1245.0,0.7,2.6,0.52,0.6,3.0,3.0,5.0,5.0,,,,,,,27.5,0,7.449999999999999,0,1056.5,1.65,0.56,0,3.0,5.0,,0,,0,,0
2019,1772,"NADIA, WEST BENGAL BARSAT MUNICIPALITY NORTH",West Bengal,27.0,29.0,7.4,7.9,377.0,1094.0,0.1,0.6,0.24,0.37,3.0,3.0,6.0,6.0,,,,,,,28.0,0,7.65,0,735.5,0.35,0.305,0,3.0,6.0,,0,,0,,0
2019,1773,"24-P, WEST BENGAL TANGRA, CALCUTTA , WEST",West Bengal,29.0,31.0,7.6,7.7,2154.0,2463.0,0.5,0.6,0.12,1.44,110.0,110.0,220.0,300.0,,,,,,,30.0,0,7.65,0,2308.5,0.55,0.78,0,110.0,260.0,,0,,0,,0
2019,1774,"BENGAL TOPSIA CALCUTTA, WEST",West Bengal,26.0,27.0,7.4,7.4,2309.0,2343.0,0.6,1.3,0.1,2.8,4.0,4.0,9.0,9.0,,,,,,,26.5,0,7.4,0,2326.0,0.95,1.45,0,4.0,9.0,,0,,0,,0
2019,1775,"BENGAL DHAPA CALCUTTA, WEST",West Bengal,27.0,27.0,7.4,7.7,2060.0,2300.0,0.6,1.4,0.05,0.05,2.0,2.0,4.0,4.0,,,,,,,27.0,0,7.550000000000001,0,2180.0,1.0,0.05,0,2.0,4.0,,0,,0,,0
2019,1776,"GARIA CALCUTTA, WEST BENGAL BENGAL",West Bengal,25.0,29.0,7.7,7.8,872.0,939.0,0.5,2.9,0.07,0.49,,,,,,,,,,,27.0,0,7.75,0,905.5,1.7,0.28,0,,,,0,,0,,0
2019,1777,"BEHALA CALCUTTA, WEST",West Bengal,28.0,28.0,7.9,8.2,966.0,1101.0,0.8,1.4,0.03,0.29,2.0,2.0,2.0,4.0,,,,,,,28.0,0,8.05,0,1033.5,1.1,0.15999999999999998,0,2.0,3.0,,0,,0,,0
2019,1778,"BENGAL DOMJUR HOWRAH, WEST",West Bengal,24.0,29.0,7.5,7.8,738.0,836.0,0.9,1.3,0.15,0.34,,,,,,,,,,,26.5,0,7.65,0,787.0,1.1,0.245,0,,,,0,,0,,0
2019,1779,BENGAL DANKUNI (NEAR COAL,West Bengal,27.0,28.0,7.6,8.4,635.0,999.0,0.2,0.3,0.49,1.0,3.0,3.0,4.0,4.0,,,,,,,27.5,0,8.0,0,817.0,0.25,0.745,0,3.0,4.0,,0,,0,,0
2019,1813,"RISHRA, WEST BENGAL COMPLEX), WEST BENGAL",West Bengal,22.0,27.0,7.4,7.5,487.0,722.0,0.2,0.3,0.17,0.22,2.0,2.0,3.0,3.0,,,,,,,24.5,0,7.45,0,604.5,0.25,0.195,0,2.0,3.0,,0,,0,,0
2019,1931,COSSIPORE - NORTH KOLKATA,West Bengal,29.0,30.0,7.4,7.4,2642.0,3047.0,0.3,4.0,0.12,0.33,,,,,,,,,,,29.5,0,7.4,0,2844.5,2.15,0.225,0,,,,0,,0,,0
2019,1932,CENTRAL KOLKATA,West Bengal,28.0,31.0,7.6,7.9,894.0,957.0,0.2,0.4,0.14,0.33,,,,,,,,,,,29.5,0,7.75,0,925.5,0.30000000000000004,0.23500000000000001,0,,,,0,,0,,0
2019,1933,"NEAR GALVANISATION UNIT,",West Bengal,28.0,30.0,7.0,7.3,1518.0,1715.0,0.3,0.8,0.05,0.67,2.0,2.0,2.0,2.0,,,,,,,29.0,0,7.15,0,1616.5,0.55,0.36000000000000004,0,2.0,2.0,,0,,0,,0
2019,1934,CENTRAL HOWRAH-RESIDENTAIL,West Bengal,28.0,29.0,7.3,7.6,2634.0,2992.0,0.1,0.5,0.07,0.86,,,,,,,,,,,28.5,0,7.449999999999999,0,2813.0,0.3,0.46499999999999997,0,,,,0,,0,,0
2019,1935,AREA INSIDE KOLKATA LEATHER,West Bengal,29.0,30.0,7.1,7.5,1648.0,1936.0,0.4,0.6,0.05,1.94,9.0,9.0,14.0,14.0,,,,,,,29.5,0,7.3,0,1792.0,0.5,0.995,0,9.0,14.0,,0,,0,,0
2019,1936,RESIDENTIAL AREA - SONARPUR COMPLEX,West Bengal,28.0,28.0,7.8,7.9,949.0,1009.0,0.3,0.8,0.48,4.75,,,2.0,2.0,,,,,,,28.0,0,7.85,0,979.0,0.55,2.615,0,,2.0,,0,,0,,0
2019,1937,RAJARHAT - NEW TOWNSHIP,West Bengal,29.0,30.0,7.4,7.8,387.0,2992.0,0.7,3.1,0.03,0.13,,,,,,,,,,,29.5,0,7.6,0,1689.5,1.9,0.08,0,,,,0,,0,,0
2019,1938,BSIRHAT MUNICIPALITY,West Bengal,27.0,30.0,8.3,8.4,828.0,1788.0,0.4,0.5,0.66,0.89,3.0,3.0,6.0,6.0,,,,,,,28.5,0,8.350000000000001,0,1308.0,0.45,0.775,0,3.0,6.0,,0,,0,,0
2019,1939,BARRAKPORE MUNICIPALITY,West Bengal,27.0,28.0,7.5,7.7,358.0,385.0,0.5,0.7,0.48,0.49,,,,,,,,,,,27.5,0,7.6,0,371.5,0.6,0.485,0,,,,0,,0,,0
2019,1940,NEAR THE PHOSPHATE,West Bengal,21.0,27.0,7.3,7.4,560.0,893.0,0.3,0.4,0.27,0.56,2.0,2.0,2.0,2.0,,,,,,,24.0,0,7.35,0,726.5,0.35,0.41500000000000004,0,2.0,2.0,,0,,0,,0
2019,1941,COMPANY-RISHRA NEAR FLY ASH DUMPING SITE-,West Bengal,27.0,28.0,7.6,7.8,405.0,494.0,0.3,0.5,0.5,0.73,2.0,2.0,2.0,2.0,,,,,,,27.5,0,7.699999999999999,0,449.5,0.4,0.615,0,2.0,2.0,,0,,0,,0
2019,1942,"NEAR EXIDE INDUSTRIES-HALDIA KUNTIGHAT, BANDEL",West Bengal,31.0,31.0,7.6,7.7,1319.0,1701.0,0.3,0.4,0.03,0.12,,,,,,,,,,,31.0,0,7.65,0,1510.0,0.35,0.075,0,,,,0,,0,,0
2019,1943,"INSIDE TATA METALIKS,",West Bengal,25.0,31.0,7.0,7.5,501.0,593.0,0.5,0.6,0.17,0.9,,,,,,,,,,,28.0,0,7.25,0,547.0,0.55,0.535,0,,,,0,,0,,0
2019,1944,KHARAGPUR INDUSTRIAL AREA KHARAGPUR,West Bengal,27.0,30.0,5.8,7.6,113.0,144.0,0.8,1.1,0.28,1.24,,,,,,,,,,,28.5,0,6.699999999999999,0,128.5,0.9500000000000001,0.76,0,,,,0,,0,,0
2019,1945,ENGLISH BAZAR- MALDAH,West Bengal,25.0,39.0,7.6,7.9,440.0,551.0,0.3,0.3,0.14,0.15,3.0,3.0,5.0,5.0,,,,,,,32.0,0,7.75,0,495.5,0.3,0.14500000000000002,0,3.0,5.0,,0,,0,,0
2019,2510,GEOKHALI BUNGLOW,West Bengal,29.0,32.0,7.3,7.8,1029.0,1154.0,0.5,0.5,0.22,1.96,,,,,,,,,,,30.5,0,7.55,0,1091.5,0.5,1.09,0,,,,0,,0,,0
2019,2515,"SDO OFFICE, RANAGHAT MIDNAPUR-EAST",West Bengal,27.0,28.0,7.3,8.3,571.0,597.0,0.3,0.5,0.36,0.43,3.0,3.0,4.0,4.0,,,,,,,27.5,0,7.800000000000001,0,584.0,0.4,0.395,0,3.0,4.0,,0,,0,,0
2019,2516,"SDO OFFICE, KRISHNANAGAR",West Bengal,27.0,28.0,7.6,7.6,575.0,746.0,0.4,0.8,0.12,0.35,2.0,2.0,2.0,2.0,,,,,,,27.5,0,7.6,0,660.5,0.6000000000000001,0.235,0,2.0,2.0,,0,,0,,0
2019,2526,FULBARI BARRAGE,West Bengal,26.0,26.0,6.9,7.4,89.0,261.0,0.8,2.8,1.11,2.69,70.0,90.0,110.0,140.0,,,,,,,26.0,0,7.15,0,175.0,1.7999999999999998,1.9,0,80.0,125.0,,0,,0,,0
2019,2528,GROUND WATER POINT INSIDE,West Bengal,24.0,27.5,8.1,8.4,404.0,610.0,0.5,0.8,0.11,0.55,2.0,2.0,3.0,4.0,,,,,,,25.75,0,8.25,0,507.0,0.65,0.33,0,2.0,3.5,,0,,0,,0
2019,2529,BURDWAN UNIVERSITY GROUND WATER POINT NEAR,West Bengal,26.0,27.5,7.7,8.1,972.0,1102.0,0.7,0.9,0.06,0.7,,,,,,,,,,,26.75,0,7.9,0,1037.0,0.8,0.38,0,,,,0,,0,,0
2019,2530,HOT SPRING AT BAKRESHWAR BURDWAN STATION,West Bengal,60.0,66.0,8.9,9.1,532.0,636.0,0.5,0.6,0.15,0.24,,,,,,,,,,,63.0,1,9.0,1,584.0,0.55,0.195,0,,,,0,,0,,0
2019,2533,SURI TOWN NEAR BUS STAND,West Bengal,28.0,32.0,8.1,8.3,667.0,835.0,0.8,0.9,0.19,0.58,2.0,2.0,3.0,4.0,,,,,,,30.0,0,8.2,0,751.0,0.8500000000000001,0.385,0,2.0,3.5,,0,,0,,0
2019,2535,VISVA BHARATI,West Bengal,29.0,32.0,8.0,8.4,450.0,507.0,0.9,0.9,0.05,0.87,2.0,2.0,2.0,3.0,,,,,,,30.5,0,8.2,0,478.5,0.9,0.46,0,2.0,2.5,,0,,0,,0
2019,2536,NALHATI RAILWAY STATION OF,West Bengal,28.0,29.0,8.0,8.1,1168.0,1233.0,0.7,0.9,0.66,0.91,2.0,2.0,2.0,3.0,,,,,,,28.5,0,8.05,0,1200.5,0.8,0.785,0,2.0,2.5,,0,,0,,0
2019,2537,BOLPUR NEAR RAILWAY,West Bengal,29.0,30.0,7.9,8.1,569.0,1056.0,0.8,0.9,0.71,0.92,2.0,2.0,2.0,2.0,,,,,,,29.5,0,8.0,0,812.5,0.8500000000000001,0.815,0,2.0,2.0,,0,,0,,0
2019,2538,MOREGRAM CROSSING STATION,West Bengal,28.0,29.0,8.1,8.3,317.0,392.0,0.9,0.9,0.2,0.84,,,,,,,,,,,28.5,0,8.2,0,354.5,0.9,0.52,0,,,,0,,0,,0
2019,2540,SATI GHAT AT BANKURA TOWN,West Bengal,26.5,27.0,7.8,8.3,1228.0,1502.0,0.9,0.9,0.11,0.12,,,,,,,,,,,26.75,0,8.05,0,1365.0,0.9,0.11499999999999999,0,,,,0,,0,,0
2019,2542,DWARIKA AT BISHNUPUR TOWN,West Bengal,27.0,27.5,7.9,8.1,635.0,1984.0,0.6,0.6,0.61,0.78,,,,,,,,,,,27.25,0,8.0,0,1309.5,0.6,0.6950000000000001,0,,,,0,,0,,0
2019,2543,SDO OFFICE AT BISHNUPUR,West Bengal,26.0,28.5,7.0,7.5,191.0,216.0,0.6,0.7,0.73,0.92,,,,,,,,,,,27.25,0,7.25,0,203.5,0.6499999999999999,0.825,0,,,,0,,0,,0
2019,2545,TOWN GROUND WATER POINT AT,West Bengal,25.0,27.0,7.3,7.8,1643.0,1984.0,0.6,0.6,0.1,0.95,2.0,2.0,2.0,2.0,,,,,,,26.0,0,7.55,0,1813.5,0.6,0.525,0,2.0,2.0,,0,,0,,0
2019,2546,ULUBERIA COLLEGE AT HOWRAH PURULIA RK MISSION,West Bengal,29.0,30.0,7.5,7.7,944.0,1118.0,0.6,0.7,0.1,0.23,,,,,,,,,,,29.5,0,7.6,0,1031.0,0.6499999999999999,0.165,0,,,,0,,0,,0
2019,2547,"HARBOUR ROAD, 24 PARGANAS AMTOLA ON DIAMOND",West Bengal,28.0,28.0,7.5,7.8,273.0,9146.0,3.5,5.7,0.12,0.19,,,,,,,,,,,28.0,0,7.65,0,4709.5,4.6,0.155,0,,,,0,,0,,0
2019,2548,"HIDCO OFFICE, RAJARHAT (S)",West Bengal,29.0,30.0,7.7,7.9,303.0,388.0,2.4,3.2,0.15,0.81,2.0,4.0,7.0,8.0,,,,,,,29.5,0,7.800000000000001,0,345.5,2.8,0.48000000000000004,0,3.0,7.5,,0,,0,,0
2019,4706,GROUND WATER AT KHARDAH,West Bengal,28.0,28.0,7.3,7.3,866.0,866.0,0.7,0.7,0.32,0.32,,,,,,,,,,,28.0,0,7.3,0,866.0,0.7,0.32,0,,,,0,,0,,0
2019,4707,GROUND WATER AT NAIHATI,West Bengal,27.0,27.0,8.4,8.4,294.0,294.0,0.8,0.8,0.31,0.31,,,,,,,,,,,27.0,0,8.4,0,294.0,0.8,0.31,0,,,,0,,0,,0
2019,4708,GROUND WATER AT,West Bengal,28.0,28.0,7.6,7.6,776.0,776.0,0.6,0.6,0.28,0.28,,,,,,,,,,,28.0,0,7.6,0,776.0,0.6,0.28,0,,,,0,,0,,0
2019,4709,GROUND WATER AT CHINSURA BERHAMPORE,West Bengal,28.0,28.0,7.8,7.8,263.0,263.0,0.2,0.2,0.25,0.25,2.0,2.0,2.0,2.0,,,,,,,28.0,0,7.8,0,263.0,0.2,0.25,0,2.0,2.0,,0,,0,,0
2019,4712,BORE WELL INSIDE M/S UNITED,West Bengal,31.0,31.0,7.9,7.9,3367.0,3367.0,0.8,0.8,0.43,0.43,,,,,,,,,,,31.0,0,7.9,0,3367.0,0.8,0.43,0,,,,0,,0,,0
2019,4713,PHOSPHOROUS LIMITED TUB WELL BESIDE GREEN BELT,West Bengal,31.0,31.0,7.7,7.7,1890.0,1890.0,0.4,0.4,,,,,,,,,,,,,31.0,0,7.7,0,1890.0,0.4,,0,,,,0,,0,,0
2019,4714,CANAL POINT NO.8 GROUND WATER AT ANGADPUR,West Bengal,24.0,24.0,8.0,8.0,699.0,699.0,0.7,0.7,0.13,0.13,3.0,3.0,5.0,5.0,,,,,,,24.0,0,8.0,0,699.0,0.7,0.13,0,3.0,5.0,,0,,0,,0
2019,4715,ANGADPUR DURGAPUR GROUND WATER AT,West Bengal,24.0,24.0,7.2,7.2,380.0,380.0,0.6,0.6,0.22,0.22,,,,,,,,,,,24.0,0,7.2,0,380.0,0.6,0.22,0,,,,0,,0,,0
2019,4716,MUCHIPARA DURGAPUR GROUND WATER AT,West Bengal,27.0,27.0,7.5,7.5,392.0,392.0,0.7,0.7,0.53,0.53,,,,,,,,,,,27.0,0,7.5,0,392.0,0.7,0.53,0,,,,0,,0,,0
2019,4721,"HURALALPUR, PURULIA GROUND WATER AT MATIGARA",West Bengal,28.0,28.0,7.7,7.7,91.0,91.0,0.2,0.2,0.5,0.5,,,,,,,,,,,28.0,0,7.7,0,91.0,0.2,0.5,0,,,,0,,0,,0
2019,4726,BAZAAR GROUND WATER MIRIK,West Bengal,21.0,21.0,7.2,7.2,161.0,161.0,0.5,0.5,0.3,0.3,,,,,,,,,,,21.0,0,7.2,0,161.0,0.5,0.3,0,,,,0,,0,,0
