Year,STN_Code,Monitoring_Location,State,Temp_Min_C,Temp_Max_C,pH_Min,pH_Max,Conductivity_Min,Conductivity_Max,BOD_Min,BOD_Max,NitrateN_NitriteN_Min,NitrateN_NitriteN_Max,Fecal_Coliform_Min,Fecal_Coliform_Max,Total_Coliform_Min,Total_Coliform_Max,TDS_Min,TDS_Max,Fluoride_Min,Fluoride_Max,Arsenic_Min,Arsenic_Max,Temp_Mean,Temp_Exceeds_BIS,pH_Mean,pH_Exceeds_BIS,Conductivity_Mean,BOD_Mean,NitrateN_NitriteN_Mean,NitrateN_NitriteN_Exceeds_BIS,Fecal_Coliform_Mean,Total_Coliform_Mean,TDS_Mean,TDS_Exceeds_BIS,Fluoride_Mean,Fluoride_Exceeds_BIS,Arsenic_Mean,Arsenic_Exceeds_BIS
2021,3092,"BORE WELL AT ALLADAPALEM 29.0 VILLAGE, PYDIBHIMAVARAM ANDHRA PRADESH BORE WELL AT ARINAMA",Andhra Pradesh,31.0,7.4,8.1,712.0,1139.0,2.0,2.4,0.9,7.95,3.0,4.0,64.0,75.0,492.0,754.0,1.0,1.1,0.001,0.001,,19.2,0,360.05,1,570.5,1.65,5.475,0,34.0,283.5,377.5,0,0.5505,0,,0
2021,4360,"AKKIVALASA, SRIKAKULAM ANDHRA PRADESH BORE WELL AT IDA,",Andhra Pradesh,29.0,7.7,7.8,990.0,1280.0,1.8,2.0,1.0,3.48,2.0,7.0,75.0,93.0,660.0,868.0,0.4,0.4,0.007,0.009,,18.35,0,498.9,1,640.9,1.5,2.74,0,41.0,376.5,434.2,0,0.20350000000000001,0,,0
2021,3091,"RAMANAYYAPETA, KKAINADA ANDHRA PRADESH BORE WELL AT KAPULUPPADA",Andhra Pradesh,26.0,7.0,7.1,3340.0,4260.0,2.2,3.6,4.9,41.6,4.0,7.0,93.0,93.0,2320.0,2832.0,0.8,1.1,0.001,0.001,,16.5,0,1673.55,1,2131.1,4.25,22.8,0,50.0,1206.5,1416.4,0,0.5505,0,,0
2021,4353,"HOUSE, GAJAPATHINAGARAM DUMPSITE, VISHAKHAPATNAM ANDHRA PRADESH BORE WELL AT MANGARAJU",Andhra Pradesh,27.0,7.9,8.1,2660.0,3940.0,1.4,2.7,3.0,46.25,3.0,4.0,63.0,93.0,1844.0,2640.0,0.4,0.5,0.001,0.001,,17.45,0,1334.05,1,1970.7,2.85,24.625,0,33.5,968.5,1320.2,0,0.2505,0,,0
2021,3087,"VILLAGE, PAYAKARAOPETA (M) ANDHRA PRADESH BORE WELL NEAR VILLAGE",Andhra Pradesh,27.0,7.5,7.8,2031.0,2050.0,1.4,1.8,0.97,7.1,3.0,3.0,21.0,28.0,1210.0,1218.0,0.4,1.0,0.001,0.001,,17.25,0,1019.4,1,1025.7,1.385,5.05,0,12.0,619.0,609.2,0,0.5005,0,,0
2021,4355,"SECRETARIAT, PATHAPADU (V) ANDHRA PRADESH BORE WELL, CHIPPADA VILLAGE,",Andhra Pradesh,27.0,7.9,8.0,660.0,1482.0,2.2,2.2,2.05,3.6,4.0,7.0,43.0,120.0,442.0,980.0,0.4,1.4,0.001,0.001,,17.45,0,334.0,1,742.1,2.125,3.8,0,25.0,281.0,490.2,0,0.7004999999999999,0,,0
2021,4354,"TEMPLE RAJAYYAPETA VILLAGE, BHEEMUNIPATNAM (M) ANDHRA PRADESH BORE WELL, SRI NOOKATATA",Andhra Pradesh,27.0,7.4,7.6,11120.0,11420.0,2.2,2.5,2.2,15.4,7.0,9.0,120.0,150.0,7340.0,7968.0,0.3,0.7,0.001,0.001,,17.2,0,5563.8,1,5711.1,2.35,11.2,0,64.5,3745.0,3984.15,0,0.3505,0,,0
2021,4394,NAKKAPALLI (M) ANDHRA PRADESH BOREWELL AT APLLC OFFICE INDUSTRIAL ESTATE GROWTH,Andhra Pradesh,28.0,6.9,7.1,1584.0,3239.0,1.0,1.0,5.8,7.9,2.0,4.0,2.0,21.0,901.0,1764.0,0.6,1.3,0.001,0.001,,17.45,0,795.55,1,1620.0,3.4,4.95,0,3.0,461.0,882.3,0,0.6505,0,,0
2021,4395,"INDUSTRIAL ESTATE, CENTRE, THUMAKUNTA, HINDUPUR (M) ANDHRA PRADESH BOREWELL AT APLLC OFFICE",Andhra Pradesh,28.0,7.0,7.1,3558.0,3780.0,1.0,1.0,10.4,11.4,2.0,6.0,2.0,33.0,1868.0,2144.0,0.5,1.5,0.001,0.001,,17.5,0,1782.55,1,1890.5,5.7,6.7,0,4.0,950.5,1072.25,0,0.7505,0,,0
2021,4377,"JEWELLARY PARK, ANANTAPURAM (M) ANDHRA PRADESH BOREWELL AT IMITATION",Andhra Pradesh,27.0,8.1,8.1,1896.0,1920.0,1.4,1.8,0.3,2.8,3.0,3.0,14.0,21.0,1158.0,1170.0,0.8,0.9,0.001,0.001,,17.55,0,952.05,1,960.7,1.05,2.9,0,8.5,589.5,585.4,0,0.4505,0,,0
2021,1519,MACHILIPTNAM ANDHRA PRADESH,Andhra Pradesh,29.0,7.1,7.3,1872.0,2741.0,1.0,1.0,5.2,6.8,2.0,4.0,2.0,16.0,1061.0,1361.0,0.5,0.5,0.001,0.001,,18.05,0,939.65,1,1371.0,3.1,4.4,0,3.0,538.5,680.75,0,0.2505,0,,0
2021,1518,BOREWELL AT NAGIRI ANDHRA PRADESH BOREWELL AT NANDYAL,Andhra Pradesh,27.0,7.2,7.3,6619.0,7770.0,1.0,1.0,5.8,6.2,2.0,2.0,2.0,14.0,4068.0,4413.0,1.0,1.1,0.001,0.001,,17.1,0,3313.15,1,3885.5,3.4,4.1,0,2.0,2041.0,2207.0,0,0.5505,0,,0
2021,4364,"KA;PA, NEAR AP PAPER MAILLS (KUNDU) ANDHRA PRADESH BOREWELL AT RAJIV GRUHA",Andhra Pradesh,28.0,7.6,7.6,1048.0,1048.0,1.5,1.5,3.22,3.22,3.0,3.0,93.0,93.0,680.0,680.0,0.7,0.7,0.001,0.001,,17.8,0,527.8,1,524.75,2.3600000000000003,3.1100000000000003,0,48.0,386.5,340.35,0,0.3505,0,,0
2021,4384,"INDUSTRIES LTD, MALLAYAPETA, KATHERU, RAJAMAHENDRAVARAM BOREWELL AT ZP HIGH SCHOOL, UDDANAM REGION, 24.0 AMALAPADU (V) VAJRAPUKOTTURU ANDHRA PRADESH BOREWELL IN FRONT OF M/S BHAGEERADHA CHEMICALS &",Andhra Pradesh,23.0,7.2,7.3,9090.0,10500.0,2.0,2.2,5.2,7.41,3.0,3.0,23.0,28.0,5634.0,6600.0,1.4,1.7,0.001,0.001,,15.1,0,4548.65,1,5251.0,3.7,5.205,0,13.0,2831.0,3300.7,0,0.8504999999999999,0,,0
2021,1513,"D.NO. 48-16-43 AUTONAGAR CHERUVUKOMMUPALEM (V) ONGOLE (M) ANDHRA PRADESH BOREWELL KRISHNA MURTHY,",Andhra Pradesh,25.0,7.1,7.8,1877.0,1970.0,1.4,1.8,0.3,0.7,3.0,3.0,21.0,39.0,1120.0,1160.0,0.3,0.3,0.001,0.001,,16.05,0,942.4,1,985.7,1.05,1.85,0,12.0,579.5,580.15,0,0.1505,0,,0
2021,1523,VIJJAYAWADA ANDHRA PRADESH BOREWELL NEAR M/S ANDHRA,Andhra Pradesh,26.0,7.0,7.6,310.0,1447.0,2.0,2.0,0.79,1.1,4.0,7.0,75.0,93.0,212.0,988.0,0.2,1.1,0.001,0.001,,16.5,0,158.8,1,724.5,1.395,2.55,0,41.0,152.5,494.1,0,0.5505,0,,0
2021,4392,"GOVINDARAJA SWAMY TEMPLE, SUGARS LTD. , KOVVUR ANDHRA PRADESH BOREWELL NEAR SRI",Andhra Pradesh,27.0,6.9,7.5,1380.0,1414.0,1.0,1.0,1.4,2.6,2.0,3.0,2.0,12.0,714.0,784.0,0.6,1.1,0.001,0.001,,16.95,0,693.75,1,707.5,1.2,2.3,0,2.5,363.0,392.3,0,0.5505,0,,0
2021,1520,SWARNAMUKHI RIVER AT TIRUPATI TOWN ANDHRA PRADESH BOREWELL NEAR,Andhra Pradesh,29.0,7.3,7.3,1027.0,1266.0,1.0,1.0,2.2,2.4,2.0,2.0,2.0,11.0,582.0,642.0,0.4,0.5,0.002,0.002,,18.15,0,517.15,1,633.5,1.6,2.2,0,2.0,296.5,321.2,0,0.251,0,,0
2021,1517,SRIKALAHASTI ANDHRA PRADESH BOREWELL NEAR TUNGBHADRA,Andhra Pradesh,26.0,7.8,7.9,4520.0,5663.0,1.0,1.0,6.7,10.1,2.0,3.0,2.0,29.0,2568.0,3370.0,1.3,1.8,0.001,0.001,,16.9,0,2263.95,1,2832.0,3.85,6.05,0,2.5,1298.5,1685.65,0,0.9005,0,,0
2021,1516,RIVER KURNOOL ANDHRA PRADESH BOREWELL OF NAVLOK,Andhra Pradesh,21.0,8.1,8.1,1080.0,1100.0,1.2,1.4,1.1,1.18,3.0,3.0,15.0,21.0,630.0,658.0,0.4,0.5,0.001,0.001,,14.55,0,544.05,1,550.6,1.25,2.09,0,9.0,325.5,329.2,0,0.2505,0,,0
2021,1514,"GARDENS, NELLORE ANDHRA PRADESH BOREWELL VIJAY KUMAR",Andhra Pradesh,25.0,7.2,7.9,1780.0,2080.0,1.4,1.8,0.3,0.6,3.0,3.0,20.0,23.0,1050.0,1220.0,0.2,0.5,0.001,0.001,,16.1,0,893.95,1,1040.7,1.05,1.8,0,11.5,536.5,610.1,0,0.2505,0,,0
2021,4376,"OFFICE, IDA KONDAPALLI, AUTONAGAR VIJAYAWADA ANDHRA PRADESH BOREWELL WATER , APIIC",Andhra Pradesh,26.0,7.1,7.6,3850.0,3860.0,2.0,2.2,2.47,3.8,3.0,3.0,20.0,21.0,2310.0,2348.0,0.8,1.0,0.001,0.001,,16.55,0,1928.8,1,1931.0,2.335,3.4,0,11.5,1165.5,1174.4,0,0.5005,0,,0
2021,4380,"IBRAHIMPATNAM (M) ANDHRA PRADESH BOREWELL WATER , SRI VENKATESWARA SWAMY",Andhra Pradesh,22.0,7.1,7.5,860.0,899.0,1.0,1.8,0.3,1.5,3.0,3.0,14.0,15.0,508.0,550.0,0.5,0.6,0.001,0.001,,14.55,0,433.75,1,450.0,1.05,2.25,0,8.5,261.5,275.25,0,0.3005,0,,0
2021,4393,"BOREWELL WATER POLICE STATION, AUTONAGAR, 21.0 PEDAKAKANI, GUNTUR ANDHRA PRADESH CLOSED MSW DUMPSITE,",Andhra Pradesh,25.0,7.3,7.4,2810.0,3352.0,1.0,1.0,10.4,13.1,2.0,9.0,2.0,71.0,1589.0,1785.0,0.6,1.2,0.004,0.004,,16.15,0,1408.7,1,1676.5,5.7,7.55,0,5.5,830.0,892.8,0,0.602,0,,0
2021,3090,"PITTAVANIPALEM, UKKAYAPALLI (V), KADAPA (M) ANDHRA PRADESH HAND PUMP AT",Andhra Pradesh,27.0,6.7,7.6,1610.0,1983.0,2.2,2.2,2.5,18.8,3.0,4.0,75.0,75.0,1120.0,1312.0,0.3,0.5,0.001,0.001,,16.85,0,808.8,1,992.6,2.35,10.9,0,39.5,597.5,656.15,0,0.2505,0,,0
2021,3089,"VISHAKHAPATNAM ANDHRA PRADESH HAND PUMP AT TANAM VILL.,",Andhra Pradesh,28.0,7.2,7.9,2180.0,2180.0,2.1,2.2,1.6,13.1,4.0,4.0,75.0,93.0,1480.0,1524.0,1.1,1.3,0.001,0.001,,17.6,0,1093.95,1,1091.05,1.9000000000000001,8.55,0,39.5,786.5,762.55,0,0.6505,0,,0
2021,1524,VISHAKHAPATNAM ANDHRA PRADESH OPEN WELL NEAR PARTAP,Andhra Pradesh,30.0,7.3,7.7,1147.0,1295.0,2.1,2.1,0.9,4.78,4.0,4.0,75.0,75.0,784.0,848.0,0.3,1.0,0.001,0.001,,18.65,0,577.35,1,648.55,1.5,4.390000000000001,0,39.5,429.5,424.15,0,0.5005,0,,0
2021,1521,"TEMPLE , WARD NO.2 , MINDI , NAGAR BRIDGE -KAKINADA ANDHRA PRADESH OPEN WELL NEAR RAMA",Andhra Pradesh,27.0,6.8,7.5,1977.0,2580.0,1.8,4.0,1.5,12.4,7.0,7.0,93.0,120.0,1296.0,1812.0,0.8,0.8,0.001,0.001,,16.9,0,992.25,1,1290.9,2.75,9.7,0,50.0,708.0,906.4,0,0.4005,0,,0
2021,1522,VISAKHAPATNAM ANDHRA PRADESH OPEN WELL PEDDANUVVI -,Andhra Pradesh,28.0,7.4,7.9,1120.0,1190.0,1.6,2.1,1.5,2.87,3.0,9.0,75.0,75.0,780.0,792.0,0.5,0.8,0.001,0.001,,17.7,0,563.95,1,595.8,1.8,2.935,0,42.0,427.5,396.25,0,0.4005,0,,0
2021,26,VIZIANAGARAM ANDHRA PRADESH WELL AT GRAM PANCHAYAT,Andhra Pradesh,25.0,7.0,8.1,1597.0,2160.0,1.0,2.2,0.7,1.89,3.0,3.0,20.0,23.0,942.0,1314.0,0.4,0.7,0.001,0.001,,16.0,0,802.55,1,1080.5,1.4500000000000002,2.445,0,11.5,482.5,657.2,0,0.3505,0,,0
2021,1537,"OFFICE, KAANURU, VIJAYWADA ANDHRA PRADESH GROUND WATER AT (JORHAT,",Andhra Pradesh,26.0,7.0,7.2,276.0,278.0,2.3,2.3,0.7,0.8,2.0,2.0,2.0,2.0,156.0,224.0,0.3,0.3,0.01,0.01,,16.5,0,141.6,1,140.15,1.5,1.4,0,2.0,79.0,112.15,0,0.155,0,,0
2021,1539,"ASSAM) ASSAM GROUND WATER AT BARPETA,",Assam,31.0,7.4,7.5,304.0,329.0,2.0,2.1,0.8,0.8,2.0,2.0,2.0,2.0,172.0,180.0,0.3,0.3,0.01,0.01,,19.2,0,155.75,1,165.5,1.4500000000000002,1.4,0,2.0,87.0,90.15,0,0.155,0,,0
2021,1540,ASSAM ASSAM GROUND WATER AT,Assam,29.0,7.2,7.6,366.0,390.0,2.0,2.6,0.7,1.0,2.0,2.0,2.0,2.0,202.0,218.0,0.3,0.3,0.01,0.01,,18.1,0,186.8,1,196.0,1.65,1.5,0,2.0,102.0,109.15,0,0.155,0,,0
2021,1533,"BONAIGAON, ASSAM ASSAM GROUND WATER AT DIGBOI,",Assam,26.0,6.8,7.1,328.0,332.0,2.3,2.5,1.1,1.4,2.0,2.0,2.0,2.0,184.0,218.0,0.2,0.3,0.01,0.01,,16.4,0,167.55,1,167.15,1.8,1.7,0,2.0,93.0,109.1,0,0.155,0,,0
2021,1534,"TINSUKIA DISTT., ASSAM ASSAM GROUND WATER AT KARBI",Assam,25.0,7.2,7.2,308.0,308.0,2.3,2.3,0.8,0.8,,,,,176.0,176.0,0.3,0.3,,,,16.1,0,157.6,1,155.15,1.5499999999999998,,0,,,88.15,0,,0,,0
2021,1541,"ANGLONG DISTT., ASSAM ASSAM GROUND WATER AT NOONMATI",Assam,29.0,7.3,7.6,401.0,408.0,2.3,2.5,0.8,1.0,2.0,2.0,2.0,2.0,218.0,224.0,0.3,0.3,0.01,0.01,,18.15,0,204.3,1,205.15,1.65,1.5,0,2.0,110.0,112.15,0,0.155,0,,0
2021,1535,"GOVT ME SCHOOL WARD 6, RED GUWAHATI, ASSAM ASSAM GROUND WATER AT SIBSAGAR",Assam,26.0,6.8,7.3,284.0,288.0,2.2,2.6,0.7,0.8,2.0,2.0,2.0,2.0,160.0,166.0,0.3,0.3,0.01,0.01,,16.4,0,145.65,1,145.1,1.65,1.4,0,2.0,81.0,83.15,0,0.155,0,,0
2021,1542,"CROSS ROAD , ASSAM ASSAM GROUND WATER AT SIJUBARI",Assam,28.0,7.8,7.8,352.0,354.0,2.0,2.6,0.8,1.0,2.0,2.0,2.0,2.0,194.0,200.0,0.3,0.4,0.01,0.01,,17.9,0,179.9,1,178.0,1.7000000000000002,1.5,0,2.0,98.0,100.15,0,0.20500000000000002,0,,0
2021,4328,"GROUND WATER AT SILCHAR, 23.0 ASSAM ASSAM GROUND WATER BESIDE MSW",Assam,26.0,7.7,7.7,315.0,315.0,2.0,2.0,0.9,0.9,,,,,178.0,178.0,0.3,0.3,,,,16.85,0,161.35,1,158.5,1.45,,0,,,89.15,0,,0,,0
2021,4338,"PUKHURI KUKURACHOWA DUMPING SITE, DHEKIAJULI ASSAM GROUND WATER FORM TENGA",Assam,28.0,6.7,7.8,262.0,266.0,1.8,2.2,0.8,1.0,2.0,2.0,2.0,2.0,142.0,150.0,0.3,0.3,,,,17.35,0,134.9,1,133.9,1.5,1.5,0,2.0,72.0,75.15,0,,0,,0
2021,4335,WATER SUPPLY TENGA PUKHURI ASSAM GROUND WATER FROM,Assam,25.0,6.8,8.0,248.0,259.0,2.1,2.3,0.9,1.1,2.0,2.0,2.0,2.0,140.0,148.0,0.3,0.3,0.01,0.01,,15.9,0,128.0,1,130.55,1.5999999999999999,1.55,0,2.0,71.0,74.15,0,0.155,0,,0
2021,2254,"BARPETA ROAD(RLY STATION), AMGURI, AMGURI TOWN ASSAM GROUND WATER FROM",Assam,32.0,7.6,7.6,311.0,322.0,2.0,2.2,0.7,0.9,2.0,2.0,2.0,2.0,170.0,180.0,0.3,0.3,0.01,0.01,,19.8,0,159.3,1,162.0,1.4500000000000002,1.45,0,2.0,86.0,90.15,0,0.155,0,,0
2021,3816,ASSAM ASSAM GROUND WATER FROM,Assam,28.0,7.4,7.7,295.0,351.0,2.0,2.1,0.7,1.0,2.0,2.0,2.0,2.0,168.0,198.0,0.3,0.3,,,,17.7,0,151.35,1,176.5,1.4,1.5,0,2.0,85.0,99.15,0,,0,,0
2021,3761,"BASISTHA, GUWAHATI ASSAM GROUND WATER FROM",Assam,30.0,7.6,7.8,258.0,262.0,2.2,2.3,0.8,0.8,2.0,2.0,2.0,2.0,148.0,148.0,0.3,0.3,0.01,0.01,,18.8,0,132.9,1,132.1,1.5499999999999998,1.4,0,2.0,75.0,74.15,0,0.155,0,,0
2021,3813,"BISWANATH CHARIALI TOWN ASSAM GROUND WATER FROM BONDA,",Assam,29.0,7.6,8.0,365.0,370.0,2.3,2.3,0.8,0.8,2.0,2.0,2.0,2.0,202.0,204.0,0.3,0.3,0.01,0.01,,18.3,0,186.5,1,186.15,1.5499999999999998,1.4,0,2.0,102.0,102.15,0,0.155,0,,0
2021,4333,GUWAHATI ASSAM GROUND WATER FROM DEMOW,Assam,26.0,7.3,7.4,235.0,280.0,2.0,2.0,0.8,0.9,2.0,2.0,2.0,2.0,136.0,158.0,0.3,0.3,0.01,0.01,,16.65,0,121.2,1,141.0,1.4,1.45,0,2.0,69.0,79.15,0,0.155,0,,0
2021,2257,"DISTRICT (COLLEGE NAGAR ), WATER SUPPLY DEMOW TOWN ASSAM GROUND WATER FROM DHUBRI",Assam,37.0,7.3,7.4,308.0,356.0,2.4,2.6,0.9,1.0,2.0,2.0,2.0,2.0,176.0,196.0,0.2,0.3,0.01,0.01,,22.15,0,157.7,1,179.2,1.75,1.5,0,2.0,89.0,98.1,0,0.155,0,,0
2021,2259,ASSAM ASSAM GROUND WATER FROM DIPHU,Assam,26.0,7.0,7.0,312.0,312.0,2.2,2.2,0.9,0.9,,,,,180.0,180.0,0.3,0.3,,,,16.5,0,159.5,1,157.1,1.55,,0,,,90.15,0,,0,,0
2021,3779,"(GOVT. COLLEGE), ASSAM ASSAM GROUND WATER FROM",Assam,25.0,7.2,7.7,261.0,390.0,2.4,2.4,0.8,0.9,2.0,2.0,2.0,2.0,148.0,218.0,0.3,0.3,0.001,0.001,,16.1,0,134.35,1,196.2,1.6,1.45,0,2.0,75.0,109.15,0,0.1505,0,,0
2021,4008,"GARMUR, MAJULI ASSAM",Assam,25.0,7.0,7.2,216.0,287.0,2.0,2.2,0.8,0.9,2.0,2.0,2.0,2.0,128.0,160.0,0.3,0.3,,,,16.0,0,111.6,1,144.5,1.5,1.45,0,2.0,65.0,80.15,0,,0,,0
2021,2258,GOALPARA DIST. (GOALPARA GROUND WATER FROM GELEKY ASSAM GROUND WATER FROM,Goa,30.0,7.3,7.5,320.0,362.0,2.1,2.3,0.9,1.0,2.0,2.0,2.0,2.0,176.0,200.0,0.3,0.3,0.01,0.01,,18.65,0,163.75,1,182.05,1.5999999999999999,1.5,0,2.0,89.0,100.15,0,0.155,0,,0
2021,2263,"HIALAKANDI (NEAR ASTC BUS COLLEGE ), ASSAM ASSAM GROUND WATER FROM",Assam,25.0,7.3,7.4,264.0,268.0,2.5,2.5,1.0,1.0,2.0,2.0,2.0,2.0,150.0,152.0,0.3,0.3,0.01,0.01,,16.15,0,135.7,1,135.25,1.75,1.5,0,2.0,76.0,76.15,0,0.155,0,,0
2021,3817,"GROUND WATER FROM JAGIROAD NEAR HPC EFFLUENT 26.0 DISCHARGE POINT, ASSAM ASSAM GROUND WATER FROM",Assam,24.0,7.0,7.2,182.0,318.0,2.1,2.2,0.7,0.7,2.0,2.0,2.0,2.0,110.0,182.0,0.3,0.3,0.001,0.001,,15.5,0,94.6,1,160.05,1.4500000000000002,1.35,0,2.0,56.0,91.15,0,0.1505,0,,0
2021,2262,"KAHILIPARA, GUWAHATI ASSAM GROUND WATER FROM",Assam,24.0,7.3,7.3,256.0,298.0,2.0,2.3,0.8,0.9,2.0,2.0,2.0,2.0,148.0,168.0,0.3,0.3,0.01,0.01,,15.65,0,131.65,1,150.0,1.5499999999999998,1.45,0,2.0,75.0,84.15,0,0.155,0,,0
2021,3815,"KARIMGANJ (COLLEGE), ASSAM ASSAM GROUND WATER FROM",Assam,28.0,7.3,7.3,289.0,340.0,2.1,2.2,0.7,0.9,2.0,2.0,2.0,2.0,164.0,192.0,0.3,0.3,,,,17.65,0,148.15,1,171.05,1.4500000000000002,1.45,0,2.0,83.0,96.15,0,,0,,0
2021,2256,"KOKRAJHAR DISTRICT (HS KHANAPARA, GUWAHATI ASSAM GROUND WATER FROM",Assam,32.0,7.4,7.8,361.0,362.0,2.0,2.2,0.9,0.9,2.0,2.0,2.0,2.0,202.0,202.0,0.3,0.3,0.01,0.01,,19.7,0,184.4,1,182.0,1.55,1.45,0,2.0,102.0,101.15,0,0.155,0,,0
2021,2248,"SCHOOL ), ASSAM ASSAM GROUND WATER FROM",Assam,32.0,7.5,8.0,241.0,258.0,2.1,2.4,0.6,0.7,2.0,2.0,2.0,2.0,140.0,146.0,0.3,0.5,0.01,0.01,,19.75,0,124.5,1,130.05,1.5,1.35,0,2.0,71.0,73.15,0,0.255,0,,0
2021,4007,"LAKHIMPUR TOWN, ASSAM ASSAM GROUND WATER FROM",Assam,25.0,6.8,7.5,208.0,242.0,1.9,2.0,0.7,0.9,2.0,2.0,2.0,2.0,122.0,140.0,0.3,0.3,,,,15.9,0,107.75,1,121.95,1.35,1.45,0,2.0,62.0,70.15,0,,0,,0
2021,2243,"LAKWAH ASSAM GROUND WATER FROM LEDO,",Assam,24.0,7.0,7.2,321.0,329.0,2.2,2.4,0.9,0.9,2.0,2.0,2.0,2.0,178.0,180.0,0.3,0.3,0.01,0.01,,15.5,0,164.1,1,165.6,1.65,1.45,0,2.0,90.0,90.15,0,0.155,0,,0
2021,3818,"MARGHERITA, ASSAM ASSAM GROUND WATER FROM",Assam,26.0,7.0,7.6,190.0,223.0,2.0,2.2,0.8,0.9,2.0,2.0,2.0,2.0,118.0,126.0,0.3,0.3,,,,16.5,0,98.8,1,112.5,1.5,1.45,0,2.0,60.0,63.15,0,,0,,0
2021,3766,"MALIGAON, GUWAHATI ASSAM GROUND WATER FROM",Assam,26.0,7.5,7.5,307.0,307.0,2.0,2.0,0.7,0.7,,,,,172.0,172.0,0.3,0.3,,,,16.75,0,157.25,1,154.5,1.35,,0,,,86.15,0,,0,,0
2021,3802,MANGALDOI TOWN ASSAM GROUND WATER FROM MEHEPUR NEAR A CLUSTER OF,Assam,25.0,7.2,7.3,148.0,326.0,2.0,2.4,0.8,0.9,2.0,2.0,2.0,2.0,92.0,180.0,0.3,0.3,0.01,0.01,,16.1,0,77.65,1,164.0,1.6,1.45,0,2.0,47.0,90.15,0,0.155,0,,0
2021,3801,"MEHEPUR TRENCHING GROUND, NURSING HOME & DIAGNOSTIC CENTRE, MEHERPUR, CACHAR ASSAM GROUND WATER FROM",Assam,25.0,6.9,7.2,326.0,336.0,2.3,2.4,0.7,0.8,2.0,2.0,2.0,2.0,180.0,184.0,0.3,0.3,0.01,0.01,,15.95,0,166.6,1,169.15,1.5499999999999998,1.4,0,2.0,91.0,92.15,0,0.155,0,,0
2021,2250,"MEHERPUR, CACHAR ASSAM GROUND WATER FROM",Assam,28.0,7.6,7.7,326.0,332.0,2.0,2.2,1.0,1.0,2.0,2.0,2.0,2.0,180.0,190.0,0.3,0.3,0.01,0.01,,17.8,0,166.85,1,167.0,1.6,1.5,0,2.0,91.0,95.15,0,0.155,0,,0
2021,4340,"NAGAON (PANIGAON), ASSAM ASSAM GROUND WATER FROM",Assam,30.0,7.2,7.3,246.0,380.0,1.9,2.3,0.7,0.8,2.0,2.0,2.0,2.0,142.0,208.0,0.3,0.3,,,,18.6,0,126.65,1,190.95,1.5,1.4,0,2.0,72.0,104.15,0,,0,,0
2021,2253,"NAGAON COLLEGE, NAGAON ASSAM GROUND WATER FROM",Assam,20.0,7.4,7.9,241.0,312.0,2.4,2.5,0.8,1.0,2.0,2.0,2.0,2.0,138.0,174.0,0.3,0.6,0.01,0.01,,13.7,0,124.45,1,157.2,1.65,1.5,0,2.0,70.0,87.15,0,0.305,0,,0
2021,2244,"NALBARI, ASSAM ASSAM GROUND WATER FROM NAZIRA,",Assam,27.0,6.8,7.0,290.0,312.0,2.0,2.6,0.8,0.8,2.0,2.0,2.0,2.0,164.0,174.0,0.3,0.3,0.01,0.01,,16.9,0,148.5,1,157.0,1.7000000000000002,1.4,0,2.0,83.0,87.15,0,0.155,0,,0
2021,4001,"GROUND WATER FROM NUMALIGARH (NEAR NRL TE 28.0 LABOR COLONY), ASSAM ASSAM GROUND WATER FROM",Assam,28.0,7.0,7.2,286.0,342.0,1.9,2.3,0.6,0.8,2.0,2.0,2.0,2.0,162.0,186.0,0.3,0.3,,,,17.5,0,146.6,1,171.95,1.45,1.4,0,2.0,82.0,93.15,0,,0,,0
2021,4327,"RAILWAY STATION ROAD, PANJABARI ASSAM GROUND WATER FROM",Assam,26.0,7.2,7.2,328.0,328.0,2.2,2.2,0.8,0.8,,,,,186.0,186.0,0.3,0.3,,,,16.6,0,167.6,1,165.1,1.5,,0,,,93.15,0,,0,,0
2021,4002,ROWTA ASSAM GROUND WATER FROM,Assam,25.0,7.4,7.4,194.0,330.0,2.1,2.2,0.8,1.1,2.0,2.0,2.0,2.0,114.0,190.0,0.3,0.3,0.001,0.001,,16.2,0,100.7,1,166.05,1.5,1.55,0,2.0,58.0,95.15,0,0.1505,0,,0
2021,4303,SANTIPUR ASSAM GROUND WATER FROM,Assam,29.0,7.2,7.6,290.0,350.0,1.7,2.0,0.7,0.8,2.0,2.0,2.0,2.0,166.0,190.0,0.3,0.3,,,,18.1,0,148.8,1,175.85,1.35,1.4,0,2.0,84.0,95.15,0,,0,,0
2021,2246,SATGAON ASSAM GROUND WATER FROM,Assam,22.0,7.1,7.1,247.0,247.0,2.3,2.3,0.8,0.8,,,,,144.0,144.0,0.3,0.3,,,,14.55,0,127.05,1,124.65,1.5499999999999998,,0,,,72.15,0,,0,,0
2021,2247,"SEMENCHAPARI, ASSAM ASSAM GROUND WATER FROM",Assam,22.0,7.3,7.3,260.0,260.0,2.2,2.2,0.7,0.7,,,,,150.0,150.0,0.3,0.3,,,,14.65,0,133.65,1,131.1,1.4500000000000002,,0,,,75.15,0,,0,,0
2021,2249,"SILAPATHAR, ASSAM ASSAM GROUND WATER FROM TEZPUR",Assam,24.0,7.4,7.4,195.0,195.0,2.1,2.1,0.9,0.9,2.0,2.0,2.0,2.0,114.0,114.0,0.3,0.3,0.001,0.001,,15.7,0,101.2,1,98.55,1.5,1.45,0,2.0,58.0,57.15,0,0.1505,0,,0
2021,4003,"(MISSION CHARIALI), ASSAM ASSAM GROUND WATER FROM TEZPUR",Assam,26.0,7.0,7.4,170.0,288.0,2.2,2.3,0.9,1.0,2.0,2.0,2.0,2.0,101.0,164.0,0.3,0.3,0.001,0.001,,16.5,0,88.7,1,145.1,1.5999999999999999,1.5,0,2.0,51.5,82.15,0,0.1505,0,,0
2021,3771,COLLEGIATE HIGH SCHOOL ASSAM GROUND WATER FROM TITABAR,Assam,30.0,7.9,7.9,402.0,422.0,2.4,2.4,0.8,1.0,2.0,2.0,2.0,2.0,224.0,236.0,0.3,0.3,0.01,0.01,,18.95,0,204.95,1,212.2,1.6,1.5,0,2.0,113.0,118.15,0,0.155,0,,0
2021,2264,"PANCHGRAM MARKET NEAR URBAN WATER SUPPLY, TITABAR ASSAM GROUND WATER IN",Assam,24.0,6.8,7.7,180.0,360.0,2.0,2.5,0.7,0.9,2.0,2.0,2.0,2.0,114.0,198.0,0.3,0.3,0.01,0.01,,15.4,0,93.85,1,181.0,1.6,1.45,0,2.0,58.0,99.15,0,0.155,0,,0
2021,3805,"CACHAR PAPER MILL, ASSAM ASSAM GROUND WATER NEAR BADARPUR INDUSTRIAL AREA",Assam,25.0,7.0,7.3,240.0,286.0,2.2,2.2,0.7,0.7,2.0,2.0,2.0,2.0,140.0,160.0,0.3,0.3,0.01,0.01,,16.0,0,123.65,1,144.1,1.4500000000000002,1.35,0,2.0,71.0,80.15,0,0.155,0,,0
2021,1536,"H.S. SCHOOL SONARI TOWN AT BADARPUR GHAT, KARIMGANJ ASSAM GROUND WATER NEAR BPMS",Assam,36.0,7.4,7.6,302.0,308.0,2.2,2.3,0.8,0.8,2.0,2.0,2.0,2.0,170.0,170.0,0.3,0.6,0.01,0.01,,21.7,0,154.8,1,155.1,1.5499999999999998,1.4,0,2.0,86.0,85.15,0,0.305,0,,0
2021,2255,"DIST CHARAIDEO ASSAM GROUND WATER NEAR BPRL,",Assam,31.0,7.4,7.4,338.0,342.0,2.2,2.5,0.8,1.1,2.0,2.0,2.0,2.0,186.0,190.0,0.3,0.3,0.01,0.01,,19.2,0,172.7,1,172.1,1.65,1.55,0,2.0,94.0,95.15,0,0.155,0,,0
2021,3770,"GARMUR RECREATION GROUND, DHALIGAON, ASSAM ASSAM GROUND WATER NEAR",Assam,27.0,6.8,6.9,233.0,238.0,2.2,2.2,0.7,0.8,2.0,2.0,2.0,2.0,134.0,136.0,0.3,0.3,0.01,0.01,,16.9,0,119.95,1,120.1,1.4500000000000002,1.4,0,2.0,68.0,68.15,0,0.155,0,,0
2021,2252,"DUMPING SITE AT GARCHUK- GROUND WATER NEAR GOGAMUKH PUBLIC WATER 22.0 SUPPLY SCHEME, GOGAMUKH, DHEMAJI ASSAM GROUND WATER NEAR MSW",Assam,29.0,7.9,8.0,390.0,392.0,2.2,2.8,1.1,1.4,2.0,2.0,2.0,2.0,214.0,218.0,0.4,0.6,0.01,0.01,,18.45,0,199.0,1,197.1,1.95,1.7,0,2.0,108.0,109.2,0,0.305,0,,0
2021,3762,"MUNICIPAL WASTE PROCESSING GUWAHATI, ASSAM ASSAM GROUND WATER NEAR",Assam,26.0,7.2,7.2,270.0,303.0,2.0,2.2,0.7,0.8,2.0,2.0,2.0,2.0,156.0,170.0,0.3,0.3,0.001,0.001,,16.6,0,138.6,1,152.5,1.4500000000000002,1.4,0,2.0,79.0,85.15,0,0.1505,0,,0
2021,4339,"TOWN PIPE WATER SUPPLY FACILITY, MORABHARLI, TEZPUR ASSAM GROUND WATER NEAR NAGAON",Assam,26.0,7.4,7.4,265.0,265.0,2.4,2.4,0.9,0.9,,,,,154.0,154.0,0.3,0.3,,,,16.7,0,136.2,1,133.7,1.65,,0,,,77.15,0,,0,,0
2021,4330,"PANGRAM STONE CRASHER SCHEME(Z-111), NAGAON ASSAM GROUND WATER NEAR",Assam,20.0,7.5,7.5,91.0,91.0,2.0,2.0,0.6,0.6,,,,,62.0,62.0,0.3,0.3,,,,13.75,0,49.25,1,46.5,1.3,,0,,,31.15,0,,0,,0
2021,3794,CLUSTER ASSAM TUBE WELL AT R/O SRI ANIL BAORA AT BOSAGAON NEAR BY,Assam,26.0,7.4,7.6,363.0,371.0,2.3,2.4,0.8,0.8,2.0,2.0,2.0,2.0,198.0,210.0,0.3,0.3,0.01,0.01,,16.7,0,185.3,1,186.65,1.6,1.4,0,2.0,100.0,105.15,0,0.155,0,,0
2021,3793,"COLONY (NAGABALI) THE ATHKHALIA, NAMGHAR, PO: PULIKAITONI ASSAM TUBE WELL AT R/O SRI TANKESWAR DAS, RUPJYOTI",Assam,28.0,6.8,7.0,348.0,355.0,2.2,2.4,0.9,0.9,2.0,2.0,2.0,2.0,202.0,210.0,0.3,0.3,0.01,0.01,,17.4,0,177.5,1,178.6,1.65,1.45,0,2.0,102.0,105.15,0,0.155,0,,0
2021,3795,"GORONGA GIRLS ME SCHOOL, MUNICIPALITY DUMPING SITE, GOLAGHAT ASSAM TUBE WELL OF WOKHA",Assam,27.0,7.3,7.3,388.0,394.0,2.2,2.5,0.8,1.0,2.0,2.0,2.0,2.0,210.0,218.0,0.2,0.3,0.01,0.01,,17.15,0,197.65,1,198.1,1.65,1.5,0,2.0,106.0,109.1,0,0.155,0,,0
2021,1830,"HOUSE) SADAR HOSPITAL GOROUNGA TINIALI, FURKATING ASSAM BORE WELL WATER (PHED PUMP",Assam,24.0,7.3,7.3,927.0,927.0,,,2.79,2.79,,,,,594.0,594.0,0.2,0.2,,,,15.65,0,467.15,1,,,,0,,,297.1,0,,0,,0
2021,1826,"NATH ROAD WATER TANK SEC-3, CAMPUS, MUZAFFARPUR BIHAR BORE WELL WATER AT BHUT",Bihar,26.0,7.4,7.7,430.0,491.0,,,0.5,3.42,23.0,1600.0,23.0,1600.0,284.0,298.0,0.2,0.3,,,,16.7,0,218.85,1,,,13.21,0,811.5,942.0,149.1,0,,0,,0
2021,1825,"BAZAR WATER TANK, KANKARBAGH,PATNA BIHAR BORE WELL WATER AT KATRA",Bihar,28.0,7.3,7.5,435.0,453.0,,,0.3,3.52,,,,,286.0,296.0,0.2,0.3,,,,17.65,0,221.25,1,,,,0,,,148.1,0,,0,,0
2021,1828,"BORE WELL WATER FROM IGIMS 25.0 CAMPUS, PATNA BIHAR BORE WELL WATER IN CAMPUS OF PATNA WATER BOARD HEAD",Bihar,30.0,7.4,7.5,448.0,528.0,,,0.4,2.77,2.0,12.0,2.0,23.0,292.0,334.0,0.2,0.4,,,,18.7,0,227.75,1,,,2.385,0,7.0,157.5,167.1,0,,0,,0
2021,1831,"HOUSE BRAHMPURA NAKA, OFFICE, NEAR HIGH COURT, PATNA BIHAR BORE WELL WATER MMC PUMP",Bihar,24.0,7.5,7.5,641.0,641.0,,,2.58,2.58,7.0,7.0,16.0,16.0,416.0,416.0,0.2,0.2,,,,15.75,0,324.25,1,,,4.79,0,11.5,216.0,208.1,0,,0,,0
2021,1844,"COMMISSIONARY OFFICE, MUZAFFARPUR BIHAR BORE WELL WATER NEAR",Bihar,26.0,7.0,7.0,1160.0,1160.0,,,0.34,0.34,9.0,9.0,16.0,16.0,742.0,742.0,0.3,0.3,,,,16.5,0,583.5,1,,,4.67,0,12.5,379.0,371.15,0,,0,,0
2021,3139,CHAPRA BIHAR,Bihar,28.0,7.6,7.6,296.0,296.0,,,2.39,2.39,,,,,192.0,192.0,0.2,0.2,,,,17.8,0,151.8,1,,,,0,,,96.1,0,,0,,0
2021,3138,GROUND WATER FROM ARARIA BIHAR,Bihar,26.0,7.0,7.7,731.0,765.0,,,3.37,3.4,350.0,350.0,920.0,920.0,482.0,482.0,0.3,0.3,,,,16.5,0,369.35,1,,,176.7,1,635.0,701.0,241.15,0,,0,,0
2021,3143,GROUND WATER FROM ARRAH BIHAR GROUND WATER FROM,Bihar,25.0,7.6,7.6,345.0,345.0,,,0.3,0.3,,,,,218.0,218.0,0.2,0.2,,,,16.3,0,176.3,1,,,,0,,,109.1,0,,0,,0
2021,3144,BAGAHA BIHAR,Bihar,22.0,7.4,7.5,727.0,934.0,,,0.3,3.48,23.0,23.0,33.0,33.0,478.0,540.0,0.2,0.3,,,,14.7,0,367.25,1,,,13.24,0,28.0,255.5,270.1,0,,0,,0
2021,1837,GROUND WATER FROM BARH BIHAR GROUND WATER FROM,Bihar,21.0,7.7,7.7,828.0,828.0,,,0.3,0.3,23.0,23.0,23.0,23.0,544.0,544.0,0.2,0.2,,,,14.35,0,417.85,1,,,11.65,0,23.0,283.5,272.1,0,,0,,0
2021,3140,BEGUSARAI BIHAR,Bihar,25.0,7.2,7.2,968.0,968.0,,,0.39,0.39,23.0,23.0,23.0,23.0,636.0,636.0,0.2,0.2,,,,16.1,0,487.6,1,,,11.695,0,23.0,329.5,318.1,0,,0,,0
2021,3142,GROUND WATER FROM BETTIAH BIHAR GROUND WATER FROM,Bihar,22.0,7.9,7.9,383.0,383.0,,,0.3,0.3,23.0,23.0,23.0,23.0,250.0,250.0,0.2,0.2,,,,14.95,0,195.45,1,,,11.65,0,23.0,136.5,125.1,0,,0,,0
2021,3141,BIKRAMGANJ BIHAR GROUND WATER FROM,Bihar,20.0,7.7,7.7,785.0,785.0,,,4.82,4.82,23.0,23.0,23.0,23.0,524.0,524.0,0.3,0.3,,,,13.85,0,396.35,1,,,13.91,0,23.0,273.5,262.15,0,,0,,0
2021,3146,GROUND WATER FROM DEHRI 20.0 ON SONE BIHAR GROUND WATER FROM,Bihar,27.0,7.8,8.0,407.0,464.0,,,0.6,0.62,35000.0,35000.0,35000.0,35000.0,270.0,314.0,0.2,0.3,,,,17.4,0,207.5,1,,,17500.31,1,35000.0,17635.0,157.1,0,,0,,0
2021,3148,DUMRAON BIHAR GROUND WATER FROM,Bihar,20.0,7.0,7.0,877.0,877.0,,,0.3,0.3,,,,,574.0,574.0,0.2,0.2,,,,13.5,0,442.0,1,,,,0,,,287.1,0,,0,,0
2021,3147,JAMALPUR BIHAR GROUND WATER FROM,Bihar,24.0,7.2,7.4,383.0,402.0,,,0.3,2.1,23.0,23.0,23.0,23.0,236.0,268.0,0.2,0.3,,,,15.6,0,195.2,1,,,12.55,0,23.0,129.5,134.1,0,,0,,0
2021,3161,JAYNAGAR BIHAR GROUND WATER FROM,Bihar,26.0,7.6,8.1,810.0,1120.0,,,1.8,2.39,33.0,33.0,49.0,49.0,526.0,732.0,0.2,0.3,,,,16.8,0,409.05,1,,,17.695,0,41.0,287.5,366.1,0,,0,,0
2021,3150,24.0 22.0 22.0 GROUND WATER FROM KUDRA BIHAR,Bihar,7.2,7.2,773.0,775.0,,,0.5,2.24,,,,,498.0,502.0,0.2,0.2,,,,,7.2,0,774.0,1,,1.37,,0,,500.0,0.2,0,,0,,0
2021,3151,23.0 GROUND WATER FROM MANER BIHAR GROUND WATER FROM,Bihar,7.8,7.8,1040.0,1040.0,,,0.98,0.98,23.0,23.0,23.0,23.0,732.0,732.0,0.3,0.3,,,,,7.8,0,1040.0,1,,0.98,23.0,0,23.0,732.0,0.3,0,,0,,0
2021,3152,24.0 MOHANIA BIHAR GROUND WATER FROM,Bihar,7.9,7.9,232.0,232.0,,,0.3,0.3,23.0,23.0,23.0,23.0,154.0,154.0,0.2,0.2,,,,,7.9,0,232.0,1,,0.3,23.0,0,23.0,154.0,0.2,0,,0,,0
2021,2593,21.0 NARKATIAGANJ BIHAR GROUND WATER FROM,Bihar,7.2,7.2,1280.0,1280.0,,,2.57,2.57,23.0,23.0,23.0,23.0,908.0,908.0,0.2,0.2,,,,,7.2,0,1280.0,1,,2.57,23.0,0,23.0,908.0,0.2,0,,0,,0
2021,3153,22.0 NAWADA BIHAR,Bihar,7.5,7.5,1110.0,1110.0,,,4.37,4.37,23.0,23.0,23.0,23.0,780.0,780.0,0.2,0.2,,,,,7.5,0,1110.0,1,,4.37,23.0,0,23.0,780.0,0.2,0,,0,,0
2021,3154,24.0 GROUND WATER FROM PIRO BIHAR GROUND WATER FROM,Bihar,7.4,7.4,935.0,935.0,,,0.3,0.3,23.0,23.0,23.0,23.0,612.0,612.0,0.2,0.2,,,,,7.4,0,935.0,1,,0.3,23.0,0,23.0,612.0,0.2,0,,0,,0
2021,3160,25.0 RAMKUND GAYA BIHAR,Bihar,7.9,7.9,269.0,269.0,,,0.3,0.3,23.0,23.0,23.0,23.0,172.0,172.0,0.2,0.2,,,,,7.9,0,269.0,1,,0.3,23.0,0,23.0,172.0,0.2,0,,0,,0
2021,2594,25.0 GROUND WATER FROM RAXAUL BIHAR GROUND WATER FROM,Bihar,7.2,8.6,843.0,958.0,,,1.8,6.12,23.0,23.0,23.0,23.0,542.0,628.0,0.2,0.3,,,,,7.9,0,900.5,1,,3.96,23.0,0,23.0,585.0,0.25,0,,0,,0
2021,2595,22.0 SAHARSA BIHAR GROUND WATER FROM,Bihar,7.2,8.3,728.0,927.0,,,0.3,2.2,5.0,350.0,7.0,540.0,468.0,634.0,0.2,0.3,,,,,7.75,0,827.5,1,,1.25,177.5,1,273.5,551.0,0.25,0,,0,,0
2021,3156,22.0 SAMASTIPUR BIHAR GROUND WATER FROM,Bihar,6.7,7.0,1090.0,1670.0,,,0.3,2.4,7.0,7.0,9.0,9.0,724.0,1098.0,0.2,0.4,,,,,6.85,0,1380.0,1,,1.3499999999999999,7.0,0,9.0,911.0,0.30000000000000004,0,,0,,0
2021,3159,25.0 SAMASTIPUR BIHAR GROUND WATER FROM,Bihar,6.8,7.2,568.0,858.0,,,1.0,2.68,,,,,368.0,566.0,0.2,0.3,,,,,7.0,0,713.0,1,,1.84,,0,,467.0,0.25,0,,0,,0
2021,3158,20.0 SHAHPUR BIHAR GROUND WATER FROM,Bihar,7.6,7.6,299.0,299.0,,,0.3,0.3,23.0,23.0,23.0,23.0,194.0,194.0,0.2,0.2,,,,,7.6,0,299.0,1,,0.3,23.0,0,23.0,194.0,0.2,0,,0,,0
2021,2596,24.0 SHERGHATI BIHAR GROUND WATER FROM,Bihar,7.7,7.9,264.0,321.0,,,0.4,5.59,23.0,23.0,23.0,23.0,172.0,214.0,0.2,0.2,,,,,7.800000000000001,0,292.5,1,,2.995,23.0,0,23.0,193.0,0.2,0,,0,,0
2021,2597,24.0 SITAMARHI BIHAR,Bihar,7.3,7.3,448.0,448.0,,,0.3,0.3,23.0,23.0,23.0,23.0,292.0,292.0,0.2,0.2,,,,,7.3,0,448.0,1,,0.3,23.0,0,23.0,292.0,0.2,0,,0,,0
2021,3157,21.0 GROUND WATER FROM SIWAN BIHAR GROUND WATER FROM,Bihar,6.9,6.9,1120.0,1370.0,,,0.3,0.3,16.0,16.0,23.0,130.0,718.0,902.0,0.2,0.3,,,,,6.9,0,1245.0,1,,0.3,16.0,0,76.5,810.0,0.25,0,,0,,0
2021,3155,25.0 SULTANGANJ BIHAR,Bihar,7.5,8.0,643.0,839.0,,,1.7,4.6,,,,,424.0,558.0,0.2,0.2,,,,,7.75,0,741.0,1,,3.15,,0,,491.0,0.2,0,,0,,0
2021,1827,26.0 GROUND WATER FROM SUPUAL BIHAR GROUND WATER FROM TAP WATER COMING FROM OVER,Bihar,7.5,7.7,439.0,472.0,,,0.5,3.11,2.0,23.0,2.0,23.0,298.0,310.0,0.2,0.3,,,,,7.6,0,455.5,1,,1.805,12.5,0,12.5,304.0,0.25,0,,0,,0
2021,2600,"GROUND WATER FROM TAP WATER NEAR VEER KUWAR 20.0 SINGH CHOWK, MUNGER BIHAR GROUND WATER FROM",Bihar,23.0,7.0,7.1,997.0,1630.0,,,0.3,4.82,23.0,23.0,23.0,23.0,658.0,1072.0,0.2,0.2,,,,15.0,0,502.05,1,,,13.91,0,23.0,340.5,536.1,0,,0,,0
2021,3162,VAISHALI BIHAR GROUND WATER FROM,Bihar,23.0,7.1,7.1,583.0,583.0,,,5.53,5.53,23.0,23.0,23.0,23.0,374.0,374.0,0.2,0.2,,,,15.05,0,295.05,1,,,14.265,0,23.0,198.5,187.1,0,,0,,0
2021,1832,WATER IN CAMPUS OF KALI VAISHALI BIHAR GROUND WATER NEAR TAP,Bihar,26.0,7.2,7.6,698.0,1130.0,,,1.4,2.25,5.0,23.0,5.0,23.0,460.0,738.0,0.2,0.2,,,,16.6,0,352.8,1,,,3.625,0,14.0,241.5,369.1,0,,0,,0
2021,1833,"WATER IN CAMPUS OF S.P ASTHAN, BEGUSARAI BIHAR GROUND WATER NEAR TAP",Bihar,27.0,6.8,7.3,261.0,882.0,,,1.4,1.63,,,,,166.0,574.0,0.2,0.2,,,,16.9,0,134.15,1,,,,0,,,287.1,0,,0,,0
2021,2583,"OFFICE, POKHARIA, BEGUSARAI BIHAR HAND PUMP WATER AT BUS",Bihar,28.0,7.1,7.1,1620.0,1620.0,,,1.62,1.62,23.0,23.0,23.0,23.0,1018.0,1018.0,0.2,0.2,,,,17.55,0,813.55,1,,,12.31,0,23.0,520.5,509.1,0,,0,,0
2021,2586,"STAND, GOPALGANJ BIHAR HAND PUMP WATER AT BUS",Bihar,26.0,7.4,8.0,286.0,609.0,,,1.9,3.46,,,,,182.0,392.0,0.2,0.2,,,,16.7,0,147.0,1,,,,0,,,196.1,0,,0,,0
2021,2590,"COLLECTRIATE OFFICE, STAND, KATIHAR BIHAR HAND PUMP WATER AT",Bihar,21.0,7.1,7.2,471.0,532.0,,,0.3,1.8,23.0,23.0,23.0,23.0,310.0,350.0,0.2,0.3,,,,14.05,0,239.1,1,,,12.4,0,23.0,166.5,175.1,0,,0,,0
2021,2577,MADHUBANI BIHAR HAND PUMP WATER AT COURT,Bihar,29.0,7.4,7.4,227.0,795.0,,,1.5,3.07,5.0,5.0,5.0,7.0,142.0,612.0,0.2,0.3,,,,18.2,0,117.2,1,,,4.035,0,5.0,74.5,306.1,0,,0,,0
2021,2588,"CAMPOUND, ARARIA BIHAR HAND PUMP WATER AT D.M",Bihar,25.0,7.6,7.7,784.0,810.0,,,1.7,3.07,23.0,23.0,23.0,23.0,504.0,532.0,0.2,0.2,,,,16.3,0,395.85,1,,,13.035,0,23.0,263.5,266.1,0,,0,,0
2021,2582,"DARBHANGA BUS STAND, OFFICE, KISHANGANJ BIHAR HAND PUMP WATER AT",Bihar,20.0,8.1,8.1,352.0,352.0,,,0.3,0.3,7.0,7.0,7.0,7.0,228.0,228.0,0.2,0.2,,,,14.05,0,180.05,1,,,3.65,0,7.0,117.5,114.1,0,,0,,0
2021,2581,GATE NEAR RAMBAGH MITHILA DARBHANGA BIHAR HAND PUMP WATER AT KILA,Bihar,25.0,7.4,7.9,273.0,445.0,,,0.3,1.9,23.0,23.0,49.0,49.0,186.0,294.0,0.2,0.3,,,,16.2,0,140.45,1,,,12.45,0,36.0,117.5,147.1,0,,0,,0
2021,2578,"UNIVERSITY, DARBHANGA BIHAR HAND PUMP WATER AT SARDAR",Bihar,26.0,6.9,7.3,1011.0,1300.0,,,1.95,5.6,23.0,23.0,23.0,23.0,664.0,874.0,0.2,0.3,,,,16.45,0,509.15,1,,,14.3,0,23.0,343.5,437.1,0,,0,,0
2021,2584,"THAWAY MANDIR CAMPUS, PATEL BUS STAND, BHOJPUR BIHAR HAND PUMP WATER AT",Bihar,27.0,7.2,7.2,1170.0,1170.0,,,5.3,5.3,23.0,23.0,23.0,23.0,758.0,758.0,0.2,0.2,,,,17.1,0,588.6,1,,,14.15,0,23.0,390.5,379.1,0,,0,,0
2021,2580,GOPALGANJ BIHAR HAND PUMP WATER FROM,Bihar,22.0,7.1,7.1,1330.0,1330.0,,,2.85,2.85,23.0,23.0,23.0,23.0,898.0,898.0,0.2,0.2,,,,14.55,0,668.55,1,,,12.925,0,23.0,460.5,449.1,0,,0,,0
2021,1836,"STAND TILKS MANJHI CHOWK, HAND PUMP WATER IN CAMPUS OF KASTURBA WATER WORKS, 21.0 MUNGER BIHAR HAND PUMP WATER NEAR BUS",Bihar,21.0,7.2,7.2,257.0,257.0,,,0.3,0.3,,,,,172.0,172.0,0.2,0.2,,,,14.1,0,132.1,1,,,,0,,,86.1,0,,0,,0
2021,1835,BEGUSARAI BIHAR HAND PUMP WATER NEAR,Bihar,27.0,7.1,7.5,470.0,788.0,,,1.5,5.14,27.0,27.0,27.0,27.0,306.0,520.0,0.2,0.2,,,,17.05,0,238.75,1,,,16.07,0,27.0,166.5,260.1,0,,0,,0
2021,2589,"COURT LOWER COURT, PURNEA BIHAR HAND PUMP WATER NEAR D.M",Bihar,27.0,7.3,8.6,535.0,748.0,,,1.6,3.42,5.0,5.0,7.0,7.0,364.0,492.0,0.2,0.2,,,,17.15,0,271.8,1,,,4.21,0,6.0,185.5,246.1,0,,0,,0
2021,1834,"OFFICE, MADHEPURA BIHAR HAND PUMP WATER NEAR",Bihar,28.0,7.4,7.7,425.0,912.0,,,1.8,2.39,23.0,23.0,23.0,23.0,272.0,598.0,0.2,0.3,,,,17.7,0,216.35,1,,,12.695,0,23.0,147.5,299.1,0,,0,,0
2021,2587,"GOVT. HOSPITAL, PURNEA BIHAR HAND PUMP WATER NEAR",Bihar,28.0,7.2,7.9,767.0,800.0,,,1.8,3.35,23.0,23.0,2.0,23.0,12.0,520.0,0.2,0.2,,,,17.6,0,387.45,1,,,13.175,0,12.5,17.5,260.1,0,,0,,0
2021,1843,"SADAR HOSPITAL, KHAGARIA BIHAR PHED WATER SUPPLY NEAR BUS",Bihar,25.0,7.3,7.3,486.0,486.0,,,1.14,1.14,23.0,23.0,23.0,23.0,326.0,326.0,0.2,0.2,,,,16.15,0,246.65,1,,,12.07,0,23.0,174.5,163.1,0,,0,,0
2021,2591,"OF TOURIST CAFETERIA, STAND, RAJGIR BIHAR TAP WATER INSIDE THE CAMPUS",Bihar,21.0,7.1,7.1,1440.0,1440.0,,,2.59,2.59,,,,,1002.0,1002.0,0.2,0.2,,,,14.05,0,723.55,1,,,,0,,,501.1,0,,0,,0
2021,2585,"AT JAHANABAD COURT, NALANDA BIHAR TAP WATER NEAR PANI TANKI",Bihar,25.0,7.8,7.8,944.0,944.0,,,5.34,5.34,23.0,23.0,23.0,23.0,648.0,648.0,0.2,0.2,,,,16.4,0,475.9,1,,,14.17,0,23.0,335.5,324.1,0,,0,,0
2021,1840,JAHANABAD BIHAR TAP WATER PHED PUMP HOUSE,Bihar,24.0,8.2,8.2,312.0,312.0,,,0.3,0.3,12.0,12.0,23.0,23.0,202.0,202.0,0.2,0.2,,,,16.1,0,160.1,1,,,6.15,0,17.5,112.5,101.1,0,,0,,0
2021,1842,"MAIN ROAD, MOTIHARI BIHAR TAP WATER SAMPLE AT",Bihar,21.0,8.7,8.7,480.0,480.0,,,5.12,5.12,,,,,322.0,322.0,0.2,0.2,,,,14.85,0,244.35,1,,,,0,,,161.1,0,,0,,0
2021,1841,"MODAL INTER SCHOOL, G.B RAMKUND, GAYA BIHAR TAP WELL WATER FROM T.",Bihar,24.0,7.0,7.0,1120.0,1120.0,,,0.75,0.75,23.0,23.0,23.0,23.0,732.0,732.0,0.2,0.2,,,,15.5,0,563.5,1,,,11.875,0,23.0,377.5,366.1,0,,0,,0
2021,2579,"ROAD, GAYA BIHAR TUBE WELL WATER AT",Bihar,24.0,6.7,7.2,729.0,907.0,,,1.5,1.84,,,,,502.0,598.0,0.2,0.2,,,,15.35,0,368.1,1,,,,0,,,299.1,0,,0,,0
2021,2592,"COLLECTRIATE CAMPUS, BUXAR BIHAR HAND WATER AT CIVIL COURT",Bihar,24.0,7.8,7.8,2080.0,2080.0,,,5.69,5.69,5.0,5.0,9.0,9.0,1476.0,1476.0,0.2,0.2,,,,15.9,0,1043.9,1,,,5.345000000000001,0,7.0,742.5,738.1,0,,0,,0
2021,2598,"DHARMSHALA SASARAM, BIHAR SHARIF, NALANDA BIHAR BOREWELL WATER NEAR",Bihar,21.0,7.9,7.9,241.0,241.0,,,0.3,0.3,23.0,23.0,23.0,23.0,160.0,160.0,0.2,0.2,,,,14.45,0,124.45,1,,,11.65,0,23.0,91.5,80.1,0,,0,,0
2021,2045,"GROUND WATER BUS STAND 20.0 SASARAM, ROHTAS BIHAR GROUND WATER FROM DADU",Bihar,26.4,7.1,7.2,714.0,804.0,1.0,1.2,4.9,8.4,2.0,2.0,33.0,41.0,390.0,518.0,0.3,0.7,0.001,0.001,,16.75,0,360.6,1,402.5,3.0500000000000003,5.2,0,17.5,215.5,259.15,0,0.3505,0,,0
2021,2044,"MAJRA, CHANDIGARH CHANDIGARH GROUND WATER FROM DHANAS",Chandigarh,26.3,7.0,7.3,566.0,1042.0,1.0,1.2,2.7,4.4,2.0,2.0,33.0,79.0,426.0,568.0,0.2,0.2,0.001,0.001,,16.65,0,286.65,1,521.5,1.9500000000000002,3.2,0,17.5,252.5,284.1,0,0.1005,0,,0
2021,2043,"PALSORA VILLAGE, VILLAGE, CHANDIGARH CHANDIGARH GROUND WATER FROM",Chandigarh,26.4,7.2,7.4,896.0,909.0,1.0,1.5,2.2,3.8,2.0,5.0,49.0,49.0,430.0,570.0,0.3,0.3,0.001,0.001,,16.8,0,451.7,1,455.0,1.85,2.9,0,27.0,239.5,285.15,0,0.1505,0,,0
2021,2039,CHANDIGARH CHANDIGARH GROUND WATER FROM SECTOR,Chandigarh,26.3,7.2,7.3,505.0,550.0,1.0,1.0,4.1,7.2,2.0,2.0,26.0,49.0,306.0,380.0,0.2,0.2,0.001,0.001,,16.75,0,256.15,1,275.5,2.55,4.6,0,14.0,177.5,190.1,0,0.1005,0,,0
2021,2040,"15, CHANDIGARH CHANDIGARH GROUND WATER FROM SECTOR",Chandigarh,26.2,7.0,7.1,694.0,731.0,1.0,1.5,2.7,3.8,2.0,2.0,23.0,27.0,356.0,494.0,0.4,0.5,0.001,0.001,,16.6,0,350.55,1,366.0,2.1,2.9,0,12.5,191.5,247.2,0,0.2505,0,,0
2021,2041,"22, CHANDIGARH CHANDIGARH GROUND WATER FROM SECTOR",Chandigarh,26.1,7.0,7.0,835.0,857.0,1.0,1.0,3.0,4.2,2.0,2.0,22.0,79.0,442.0,442.0,0.2,0.3,0.001,0.001,,16.55,0,421.0,1,429.0,2.0,3.1,0,12.0,260.5,221.1,0,0.1505,0,,0
2021,2042,"34, CHANDIGARH CHANDIGARH GROUND WATER FROM SECTOR",Chandigarh,26.6,7.0,7.3,606.0,637.0,1.0,1.0,1.8,2.9,2.0,2.0,17.0,40.0,312.0,404.0,0.9,0.9,0.001,0.001,,16.8,0,306.65,1,319.0,1.4,2.45,0,9.5,176.0,202.45,0,0.4505,0,,0
2021,3174,"DHANRAS, NTPC, KORBA, 47, CHANDIGARH CHANDIGARH BOREWELL/ HANDPUMP IN",Chandigarh,26.2,7.1,7.3,1502.0,3102.0,1.0,1.0,1.05,1.05,2.0,2.0,2.0,2.0,92.0,236.0,,,,,,16.65,0,754.65,1,1551.5,1.025,1.525,0,2.0,47.0,,0,,0,,0
2021,3173,"PARSABHATA, BALCO, KORBA, CHHATISGARH. CHHATTISGARH BOREWELL/ HANDPUMP IN",Chhattisgarh,26.1,7.1,7.2,4682.0,46272.0,1.0,1.0,0.74,0.74,2.0,2.0,2.0,2.0,226.0,315.0,,,,,,16.6,0,2344.6,1,23136.5,0.87,1.37,0,2.0,114.0,,0,,0,,0
2021,3172,"ROGBAHRI VILLAGE, KORBA, CHHATISGARH. CHHATTISGARH BOREWELL/ HANDPUMP IN",Chhattisgarh,26.2,6.6,7.2,3735.0,6061.0,1.0,1.0,0.42,0.87,2.0,2.0,2.0,2.0,232.0,266.0,,,,,,16.4,0,1871.1,1,3031.0,0.71,1.435,0,2.0,117.0,,0,,0,,0
2021,1623,CHHATISGARH. CHHATTISGARH GROUND WATER AT BILASPUR,Chhattisgarh,27.4,7.5,7.5,378.0,378.0,,,0.3,0.3,,,,,310.0,310.0,,,,,,17.45,0,192.75,1,,,,0,,,,0,,0,,0
2021,1622,"NAGAR BILASPUR REGION, REGION, CHHATISGARH. CHHATTISGARH GROUND WATER AT GOVIND",Chhattisgarh,27.3,7.4,7.4,348.0,348.0,,,0.3,0.3,2.0,2.0,2.0,2.0,248.0,248.0,,,,,,17.35,0,177.7,1,,,1.15,0,2.0,125.0,,0,,0,,0
2021,1620,"COLONY, STATION ROAD, CHHATISGARH. CHHATTISGARH GROUND WATER AT JANTA",Chhattisgarh,28.0,7.3,7.5,254.0,258.0,,,,,,,,,184.0,198.0,,,,,,17.65,0,130.75,1,,,,0,,,,0,,0,,0
2021,1621,"RAIPUR REGION, CHHATISGARH. CHHATTISGARH GROUND WATER AT RAIPUR",Chhattisgarh,28.0,7.3,7.4,255.0,262.0,,,,,,,,,187.0,196.0,,,,,,17.65,0,131.2,1,,,,0,,,,0,,0,,0
2021,2448,"GROUND WATER FROM VILLAGE NAGAR, HEAVY INDUSTRIAL AREA, BHILAI, CHHATISGARH. DAMAN AND DIU,",Daman And Diu,27.2,29.2,7.1,7.2,437.0,443.0,1.0,1.0,3.64,3.8,22.0,23.0,48.0,52.0,279.0,294.0,0.2,0.2,0.01,0.01,28.2,0,7.15,0,440.0,1.0,3.7199999999999998,0,22.5,50.0,286.5,0,0.2,0,0.01,0
2021,1440,"WELL AT SOMNATH INDUSTRIAL BHIMPORE, DAMAN NAGAR HAVELI DAMAN AND DIU,",Daman And Diu,28.1,28.3,6.7,7.1,814.0,835.0,1.0,1.0,3.67,3.9,2.0,2.0,2.0,10.0,570.0,590.0,0.3,0.4,0.01,0.01,28.200000000000003,0,6.9,0,824.5,1.0,3.785,0,2.0,6.0,580.0,0,0.35,0,0.01,0
2021,2454,"ESTATE, DAMAN NAGAR HAVELI DAMAN AND DIU,",Daman And Diu,28.2,28.6,7.1,7.3,563.0,603.0,1.0,1.0,0.31,0.33,2.0,2.0,7.0,7.0,383.0,391.0,0.8,0.9,0.01,0.01,28.4,0,7.199999999999999,0,583.0,1.0,0.32,0,2.0,7.0,387.0,0,0.8500000000000001,0,0.01,0
2021,2451,"WELL AT VILLAGE DABHEL, WELL AT VILLAGE ATHAL, DADRA NAGAR HAVELI DAMAN AND DIU,",Daman And Diu,28.4,29.1,7.0,7.1,1120.0,1324.0,1.0,1.0,1.67,1.78,2.0,2.0,6.0,8.0,790.0,823.0,0.3,0.4,0.01,0.01,28.75,0,7.05,0,1222.0,1.0,1.725,0,2.0,7.0,806.5,0,0.35,0,0.01,0
2021,2450,"WELL AT VILLAGE DUNETHA, DAMAN NAGAR HAVELI DAMAN AND DIU,",Daman And Diu,27.5,28.3,7.2,7.3,683.0,809.0,1.0,1.0,1.97,2.0,2.0,2.0,6.0,7.0,465.0,495.0,0.6,0.6,0.01,0.01,27.9,0,7.25,0,746.0,1.0,1.9849999999999999,0,2.0,6.5,480.0,0,0.6,0,0.01,0
2021,2457,"WELL AT VILLAGE GALONDA, DAMAN NAGAR HAVELI DAMAN AND DIU,",Daman And Diu,27.2,27.3,7.1,7.3,391.0,409.0,1.0,1.0,1.05,1.1,2.0,2.0,6.0,6.0,278.0,322.0,0.4,0.6,0.01,0.01,27.25,0,7.199999999999999,0,400.0,1.0,1.0750000000000002,0,2.0,6.0,300.0,0,0.5,0,0.01,0
2021,2452,"WELL AT VILLAGE KACHIGAM, DADRA NAGAR HAVELI DAMAN AND DIU,",Daman And Diu,28.6,29.3,7.1,7.4,435.0,457.0,1.0,1.0,3.57,3.63,9.0,11.0,24.0,25.0,275.0,303.0,0.2,0.2,0.01,0.01,28.950000000000003,0,7.25,0,446.0,1.0,3.5999999999999996,0,10.0,24.5,289.0,0,0.2,0,0.01,0
2021,2453,"WELL AT VILLAGE KHANVEL, DAMAN NAGAR HAVELI DAMAN AND DIU,",Daman And Diu,29.1,29.4,6.8,6.9,483.0,495.0,1.0,1.0,2.31,2.48,7.0,10.0,10.0,12.0,322.0,337.0,0.3,0.4,0.01,0.01,29.25,0,6.85,0,489.0,1.0,2.395,0,8.5,11.0,329.5,0,0.35,0,0.01,0
2021,2456,"WELL AT VILLAGE PIPERIA, DADRA NAGAR HAVELI DAMAN AND DIU,",Daman And Diu,27.5,27.7,7.1,7.2,2832.0,2880.0,1.0,1.0,3.87,5.96,2.0,2.0,4.0,4.0,1917.0,1931.0,0.7,0.8,0.01,0.01,27.6,0,7.15,0,2856.0,1.0,4.915,0,2.0,4.0,1924.0,0,0.75,0,0.01,0
2021,2449,"WELL AT VILLAGE DADRA NAGAR HAVELI DAMAN AND DIU,",Daman And Diu,28.4,28.8,7.5,7.7,1990.0,2195.0,1.0,1.0,1.63,1.89,2.0,2.0,6.0,8.0,1224.0,1385.0,0.4,0.4,0.01,0.01,28.6,0,7.6,0,2092.5,1.0,1.7599999999999998,0,2.0,7.0,1304.5,0,0.4,0,0.01,0
2021,2458,"RINGANWADA, DAMAN NAGAR HAVELI DAMAN AND DIU,",Daman And Diu,27.0,27.6,7.2,7.3,2897.0,3320.0,1.0,1.0,1.4,2.7,2.0,2.0,8.0,10.0,2024.0,2295.0,0.3,0.3,0.01,0.01,27.3,0,7.25,0,3108.5,1.0,2.05,0,2.0,9.0,2159.5,1,0.3,0,0.01,0
2021,3479,"- - - WELL AT ALIPUR, DELHI DELHI WELL AT AURBINDO MARG,",Delhi,7.5,7.5,,,,,0.48,0.48,,,,,675.0,675.0,,,,,,,7.5,0,,0,,0.48,,0,,675.0,,0,,0,,0
2021,3480,- DELHI DELHI,Delhi,7.1,7.1,,,,,0.76,0.76,,,,,461.0,461.0,,,,,,,7.1,0,,0,,0.76,,0,,461.0,,0,,0,,0
2021,3483,"- WELL AT BAWANA, DELHI DELHI",Delhi,7.4,7.4,,,,,0.3,0.3,,,,,346.0,346.0,,,,,,,7.4,0,,0,,0.3,,0,,346.0,,0,,0,,0
2021,3485,"- WELL AT BURARI, DELHI DELHI WELL AT DEFENCE COLONY,",Delhi,6.7,6.7,,,,,0.47,0.47,,,,,288.0,288.0,,,,,,,6.7,0,,0,,0.47,,0,,288.0,,0,,0,,0
2021,3488,"- DELHI DELHI WELL AT DILSHAD GARDEN,",Delhi,7.2,7.2,,,,,0.3,0.3,,,,,559.0,559.0,,,,,,,7.2,0,,0,,0.3,,0,,559.0,,0,,0,,0
2021,3489,- DELHI DELHI,Delhi,6.7,6.7,,,,,0.3,0.3,,,,,577.0,577.0,,,,,,,6.7,0,,0,,0.3,,0,,577.0,,0,,0,,0
2021,3490,"- WELL AT DWARKA, DELHI DELHI",Delhi,7.3,7.3,,,,,0.76,0.76,,,,,590.0,590.0,,,,,,,7.3,0,,0,,0.76,,0,,590.0,,0,,0,,0
2021,3492,"- WELL AT FATEH PUR BERI, DELHI DELHI",Delhi,7.0,7.0,,,,,0.4,0.4,,,,,679.0,679.0,,,,,,,7.0,0,,0,,0.4,,0,,679.0,,0,,0,,0
2021,3493,"- WELL AT GAJIPUR, DELHI DELHI",Delhi,6.9,6.9,,,,,0.3,0.3,,,,,496.0,496.0,,,,,,,6.9,0,,0,,0.3,,0,,496.0,,0,,0,,0
2021,3494,"- WELL AT GANDHI NAGAR, DELHI DELHI",Delhi,7.0,7.0,,,,,0.3,0.3,,,,,383.0,383.0,,,,,,,7.0,0,,0,,0.3,,0,,383.0,,0,,0,,0
2021,3496,"- WELL AT HAIDERPUR, DELHI DELHI",Delhi,7.2,7.2,,,,,0.86,0.86,,,,,375.0,375.0,,,,,,,7.2,0,,0,,0.86,,0,,375.0,,0,,0,,0
2021,3498,"- WELL AT ISBT, DELHI DELHI",Delhi,6.9,6.9,,,,,0.57,0.57,,,,,441.0,441.0,,,,,,,6.9,0,,0,,0.57,,0,,441.0,,0,,0,,0
2021,3500,"- WELL AT KALKA JI, DELHI DELHI",Delhi,7.2,7.2,,,,,0.5,0.5,,,,,536.0,536.0,,,,,,,7.2,0,,0,,0.5,,0,,536.0,,0,,0,,0
2021,3503,"- WELL AT KAMLA NAGAR, DELHI DELHI",Delhi,6.9,6.9,,,,,0.3,0.3,,,,,358.0,358.0,,,,,,,6.9,0,,0,,0.3,,0,,358.0,,0,,0,,0
2021,3514,"- WELL AT KAROL BAGH, DELHI DELHI",Delhi,6.9,6.9,,,,,0.36,0.36,,,,,807.0,807.0,,,,,,,6.9,0,,0,,0.36,,0,,807.0,,0,,0,,0
2021,3515,"- WELL AT MATIALA, DELHI DELHI",Delhi,7.3,7.3,,,,,0.5,0.5,,,,,698.0,698.0,,,,,,,7.3,0,,0,,0.5,,0,,698.0,,0,,0,,0
2021,3516,"- WELL AT MAYA PURI, DELHI DELHI",Delhi,7.3,7.3,,,,,0.3,0.3,,,,,480.0,480.0,,,,,,,7.3,0,,0,,0.3,,0,,480.0,,0,,0,,0
2021,3517,"- WELL AT MAYUR VIHAR, DELHI DELHI",Delhi,7.0,7.0,,,,,0.69,0.69,,,,,768.0,768.0,,,,,,,7.0,0,,0,,0.69,,0,,768.0,,0,,0,,0
2021,3518,"- WELL AT NAJAFGARH, DELHI DELHI WELL AT NARAINA INDL AREA,",Delhi,6.9,6.9,,,,,0.56,0.56,,,,,450.0,450.0,,,,,,,6.9,0,,0,,0.56,,0,,450.0,,0,,0,,0
2021,3520,- DELHI DELHI,Delhi,7.3,7.3,,,,,1.01,1.01,,,,,838.0,838.0,,,,,,,7.3,0,,0,,1.01,,0,,838.0,,0,,0,,0
2021,3523,"- WELL AT OKHLA, DELHI DELHI WELL AT PARIVESH BHAWAN,",Delhi,7.1,7.2,2312.0,2562.0,,,0.4,1.9,2.0,2.0,2.0,2.0,1308.0,1540.0,0.4,0.4,0.001,0.001,,,7.15,0,2437.0,1,,1.15,2.0,0,2.0,1424.0,0.4,0,0.001,0,,0
2021,3525,"- - - WELL AT PASCHIM VIHAR, DELHI DELHI",Delhi,7.0,7.0,,,,,0.3,0.3,,,,,394.0,394.0,,,,,,,7.0,0,,0,,0.3,,0,,394.0,,0,,0,,0
2021,3526,"- WELL AT PATEL NAGAR, DELHI DELHI",Delhi,7.3,7.3,,,,,0.3,0.3,,,,,1115.0,1115.0,,,,,,,7.3,0,,0,,0.3,,0,,1115.0,,0,,0,,0
2021,3527,"- WELL AT PATPAR GANJ, DELHI DELHI WELL AT PATPARGANJ INDL",Delhi,7.4,7.4,,,,,1.5,1.5,,,,,1110.0,1110.0,,,,,,,7.4,0,,0,,1.5,,0,,1110.0,,0,,0,,0
2021,3528,"- AREA, DELHI DELHI",Delhi,7.1,7.1,,,,,0.3,0.3,,,,,1970.0,1970.0,,,,,,,7.1,0,,0,,0.3,,0,,1970.0,,0,,0,,0
2021,3529,"- WELL AT PEERAGARHI, DELHI DELHI",Delhi,7.7,7.7,,,,,0.34,0.34,,,,,312.0,312.0,,,,,,,7.7,0,,0,,0.34,,0,,312.0,,0,,0,,0
2021,3530,"- WELL AT PILANJI, DELHI DELHI",Delhi,7.0,7.0,,,,,0.3,0.3,,,,,485.0,485.0,,,,,,,7.0,0,,0,,0.3,,0,,485.0,,0,,0,,0
2021,3531,"- WELL AT PRIYA ENCLAVE, DELHI DELHI",Delhi,7.5,7.5,,,,,0.57,0.57,,,,,2850.0,2850.0,,,,,,,7.5,0,,0,,0.57,,0,,2850.0,,0,,0,,0
2021,3532,"- WELL AT QUTAB GARH, DELHI DELHI WELL AT RAJENDER NAGAR,",Delhi,7.0,7.0,,,,,1.03,1.03,,,,,,,,,,,,,7.0,0,,0,,1.03,,0,,,,0,,0,,0
2021,3533,- DELHI DELHI,Delhi,7.2,7.2,,,,,0.36,0.36,,,,,397.0,397.0,,,,,,,7.2,0,,0,,0.36,,0,,397.0,,0,,0,,0
2021,3535,"- WELL AT RAJPURA ROAD, DELHI DELHI",Delhi,7.3,7.3,,,,,1.5,1.5,,,,,367.0,367.0,,,,,,,7.3,0,,0,,1.5,,0,,367.0,,0,,0,,0
2021,3536,"- WELL AT ROHINI, DELHI DELHI",Delhi,7.4,7.4,,,,,0.3,0.3,,,,,500.0,500.0,,,,,,,7.4,0,,0,,0.3,,0,,500.0,,0,,0,,0
2021,3537,"- WELL AT SAKET, DELHI DELHI",Delhi,6.3,6.3,,,,,0.68,0.68,,,,,337.0,337.0,,,,,,,6.3,0,,0,,0.68,,0,,337.0,,0,,0,,0
2021,3538,"- WELL AT SHAHDARA, DELHI DELHI",Delhi,7.3,7.3,,,,,0.99,0.99,,,,,1930.0,1930.0,,,,,,,7.3,0,,0,,0.99,,0,,1930.0,,0,,0,,0
2021,3539,"- WELL AT SINGHU BORDER, DELHI DELHI",Delhi,7.4,7.4,,,,,0.53,0.53,,,,,896.0,896.0,,,,,,,7.4,0,,0,,0.53,,0,,896.0,,0,,0,,0
2021,3540,"- WELL AT SINGOLA, DELHI DELHI",Delhi,6.9,6.9,,,,,0.49,0.49,,,,,689.0,689.0,,,,,,,6.9,0,,0,,0.49,,0,,689.0,,0,,0,,0
2021,3541,"- WELL AT SULTANPURI, DELHI DELHI",Delhi,7.1,7.1,,,,,0.87,0.87,,,,,2870.0,2870.0,,,,,,,7.1,0,,0,,0.87,,0,,2870.0,,0,,0,,0
2021,3542,"- WELL AT TIKRI KALAN , DELHI DELHI",Delhi,7.2,7.2,,,,,0.36,0.36,,,,,642.0,642.0,,,,,,,7.2,0,,0,,0.36,,0,,642.0,,0,,0,,0
2021,3543,"- WELL AT TILAK NAGAR, DELHI DELHI",Delhi,7.0,7.0,,,,,0.3,0.3,,,,,540.0,540.0,,,,,,,7.0,0,,0,,0.3,,0,,540.0,,0,,0,,0
2021,3544,"- WELL AT TRILOKPURI, DELHI DELHI",Delhi,7.1,7.1,,,,,0.98,0.98,,,,,361.0,361.0,,,,,,,7.1,0,,0,,0.98,,0,,361.0,,0,,0,,0
2021,3545,"- WELL AT UJWAH, DELHI DELHI",Delhi,7.7,7.7,,,,,0.41,0.41,,,,,311.0,311.0,,,,,,,7.7,0,,0,,0.41,,0,,311.0,,0,,0,,0
2021,3546,"- WELL AT VASANT KUNJ, DELHI DELHI",Delhi,7.2,7.2,,,,,0.3,0.3,,,,,409.0,409.0,,,,,,,7.2,0,,0,,0.3,,0,,409.0,,0,,0,,0
2021,3534,- WELL AT VASANT VIHAR DELHI WELL NEAR GURUDWARA SHRI,Delhi,6.8,6.8,,,,,0.3,0.3,,,,,730.0,730.0,,,,,,,6.8,0,,0,,0.3,,0,,730.0,,0,,0,,0
2021,3195,BORE WELL AT BETHORA 29.0 INDUSTRIAL ESTATE GOA BORE WELL AT MADKAIM,Goa,28.0,7.9,7.9,101.0,101.0,1.9,1.9,0.5,0.5,2.0,2.0,2.0,2.0,64.0,64.0,0.2,0.2,0.001,0.001,,17.95,0,54.45,1,51.45,1.2,1.25,0,2.0,33.0,32.1,0,0.1005,0,,0
2021,2281,INDUSTRIAL ESTATE GOA,Goa,29.0,5.0,5.0,91.0,91.0,1.2,1.2,0.3,0.3,2.0,2.0,2.0,2.0,54.0,54.0,0.2,0.2,0.001,0.001,,17.0,0,48.0,1,46.1,0.75,1.15,0,2.0,28.0,27.1,0,0.1005,0,,0
2021,2280,ESTATE(M/S CADILA WELL AT CORLIM INDL. ESTATE GOA WELL AT KUDAI INDL.,Goa,28.0,5.6,5.6,122.0,122.0,4.2,4.2,0.3,0.3,2.0,2.0,2.0,2.0,77.0,77.0,0.2,0.2,0.001,0.001,,16.8,0,63.8,1,63.1,2.25,1.15,0,2.0,39.5,38.6,0,0.1005,0,,0
2021,2282,HEALTHCARE LIMITED) GOA WELL AT PILERNE INDUSTRIAL,Goa,28.0,6.9,6.9,314.0,314.0,1.7,1.7,0.3,0.3,2.0,2.0,5.0,5.0,163.0,163.0,0.4,0.4,0.001,0.001,,17.45,0,160.45,1,157.85,1.0,1.15,0,3.5,84.0,81.7,0,0.2005,0,,0
2021,2278,ESTATE(M/S UNICHEM ) GOA WELL AT SANCOALE,Goa,29.0,7.1,7.1,258.0,258.0,2.0,2.0,0.3,0.3,2.0,2.0,2.0,2.0,144.0,144.0,0.4,0.4,0.001,0.001,,18.05,0,132.55,1,130.0,1.15,1.15,0,2.0,73.0,72.2,0,0.2005,0,,0
2021,2277,INDI.ESTATE.(M/S CIPLA INDL.ESTATE GOA WELL AT VERNA,Goa,30.0,6.3,6.3,378.0,378.0,1.0,1.0,2.5,2.5,2.0,2.0,2.0,2.0,234.0,234.0,0.2,0.2,0.001,0.001,,18.15,0,192.15,1,189.5,1.75,2.25,0,2.0,118.0,117.1,0,0.1005,0,,0
2021,1967,LIMITED) GOA,Goa,27.0,7.7,7.7,2032.0,3326.0,1.0,1.0,0.38,0.4,2.0,2.0,2.0,2.0,1076.0,1680.0,0.4,0.5,0.001,0.001,,17.35,0,1019.85,1,1663.5,0.69,1.2,0,2.0,539.0,840.2,0,0.2505,0,,0
2021,2089,"BORASARA & NAVAPURA, DIST. ATUL, VILLAGE G.W, (VALSAD) GUJARAT B/W NEAR INDL. AREA",Gujarat,31.0,7.9,8.4,3077.0,3348.0,1.0,2.3,0.3,0.3,2.0,2.0,2.0,2.0,1876.0,2036.0,0.3,0.7,0.001,0.001,,19.45,0,1542.7,1,1674.5,1.2999999999999998,1.15,0,2.0,939.0,1018.15,0,0.3505,0,,0
2021,4414,SURAT. GUJARAT B/W OF DISASTER PREVENTION AND MANAGEMANT,Gujarat,29.0,7.8,8.3,1049.0,1332.0,1.0,1.0,0.3,0.3,2.0,2.0,2.0,2.0,702.0,814.0,0.4,0.6,,,,18.4,0,528.65,1,666.5,0.65,1.15,0,2.0,352.0,407.2,0,,0,,0
2021,4413,"PARMAR, S. NO. 18 AT: VILLAGE CENTER(DPMC) GIDE, ANKLE SHWAR FOR (MINARS) GUJARAT B/W OF JASHWANTBHAI",Gujarat,30.0,8.1,8.7,1172.0,1265.0,1.0,1.0,0.3,1.77,2.0,2.0,2.0,2.0,760.0,810.0,0.6,0.7,0.001,0.001,,19.05,0,590.35,1,633.0,0.65,1.885,0,2.0,381.0,405.3,0,0.3505,0,,0
2021,2095,"KALAMSAR, TA KHAMBHAT GUJARAT BORE WELL AT STP MADHAPAR,",Gujarat,28.0,7.2,7.2,1206.0,1206.0,1.4,1.4,1.1,1.1,,,,,1032.0,1032.0,0.2,0.2,0.004,0.004,,17.6,0,606.6,1,603.7,1.25,,0,,,516.1,0,0.10200000000000001,0,,0
2021,4416,DIST. RAJKOT. GUJARAT,Gujarat,33.0,7.0,8.6,2525.0,3101.0,1.0,1.0,0.3,0.3,2.0,2.0,2.0,2.0,1636.0,2014.0,0.8,1.0,0.001,0.002,,20.0,0,1266.8,1,1551.0,0.65,1.15,0,2.0,819.0,1007.4,0,0.5005,0,,0
2021,2083,BORE WELL AT VORAGAMDI GUJARAT,Gujarat,29.0,8.2,8.2,2324.0,2324.0,1.0,1.0,1.5,1.5,2.0,2.0,2.0,2.0,1390.0,1390.0,1.0,1.0,0.001,0.001,,18.6,0,1166.1,1,1162.5,1.25,1.75,0,2.0,696.0,695.5,0,0.5005,0,,0
2021,4422,"BORE WELL OF CHHATRAL GIDC. GUJARAT BORE WELL OF ITI COLLAGE OPP, M/S PALIWAL MILK AT MOTA",Gujarat,29.0,7.6,8.3,894.0,940.0,1.0,1.0,0.3,0.35,2.0,2.0,2.0,2.0,580.0,610.0,0.8,1.0,0.001,0.001,,18.3,0,451.15,1,470.5,0.65,1.175,0,2.0,291.0,305.4,0,0.5005,0,,0
2021,2084,BORE WELL OF NAVSARI GIDC INDUSTRIES ASSOCIATION 31.0 OFFICE. GUJARAT BORE WELL OF PALSANA,Gujarat,30.0,8.4,8.5,1256.0,1405.0,1.0,2.1,0.3,0.8,2.0,2.0,2.0,2.0,762.0,856.0,0.2,0.4,0.001,0.001,,19.2,0,632.25,1,703.0,1.2,1.4,0,2.0,382.0,428.1,0,0.2005,0,,0
2021,2098,"VILLAGE. GUJARAT BORE WELL OF PIRANA TERMINAL PUMPING STATION,",Gujarat,28.0,7.1,7.9,2780.0,3180.0,1.0,1.0,0.3,0.9,2.0,2.0,2.0,2.0,1576.0,1816.0,0.6,1.3,0.001,0.001,,17.55,0,1393.95,1,1590.5,0.65,1.45,0,2.0,789.0,908.3,0,0.6505,0,,0
2021,2088,"PIRANA, NR. V. N. BRIDGE, AHMEDABAD. GUJARAT",Gujarat,31.0,7.6,7.8,7767.0,8704.0,1.2,2.8,0.3,0.6,2.0,2.0,2.0,2.0,4722.0,5308.0,0.4,0.8,0.001,0.001,,19.3,0,3887.4,1,4352.6,1.5499999999999998,1.3,0,2.0,2362.0,2654.2,0,0.4005,0,,0
2021,2085,BORE WELL OF SACHIN GIDC. GUJARAT,Gujarat,29.0,7.1,7.1,2164.0,2164.0,1.0,1.0,0.5,0.5,2.0,2.0,2.0,2.0,1276.0,1276.0,0.7,0.7,0.001,0.001,,18.05,0,1085.55,1,1082.5,0.75,1.25,0,2.0,639.0,638.35,0,0.3505,0,,0
2021,2097,"BORE WELL OF SANTEJ VILLAGE. GUJARAT BORE WELL OF SOMESHWAR RICE MILL, NR. BAVLA ECO",Gujarat,32.0,7.3,8.5,5155.0,5910.0,1.0,1.0,0.3,0.6,2.0,2.0,2.0,2.0,3150.0,3232.0,0.6,0.9,0.001,0.001,,19.65,0,2581.75,1,2955.5,0.65,1.3,0,2.0,1576.0,1616.3,0,0.4505,0,,0
2021,2096,"PROJECT, (CETP ), VILL. BAVLA, DIST. AHMEDABAD. GUJARAT BORE WELL, SNR. VINAYAK JAL SUDDHIKARAN SAHAKARI",Gujarat,32.0,7.2,8.2,5462.0,6041.0,1.0,1.0,0.3,0.3,2.0,2.0,2.0,2.0,3240.0,3242.0,0.4,0.5,0.001,0.001,,19.6,0,2735.1,1,3021.0,0.65,1.15,0,2.0,1621.0,1621.2,0,0.2505,0,,0
2021,3245,"NEAR DHANGADHRA MANDALI LTD. (CETP ), VILL. BAVLA, DIST. AHMEDABAD. GUJARAT BOREWELL AT DHANGADHRA",Gujarat,33.0,7.3,7.4,384.0,2519.0,1.4,1.4,1.0,1.58,2.0,2.0,2.0,2.0,252.0,2168.0,0.2,0.3,0.001,0.005,,20.15,0,195.7,1,1260.2,1.2,1.79,0,2.0,127.0,1084.1,0,0.1505,0,,0
2021,3210,"VILLAGE TARSADI AT KOSAMBA CHEMICALS GUJARAT BOREWELL AT PIRAMAL GLASS,",Gujarat,30.0,7.7,7.9,3771.0,3868.0,1.0,2.7,0.3,0.7,2.0,2.0,2.0,2.0,2292.0,2358.0,0.3,0.7,0.001,0.001,,18.85,0,1889.45,1,1934.5,1.5,1.35,0,2.0,1147.0,1179.15,0,0.3505,0,,0
2021,3211,"INDUSTRIAL AREA, SURAT GUJARAT BOREWELL AT PRIMARY HEALTH",Gujarat,30.0,8.0,8.3,1886.0,2096.0,1.0,2.0,0.3,0.4,2.0,2.0,2.0,2.0,1146.0,1278.0,0.2,0.5,0.001,0.001,,19.0,0,947.15,1,1048.5,1.15,1.2,0,2.0,574.0,639.1,0,0.2505,0,,0
2021,1970,"CENTER, KADODARA, SURAT GUJARAT BOREWELL D/S TSDF SITE, GIDC",Gujarat,27.0,7.6,8.0,1056.0,3288.0,1.0,1.0,0.41,0.7,2.0,2.0,2.0,2.0,562.0,1632.0,0.3,0.5,0.001,0.001,,17.3,0,532.0,1,1644.5,0.705,1.35,0,2.0,282.0,816.15,0,0.2505,0,,0
2021,3223,"INDUSTRIAL AREA, VAPI GUJARAT BOREWELL KADI INDUSTRIAL",Gujarat,30.0,7.8,8.1,1853.0,2330.0,1.0,1.0,0.3,0.3,2.0,2.0,2.0,2.0,974.0,1484.0,0.7,0.8,0.001,0.001,,18.9,0,930.55,1,1165.5,0.65,1.15,0,2.0,488.0,742.35,0,0.4005,0,,0
2021,3212,"EXCELLENCE BUILDING, GIDC, AREA GUJARAT BOREWELL NEAR CENTER OF",Gujarat,30.0,7.4,8.5,2265.0,2307.0,1.0,1.0,0.3,0.34,2.0,2.0,2.0,2.0,940.0,1276.0,0.6,0.9,0.001,0.001,,18.7,0,1136.75,1,1154.0,0.65,1.17,0,2.0,471.0,638.3,0,0.4505,0,,0
2021,3214,"VATVA, AHMEDABAD GUJARAT BOREWELL NEAR GIDC ODHAV",Gujarat,30.0,7.4,8.3,1998.0,2418.0,1.0,1.0,0.3,0.39,2.0,2.0,2.0,2.0,1070.0,1448.0,0.5,0.8,0.001,0.001,,18.7,0,1003.15,1,1209.5,0.65,1.195,0,2.0,536.0,724.25,0,0.4005,0,,0
2021,3244,"BUILDING, GIDC, ODHAV, AHMEDABAD BOREWELL NEAR MUNICIPAL SOLID WASTE SITE- GYASPUR, 26.0 NAROL, AHMEDABAD GUJARAT BOREWELL NEAR TSDF OF BHARUCH ENVIRO",Gujarat,29.0,7.2,7.3,3352.0,3384.0,1.0,1.9,0.3,0.3,2.0,2.0,2.0,2.0,1926.0,2196.0,0.2,0.6,,,,18.1,0,1679.65,1,1692.5,1.0999999999999999,1.15,0,2.0,964.0,1098.1,0,,0,,0
2021,3216,"INFRASTRUCTURE LIMITED, ANKLESHWAR, BHARUCH GUJARAT BOREWELL NEAR TSDF SITE OF GREEN ENVIRONMNET SERVICES",Gujarat,30.0,7.4,8.2,2708.0,2855.0,1.0,1.3,0.3,0.38,2.0,2.0,2.0,2.0,1402.0,1486.0,0.7,0.9,0.001,0.001,,18.7,0,1358.1,1,1428.0,0.8,1.19,0,2.0,702.0,743.35,0,0.4505,0,,0
2021,3217,"NARODA ENVIRO PROJECT.LTD, CO. OP.LTD, VATVA, AHMEDABAD GUJARAT BOREWELL NEAR TSDF SITE OF",Gujarat,30.0,7.6,8.5,2350.0,2474.0,1.0,1.0,0.3,0.91,2.0,2.0,2.0,2.0,1198.0,1346.0,0.8,1.0,0.001,0.001,,18.8,0,1179.25,1,1237.5,0.65,1.455,0,2.0,600.0,673.4,0,0.5005,0,,0
2021,3234,"NANDESARI ENVIRO CONTROL ODHAVE, AHMEDABAD GUJARAT BOREWELL NERA TSDF OF",Gujarat,30.0,7.6,8.5,9271.0,11165.0,1.7,2.5,1.1,1.32,2.0,2.0,2.0,2.0,6670.0,7530.0,1.4,1.6,0.001,0.001,,18.8,0,4639.75,1,5583.35,1.8,1.6600000000000001,0,2.0,3336.0,3765.7,0,0.8005,0,,0
2021,3240,"LIMITED, NADESARI, VADODARA GUJARAT",Gujarat,27.0,7.4,7.4,1526.0,1526.0,1.4,1.4,1.3,1.3,,,,,1088.0,1088.0,0.3,0.3,0.002,0.002,,17.2,0,766.7,1,763.7,1.35,,0,,,544.15,0,0.151,0,,0
2021,3209,"SCHOOL, BHADARWAD ROAD, BOREWELL OF AJI GIDC, RAJKOT GUJARAT BOREWELL OF GAYATRI PRAGNA",Gujarat,29.0,7.5,7.7,817.0,994.0,1.0,1.0,0.3,0.4,2.0,2.0,2.0,2.0,496.0,496.0,0.2,0.2,0.001,0.001,,18.25,0,412.35,1,497.5,0.65,1.2,0,2.0,249.0,248.1,0,0.1005,0,,0
2021,3235,"GIDC OFFICE, GIDC, KALOL, BAZAR FALIA, SARIGAM, VALSAD GUJARAT BOREWELL OF GIDC KALOL, B/H",Gujarat,29.0,7.7,7.7,2091.0,2091.0,1.0,1.0,0.3,0.3,2.0,2.0,2.0,2.0,1140.0,1140.0,0.8,0.8,0.001,0.001,,18.35,0,1049.35,1,1046.0,0.65,1.15,0,2.0,571.0,570.4,0,0.4005,0,,0
2021,3238,GANDHINAGAR GUJARAT,Gujarat,30.0,7.7,8.1,4990.0,5249.0,1.0,1.0,0.3,0.3,2.0,2.0,2.0,2.0,3240.0,3410.0,0.9,0.9,0.001,0.002,,18.85,0,2499.05,1,2625.0,0.65,1.15,0,2.0,1621.0,1705.45,0,0.4505,0,,0
2021,3246,"SHANKAR TEKRI, BOREWELL OF GIDC KANSARI GUJARAT BOREWELL OF GIDC OFFICE,",Gujarat,27.0,7.3,7.6,3309.0,3415.0,1.0,1.1,0.3,0.33,2.0,2.0,2.0,2.0,1166.0,2580.0,0.2,0.3,0.001,0.001,,17.15,0,1658.3,1,1708.0,0.7000000000000001,1.165,0,2.0,584.0,1290.1,0,0.1505,0,,0
2021,3232,"WATER SUPPLY, BILLIMORA, UDHYOGNAGAR, JAMNANGAR GUJARAT BOREWELL OF GIDC, ANTALIA",Gujarat,33.0,7.8,8.4,1847.0,2398.0,1.0,2.7,0.3,0.5,2.0,2.0,2.0,2.0,1122.0,1462.0,0.4,0.5,0.001,0.001,,20.4,0,927.7,1,1199.5,1.5,1.25,0,2.0,562.0,731.2,0,0.2505,0,,0
2021,3207,GANDEVI GUJARAT,Gujarat,29.0,7.7,7.8,1731.0,2193.0,1.0,1.0,0.3,0.5,2.0,2.0,2.0,2.0,908.0,1342.0,0.4,0.8,,,,18.35,0,869.4,1,1097.0,0.65,1.25,0,2.0,455.0,671.2,0,,0,,0
2021,3230,"BOREWELL OF GIDC, JHAGADIA GUJARAT",Gujarat,30.0,7.2,7.8,2509.0,3840.0,1.1,1.4,1.1,1.58,2.0,2.0,2.0,2.0,2142.0,2716.0,0.2,0.8,0.001,0.003,,18.6,0,1258.4,1,1920.55,1.25,1.79,0,2.0,1072.0,1358.1,0,0.4005,0,,0
2021,3239,"26.0 BOREWELL OF GIDC, PANOLI GUJARAT",Gujarat,30.0,7.9,8.1,3115.0,3146.0,1.0,1.0,0.4,0.47,2.0,2.0,2.0,2.0,2076.0,2086.0,0.7,1.0,0.001,0.001,,18.95,0,1561.55,1,1573.5,0.7,1.2349999999999999,0,2.0,1039.0,1043.35,0,0.5005,0,,0
2021,3220,"GIDC OFFICE, GIDC NADIAD, BOREWELL OF GIDC, SOJITRA GUJARAT BOREWELL OF GIDC-NADIAD AT",Gujarat,33.0,7.1,8.0,2172.0,3283.0,1.0,1.0,0.3,2.02,2.0,2.0,2.0,2.0,1460.0,1756.0,0.8,0.9,0.001,0.001,,20.05,0,1090.0,1,1642.0,0.65,2.01,0,2.0,731.0,878.4,0,0.4505,0,,0
2021,3233,KHEDA GUJARAT BOREWELL OF KALIAWADI GRID,Gujarat,31.0,8.2,8.2,2530.0,2530.0,2.8,2.8,0.3,0.3,2.0,2.0,2.0,2.0,1538.0,1538.0,0.6,0.6,0.001,0.001,,19.6,0,1269.1,1,1266.4,1.5499999999999998,1.15,0,2.0,770.0,769.3,0,0.3005,0,,0
2021,3237,"NO. 144/146, SARKHEJ-BAVLA ROAD, NAVSARI GUJARAT BOREWELL OF L & T LTD., PLOT",Gujarat,32.0,7.3,8.1,3460.0,4367.0,1.0,1.0,0.3,0.7,2.0,2.0,2.0,2.0,1956.0,2388.0,0.5,0.8,0.001,0.001,,19.65,0,1734.05,1,2184.0,0.65,1.35,0,2.0,979.0,1194.25,0,0.4005,0,,0
2021,3236,"ROAD, SANAND, AHMEDABAD GUJARAT BOREWELL OF M/S ALFA ECA (I) LTD., UNIT-1, SR.NO. 249, UMA",Gujarat,29.0,7.6,7.9,1917.0,2028.0,1.0,1.0,0.91,1.3,2.0,2.0,2.0,2.0,1072.0,1240.0,0.7,0.9,0.001,0.001,,18.3,0,962.45,1,1014.5,0.9550000000000001,1.65,0,2.0,537.0,620.35,0,0.4505,0,,0
2021,4411,"KER SHIV SAI PARK, NEW IND. ESTATE, VASNA , IYAVA, SANAND, AHMEDABAD GUJARAT BOREWELL OF MR. HITENDRABHAI LAKHMANBHAI",Gujarat,26.0,7.7,7.9,2817.0,3740.0,1.0,1.2,0.3,0.3,2.0,2.0,2.0,2.0,1384.0,1448.0,0.2,0.2,0.001,0.001,,16.85,0,1412.45,1,1870.5,0.75,1.15,0,2.0,693.0,724.1,0,0.1005,0,,0
2021,4412,"SMASHAN ROAD, GANDHINAGAR GUJARAT BOREWELL OF SHRI KANKESHWAR MAHADEV",Gujarat,26.0,6.7,7.4,4590.0,8115.0,1.0,1.0,0.3,0.3,2.0,2.0,2.0,2.0,3488.0,3580.0,0.2,0.2,0.001,0.001,,16.35,0,2298.7,1,4058.0,0.65,1.15,0,2.0,1745.0,1790.1,0,0.1005,0,,0
2021,3247,"NO. 3059, ROAD NO.6, NR. MANDIR, OPP. MSW DUMPSITE, VIBHAPAR GUJARAT BOREWELL OF SHRI MAHAVIR METAL CRAFT PVT. LTD., PLOT",Gujarat,26.0,7.5,7.9,2410.0,2631.0,1.0,1.1,0.3,0.33,2.0,2.0,2.0,2.0,1386.0,1414.0,0.2,0.2,0.001,0.001,,16.75,0,1208.95,1,1316.0,0.7000000000000001,1.165,0,2.0,694.0,707.1,0,0.1005,0,,0
2021,3221,"MAHAVIR CIRCLE, PHASE-III, GIDC, DARED, JAMNAGAR GUJARAT BOREWELL OF TOWN RAJPIPLA,",Gujarat,29.0,7.5,7.6,619.0,853.0,1.0,1.0,0.3,0.3,2.0,2.0,2.0,2.0,388.0,550.0,0.2,0.4,,,,18.25,0,313.3,1,427.0,0.65,1.15,0,2.0,195.0,275.1,0,,0,,0
2021,3213,"DIST.NARMADA GUJARAT BOREWELL, CETP-NARODA,",Gujarat,28.0,7.5,8.4,2480.0,2536.0,1.0,1.0,0.3,0.81,2.0,2.0,2.0,2.0,1154.0,1374.0,0.2,0.9,0.001,0.001,,17.75,0,1244.2,1,1268.5,0.65,1.405,0,2.0,578.0,687.1,0,0.4505,0,,0
2021,3224,"GIDC, NARODA-AHMEDABAD GUJARAT",Gujarat,30.0,7.6,7.9,820.0,1128.0,1.0,1.0,0.36,1.4,2.0,2.0,2.0,2.0,364.0,622.0,0.9,1.0,0.001,0.001,,18.8,0,413.95,1,564.5,0.6799999999999999,1.7,0,2.0,183.0,311.45,0,0.5005,0,,0
2021,3229,DEESA BOREWELL GUJARAT,Gujarat,29.0,7.7,8.3,1716.0,1888.0,1.0,1.0,0.31,0.6,2.0,2.0,2.0,2.0,1120.0,1198.0,1.2,1.2,0.001,0.001,,18.35,0,862.15,1,944.5,0.655,1.3,0,2.0,561.0,599.6,0,0.6004999999999999,0,,0
2021,1954,"30.0 27.0 29.0 GIDC, HALOL, PANCHMAHAL GUJARAT",Gujarat,7.4,7.7,2940.0,3180.0,1.4,1.7,0.3,0.31,2.0,2.0,2.0,2.0,2310.0,2420.0,0.6,0.7,,,,,7.550000000000001,0,3060.0,1,1.5499999999999998,0.305,2.0,0,2.0,2365.0,0.6499999999999999,0,,0,,0
2021,1960,27.0 GROUND WATER AT BHUJ GUJARAT,Gujarat,8.1,8.3,1195.0,1356.0,1.0,1.0,0.4,0.7,2.0,2.0,2.0,2.0,680.0,680.0,0.7,1.6,0.001,0.001,,,8.2,0,1275.5,1,1.0,0.55,2.0,0,2.0,680.0,1.15,0,0.001,0,,0
2021,1961,27.0 GROUND WATER AT DAHOD GUJARAT,Gujarat,7.8,8.4,1170.0,1240.0,1.0,1.0,0.9,0.93,2.0,2.0,2.0,2.0,680.0,850.0,0.7,1.0,0.001,0.001,,,8.1,0,1205.0,1,1.0,0.915,2.0,0,2.0,765.0,0.85,0,0.001,0,,0
2021,1958,25.0 GROUND WATER AT GODHARA GUJARAT GROUND WATER AT,Gujarat,7.8,7.8,965.0,1114.0,1.0,1.0,0.3,0.92,2.0,2.0,2.0,2.0,554.0,616.0,0.5,0.5,0.001,0.001,,,7.8,0,1039.5,1,1.0,0.61,2.0,0,2.0,585.0,0.5,0,0.001,0,,0
2021,1953,26.0 HIMATNAGAR GUJARAT,Gujarat,7.1,7.1,1452.0,1789.0,1.0,1.0,0.3,0.31,2.0,2.0,2.0,2.0,746.0,860.0,0.2,0.3,0.001,0.001,,,7.1,0,1620.5,1,1.0,0.305,2.0,0,2.0,803.0,0.25,0,0.001,0,,0
2021,1950,28.0 GROUND WATER AT JAMNAGAR GUJARAT,Gujarat,7.3,7.4,890.0,1153.0,1.2,1.4,1.1,1.19,2.0,2.0,2.0,2.0,712.0,796.0,0.2,0.2,0.001,0.003,,,7.35,0,1021.5,1,1.2999999999999998,1.145,2.0,0,2.0,754.0,0.2,0,0.002,0,,0
2021,1956,29.0 GROUND WATER AT JUNAGADH GUJARAT,Gujarat,7.5,8.1,3267.0,3267.0,1.0,1.0,0.3,0.83,2.0,2.0,2.0,2.0,1330.0,1736.0,0.5,0.7,0.001,0.001,,,7.8,0,3267.0,1,1.0,0.565,2.0,0,2.0,1533.0,0.6,0,0.001,0,,0
2021,1959,29.0 GROUND WATER AT MEHASANA GUJARAT,Gujarat,7.6,8.4,1407.0,1868.0,1.0,1.0,0.7,1.86,2.0,2.0,2.0,2.0,1084.0,1460.0,0.8,1.3,0.001,0.001,,,8.0,0,1637.5,1,1.0,1.28,2.0,0,2.0,1272.0,1.05,0,0.001,0,,0
2021,1955,30.0 GROUND WATER AT NADIAD GUJARAT,Gujarat,7.2,7.6,1079.0,1559.0,1.0,1.0,0.8,2.2,2.0,2.0,2.0,2.0,788.0,1070.0,0.8,0.9,0.001,0.001,,,7.4,0,1319.0,1,1.0,1.5,2.0,0,2.0,929.0,0.8500000000000001,0,0.001,0,,0
2021,1951,28.0 GROUND WATER AT PALANPUR GUJARAT,Gujarat,7.3,7.3,786.0,786.0,1.5,1.5,1.1,1.1,2.0,2.0,2.0,2.0,620.0,620.0,0.2,0.2,0.004,0.004,,,7.3,0,786.0,1,1.5,1.1,2.0,0,2.0,620.0,0.2,0,0.004,0,,0
2021,1957,27.0 GROUND WATER AT RAJKOT GUJARAT GROUND WATER AT SIDDHPUR,Gujarat,7.8,7.9,1644.0,1743.0,1.0,1.0,0.3,2.4,2.0,2.0,2.0,2.0,926.0,942.0,0.9,1.0,0.001,0.001,,,7.85,0,1693.5,1,1.0,1.3499999999999999,2.0,0,2.0,934.0,0.95,0,0.001,0,,0
2021,1952,26.0 (DIST.PATAN) GUJARAT GROUND WATER AT,Gujarat,7.6,7.6,2640.0,3518.0,1.2,1.6,1.2,1.2,,,,,1986.0,3016.0,0.2,0.2,0.005,0.005,,,7.6,0,3079.0,1,1.4,1.2,,0,,2501.0,0.2,0,0.005,0,,0
2021,3208,"25.0 SURENDRANAGAR GUJARAT JILLA PANCHAYAT SCHOOL, NEAR GRAM PANCHAYAT KATA",Gujarat,7.4,7.5,562.0,676.0,1.0,1.0,0.3,0.4,2.0,2.0,2.0,2.0,288.0,402.0,0.2,0.3,0.001,0.001,,,7.45,0,619.0,1,1.0,0.35,2.0,0,2.0,345.0,0.25,0,0.001,0,,0
2021,1965,"30.0 FALIA, VILLAGE NAMDHA, VALSAD GUJARAT MORA-HAJIRA (INDUSTRIAL),",Gujarat,7.6,8.4,1168.0,1439.0,1.0,2.1,0.3,0.5,2.0,2.0,2.0,2.0,712.0,804.0,0.5,0.7,0.001,0.001,,,8.0,0,1303.5,1,1.55,0.4,2.0,0,2.0,758.0,0.6,0,0.001,0,,0
2021,1964,30.0 HAJIRA GUJARAT,Gujarat,7.8,7.9,2201.0,3494.0,1.6,2.9,0.3,0.9,2.0,2.0,2.0,2.0,1338.0,2132.0,0.5,0.7,0.001,0.001,,,7.85,0,2847.5,1,2.25,0.6,2.0,0,2.0,1735.0,0.6,0,0.001,0,,0
2021,3226,29.0 PANDESARA (INDSTRIAL) SURAT GUJARAT,Gujarat,8.0,8.0,1832.0,1832.0,1.0,1.0,0.38,0.38,2.0,2.0,2.0,2.0,1012.0,1012.0,1.0,1.0,0.001,0.001,,,8.0,0,1832.0,1,1.0,0.38,2.0,0,2.0,1012.0,1.0,0,0.001,0,,0
2021,1969,29.0 PATAN BOREWELL GUJARAT SARIGAM VILLAGE (D/S OF,Gujarat,7.5,7.7,958.0,1025.0,1.0,1.0,0.3,0.38,2.0,2.0,2.0,2.0,498.0,608.0,0.2,0.5,0.001,0.001,,,7.6,0,991.5,1,1.0,0.33999999999999997,2.0,0,2.0,553.0,0.35,0,0.001,0,,0
2021,1962,"28.0 INDUSTRIALAREA), VAPI GUJARAT VADODARA (INDUSTRIAL-",Gujarat,7.2,8.3,5050.0,5248.0,1.7,3.1,0.58,0.9,2.0,2.0,2.0,2.0,3280.0,3410.0,0.7,1.1,0.001,0.001,,,7.75,0,5149.0,1,2.4,0.74,2.0,0,2.0,3345.0,0.9,0,0.001,0,,0
2021,1968,"27.0 NANDESARI) GUJARAT VAPI INDUSTRIAL AREA IN D/S,",Gujarat,7.9,8.0,622.0,882.0,1.0,1.0,0.3,0.4,2.0,2.0,2.0,2.0,414.0,442.0,0.2,0.3,0.001,0.001,,,7.95,0,752.0,1,1.0,0.35,2.0,0,2.0,428.0,0.25,0,0.001,0,,0
2021,3225,30.0 VIJAPUR (RANASAN) BOREWELL GUJARAT,Gujarat,29.0,7.8,8.5,1245.0,1801.0,1.0,1.0,0.3,0.3,2.0,2.0,2.0,2.0,582.0,958.0,0.6,0.9,,,,18.4,0,626.75,1,901.0,0.65,1.15,0,2.0,292.0,479.3,0,,0,,0
2021,3,VISNAGAR BOREWELL GUJARAT,Gujarat,33.0,8.5,8.5,2704.0,2704.0,1.0,1.0,0.4,0.4,2.0,2.0,2.0,2.0,1648.0,1648.0,0.4,0.4,0.001,0.001,,20.75,0,1356.25,1,1352.5,0.7,1.2,0,2.0,825.0,824.2,0,0.2005,0,,0
2021,2094,WELL AT AHMEDABAD GUJARAT WELL AT ANKLESHWAR INDUSTRIAL AREA (BORE WELL,Gujarat,29.0,7.1,7.3,5864.0,7630.0,1.0,1.0,0.3,0.3,2.0,2.0,2.0,2.0,3622.0,4930.0,0.2,0.6,,,,18.05,0,2935.65,1,3815.5,0.65,1.15,0,2.0,1812.0,2465.1,0,,0,,0
2021,6,OF M/S INDUSTRIAL CARBON AT ANKLESHWAR- RAJPIPLA ROAD. GUJARAT,Gujarat,30.0,7.3,8.5,1298.0,1442.0,1.0,1.0,0.3,0.3,2.0,2.0,2.0,2.0,826.0,910.0,0.9,1.0,0.001,0.002,,18.65,0,653.25,1,721.5,0.65,1.15,0,2.0,414.0,455.45,0,0.5005,0,,0
2021,2090,WELL AT BARODA GUJARAT,Gujarat,30.0,7.4,7.8,13790.0,14110.0,1.0,2.9,0.3,0.6,2.0,2.0,2.0,2.0,8384.0,8606.0,0.2,0.6,0.001,0.001,,18.7,0,6898.9,1,7055.5,1.5999999999999999,1.3,0,2.0,4193.0,4303.1,0,0.3005,0,,0
2021,2093,WELL AT OLPAD. GUJARAT WELL OF BARDOLI AT REST,Gujarat,30.0,7.8,8.1,1294.0,2039.0,1.0,2.0,0.3,0.7,2.0,2.0,2.0,2.0,786.0,1242.0,0.2,0.2,0.001,0.001,,18.9,0,651.05,1,1020.0,1.15,1.35,0,2.0,394.0,621.1,0,0.1005,0,,0
2021,3219,"HOUSE. GUJARAT WELL OF IDAR, NAGAR PALIKA,",Gujarat,26.0,6.9,8.1,382.0,1515.0,1.0,1.0,0.34,0.9,2.0,2.0,2.0,2.0,210.0,910.0,0.9,0.9,0.001,0.001,,16.45,0,195.05,1,758.0,0.67,1.45,0,2.0,106.0,455.45,0,0.4505,0,,0
2021,3218,"SAKARIA, IDAR GUJARAT WELL OF MODASA, NAGAR",Gujarat,26.0,7.2,8.0,1003.0,1323.0,1.0,1.0,0.38,1.0,2.0,2.0,2.0,2.0,588.0,734.0,0.7,0.8,0.001,0.001,,16.6,0,505.5,1,662.0,0.69,1.5,0,2.0,295.0,367.35,0,0.4005,0,,0
2021,4832,"PALIKA, VARIGRUH, MODASA GUJARAT BOREWELL IN THE PREMISES OF",Gujarat,5.2,7.4,7.4,810.0,4330.0,1.8,5.0,0.3,5.6,3200.0,3200.0,30.0,8400.0,464.0,2360.0,2.1,2.1,,,,6.300000000000001,0,408.7,1,2165.9,2.65,1602.8,1,1615.0,4432.0,1181.05,0,,0,,0
2021,4833,"CETP, MURTHAL, SONEPAT HARYANA BOREWELL IN THE PREMISES OF",Haryana,,8.3,8.3,973.0,973.0,1.4,1.4,0.3,0.3,,,20.0,20.0,530.0,530.0,2.0,2.0,,,,,0,490.65,1,487.2,0.85,,0,,275.0,266.0,0,,0,,0
2021,4844,"DCRUST, MURTHAL, SONEPAT HARYANA BOREWELL NEAR POSCO COMPANY, SECTOR - 14, PHASE -",Haryana,33.1,7.4,7.4,1590.0,1590.0,,,,,160.0,160.0,2100.0,2100.0,748.0,748.0,,,,,,20.25,0,798.7,1,,,,1,1130.0,1424.0,,0,,0,,0
2021,4843,"MOHABATABAD CRUSHER ZONE, II, VILLAGE PATHUHERA, HSIIDC, IMT, BAWAL HARYANA GEPIL, VILLAGE PALI,",Haryana,23.0,7.2,7.3,654.0,1140.0,1.0,1.0,,,2.0,2.0,2.0,2.0,360.0,630.0,0.2,0.2,,,,15.1,0,330.65,1,570.5,,,0,2.0,181.0,315.1,0,,0,,0
2021,4828,FARIDABAD HARYANA,Haryana,,7.8,7.8,318.0,796.0,1.0,4.5,1.0,1.0,490.0,490.0,3500.0,3500.0,220.0,478.0,0.3,0.3,0.001,0.001,,,0,162.9,1,398.5,2.75,245.5,1,1995.0,1860.0,239.15,0,0.1505,0,,0
2021,4830,GROUND WATER AT JHAJJAR HARYANA HANDPUMP NEAR JLN CANAL,Haryana,,8.1,8.2,940.0,990.0,1.0,1.0,,,,,,,568.0,592.0,,,,,,,0,474.1,1,495.5,,,0,,,,0,,0,,0
2021,4829,"NEAR TILYAR LAKE AT ROHTAK HARYANA HANP PUMP NEAR WATER WORKS OF PHED, DELHI-",Haryana,,8.0,8.1,1380.0,1510.0,1.0,1.0,,,,,,,840.0,896.0,,,,,,,0,694.05,1,755.5,,,0,,,,0,,0,,0
2021,4856,"PETROL PUMP, NEAR ROHTAK TUBEWELL AT ASSAM OIL",Assam,,,8.5,8.5,1156.0,1156.0,1.5,1.5,0.3,0.3,,,30.0,30.0,328.0,328.0,0.7,0.7,,,,0,8.5,0,1156.0,1.5,0.3,0,,30.0,328.0,0,0.7,0,,0
2021,4493,"HIMACHAL 15.0 WELL AT PARWANOOPRADESH HIMACHAL 24.0 WELL AT UNAPRADESH BABA TALAB (ANCIENT POND)JAMMU & 24.0 AT MISHRIWALA (WETLAND)KASHMIR BOREWELL IN SMAILPUR NEARJAMMU & 23.0 CHRISTIAN HOSPITALKASHMIR BOREWELL NEAR INDUSTRIALJAMMU & 24.0 AREA BARI-BRAHMNAKASHMIR BOREWELL NEAR INDUSTRIALJAMMU & 22.0 AREA GANGYALKASHMIR BOREWELL NEAR INDUSTRIALJAMMU & 18.0 AREA SAMBAKASHMIR BOREWELL NEAR MAIN CHOWK,JAMMU & 23.0 SMAILPURKASHMIR DUGWELL ATJAMMU & 20.0 GAGHWAL(KATHUA DISTT)KASHMIR MALADHAR TALAB(POND)HATLIJAMMU & 24.0 (KATHUA)KASHMIR JAMMU & 21.0 R.S. PURA TEHSIL, JAMMUKASHMIR TUBE WELL KATHUA SICOPJAMMU & 22.0 INDUSTRIAL AREA KATHUAKASHMIR HAND PUMP NEAR GARBAGE 16.0 DUMP, RAKSHIBANDH DUMKA JHARKHAND",Jharkhand,34.0,7.5,7.6,260.0,292.0,2.0,2.8,,,,,,,270.0,290.0,,,,,,20.75,0,133.8,1,147.0,,,0,,,,0,,0,,0
2021,3564,MANGALIJYOTHI SCHOOL MSW HOLY POND AT VILLAGE SIKATIA JHARKHAND BOREWELL WATER NEAR,Jharkhand,28.0,6.7,7.3,138.0,179.0,3.0,3.0,3.74,7.8,32.0,900.0,280.0,1600.0,112.0,156.0,0.1,0.2,,,,17.35,0,72.65,1,91.0,3.37,19.9,0,590.0,856.0,78.05,0,,0,,0
2021,19,SITE VAMMANJOOR KARNATAKA,Karnataka,28.0,5.9,7.8,185.0,211.0,1.6,2.8,0.3,0.4,40.0,1400.0,84.0,4000.0,105.0,129.0,0.2,0.2,,,,16.95,0,96.4,1,106.3,1.5499999999999998,20.2,0,742.0,2052.5,64.6,0,,0,,0
2021,2323,"M.S.W. DUMPARK WELL AT ALWAYE, KERALA KERALA WELL AT BRAHMAPURAM",Kerala,30.0,6.1,6.4,164.0,198.0,1.0,3.2,0.3,0.3,70.0,310.0,630.0,940.0,90.0,110.0,0.2,0.3,,,,18.05,0,85.2,1,99.5,1.75,35.15,1,470.0,515.0,55.1,0,,0,,0
2021,2316,(ERNAKULAM) KERALA WELL AT CHELLORA TRENCHING,Kerala,28.0,4.3,6.0,37.0,100.0,1.0,1.0,0.3,0.3,40.0,79.0,200.0,450.0,24.0,63.0,0.2,0.2,,,,16.15,0,21.5,1,50.5,0.65,20.15,0,139.5,237.0,31.6,0,,0,,0
2021,22,"WELL AT CHERTHALA, ALLEPPY, 29.0 KERALA KERALA",Kerala,30.0,5.5,6.4,112.0,132.0,1.0,1.0,0.3,2.76,2.0,84.0,40.0,120.0,65.0,75.0,0.2,0.2,,,,17.75,0,59.2,1,66.5,0.65,2.38,0,62.0,92.5,37.6,0,,0,,0
2021,1586,"WELL AT CHUNGAPALLY, KERALA KERALA WELL AT EDAYAR ERNAKULAM",Kerala,28.0,5.9,6.4,231.0,420.0,3.2,4.0,0.3,0.4,220.0,700.0,700.0,1200.0,120.0,230.0,0.2,0.3,,,,16.95,0,118.7,1,211.6,2.15,110.2,1,700.0,660.0,115.1,0,,0,,0
2021,2308,"DISTT., KERALA KERALA WELL AT FATHIMAPURAM",Kerala,30.0,6.3,6.4,147.0,218.0,1.0,1.0,0.3,0.6,310.0,400.0,630.0,920.0,87.0,125.0,0.2,0.2,,,,18.15,0,76.7,1,109.5,0.65,155.3,1,515.0,503.5,62.6,0,,0,,0
2021,2324,(CHANGANASSERY) KERALA WELL AT HAZARDOUS WASTE,Kerala,31.0,5.1,5.4,113.0,128.0,1.0,4.0,0.3,0.3,5.0,340.0,58.0,3200.0,65.0,70.0,0.2,0.3,,,,18.05,0,59.2,1,64.5,2.15,2.65,0,199.0,1632.5,35.1,0,,0,,0
2021,2315,DUMP (AMBALAMUGHAL) KERALA,Kerala,25.0,6.4,7.8,210.0,211.0,1.2,1.6,0.3,0.4,40.0,40.0,84.0,100.0,129.0,178.0,0.2,0.2,,,,15.7,0,108.9,1,106.1,0.9500000000000001,20.2,0,62.0,114.5,89.1,0,,0,,0
2021,1587,WELL AT K.M.M.L. (KOLLAM) KERALA WELL AT KALAMASSERY,Kerala,30.0,5.7,5.8,246.0,403.0,3.0,3.6,0.3,0.3,2.0,8.0,20.0,400.0,135.0,220.0,0.2,0.3,,,,17.85,0,125.9,1,203.0,1.95,1.15,0,14.0,267.5,110.1,0,,0,,0
2021,1591,"(MUNICIPALITY) KANNUR ERNAKULAM DISTT. , KERALA KERALA WELL AT KANNUR",Kerala,28.0,4.9,5.6,90.0,116.0,1.0,1.2,0.3,0.3,40.0,84.0,270.0,540.0,56.0,68.0,0.2,0.2,,,,16.45,0,47.8,1,58.5,0.75,20.15,0,177.0,298.0,34.1,0,,0,,0
2021,3475,"DISTTM , KERALA KERALA",Kerala,28.0,5.2,5.5,64.0,71.0,1.0,1.0,0.3,0.3,10.0,31.0,63.0,79.0,46.0,46.0,0.2,0.2,,,,16.6,0,34.75,1,36.0,0.65,5.15,0,47.0,62.5,23.1,0,,0,,0
2021,2309,"WELL AT KARIMBAM, KANNUR KERALA",Kerala,29.0,5.7,5.7,68.0,75.0,1.0,1.0,0.3,0.9,100.0,490.0,200.0,1000.0,42.0,47.0,0.2,0.2,,,,17.35,0,36.85,1,38.0,0.65,50.45,1,345.0,521.0,23.6,0,,0,,0
2021,2327,WELL AT KAROOR (PALA) KERALA,Kerala,28.0,7.1,7.6,670.0,875.0,1.0,1.2,0.69,1.6,260.0,300.0,500.0,700.0,416.0,538.0,0.4,0.4,,,,17.55,0,338.8,1,438.0,0.945,130.8,1,400.0,558.0,269.2,0,,0,,0
2021,1583,"WELL AT KARUKAMANI KERALA WELL AT KUNDARA, KOLLAM",Kerala,24.0,6.8,6.9,163.0,184.0,1.2,1.3,0.3,0.4,20.0,20.0,80.0,82.0,95.0,130.0,0.2,0.2,,,,15.4,0,84.95,1,92.6,0.8,10.2,0,50.0,88.5,65.1,0,,0,,0
2021,2314,"DISTT. , KERALA KERALA WELL AT KUREEPUZHA",Kerala,23.0,6.2,7.1,165.0,195.0,1.3,1.4,0.3,0.4,30.0,40.0,70.0,140.0,96.0,138.0,0.2,0.2,,,,14.6,0,86.05,1,98.15,0.85,15.2,0,55.0,118.0,69.1,0,,0,,0
2021,2321,(KOLLAM) KERALA,Kerala,27.0,4.1,5.9,242.0,250.0,1.0,1.4,0.3,0.8,2.0,2.0,2.0,2.0,138.0,158.0,0.2,1.0,,,,15.55,0,123.95,1,125.5,0.85,1.4,0,2.0,70.0,79.1,0,,0,,0
2021,1589,WELL AT LALOOR (THRISSUR) KERALA,Kerala,24.0,6.8,7.1,330.0,403.0,1.0,1.7,0.3,0.8,70.0,79.0,110.0,180.0,188.0,236.0,0.4,0.8,,,,15.4,0,168.55,1,202.0,1.0,35.4,1,94.5,184.0,118.2,0,,0,,0
2021,2320,"WELL AT MALAPURAM , KERALA KERALA",Kerala,23.0,7.2,7.6,195.0,281.0,1.0,1.3,0.3,0.81,25.0,40.0,70.0,84.0,116.0,164.0,0.2,0.5,,,,15.1,0,101.3,1,141.0,0.8,12.905,0,55.0,100.0,82.1,0,,0,,0
2021,1590,"WELL AT MANJERI KERALA WELL AT MAVOOR, KOZHIKKODE",Kerala,30.0,6.1,6.7,89.0,96.0,1.0,1.0,0.3,0.6,310.0,1400.0,390.0,1700.0,50.0,55.0,0.2,0.2,,,,18.05,0,47.85,1,48.5,0.65,155.3,1,895.0,875.0,27.6,0,,0,,0
2021,1582,"THIRUVANANTHAPURAM, DISTT. , KERALA KERALA WELL AT NEDUMANGAD,",Kerala,26.0,6.8,7.2,205.0,266.0,3.3,6.0,0.3,0.3,200.0,310.0,600.0,840.0,120.0,156.0,0.2,0.2,,,,16.4,0,106.1,1,134.65,3.15,100.15,1,455.0,480.0,78.1,0,,0,,0
2021,2322,KERALA KERALA,Kerala,28.0,5.2,5.9,170.0,250.0,1.6,1.7,0.3,0.8,490.0,490.0,920.0,920.0,100.0,150.0,0.2,0.3,,,,16.6,0,87.95,1,125.8,1.0,245.4,1,705.0,510.0,75.1,0,,0,,0
2021,3474,"WELL AT PAPPANAMKODE, THIRUVANANTHAPURAM, 26.0 KERALA KERALA",Kerala,29.0,6.7,7.0,102.0,225.0,1.0,1.0,0.3,0.3,20.0,49.0,230.0,260.0,58.0,142.0,0.2,0.2,,,,17.85,0,54.5,1,113.0,0.65,10.15,0,139.5,159.0,71.1,0,,0,,0
2021,1592,"WELL AT PAYANOOR, KANNUR KERALA WELL AT PAYYANNUR, KANNUR",Kerala,29.0,6.2,6.4,158.0,394.0,1.0,1.0,0.3,0.3,2.0,63.0,120.0,350.0,92.0,226.0,0.2,0.3,,,,17.6,0,82.2,1,197.5,0.65,1.15,0,91.5,221.0,113.1,0,,0,,0
2021,35,"DISTT. , KERALA KERALA",Kerala,25.0,6.0,6.6,142.0,154.0,1.0,1.1,0.3,0.5,10.0,31.0,80.0,94.0,100.0,105.0,0.2,0.2,,,,15.5,0,74.3,1,77.5,0.7000000000000001,5.25,0,55.5,97.0,52.6,0,,0,,0
2021,1588,"WELL AT PUNALUR, KERALA KERALA WELL AT PUNKUNNAM TRISSUR",Kerala,28.0,4.8,5.6,185.0,269.0,1.0,1.4,0.3,0.3,200.0,200.0,840.0,840.0,115.0,172.0,0.2,0.2,,,,16.4,0,95.3,1,135.0,0.85,100.15,1,520.0,477.5,86.1,0,,0,,0
2021,2317,"DISTT. , KERALA KERALA WELL AT PUNNALPETTIPPALAM",Kerala,30.0,5.4,5.5,198.0,310.0,1.0,1.1,0.3,0.3,20.0,40.0,150.0,240.0,116.0,180.0,0.2,0.2,,,,17.7,0,101.75,1,155.5,0.7000000000000001,10.15,0,95.0,178.0,90.1,0,,0,,0
2021,2313,"(TELLICHERRY MUNICIPALITY KERALA WELL AT SARVODAPURAM,",Kerala,30.0,7.4,8.0,155.0,213.0,2.4,2.8,0.3,0.3,2.0,400.0,100.0,700.0,102.0,120.0,0.2,1.1,,,,18.7,0,81.5,1,107.7,1.5499999999999998,1.15,0,250.0,401.0,60.1,0,,0,,0
2021,2311,ALAPPUZHA KERALA WELL AT VADAVATHOOR,Kerala,29.0,6.1,6.7,121.0,128.0,1.0,1.0,0.3,1.6,400.0,600.0,790.0,1100.0,74.0,78.0,0.2,0.2,,,,17.55,0,63.85,1,64.5,0.65,200.8,1,695.0,587.0,39.1,0,,0,,0
2021,2310,(KOTTAYAM) KERALA,Kerala,26.0,6.0,6.1,166.0,328.0,1.0,1.0,0.3,0.3,100.0,1000.0,250.0,2000.0,98.0,200.0,0.2,0.2,,,,16.0,0,86.05,1,164.5,0.65,50.15,1,625.0,1049.0,100.1,0,,0,,0
2021,3463,"WELL AT VAIKOM KERALA WELL AT VELLIPARAMBA,",Kerala,30.0,5.4,6.3,80.0,119.0,1.0,1.0,0.3,4.89,40.0,120.0,140.0,240.0,46.0,72.0,0.2,0.2,,,,17.7,0,43.15,1,60.0,0.65,22.445,0,130.0,143.0,36.1,0,,0,,0
2021,1585,"KOZHEKODE KERALA WELL AT VYTTILA, ERNAKULAM",Kerala,31.0,7.0,7.0,356.0,643.0,1.5,4.6,0.3,0.53,150.0,430.0,790.0,1200.0,190.0,355.0,0.2,0.4,,,,19.0,0,181.5,1,322.25,2.4499999999999997,75.265,1,610.0,695.0,177.6,0,,0,,0
2021,3472,"DISTT. , KERALA KERALA WELL OF TEMPLE",Kerala,28.0,7.0,7.1,365.0,552.0,1.0,1.0,0.3,0.3,31.0,49.0,250.0,250.0,216.0,360.0,0.2,0.3,,,,17.5,0,186.05,1,276.5,0.65,15.65,0,149.5,233.0,180.1,0,,0,,0
2021,1606,"PARASSINIKADAVU, KANNUR KERALA WELL (PUBLIC )OPPOSITE",Kerala,28.5,7.3,7.3,714.0,714.0,,,,,,,,,478.0,478.0,,,,,,17.9,0,360.65,1,,,,0,,,,0,,0,,0
2021,1600,S.B.SCHOOL LAKSHADWEEP,Lakshadweep,29.3,7.1,7.1,877.0,877.0,,,,,,,,,588.0,588.0,,,,,,18.2,0,442.05,1,,,,0,,,,0,,0,,0
2021,4575,WELL C/O ANDAM PALLI LAKSHADWEEP,Lakshadweep,30.0,6.7,7.0,928.0,1020.0,,,,,,,,,604.0,663.0,,,,,,18.35,0,467.5,1,,,,0,,,,0,,0,,0
2021,4564,WELL C/O BEEREADAM LAKSHADWEEP,Lakshadweep,30.6,6.6,7.0,1050.0,1709.0,,,,,,,,,683.0,1111.0,,,,,,18.6,0,528.5,1,,,,0,,,,0,,0,,0
2021,1601,WELL C/O BELAVILATHA PALLI LAKSHADWEEP,Lakshadweep,29.0,7.2,7.2,937.0,937.0,,,,,,,,,628.0,628.0,,,,,,18.1,0,472.1,1,,,,0,,,,0,,0,,0
2021,4570,WELL C/O CIRCUIT HOUSE LAKSHADWEEP WELL C/O FRIENDS COMMON,Lakshadweep,30.6,7.0,7.6,1011.0,1701.0,,,,,,,,,657.0,1106.0,,,,,,18.8,0,509.3,1,,,,0,,,,0,,0,,0
2021,1602,CLUB LAKSHADWEEP,Lakshadweep,29.3,7.5,7.5,725.0,837.0,,,,,,,,,486.0,561.0,,,,,,18.4,0,366.25,1,,,,0,,,,0,,0,,0
2021,4552,"WELL C/O GOVT. PRESS, LAKSHADWEEP",Lakshadweep,30.0,7.2,7.3,1093.0,1101.0,,,,,,,,,732.0,738.0,,,,,,18.6,0,550.15,1,,,,0,,,,0,,0,,0
2021,4554,29.0 30.4 30.9 WELL C/O HUSSAIN MANZIL LAKSHADWEEP,Lakshadweep,7.2,7.2,861.0,861.0,,,,,,,,,577.0,577.0,,,,,,,7.2,0,861.0,1,,,,0,,577.0,,0,,0,,0
2021,4553,27.0 WELL C/O I.G HOSPITAL LAKSHADWEEP,Lakshadweep,7.4,7.4,802.0,802.0,,,,,,,,,537.0,537.0,,,,,,,7.4,0,802.0,1,,,,0,,537.0,,0,,0,,0
2021,4562,29.0 WELL C/O J.B. SCHOOL (N) LAKSHADWEEP,Lakshadweep,7.3,7.4,1084.0,1094.0,,,,,,,,,705.0,711.0,,,,,,,7.35,0,1089.0,1,,,,0,,708.0,,0,,0,,0
2021,1596,28.8 WELL C/O JBS (C ) LAKSHADWEEP,Lakshadweep,7.2,7.2,715.0,715.0,,,,,,,,,479.0,479.0,,,,,,,7.2,0,715.0,1,,,,0,,479.0,,0,,0,,0
2021,4550,29.2 WELL C/O KADAT PALLI LAKSHADWEEP,Lakshadweep,7.3,7.7,1024.0,1229.0,,,,,,,,,686.0,823.0,,,,,,,7.5,0,1126.5,1,,,,0,,754.5,,0,,0,,0
2021,4565,30.2 WELL C/O KENDRIYA VIDYALAYA LAKSHADWEEP,Lakshadweep,6.6,6.6,724.0,996.0,,,,,,,,,471.0,647.0,,,,,,,6.6,0,860.0,1,,,,0,,559.0,,0,,0,,0
2021,4569,30.5 WELL C/O LAGOONS BATH LAKSHADWEEP,Lakshadweep,7.3,7.7,1098.0,2129.0,,,,,,,,,714.0,1384.0,,,,,,,7.5,0,1613.5,1,,,,0,,1049.0,,0,,0,,0
2021,4574,29.0 WELL C/O MANDALI LAKSHADWEEP,Lakshadweep,7.1,7.1,536.0,683.0,,,,,,,,,349.0,444.0,,,,,,,7.1,0,609.5,1,,,,0,,396.5,,0,,0,,0
2021,1604,29.6 WELL C/O MOULA PALL LAKSHADWEEP,Lakshadweep,7.0,7.4,1320.0,3870.0,,,,,,,,,486.0,884.0,,,,,,,7.2,0,2595.0,1,,,,0,,685.0,,0,,0,,0
2021,4563,30.2 WELL C/O MPSAF QUARTER LAKSHADWEEP,Lakshadweep,6.2,6.7,810.0,910.0,,,,,,,,,527.0,592.0,,,,,,,6.45,0,860.0,1,,,,0,,559.5,,0,,0,,0
2021,4572,29.9 WELL C/O NURSERY SCHOOL LAKSHADWEEP,Lakshadweep,7.4,7.5,776.0,1311.0,,,,,,,,,504.0,852.0,,,,,,,7.45,0,1043.5,1,,,,0,,678.0,,0,,0,,0
2021,1603,29.3 WELL C/O OBSERVATORY LAKSHADWEEP WELL C/O OLD POLICE,Lakshadweep,7.1,7.4,1296.0,1733.0,,,,,,,,,628.0,1161.0,,,,,,,7.25,0,1514.5,1,,,,0,,894.5,,0,,0,,0
2021,4558,"28.8 BARRACKS, LAKSHADWEEP",Lakshadweep,7.1,7.7,935.0,1140.0,,,,,,,,,608.0,741.0,,,,,,,7.4,0,1037.5,1,,,,0,,674.5,,0,,0,,0
2021,1599,28.8 WELL C/O PURAKKATTAPOOMI LAKSHADWEEP,Lakshadweep,7.2,7.2,621.0,621.0,,,,,,,,,416.0,416.0,,,,,,,7.2,0,621.0,1,,,,0,,416.0,,0,,0,,0
2021,1598,28.3 WELL C/O PURATHA PALLI LAKSHADWEEP,Lakshadweep,7.3,7.3,480.0,480.0,,,,,,,,,322.0,322.0,,,,,,,7.3,0,480.0,1,,,,0,,322.0,,0,,0,,0
2021,4560,29.0 WELL C/O PUTHIYA PALLI LAKSHADWEEP,Lakshadweep,6.9,7.1,3560.0,6880.0,,,,,,,,,2314.0,4472.0,,,,,,,7.0,0,5220.0,1,,,,0,,3393.0,,0,,0,,0
2021,4561,29.0 WELL C/O PUTHIYARA PALLI LAKSHADWEEP,Lakshadweep,6.8,6.9,1721.0,3560.0,,,0.3,0.3,2.0,2.0,2.0,2.0,1187.0,2314.0,,,,,,,6.85,0,2640.5,1,,0.3,2.0,0,2.0,1750.5,,0,,0,,0
2021,4556,29.2 WELL C/O PUTHIYATHAKAL LAKSHADWEEP,Lakshadweep,7.3,7.5,773.0,963.0,,,,,,,,,518.0,645.0,,,,,,,7.4,0,868.0,1,,,,0,,581.5,,0,,0,,0
2021,4573,29.1 WELL C/O SOLAR PLANT LAKSHADWEEP,Lakshadweep,7.0,7.0,805.0,1096.0,,,,,,,,,524.0,712.0,,,,,,,7.0,0,950.5,1,,,,0,,618.0,,0,,0,,0
2021,4559,28.9 WELL C/O SULTHAN VEED LAKSHADWEEP,Lakshadweep,7.1,7.5,1320.0,2630.0,,,,,,,,,858.0,1710.0,,,,,,,7.3,0,1975.0,1,,,,0,,1284.0,,0,,0,,0
2021,4567,29.0 WELL C/O THAJ MANZIL LAKSHADWEEP,Lakshadweep,7.2,7.2,594.0,618.0,,,,,,,,,10.0,402.0,,,,,,,7.2,0,606.0,1,,,,0,,206.0,,0,,0,,0
2021,1597,27.8 WELL C/O UJRA PALLI LAKSHADWEEP,Lakshadweep,7.3,7.3,563.0,563.0,,,,,,,,,377.0,377.0,,,,,,,7.3,0,563.0,1,,,,0,,377.0,,0,,0,,0
2021,1605,28.7 WELL NEAR CHEKKILLAM HOUSE LAKSHADWEEP,Lakshadweep,30.6,7.4,7.4,992.0,1280.0,,,,,,,,,665.0,854.0,,,,,,19.0,0,499.7,1,,,,0,,,,0,,0,,0
2021,4571,WELL NEAR HALIPAD LAKSHADWEEP,Lakshadweep,30.6,6.6,7.2,1025.0,2802.0,,,,,,,,,666.0,1821.0,,,,,,18.6,0,516.1,1,,,,0,,,,0,,0,,0
2021,4555,WELL NEAR HARBOR COTTAGE LAKSHADWEEP,Lakshadweep,30.3,7.4,7.8,1611.0,2120.0,,,,,,,,,1079.0,1420.0,,,,,,18.85,0,809.4,1,,,,0,,,,0,,0,,0
2021,1593,WELL NEAR HELIPAD 2 LAKSHADWEEP,Lakshadweep,29.0,7.1,7.1,990.0,990.0,,,,,,,,,,,,,,,,18.05,0,498.55,1,,,,0,,,,0,,0,,0
2021,4551,WELL NEAR J.B SCHOOL LAKSHADWEEP WELL NEAR J.B. SCHOOL (E),Lakshadweep,27.3,7.2,7.2,876.0,876.0,,,,,,,,,240.0,240.0,,,,,,17.25,0,441.6,1,,,,0,,,,0,,0,,0
2021,4548,WITH MOTOR) LAKSHADWEEP WELL NEAR KENDRIYA,Lakshadweep,30.0,7.2,8.0,725.0,1710.0,,,,,,,,,486.0,1146.0,,,,,,18.6,0,366.5,1,,,,0,,,,0,,0,,0
2021,1594,VIDYALAYA LAKSHADWEEP,Lakshadweep,27.2,7.2,7.2,935.0,935.0,,,,,,,,,626.0,626.0,,,,,,17.2,0,471.1,1,,,,0,,,,0,,0,,0
2021,1402,WELL NEAR OTTAVATHIL PALLI LAKSHADWEEP WELL NEAR PWD ADJACENT TO,Lakshadweep,28.1,7.2,7.2,663.0,663.0,,,,,,,,,444.0,444.0,,,,,,17.650000000000002,0,335.1,1,,,,0,,,,0,,0,,0
2021,4566,CHAKIKILUM IN KAVARATTI LAKSHADWEEP,Lakshadweep,29.5,6.8,6.9,1080.0,1163.0,,,,,,,,,702.0,756.0,,,,,,18.15,0,543.45,1,,,,0,,,,0,,0,,0
2021,4549,WELL NEAR S & T LAKSHADWEEP,Lakshadweep,29.6,7.3,7.5,664.0,679.0,,,,,,,,,445.0,455.0,,,,,,18.45,0,335.75,1,,,,0,,,,0,,0,,0
2021,3342,"TARPUR, SECTOR-II, WELL NEAR STADIUM LAKSHADWEEP BOREWELL WATER AT VILLAGE",Lakshadweep,23.0,7.6,7.8,458.0,679.0,1.0,1.0,0.7,1.86,2.0,2.0,2.0,4.0,270.0,580.0,0.7,0.7,,,,15.3,0,232.9,1,340.0,0.85,1.9300000000000002,0,2.0,137.0,290.35,0,,0,,0
2021,4618,"PITHAMPUR, INDUSTRIAL AREA MADHYA PRADESH GROUND WATER AT INDUSTRIAL",Madhya Pradesh,21.8,7.3,7.3,498.0,498.0,1.0,1.0,0.4,0.4,2.0,2.0,10.0,10.0,476.0,476.0,0.2,0.2,0.001,0.001,,14.55,0,252.65,1,249.5,0.7,1.2,0,6.0,243.0,238.1,0,0.1005,0,,0
2021,3838,"JINGURDHA, QSHF-176 AREA, MANERI DISTT MANDLA MADHYA PRADESH GROUND WATER NCL,",Madhya Pradesh,30.0,7.1,7.5,492.0,560.0,,,1.5,3.3,,,,,376.0,378.0,,,,,,18.55,0,249.75,1,,,,0,,,,0,,0,,0
2021,3823,"METENCE OFF, DIST SINGROULI MADHYA PRADESH GROUND WATER NEAR BUS",Madhya Pradesh,21.2,7.2,7.4,418.0,418.0,1.0,1.0,0.3,0.3,2.0,2.0,14.0,14.0,262.0,354.0,0.2,0.2,0.001,0.001,,14.2,0,212.7,1,209.5,0.65,1.15,0,8.0,138.0,177.1,0,0.1005,0,,0
2021,3825,"STAND, DIST BALAGHAT MADHYA PRADESH GROUND WATER NEAR BUS",Madhya Pradesh,21.0,7.3,7.4,563.0,670.0,1.0,1.0,0.3,0.4,2.0,2.0,17.0,17.0,476.0,668.0,0.2,0.2,0.001,0.001,,14.15,0,285.2,1,335.5,0.65,1.2,0,9.5,246.5,334.1,0,0.1005,0,,0
2021,3822,"STAND, DIST MANDLA MADHYA PRADESH GROUND WATER NEAR BUS",Madhya Pradesh,21.3,7.2,7.4,438.0,438.0,1.0,1.0,0.6,0.6,2.0,2.0,13.0,13.0,312.0,418.0,0.2,0.2,0.001,0.001,,14.25,0,222.7,1,219.5,0.8,1.3,0,7.5,162.5,209.1,0,0.1005,0,,0
2021,3826,"STAND, DIST NARSINGPUR MADHYA PRADESH GROUND WATER NEAR BUS",Madhya Pradesh,21.6,7.3,7.3,260.0,529.0,1.0,1.0,0.3,0.6,2.0,2.0,15.0,15.0,150.0,438.0,0.2,0.2,0.001,0.001,,14.450000000000001,0,133.65,1,265.0,0.65,1.3,0,8.5,82.5,219.1,0,0.1005,0,,0
2021,3844,"STAND, DIST SEONI MADHYA PRADESH GROUND WATER NEAR",Madhya Pradesh,30.0,7.1,7.5,450.0,597.0,,,1.4,4.7,,,,,294.0,554.0,,,,,,18.55,0,228.75,1,,,,0,,,,0,,0,,0
2021,3839,"MANDIR, AMLORI NCL, PROJECT NEAR BHARAT PETROL PUMP, VINDHYA NAGAR, SINGROULI GROUND WATER NEAR ENTRANCE GAGE OF 26.6 VIVEKANANAD STATUE, NIGAHI, SINGROULI MADHYA PRADESH GROUND WATER NEAR SHIV",Madhya Pradesh,30.0,7.3,7.5,373.0,700.0,,,0.3,4.1,,,,,321.0,475.0,,,,,,18.65,0,190.25,1,,,,0,,,,0,,0,,0
2021,3842,"STATION SECTOR-B, DUDHICHUA SINGROULI MADHYA PRADESH GROUND WATER NEAR SUB",Madhya Pradesh,26.5,7.6,7.6,448.0,448.0,,,4.1,4.1,,,,,330.0,330.0,,,,,,17.05,0,227.8,1,,,,0,,,,0,,0,,0
2021,3840,"MANDI NCL JAYANT (BESIDE NCL PROJECT, SINGROULI MADHYA PRADESH GROUND WATER NEAR SUBJEE",Madhya Pradesh,30.0,7.4,7.5,260.0,310.0,,,0.3,3.8,,,,,178.0,288.0,,,,,,18.7,0,133.75,1,,,,0,,,,0,,0,,0
2021,3837,"SCHOOL DHOBI GHAT, DIST POLICE STATION), SINGROULI MADHYA PRADESH GROUND WATER PRIMARY",Madhya Pradesh,28.0,7.1,7.5,492.0,560.0,,,1.5,3.3,,,,,358.0,376.0,,,,,,17.55,0,249.75,1,,,,0,,,,0,,0,,0
2021,1618,TWO POINTS IN INDUSTRIAL SINGROULI MADHYA PRADESH GROUND WATER SAMPLING AT,Madhya Pradesh,26.0,7.5,7.5,1500.0,1500.0,,,1.8,1.8,2.0,2.0,11.0,11.0,960.0,960.0,,,,,,16.75,0,753.75,1,,,1.9,0,6.5,485.5,,0,,0,,0
2021,1619,"TWO POINTS IN INDUSTRIAL AREA MALANPUR, M.P MADHYA PRADESH GROUND WATER SAMPLING AT",Madhya Pradesh,24.0,7.9,7.9,1625.0,1625.0,,,0.8,0.8,2.0,2.0,12.0,12.0,998.0,998.0,,,,,,15.95,0,816.45,1,,,1.4,0,7.0,505.0,,0,,0,,0
2021,3841,"RAJA COLONY JAYANT, AREA MALANPUR, M.P MADHYA PRADESH GROUND WATER SARVESWAR",Madhya Pradesh,30.0,7.5,7.6,410.0,448.0,,,2.5,4.1,,,,,265.0,330.0,,,,,,18.75,0,208.8,1,,,,0,,,,0,,0,,0
2021,3824,"BHEEMJORI, MALAJKH, DIST SINGROULI MADHYA PRADESH GROUND WATER VILL",Madhya Pradesh,21.0,7.4,8.4,477.0,1017.0,1.0,1.0,0.3,0.3,2.0,2.0,4.0,4.0,440.0,817.0,0.2,0.2,0.001,0.001,,14.2,0,242.7,1,509.0,0.65,1.15,0,3.0,222.0,408.6,0,0.1005,0,,0
2021,3827,"BALAGHAT MADHYA PRADESH GROUND WATER VILL IMALIA,",Madhya Pradesh,22.2,7.2,7.4,298.0,542.0,1.0,1.0,0.3,0.3,2.0,2.0,14.0,14.0,274.0,462.0,0.2,0.2,0.001,0.001,,14.7,0,152.7,1,271.5,0.65,1.15,0,8.0,144.0,231.1,0,0.1005,0,,0
2021,4625,DIST JABALPUR MADHYA PRADESH HAND PUMP DISTRICT HOSPITA,Madhya Pradesh,28.0,7.0,7.2,758.0,1995.0,1.0,1.0,5.05,6.85,66.0,66.0,220.0,220.0,548.0,1522.0,0.2,0.4,,,,17.5,0,382.6,1,998.0,3.025,36.425,1,143.0,384.0,761.1,0,,0,,0
2021,4630,BHOPAL MADHYA PRADESH HAND PUMP DISTRICT HOSPITAL,Madhya Pradesh,30.0,7.4,8.1,723.0,723.0,1.2,1.4,1.2,1.4,3.0,3.0,15.0,15.0,450.0,450.0,0.2,0.2,,,,18.7,0,365.55,1,362.1,1.2999999999999998,2.2,0,9.0,232.5,225.1,0,,0,,0
2021,4626,HAND PUMP DISTRICT HOSPITAL 20.0 HOSHANGABAD MADHYA PRADESH HAND PUMP DISTRICT HOSPITAL,Madhya Pradesh,28.0,6.9,7.9,529.0,1152.0,3.5,7.0,0.3,5.75,2.0,2.0,280.0,280.0,384.0,712.0,0.2,0.7,,,,17.45,0,268.45,1,577.75,3.65,3.875,0,141.0,332.0,356.1,0,,0,,0
2021,4628,SEHORE MADHYA PRADESH HAND PUMP DISTRICT HOSPITAL,Madhya Pradesh,25.0,7.0,7.1,1013.0,1235.0,1.0,1.5,0.36,15.0,2.0,2.0,22.0,22.0,768.0,876.0,0.2,0.3,,,,16.0,0,510.05,1,618.0,0.9299999999999999,8.5,0,12.0,395.0,438.1,0,,0,,0
2021,4629,VIDISHA MADHYA PRADESH HAND PUMP DSTRICT HOSPITAL,Madhya Pradesh,28.0,7.4,7.4,1178.0,1178.0,2.8,2.8,15.09,15.09,2.0,2.0,24.0,24.0,765.0,765.0,,,,,,17.7,0,592.7,1,590.4,8.945,8.545,0,13.0,394.5,,0,,0,,0
2021,3338,"BHAWAN, VILLAGE TINAWALI TAISEN MADHYA PRADESH HAND PUMP NEAR PANCHAYAT",Madhya Pradesh,26.0,7.9,7.9,386.0,386.0,,,0.3,0.3,2.0,2.0,14.0,14.0,248.0,248.0,,,,,,16.95,0,196.95,1,,,1.15,0,8.0,131.0,,0,,0,,0
2021,3333,RAIRU MADHYA PRADESH HAND PUMP WATER AT,Madhya Pradesh,28.0,7.2,7.8,740.0,848.0,1.0,2.0,6.3,7.21,46.0,46.0,210.0,210.0,526.0,622.0,0.2,0.2,,,,17.6,0,373.9,1,424.5,4.15,26.605,1,128.0,368.0,311.1,0,,0,,0
2021,1617,"INDUSTRIAL AREA MANDIDEEP, BANSKHEDI, BHOPAL MADHYA PRADESH OPEN WELL/TUBE WELL",Madhya Pradesh,25.0,7.2,7.2,1033.0,1033.0,1.3,1.3,12.04,12.04,,,,,605.0,605.0,0.2,0.2,,,,16.1,0,520.1,1,517.15,6.67,,0,,,302.6,0,,0,,0
2021,1616,"INDUSTRIAL AREA, DISTT. RAISEN, M.P MADHYA PRADESH OPEN WELL/TUBE WELL",Madhya Pradesh,29.0,7.4,7.5,272.0,811.0,1.0,4.0,8.16,8.9,58.0,58.0,350.0,350.0,162.0,598.0,0.2,0.2,,,,18.2,0,139.75,1,406.0,6.08,33.45,1,204.0,256.0,299.1,0,,0,,0
2021,1897,"TAPTI BRIDGE, PUMPING STN. GOVINDPURA, BHOPAL, M.P MADHYA PRADESH TUBE WELL AT JAINABAD, NEAR",Madhya Pradesh,24.0,7.6,8.1,696.0,4887.0,1.0,1.0,2.19,2.7,2.0,2.0,2.0,4.0,342.0,430.0,0.7,0.7,,,,15.8,0,352.05,1,2444.0,1.595,2.35,0,2.0,173.0,215.35,0,,0,,0
2021,3340,"BURHANPUR, M.P. MADHYA PRADESH TUBE WELL AT NEAR TRENCHING",Madhya Pradesh,23.0,7.3,7.4,2081.0,2623.0,1.0,1.0,2.74,3.2,2.0,2.0,4.0,4.0,1290.0,1628.0,0.6,0.8,,,,15.15,0,1044.2,1,1312.0,1.87,2.6,0,3.0,647.0,814.3,0,,0,,0
2021,3341,"GROUND, INDORE MADHYA PRADESH TUBE WELL AT SECTOR-III,",Madhya Pradesh,24.0,7.5,7.8,810.0,982.0,1.0,1.0,2.2,3.98,2.0,2.0,4.0,4.0,502.0,591.0,0.7,1.0,,,,15.75,0,408.9,1,491.5,1.6,2.99,0,3.0,253.0,295.85,0,,0,,0
2021,3334,PITHAMPUR INDUSTRIAL AREA MADHYA PRADESH TUBE WELL NEAR BUS STAND AT,Madhya Pradesh,31.0,7.7,7.7,724.0,791.0,1.2,1.8,1.2,1.4,3.0,3.0,15.0,15.0,455.0,462.0,0.2,0.2,,,,19.35,0,365.85,1,396.1,1.5,2.2,0,9.0,235.0,231.1,0,,0,,0
2021,3343,"AREA UDYOG VIHAR , CHURAT, BETUL MADHYA PRADESH TUBE WELL NEAR INDUSTRIAL",Madhya Pradesh,28.0,7.1,7.2,1375.0,1422.0,1.0,1.2,2.0,4.8,2.0,2.0,8.0,8.0,1286.0,1388.0,,,,,,17.55,0,691.1,1,711.5,1.6,3.4,0,5.0,647.0,,0,,0,,0
2021,3854,REWA MADHYA PRADESH TUBE WELL WATER SAMPLE OF,Madhya Pradesh,28.0,7.0,7.1,988.0,1023.0,1.0,1.0,3.2,3.8,2.0,2.0,6.0,6.0,757.0,822.0,,,,,,17.5,0,497.55,1,512.0,2.1,2.9,0,4.0,381.5,,0,,0,,0
2021,3337,INDL AREA SEONI NEAR SIDHI CITY MADHYA PRADESH TUBE WELL/ HAND PUMP AT,Madhya Pradesh,21.2,7.2,7.5,368.0,368.0,1.0,1.0,0.5,0.5,2.0,2.0,17.0,17.0,342.0,421.0,0.2,0.2,0.001,0.001,,14.2,0,187.75,1,184.5,0.75,1.25,0,9.5,179.5,210.6,0,0.1005,0,,0
2021,3336,"INDUSTRIAL AREA, TUBE WELL/ HAND PUMP AT INDUSTRIAL AREA RECHHAI, 21.2 JABALPUR MADHYA PRADESH TUBE WELL/ HAND PUMP AT",Madhya Pradesh,31.0,7.3,8.1,692.0,692.0,1.0,1.0,1.2,1.4,3.0,3.0,14.0,15.0,463.0,502.0,0.2,0.2,,,,19.15,0,350.05,1,346.5,1.1,2.2,0,8.5,239.0,251.1,0,,0,,0
2021,3332,CHHINDWARA MADHYA PRADESH TUBE WELL/ HAND PUMP AT,Madhya Pradesh,30.0,7.4,7.8,2104.0,3050.0,1.4,2.2,4.9,4.98,,,,,1646.0,2170.0,,,,,,18.7,0,1055.9,1,1525.7,3.5500000000000003,,0,,,,0,,0,,0
2021,3339,"MANGLIA INDUSTRIAL AREA , INDUSTRIAL AREA, DEWAS MADHYA PRADESH TUBE WELL/ HAND PUMP NEAR",Madhya Pradesh,24.0,6.5,7.5,1359.0,1528.0,1.0,1.0,2.94,3.7,2.0,2.0,4.0,9.0,815.0,855.0,0.9,0.9,,,,15.25,0,683.25,1,764.5,1.97,2.85,0,3.0,412.0,427.95,0,,0,,0
2021,3345,"INDORE MADHYA PRADESH TUBEWELL AT INDL AREA,",Madhya Pradesh,28.0,8.0,8.1,491.0,589.0,1.0,1.0,0.68,0.8,2.0,2.0,2.0,2.0,361.0,422.0,,,,,,18.0,0,249.55,1,295.0,0.8400000000000001,1.4,0,2.0,181.5,,0,,0,,0
2021,3344,"FROM INDUSTRIAL ANUPPUR MADHYA PRADESH TUBEWELL AT INDL AREA, SHAHDOLU/G WATER SAMPLE",Madhya Pradesh,28.5,8.0,8.1,488.0,611.0,1.0,1.0,0.7,0.82,2.0,2.0,2.0,2.0,385.0,438.0,,,,,,18.25,0,248.05,1,306.0,0.85,1.41,0,2.0,193.5,,0,,0,,0
2021,2146,"AREA,NARSARHA,DISTT. SHAHDOL(M.P.) MADHYA PRADESH WELL AT BHAGATPURI VILLAGE,",Madhya Pradesh,,7.2,7.4,5294.0,5388.0,1.0,1.4,9.2,12.6,,,,,4232.0,4300.0,,,,,,,0,2650.7,1,2694.5,5.3,,0,,,,0,,0,,0
2021,2149,NAGDA MADHYA PRADESH WELL AT CULVERT ON A.B.,Madhya Pradesh,24.0,7.3,7.3,1861.0,1861.0,1.2,1.2,8.2,8.2,,,,,1302.0,1302.0,,,,,,15.65,0,934.15,1,931.1,4.699999999999999,,0,,,,0,,0,,0
2021,2148,"ROAD, MAKSI MADHYA PRADESH",Madhya Pradesh,,7.6,7.9,2150.0,3292.0,1.2,1.8,4.0,6.82,2.0,2.0,22.0,22.0,1640.0,2306.0,0.2,0.2,,,,,0,1078.95,1,1646.6,2.9,4.41,0,12.0,831.0,1153.1,0,,0,,0
2021,2153,"WELL AT DOSIGAON, RATLAM MADHYA PRADESH WELL AT IBRAHIMGANJ NEAR",Madhya Pradesh,27.0,7.4,7.8,798.0,835.0,1.0,1.1,9.75,10.1,48.0,48.0,230.0,230.0,586.0,632.0,0.2,0.2,,,,17.2,0,402.9,1,418.0,5.425,29.05,1,139.0,408.0,316.1,0,,0,,0
2021,2143,"BUS STAND, BHOPAL MADHYA PRADESH",Madhya Pradesh,21.0,7.4,7.7,412.0,611.0,1.0,1.0,0.8,0.8,2.0,2.0,11.0,11.0,342.0,574.0,0.2,0.2,0.001,0.001,,14.2,0,209.85,1,306.0,0.9,1.4,0,6.5,176.5,287.1,0,0.1005,0,,0
2021,2144,"WELL AT KATHODA, JABALPUR MADHYA PRADESH WELL AT MADAI GRAM,",Madhya Pradesh,22.3,7.4,7.5,428.0,428.0,1.0,1.0,0.3,0.6,2.0,2.0,14.0,14.0,384.0,410.0,0.2,0.2,0.001,0.001,,14.850000000000001,0,217.75,1,214.5,0.65,1.3,0,8.0,199.0,205.1,0,0.1005,0,,0
2021,2145,JABALPUR MADHYA PRADESH,Madhya Pradesh,26.0,7.5,7.5,1618.0,1767.0,1.2,1.8,4.48,4.93,,,,,1310.0,1360.0,,,,,,16.75,0,812.75,1,884.1,3.14,,0,,,,0,,0,,0
2021,2154,"WELL AT MEHATWAS, NAGDA MADHYA PRADESH WELL AT NEAR PRIMARY",Madhya Pradesh,27.0,7.1,7.9,370.0,850.0,2.1,2.1,0.6,0.64,2.0,2.0,29.0,29.0,196.0,546.0,,,,,,17.05,0,188.95,1,426.05,1.35,1.32,0,15.5,112.5,,0,,0,,0
2021,2147,"SCHOOL, PILUKHEDI, RAJGARH. MADHYA PRADESH WELL AT PRATAL NAGAR,",Madhya Pradesh,25.0,7.2,7.5,2918.0,3440.0,1.2,1.2,4.1,8.2,,,,,2040.0,2420.0,,,,,,16.1,0,1462.75,1,1720.6,2.65,,0,,,,0,,0,,0
2021,2151,"WELL AT TRENCHING GROUND IN THE PREMISES OF M/S 20.0 LAKHANI FOOT WEAR, INDORE MADHYA PRADESH WELL AT TRENCHING GROUND IN THE PREMISES OF M/S",Madhya Pradesh,23.0,7.5,7.8,2597.0,2936.0,1.0,2.6,2.7,3.26,2.0,2.0,6.0,12.0,1636.0,1820.0,0.8,1.0,,,,15.25,0,1302.4,1,1468.5,2.6500000000000004,2.63,0,4.0,824.0,910.4,0,,0,,0
2021,2150,"NEAR GARDEN, DEV GURADIYA RISHABH MASALA UDYOG, INDORE MADHYA PRADESH WELL AT TRENCHING GROUND,",Madhya Pradesh,23.0,7.5,7.7,923.0,1666.0,1.0,1.0,1.71,2.8,2.0,2.0,4.0,4.0,674.0,1045.0,0.6,0.8,,,,15.25,0,465.35,1,833.5,1.355,2.4,0,3.0,339.0,522.8,0,,0,,0
2021,52,"KHAN S/O JABBAR KHAN, ROAD, INDORE MADHYA PRADESH WELL, SHRI RAO PRAJAPATI WELL , M. P.(T/W OF HANIF",Madhya Pradesh,22.0,7.8,7.8,1555.0,1555.0,1.0,1.0,3.17,3.17,2.0,2.0,6.0,6.0,933.0,933.0,0.8,0.8,,,,14.9,0,781.4,1,778.0,2.085,2.585,0,4.0,469.5,466.9,0,,0,,0
2021,2002,"AMRAWATI ROAD, BURHANPUR ) MADHYA PRADESH",Madhya Pradesh,27.0,7.9,8.0,656.0,1093.0,3.2,5.2,0.44,0.5,8.0,8.0,140.0,140.0,535.0,1060.0,0.2,0.3,0.001,0.001,,17.45,0,332.0,1,548.1,2.8200000000000003,4.25,0,74.0,337.5,530.1,0,0.1505,0,,0
2021,1990,"ANJANGAON,AKOT, AKOLA MAHARASHTRA BMW SITE, BURUDGAON,",Maharashtra,23.0,7.1,7.3,955.0,2296.0,5.0,5.4,2.59,12.8,6.0,6.0,58.0,58.0,755.0,1754.0,0.2,0.2,0.001,0.001,,15.05,0,481.15,1,1150.5,3.995,9.4,0,32.0,406.5,877.1,0,0.1005,0,,0
2021,2821,AHMEDNAGAR MAHARASHTRA BORE WELL AT BALE RAILWAY STATION PREMISES OWNED BY,Maharashtra,26.0,7.4,7.9,1294.0,5783.0,4.8,4.8,9.5,10.3,30.0,50.0,275.0,550.0,1088.0,5462.0,0.2,0.2,,,,16.7,0,650.95,1,2893.9,7.15,20.15,0,162.5,819.0,2731.1,0,,0,,0
2021,2817,"WAGH VASTHI, RAHATA, SHRI DIGAMBAR JOSHI, DAHEGAON, NORTH SOLAPUR MAHARASHTRA BORE WELL AT CHITALI NEAR",Maharashtra,22.0,7.4,7.5,769.0,990.0,2.8,4.2,1.06,12.0,6.0,6.0,63.0,63.0,610.0,786.0,0.2,0.2,0.001,0.001,,14.7,0,388.25,1,496.4,2.63,9.0,0,34.5,336.5,393.1,0,0.1005,0,,0
2021,2200,"Z.P SCHOOL, KATPUR, PAITHAN, AHMADNAGAR MAHARASHTRA BORE WELL AT KATPUR, NEAR",Maharashtra,,7.3,7.3,1395.0,1395.0,3.2,3.2,1.75,1.75,,,,,1024.0,1024.0,1.0,1.0,,,,,0,701.15,1,699.1,2.475,,0,,,512.5,0,,0,,0
2021,2818,AURANGABAD MAHARASHTRA BORE WELL AT M/S SPECTRON ETHERS SIDDESHWAR MAHADEV,Maharashtra,21.0,7.1,7.1,999.0,999.0,3.0,3.0,6.5,6.5,22.0,22.0,100.0,100.0,782.0,782.0,0.2,0.2,,,,14.05,0,503.05,1,501.0,4.75,14.25,0,61.0,441.0,391.1,0,,0,,0
2021,2830,"MANDIR, RASEGAON, DINDORI, NASHIK MAHARASHTRA BORE WELL AT MIDC GOKUL-",Maharashtra,28.0,7.4,8.0,593.0,970.0,1.8,2.0,1.2,9.14,,,,,396.0,712.0,0.2,0.3,0.001,0.001,,17.7,0,300.5,1,485.9,1.6,,0,,,356.1,0,0.1505,0,,0
2021,2829,"SHIRGAON, KARVIR, KOLHAPUR MAHARASHTRA BORE WELL AT MIDC SHIROLI",Maharashtra,28.0,7.5,8.0,747.0,2084.0,2.2,2.4,0.8,5.13,,,,,486.0,1454.0,0.2,0.5,0.001,0.001,,17.75,0,377.5,1,1043.1,1.6,,0,,,727.1,0,0.2505,0,,0
2021,2825,"ENTERPRISES, HATKANANGALE, KOLHAPUR BORE WELL AT SHETE VASTI NEAR OLD TULJAPUR ROAD, 22.0 TULJAPUR NAKA, SOLAPUR MAHARASHTRA BORE WELL AT WAHEGAON NEAR ZILLA PARISHAD SCHOOL,",Maharashtra,29.0,7.3,7.8,1989.0,3486.0,2.4,2.6,0.3,5.45,,,,,1438.0,2540.0,0.4,0.9,,,,18.15,0,998.4,1,1744.2,1.45,,0,,,1270.2,0,,0,,0
2021,2822,"WAHEGAON,PAITHAN, AURANGABAD MAHARASHTRA BORE WELL NEAR CHINCHOLI,",Maharashtra,27.0,7.6,7.8,1305.0,1411.0,3.6,5.2,9.51,9.7,7.0,40.0,45.0,425.0,1096.0,1242.0,0.2,0.2,,,,17.3,0,656.4,1,707.3,7.355,8.35,0,42.5,760.5,621.1,0,,0,,0
2021,1998,"MOHOL, SOLAPUR MAHARASHTRA BRHAMNI, KALMESHWAR,",Maharashtra,,8.0,8.0,748.0,748.0,4.0,4.0,0.3,0.3,17.0,17.0,120.0,120.0,599.0,599.0,0.2,0.2,0.001,0.001,,,0,378.0,1,376.0,2.15,8.65,0,68.5,359.5,299.6,0,0.1005,0,,0
2021,1999,NAGPUR MAHARASHTRA,Maharashtra,,8.2,8.2,913.0,913.0,3.0,3.0,,,14.0,14.0,140.0,140.0,738.0,738.0,,,,,,,0,460.6,1,458.0,,,0,77.0,439.0,,0,,0,,0
2021,2204,"CHANGERA, GONDIA MAHARASHTRA DUG WELL AT GUNJALWADI, SANGAMNER NEAR PRIMARY",Maharashtra,22.0,7.1,7.6,368.0,1410.0,3.2,4.0,0.3,14.0,4.0,4.0,49.0,49.0,228.0,1105.0,0.2,0.2,0.001,0.001,,14.55,0,187.8,1,706.6,2.15,9.0,0,26.5,138.5,552.6,0,0.1005,0,,0
2021,2201,"HEALTH CARE CENTER, AHMEDNAGAR MAHARASHTRA DUG WELL AT RANJANGAON,",Maharashtra,29.0,7.9,7.9,1915.0,1915.0,2.6,2.6,0.3,0.3,,,,,1412.0,1412.0,0.7,0.7,,,,18.45,0,961.45,1,958.8,1.45,,0,,,706.35,0,,0,,0
2021,2831,"GANAGAPUR, AURANGABAD MAHARASHTRA DUG WELL AT SAKHARALI NEAR MIDC ISLAMPUR NEAR KRISHNA",Maharashtra,24.0,7.4,7.4,1046.0,1046.0,2.6,2.6,4.86,4.86,4.0,4.0,11.0,11.0,714.0,714.0,0.2,0.2,0.001,0.001,,15.7,0,526.7,1,524.3,3.7300000000000004,4.43,0,7.5,362.5,357.1,0,0.1005,0,,0
2021,2828,"PRIMARY SCHOOL, VISAPUR, MILK INDUSTRY, WALWA, SANGALI MAHARASHTRA DUG WELL NEAR JILLA PARISHAD",Maharashtra,42.0,7.6,8.7,692.0,930.0,3.2,5.0,0.3,1.0,2.0,17.0,2.0,210.0,580.0,844.0,0.3,0.3,,,,24.8,0,350.35,1,466.6,2.65,1.5,0,9.5,395.0,422.15,0,,0,,0
2021,2826,"STATION, COTTON MARKET, BALLARPUR, CHANDRAPUR MAHARASHTRA DUG WELL NEAR RAILWAY",Maharashtra,21.0,7.8,8.0,692.0,791.0,2.7,3.6,0.3,2.6,2.0,11.0,2.0,140.0,595.0,639.0,0.2,0.3,,,,14.4,0,350.0,1,396.85,1.95,2.3,0,6.5,367.5,319.6,0,,0,,0
2021,2832,WARDHA MAHARASHTRA DUG WELL NO-1 AT BRAHMANWADI ANJANWEL,Maharashtra,27.0,6.1,7.6,80.0,94.0,1.8,1.8,0.4,0.4,4.0,4.0,11.0,14.0,48.0,89.0,0.2,0.5,,,,16.55,0,43.8,1,47.9,1.1,2.2,0,7.5,31.0,44.6,0,,0,,0
2021,2833,"OWNED BY SHRI VAIDYA, GUHAGAR, RATNAGIRI MAHARASHTRA DUG WELL NO-1 AT GROUP",Maharashtra,29.0,6.2,7.2,205.0,476.0,1.6,1.8,0.3,0.8,4.0,6.0,11.0,21.0,146.0,336.0,0.2,0.4,0.001,0.001,,17.6,0,106.1,1,238.8,1.05,2.4,0,8.5,83.5,168.1,0,0.2005,0,,0
2021,2835,"ARKETWADI NEAR MASJID, KHED, RATNAGIRI DUG WELL NO-2 AT ARKETWADI, 25.0 KHED, RATNAGIRI MAHARASHTRA DUG WELL NO-2 OWNED BY GROUP GRAM PANCHAYAT",Maharashtra,27.0,6.0,7.2,82.0,484.0,1.6,1.8,0.7,2.07,4.0,5.0,13.0,17.0,52.0,344.0,0.2,0.3,0.001,0.001,,16.5,0,44.6,1,242.8,1.25,3.035,0,9.0,34.5,172.1,0,0.1505,0,,0
2021,2816,"BRAHMANWADI, ANJANWEL, GUHAGAR, RATNAGIRI MAHARASHTRA DUG WELL OF MR.SAMPAT WALUNJ NEAR M/S MAHAJEET",Maharashtra,21.0,7.3,7.3,1510.0,1510.0,4.2,4.2,7.0,7.0,22.0,22.0,120.0,120.0,1189.0,1189.0,0.2,0.2,,,,14.15,0,758.65,1,757.1,5.6,14.5,0,71.0,654.5,594.6,0,,0,,0
2021,2819,"DESHMUKH, MALEGAON, CLAYTON, SHINDE VILLAGE, NASHIK MAHARASHTRA DUG WELL OWNED BY SHRI",Maharashtra,29.0,7.5,7.8,3584.0,4076.0,5.4,8.2,10.6,11.11,25.0,30.0,275.0,900.0,3420.0,3496.0,0.2,0.3,,,,18.25,0,1795.9,1,2040.7,9.399999999999999,18.055,0,152.5,2160.0,1748.1,0,,0,,0
2021,2820,"SHIVAJI BABAN DAREKAR, BARAMATI, PUNE MAHARASHTRA DUG WELL OWNED BY SHRI",Maharashtra,26.0,7.8,8.1,262.0,1295.0,5.0,5.2,0.6,10.36,6.0,25.0,85.0,900.0,244.0,1088.0,0.2,0.2,,,,16.9,0,135.05,1,650.0,2.9,8.18,0,55.0,572.0,544.1,0,,0,,0
2021,1987,"SANASWADI, SHIRUR, PUNE MAHARASHTRA",Maharashtra,38.0,7.1,7.7,520.0,9924.0,3.2,4.2,0.6,3.09,5.0,13.0,43.0,63.0,470.0,893.0,0.4,0.6,0.001,0.001,,22.55,0,263.85,1,4963.6,2.4,4.045,0,28.0,266.5,446.7,0,0.3005,0,,0
2021,2203,"OF ZILLA PARISHAD PRIMARY GOKHIWARE,VASAI, THANE MAHARASHTRA HAND PUMP IN THE PREMISES",Maharashtra,20.0,7.6,8.0,760.0,1368.0,3.0,3.2,0.3,3.2,2.0,21.0,2.0,150.0,640.0,1129.0,0.2,0.3,0.001,0.001,,13.8,0,384.0,1,685.5,1.75,2.6,0,11.5,395.0,564.6,0,0.1505,0,,0
2021,1985,"SCHOOL, BHUGAON, WARDHA MAHARASHTRA",Maharashtra,38.0,7.6,7.9,1019.0,2672.0,3.6,4.0,0.6,1.6,17.0,26.0,63.0,280.0,910.0,2405.0,0.6,1.7,0.001,0.001,,22.8,0,513.45,1,1337.8,2.3,9.3,0,44.5,595.0,1202.8,0,0.8504999999999999,0,,0
2021,2005,"KASHIMIRA,BHAYANDER, THANE MAHARASHTRA KHANJIRENAGAR,",Maharashtra,28.0,7.4,8.2,980.0,2106.0,1.8,2.4,0.7,4.47,,,,,640.0,1480.0,0.2,0.4,0.001,0.001,,17.7,0,494.1,1,1053.9,1.5499999999999998,,0,,,740.1,0,0.2005,0,,0
2021,1995,"HATKANANGALE, KOLHAPUR MAHARASHTRA KHAPERKHEDA,",Maharashtra,24.0,8.0,8.1,715.0,735.0,3.0,6.5,0.3,2.8,2.0,4.0,2.0,70.0,586.0,605.0,0.2,2.1,0.001,0.001,,16.0,0,361.55,1,369.0,3.4,2.4,0,3.0,328.0,302.6,0,1.0505,0,,0
2021,1996,"SAONER,NAGPUR MAHARASHTRA",Maharashtra,,8.0,8.0,714.0,714.0,3.8,3.8,0.3,0.3,12.0,12.0,94.0,94.0,571.0,571.0,0.2,0.2,0.001,0.001,,,0,361.0,1,358.9,2.05,6.15,0,53.0,332.5,285.6,0,0.1005,0,,0
2021,2006,"KORADI, KAMPTEE,NAGPUR MAHARASHTRA MIDC, SHINOLI, CHANDGAD,",Maharashtra,28.0,7.3,8.1,620.0,2048.0,1.8,2.2,1.1,4.33,,,,,402.0,1336.0,0.2,0.4,0.001,0.001,,17.65,0,314.05,1,1024.9,1.6500000000000001,,0,,,668.1,0,0.2005,0,,0
2021,1989,"KARAWALA,TALOJA,PANVEL, KOLHAPUR MAHARASHTRA MSW SITE,",Maharashtra,29.0,7.9,8.0,74.0,124.0,3.4,3.6,0.3,0.44,11.0,17.0,63.0,70.0,66.0,112.0,0.2,0.2,0.001,0.001,,18.45,0,41.0,1,63.7,1.95,5.72,0,40.0,68.0,56.1,0,0.1005,0,,0
2021,1992,"RAIGAD MAHARASHTRA MSW SITE, MOSHI,PIMPRI-",Maharashtra,27.0,7.3,7.7,152.0,948.0,5.4,5.4,0.3,8.95,11.0,15.0,80.0,900.0,136.0,796.0,0.2,0.2,,,,17.15,0,79.85,1,476.7,2.85,9.975,0,47.5,518.0,398.1,0,,0,,0
2021,2004,"21.0 MSW SITE, PATHARDI, NASIK MAHARASHTRA PARVATI INDL. ESTATE, YADRAV,",Maharashtra,28.0,7.4,8.0,982.0,2192.0,1.8,1.8,1.4,9.14,,,,,684.0,1440.0,0.2,0.6,0.001,0.001,,17.7,0,495.0,1,1096.9,1.6,,0,,,720.1,0,0.3005,0,,0
2021,1993,"SHIROL, KOLHAPUR MAHARASHTRA PHANDARPUR, GANGAPUR,",Maharashtra,,7.3,7.3,1745.0,1745.0,3.4,3.4,3.75,3.75,,,,,1238.0,1238.0,1.1,1.1,,,,,0,876.15,1,874.2,3.575,,0,,,619.55,0,,0,,0
2021,1997,AURANGABAD MAHARASHTRA,Maharashtra,16.0,8.0,8.0,826.0,826.0,3.6,3.6,0.3,0.3,20.0,20.0,220.0,220.0,668.0,668.0,0.2,0.2,,,,12.0,0,417.0,1,414.8,1.95,10.15,0,120.0,444.0,334.1,0,,0,,0
2021,2008,"RAIPUR,HINGNA NAGPUR MAHARASHTRA RASULWADI-SAMBARWADI,",Maharashtra,23.0,6.2,6.2,4448.0,4448.0,1.8,1.8,13.59,13.59,6.0,6.0,24.0,24.0,3036.0,3036.0,0.2,0.2,,,,14.6,0,2227.1,1,2224.9,7.695,9.795,0,15.0,1530.0,1518.1,0,,0,,0
2021,2007,MIRAJSANGLI MAHARASHTRA,Maharashtra,23.0,7.1,7.1,4363.0,4363.0,1.8,1.8,13.59,13.59,6.0,6.0,17.0,17.0,3872.0,3872.0,0.2,0.2,,,,15.05,0,2185.05,1,2182.4,7.695,9.795,0,11.5,1944.5,1936.1,0,,0,,0
2021,2003,"SAVALI, MIRAJ, SANGLI MAHARASHTRA",Maharashtra,33.0,8.0,8.3,634.0,756.0,4.0,4.4,0.44,1.2,2.0,21.0,2.0,170.0,589.0,616.0,0.3,0.3,,,,20.5,0,321.15,1,380.0,2.4200000000000004,1.6,0,11.5,379.5,308.15,0,,0,,0
2021,1994,"SAWARGAON, YAVATMAL MAHARASHTRA",Maharashtra,32.0,7.7,8.6,635.0,740.0,4.5,4.5,1.2,1.2,2.0,14.0,2.0,170.0,528.0,603.0,0.4,0.4,,,,19.85,0,321.8,1,372.25,2.85,1.6,0,8.0,349.0,301.7,0,,0,,0
2021,1921,"TPS-DURGAPUR, CHANDRAPUR MAHARASHTRA",Maharashtra,24.0,6.8,6.8,742.0,742.0,,,,,,,,,405.0,405.0,,,,,,15.4,0,374.4,1,,,,0,,,,0,,0,,0
2021,2885,GROUND WATER NEAR HEIROK MANIPUR,Manipur,25.0,6.8,6.8,121.0,121.0,,,,,,,,,120.0,120.0,,,,,,15.9,0,63.9,1,,,,0,,,,0,,0,,0
2021,2881,HAND PUMP AT SAITON MANIPUR,Manipur,24.0,6.9,6.9,609.0,609.0,,,,,,,,,291.0,291.0,,,,,,15.45,0,307.95,1,,,,0,,,,0,,0,,0
2021,1920,HAND PUMP AT TAKHEL MANIPUR,Manipur,23.0,6.4,6.4,705.0,705.0,,,,,,,,,406.0,406.0,,,,,,14.7,0,355.7,1,,,,0,,,,0,,0,,0
2021,1922,KAKCHING MANIPUR,Manipur,25.0,6.9,6.9,493.0,493.0,,,,,,,,,250.0,250.0,,,,,,15.95,0,249.95,1,,,,0,,,,0,,0,,0
2021,1923,LAMKA MANIPUR,Manipur,26.0,6.8,6.8,672.0,672.0,,,,,,,,,374.0,374.0,,,,,,16.4,0,339.4,1,,,,0,,,,0,,0,,0
2021,1924,MOREH MANIPUR,Manipur,27.0,7.2,7.2,582.0,582.0,,,,,,,,,345.0,345.0,,,,,,17.1,0,294.6,1,,,,0,,,,0,,0,,0
2021,4323,PALLEL MANIPUR BOREWELL AT GOOD SHAPHARD,Manipur,17.1,6.7,6.8,186.0,202.0,1.3,1.6,0.5,0.63,2.0,2.0,2.0,2.0,128.0,139.0,0.2,0.2,0.001,0.001,,11.9,0,96.4,1,101.65,1.05,1.315,0,2.0,65.0,69.6,0,0.1005,0,,0
2021,4324,PARISH IN LADRYMBAI MEGHALAYA BOREWELL AT KHLIEHWAH,Meghalaya,18.0,5.0,5.5,105.0,157.0,1.4,1.7,0.3,0.35,2.0,2.0,2.0,2.0,72.0,108.0,0.2,0.2,0.001,0.001,,11.5,0,55.25,1,79.2,1.0,1.175,0,2.0,37.0,54.1,0,0.1005,0,,0
2021,4325,SHASEM - A IN KHLIEHRIAT MEGHALAYA BOREWELL AT KHLIEHWAH,Meghalaya,17.4,5.6,5.9,85.0,90.0,1.0,1.1,0.5,0.6,2.0,2.0,2.0,2.0,59.0,62.0,0.2,0.2,0.001,0.001,,11.5,0,45.45,1,45.5,0.8,1.3,0,2.0,30.5,31.1,0,0.1005,0,,0
2021,4904,"DONGKAMON NONGMENSONG, SHASEM - B IN KHLIEHRIAT MEGHALAYA DEEP TUBE WELL AT",Meghalaya,22.0,6.5,7.1,87.0,97.0,1.4,1.5,8.8,9.2,2.0,2.0,17.0,21.0,60.0,77.0,0.2,0.2,0.001,0.001,,14.25,0,47.05,1,49.2,5.15,5.6,0,9.5,40.5,38.6,0,0.1005,0,,0
2021,4906,SHILLONG MEGHALAYA DEEP TUBE WELL AT LABAN LAST,Meghalaya,22.0,5.4,5.9,59.0,63.0,1.2,1.6,0.3,0.3,2.0,2.0,2.0,9.0,41.0,43.0,0.2,0.2,0.001,0.001,,13.7,0,32.45,1,32.1,0.9500000000000001,1.15,0,2.0,25.0,21.6,0,0.1005,0,,0
2021,1636,"15.0 DUG WELL AT FOREST COLONY, 21.0 22.0 POLO, SHILLONG MEGHALAYA INDUSTRIAL ESTATE, BYRNIHAT",Meghalaya,6.5,6.6,155.0,162.0,1.8,2.0,0.58,0.6,2.0,2.0,12.0,1100.0,108.0,114.0,0.2,0.2,0.001,0.001,,,6.55,0,158.5,1,1.9,0.59,2.0,0,556.0,111.0,0.2,0,0.001,0,,0
2021,3386,43.0 (NARBONG WELL - SPRING) MEGHALAYA,Meghalaya,9.1,9.3,305.0,322.0,1.0,1.6,0.7,0.77,2.0,2.0,2.0,2.0,210.0,219.0,0.2,0.2,0.001,0.001,,,9.2,0,313.5,1,1.3,0.735,2.0,0,2.0,214.5,0.2,0,0.001,0,,0
2021,1635,"21.0 JAKREM HOT SPRING AT JAKREM MEGHALAYA MAWLAI, SHILLONG",Meghalaya,5.5,6.5,259.0,285.0,1.5,1.7,10.5,11.2,2.0,2.0,2.0,2.0,179.0,197.0,0.2,0.2,,,,,6.0,0,272.0,1,1.6,10.85,2.0,0,2.0,188.0,0.2,0,,0,,0
2021,3385,17.0 (MAWPDANG SPRING) MEGHALAYA MAWTHADRISHAN WELL AT,Meghalaya,6.5,6.8,51.0,55.0,1.3,1.5,0.3,0.3,2.0,2.0,4.0,11.0,35.0,37.0,0.2,0.2,0.001,0.001,,,6.65,0,53.0,1,1.4,0.3,2.0,0,7.5,36.0,0.2,0,0.001,0,,0
2021,1634,"21.0 MARKASA MEGHALAYA POLICE BAZAR, SHILLONG",Meghalaya,5.7,6.6,235.0,249.0,1.2,1.5,6.0,7.1,2.0,4.0,21.0,49.0,162.0,172.0,0.2,0.2,0.001,0.001,,,6.15,0,242.0,1,1.35,6.55,3.0,0,35.0,167.0,0.2,0,0.001,0,,0
2021,1638,14.0 (POLICE BAZAAR SPRING) MEGHALAYA SHANGPUNG (UMSAHEP,Meghalaya,5.5,5.7,118.0,164.0,1.0,1.4,6.1,6.4,2.0,2.0,2.0,2.0,81.0,113.0,0.2,0.2,0.001,0.001,,,5.6,0,141.0,1,1.2,6.25,2.0,0,2.0,97.0,0.2,0,0.001,0,,0
2021,1637,"15.0 SPRING) MEGHALAYA SOHRA, CHERRAPUNJEE (WAH U",Meghalaya,5.4,5.7,105.0,115.0,1.1,1.7,3.5,4.9,2.0,2.0,2.0,2.0,72.0,79.0,0.2,0.2,0.001,0.001,,,5.550000000000001,0,110.0,1,1.4,4.2,2.0,0,2.0,75.5,0.2,0,0.001,0,,0
2021,3758,"23.0 DKHAR - SPRING) MEGHALAYA BETHEL VENG HAND PUMP,",Meghalaya,6.5,6.9,316.0,557.0,1.0,1.0,,,,,,,,,,,,,,,6.7,0,436.5,1,1.0,,,0,,,,0,,0,,0
2021,3732,"23.0 CHAMPHAI MIZORAM CHALTLANG HAND PUMP, NEAR",Mizoram,5.8,6.0,426.0,438.0,,,,,,,,,,,,,,,,,5.9,0,432.0,1,,,,0,,,,0,,0,,0
2021,3742,"23.0 REMI TYRE WORKS MIZORAM CHANMARI HAND PUMP,",Mizoram,6.1,6.9,141.0,194.0,,,,,,,,,,,,,,,,,6.5,0,167.5,1,,,,0,,,,0,,0,,0
2021,3745,19.0 LAWNGTLAI MIZORAM,Mizoram,6.2,7.2,203.0,249.0,,,,,,,,,,,,,,,,,6.7,0,226.0,1,,,,0,,,,0,,0,,0
2021,4124,"18.0 CHHOCHHOPA TUIKHUR, SAIHA MIZORAM ELECTRIC VENG TUIKHUR,",Mizoram,6.7,6.8,247.0,447.0,1.0,1.0,,,2.0,2.0,2.0,2.0,,,,,,,,,6.75,0,347.0,1,1.0,,2.0,0,2.0,,,0,,0,,0
2021,4128,21.0 LUNGKEI (SPRING) MIZORAM,Mizoram,7.2,7.2,152.0,152.0,1.7,1.7,,,,,,,,,,,,,,,7.2,0,152.0,1,1.7,,,0,,,,0,,0,,0
2021,3753,"25.0 HAND PUMP, NEW SAIHA BAZAR MIZORAM",Mizoram,7.2,7.8,535.0,610.0,,,,,,,,,,,,,,,,,7.5,0,572.5,1,,,,0,,,,0,,0,,0
2021,3741,"17.0 HMAR VENG TUIKHUR, KOLASIB MIZORAM",Mizoram,6.7,7.9,239.0,301.0,,,,,,,,,,,,,,,,,7.300000000000001,0,270.0,1,,,,0,,,,0,,0,,0
2021,4127,"19.0 KHURPUI TUIKHUR, LAWNGTLAI MIZORAM KHURPUI TUIKHUR, NEW",Mizoram,5.7,6.3,217.0,357.0,,,,,,,,,,,,,,,,,6.0,0,287.0,1,,,,0,,,,0,,0,,0
2021,3728,"25.0 COLONY, SAIHA (SPRING) MIZORAM",Mizoram,6.4,6.6,233.0,260.0,1.2,1.2,,,,,,,,,,,,,,,6.5,0,246.5,1,1.2,,,0,,,,0,,0,,0
2021,3725,"18.0 KHURPUI TUIKHUR, S HLIMEN MIZORAM LUNGLI TUIKHUR, REPUBLIC",Mizoram,6.1,7.1,276.0,394.0,1.0,1.3,,,,,,,,,,,,,,,6.6,0,335.0,1,1.15,,,0,,,,0,,0,,0
2021,2055,18.0 VENG MIZORAM MISSION VENGTHLANG,Mizoram,6.1,7.1,327.0,601.0,1.0,1.0,,,,,,,,,,,,,,,6.6,0,464.0,1,1.0,,,0,,,,0,,0,,0
2021,4126,"HSS, VENGSANG, CHAMPHAI NGHARPET VENG TUIKHUR, 19.0 LUNGSIR, MAMIT (SPRING) MIZORAM PAWHHAWN TUIKHUR, NR GM",Mizoram,19.0,5.9,7.8,165.0,297.0,1.0,1.0,,,,,,,,,,,,,,12.45,0,86.4,1,149.0,,,0,,,,0,,0,,0
2021,3748,(SPRING) MIZORAM PROJECT VENG HAND,Mizoram,23.0,5.5,7.1,84.0,124.0,,,,,,,,,,,,,,,,14.25,0,45.55,1,,,,0,,,,0,,0,,0
2021,2054,"PUMP,SERCHHIP MIZORAM",Mizoram,25.0,6.2,6.9,401.0,536.0,1.0,1.5,,,,,,,,,,,,,,15.6,0,203.95,1,268.5,,,0,,,,0,,0,,0
2021,3726,"RAMHLUM (NORTHERN PART) MIZORAM RAMHLUN S TUIKHUR, NEAR",Mizoram,26.0,6.2,6.8,422.0,527.0,1.1,1.7,,,,,,,,,,,,,,16.1,0,214.4,1,264.05,,,0,,,,0,,0,,0
2021,3733,COMMUNITY HALL MIZORAM,Mizoram,25.0,6.5,7.1,227.0,282.0,,,,,,,,,,,,,,,,15.75,0,117.05,1,,,,0,,,,0,,0,,0
2021,3738,"S HLIMEN HAND PUMP MIZORAM SAP TUIKHUR, SERKAWN",Mizoram,18.0,6.7,7.3,69.0,124.0,,,,,,,,,,,,,,,,12.35,0,38.15,1,,,,0,,,,0,,0,,0
2021,3730,NEARBY MIZORAM,Mizoram,25.0,6.4,7.4,81.0,123.0,,,,,,,,,,,,,,,,15.7,0,44.2,1,,,,0,,,,0,,0,,0
2021,3731,SELESIH HAND PUMP MIZORAM,Mizoram,22.0,6.4,6.4,555.0,555.0,,,,,,,,,,,,,,,,14.2,0,280.7,1,,,,0,,,,0,,0,,0
2021,3727,TUIKUAL HAND PUMP MIZORAM,Mizoram,22.0,7.0,7.5,233.0,491.0,1.2,1.9,,,,,,,,,,,,,,14.5,0,120.25,1,246.1,,,0,,,,0,,0,,0
2021,4129,"TUITHANG VENG, TUIKHUR MIZORAM TUIVAMIT TUIKHUR, AOC VENG,",Mizoram,21.0,7.0,7.6,119.0,159.0,,,,,,,,,,,,,,,,14.0,0,63.3,1,,,,0,,,,0,,0,,0
2021,3737,"LAWNGTLAI (SPRING) MIZORAM VAITUI TUIKHUR,THEIRIAT,",Mizoram,21.0,6.3,7.3,139.0,453.0,,,,,,,,,,,,,,,,13.65,0,73.15,1,,,,0,,,,0,,0,,0
2021,3739,"LUNGLEI MIZORAM ZOBAWK VENG HAND PUMP,",Mizoram,21.0,7.0,7.0,287.0,298.0,,,,,,,,,,,,,,,,14.0,0,147.0,1,,,,0,,,,0,,0,,0
2021,2899,"DHANSIRIPAR DIVISION, LUNGLEI MIZORAM BOREWELL AT DHANSIRIPAR,",Mizoram,28.5,7.0,7.5,239.0,252.0,,,0.8,0.8,,,,,125.0,126.0,0.2,0.2,0.001,0.001,,17.75,0,123.25,1,,,,0,,,63.1,0,0.1005,0,,0
2021,2897,"DIMAPUR NAGALAND BOREWELL AT KAMDI BAZAR,",Nagaland,29.0,6.5,6.5,237.0,243.0,,,0.9,1.0,,,,,125.0,142.0,0.2,0.2,0.001,0.001,,17.75,0,121.75,1,,,,0,,,71.1,0,0.1005,0,,0
2021,2896,PEREN NAGALAND BOREWELL AT KOHIMA VILLAGE,Nagaland,22.3,6.0,6.6,669.0,788.0,,,1.1,2.1,,,,,73.0,169.0,0.2,0.2,0.001,0.001,,14.15,0,337.8,1,,,,0,,,84.6,0,0.1005,0,,0
2021,2905,"IN KOHIMA NAGALAND BOREWELL AT SIGNAL POINT,",Nagaland,32.1,6.4,7.1,232.0,234.0,,,1.1,1.8,,,,,116.0,200.0,0.2,0.2,0.001,0.001,,19.25,0,119.55,1,,,,0,,,100.1,0,0.1005,0,,0
2021,2902,DIMAPUR NAGALAND BOREWELL AT THAHEKHU,Nagaland,31.6,7.3,7.8,369.0,434.0,,,1.0,2.6,,,,,180.0,188.0,0.2,0.2,0.001,0.001,,19.45,0,188.4,1,,,,0,,,94.1,0,0.1005,0,,0
2021,2901,"OPENWELL AT DOYAPUR DHANSIRIPAR DIVISION, 25.3 DIMAPUR NAGALAND OPENWELL AT LUNGWIRAM",Nagaland,31.6,6.0,6.5,186.0,313.0,,,1.0,2.5,,,,,103.0,155.0,0.2,0.2,0.001,0.001,,18.8,0,96.25,1,,,,0,,,77.6,0,0.1005,0,,0
2021,2904,"VILLAGE, DIMAPUR NAGALAND OPENWELL AT NAGA CEMETERY,",Nagaland,32.7,6.0,7.0,736.0,920.0,,,2.0,28.0,,,,,360.0,460.0,0.2,0.2,0.001,0.001,,19.35,0,371.5,1,,,,0,,,230.1,0,0.1005,0,,0
2021,2903,DIMAPUR NAGALAND OPENWELL AT SIGNAL ANGAMI,Nagaland,31.3,6.5,7.5,726.0,1349.0,,,1.3,1.8,,,,,93.0,410.0,0.2,0.2,0.001,0.001,,18.9,0,366.75,1,,,,0,,,205.1,0,0.1005,0,,0
2021,2900,"VILLAGE, DIMAPUR NAGALAND OPENWELL AT TOULAZOUMA",Nagaland,28.7,5.5,6.0,201.0,207.0,,,1.6,2.0,,,,,110.0,117.0,0.2,0.2,0.001,0.001,,17.1,0,103.5,1,,,,0,,,58.6,0,0.1005,0,,0
2021,3971,"VILLAGE, DIMAPUR NAGALAND",Nagaland,24.0,7.1,7.2,731.0,1178.0,1.0,1.0,0.8,31.7,2.0,2.0,2.0,2.0,,,0.2,0.3,,,,15.55,0,369.1,1,589.5,0.9,16.85,0,2.0,,,0,,0,,0
2021,4895,ANGUL TOWNSHIP ODISHA,Odisha,23.0,6.5,7.4,242.0,704.0,1.0,1.0,0.3,0.7,2.0,2.0,2.0,2.0,,,0.2,0.2,,,,14.75,0,124.7,1,352.5,0.65,1.35,0,2.0,,,0,,0,,0
2021,3982,"BADACHINDRI, KORAPUT ODISHA BADAMANI INDUSTRIAL ESTATE,",Odisha,29.0,6.3,7.0,113.0,174.0,1.0,1.0,0.5,2.1,2.0,2.0,2.0,2.0,,,0.2,0.7,,,,17.65,0,60.0,1,87.5,0.75,2.05,0,2.0,,,0,,0,,0
2021,1647,JHARSUGUDA ODISHA,Odisha,26.0,6.9,6.9,305.0,456.0,1.0,1.0,0.3,1.1,2.0,2.0,2.0,2.0,,,0.2,0.4,,,,16.45,0,155.95,1,228.5,0.65,1.55,0,2.0,,,0,,0,,0
2021,3988,"BADAMBARI AREA, CUTTACK ODISHA BADAPADIA MARKET COMPLEX,",Odisha,32.8,8.4,8.5,882.0,1679.0,1.0,1.0,0.3,1.0,2.0,2.0,2.0,2.0,,,1.2,1.3,,,,20.599999999999998,0,445.25,1,840.0,0.65,1.5,0,2.0,,,0,,0,,0
2021,4870,PARADEEP ODISHA BALDA BLOCK IRON ORE MINES OF M/S SIRAJUDDIN & CO.,Odisha,23.0,6.2,6.5,96.0,104.0,1.0,1.0,1.0,1.1,2.0,2.0,2.0,2.0,,,0.2,0.2,,,,14.6,0,51.25,1,52.5,1.0,1.55,0,2.0,,,0,,0,,0
2021,3978,(NEAR TIME OFFICE INSIDE THE MINE LEASEHOLD AREA) ODISHA,Odisha,24.0,7.0,7.2,946.0,1202.0,1.0,1.0,1.2,13.1,2.0,2.0,2.0,2.0,,,0.3,0.4,,,,15.5,0,476.6,1,601.5,1.1,7.55,0,2.0,,,0,,0,,0
2021,3987,"BANARPAL, TALCHER ODISHA",Odisha,28.0,5.2,6.6,238.0,309.0,1.0,1.0,0.3,11.3,2.0,2.0,2.0,2.0,,,0.2,1.1,,,,16.6,0,122.3,1,155.0,0.65,6.65,0,2.0,,,0,,0,,0
2021,1646,"BELPAHAR AREA, JHARSUGUDA ODISHA BIDANASHI - TULASIPUR AREA,",Odisha,26.0,6.8,7.1,157.0,282.0,1.0,1.0,0.6,1.1,2.0,2.0,2.0,2.0,,,0.2,0.2,,,,16.4,0,82.05,1,141.5,0.8,1.55,0,2.0,,,0,,0,,0
2021,3984,"CUTTACK ODISHA BRAJARAJ NAGAR MINING BELT,",Odisha,29.0,5.3,7.1,101.0,198.0,1.0,1.1,0.7,0.8,2.0,2.0,2.0,2.0,,,0.3,0.7,,,,17.15,0,54.05,1,99.5,0.9,1.4,0,2.0,,,0,,0,,0
2021,3983,JHARSUGUDA ODISHA,Odisha,29.0,6.5,6.8,180.0,181.0,1.0,1.1,0.4,9.5,2.0,2.0,2.0,2.0,,,0.2,1.3,,,,17.75,0,93.4,1,91.0,0.75,5.75,0,2.0,,,0,,0,,0
2021,3981,"BUDHIPADAR, JHARSUGUDA ODISHA",Odisha,29.0,7.2,8.3,163.0,198.0,1.0,1.0,0.5,3.9,2.0,2.0,2.0,2.0,,,0.3,1.2,,,,18.1,0,85.65,1,99.5,0.75,2.95,0,2.0,,,0,,0,,0
2021,1650,"BURKHAMUNDA, JHARSUGUDA ODISHA CAPITAL HOSPITAL AREA,",Odisha,29.0,5.7,6.2,207.0,210.0,1.0,1.0,0.7,1.2,2.0,2.0,2.0,2.0,,,0.2,0.3,,,,17.35,0,106.6,1,105.5,0.85,1.6,0,2.0,,,0,,0,,0
2021,3994,BHUBANESWAR ODISHA,Odisha,26.0,6.6,6.8,359.0,424.0,1.0,1.0,1.3,2.0,2.0,490.0,2.0,2200.0,,,0.2,0.8,,,,16.3,0,182.9,1,212.5,1.15,2.0,0,246.0,,,0,,0,,0
2021,4873,24.0 COLLECTOR OFFICE PREMISES ODISHA,Odisha,24.0,6.8,7.2,113.0,175.0,1.0,1.0,0.3,1.3,2.0,2.0,2.0,2.0,,,0.2,7.6,,,,15.4,0,60.1,1,88.0,0.65,1.65,0,2.0,,,0,,0,,0
2021,4868,"DDM OFFICE, KOIRA PREMISES ODISHA DHANGIDIMUTA VILLAGE (BASTI SAHI) NEAR CATCH POND OF",Odisha,26.0,6.6,6.8,229.0,267.0,1.0,1.0,1.9,2.9,2.0,11.0,2.0,33.0,,,0.2,0.2,,,,16.3,0,117.9,1,134.0,1.45,2.45,0,6.5,,,0,,0,,0
2021,4867,(KUSUMI GP OFFICE NEAR MINE RUN-OFF WATER NEAR BADAPAHAR MINING AREA ODISHA DHANGIDIMUTA VILLAGE,Odisha,26.0,6.8,6.9,155.0,183.0,1.0,1.0,0.3,0.6,2.0,2.0,2.0,2.0,,,0.2,0.2,,,,16.4,0,80.95,1,92.0,0.65,1.3,0,2.0,,,0,,0,,0
2021,4864,BADAMPAHAR MINING AREA ODISHA DHENKANAL DAILY MARKET,Odisha,24.0,6.9,7.1,418.0,485.0,1.0,1.5,0.7,0.9,2.0,2.0,2.0,2.0,,,0.2,0.4,,,,15.45,0,212.55,1,243.0,1.1,1.45,0,2.0,,,0,,0,,0
2021,4891,AREA ODISHA DISTRICT HEAD QUARTER,Odisha,26.0,7.3,7.7,549.0,810.0,1.0,1.1,0.7,1.0,2.0,2.0,2.0,2.0,,,0.5,0.5,,,,16.65,0,278.35,1,405.5,0.9,1.5,0,2.0,,,0,,0,,0
2021,4865,HOSPITAL CAMPUS ODISHA DISTRICT HEAD QUARTER,Odisha,28.0,7.0,7.2,285.0,351.0,1.0,1.0,0.7,0.7,2.0,2.0,2.0,2.0,,,0.5,0.7,,,,17.5,0,146.1,1,176.0,0.85,1.35,0,2.0,,,0,,0,,0
2021,4898,HOSPITAL PREMISES ODISHA,Odisha,22.0,6.5,6.8,163.0,276.0,1.0,1.0,0.9,1.3,2.0,2.0,2.0,2.0,,,0.2,0.2,,,,14.25,0,84.9,1,138.5,0.95,1.65,0,2.0,,,0,,0,,0
2021,4899,GABRALGUDA ODISHA GOSALPADA COLONY (WARD,Odisha,24.0,6.9,7.1,705.0,762.0,1.0,1.0,0.7,1.1,2.0,2.0,2.0,2.0,,,0.4,0.5,,,,15.45,0,356.05,1,381.5,0.85,1.55,0,2.0,,,0,,0,,0
2021,4876,"NO. 7), BHAWANIPATNA ODISHA GOVT. MODEL DEGREE COLLAGE",Odisha,25.0,6.9,7.6,221.0,436.0,1.0,1.0,0.3,0.4,2.0,2.0,2.0,2.0,,,0.2,0.5,,,,15.95,0,114.3,1,218.5,0.65,1.2,0,2.0,,,0,,0,,0
2021,4903,"SCHOOL, HAZARIBAGICHA, PREMISES ODISHA HAZARIBAGICHA PRIMARY",Odisha,33.0,7.7,8.0,661.0,895.0,1.0,1.1,0.3,0.4,2.0,2.0,2.0,2.0,,,0.2,0.8,,,,20.35,0,334.5,1,448.0,0.7000000000000001,1.2,0,2.0,,,0,,0,,0
2021,1657,KENDAPARA ODISHA HOSPITAL - BUS STAND-,Odisha,29.0,7.4,7.8,999.0,1089.0,1.0,1.2,0.6,0.7,2.0,2.0,2.0,2.0,,,0.2,0.2,,,,18.2,0,503.4,1,545.0,0.8999999999999999,1.35,0,2.0,,,0,,0,,0
2021,3986,"MAUSHIMA TEMPLE AREA, PURI ODISHA IB THERMAL POWER STATION,",Odisha,29.0,6.0,6.5,76.0,128.0,1.0,1.3,0.3,0.5,2.0,2.0,2.0,2.0,,,0.2,0.6,,,,17.5,0,41.25,1,64.5,0.8,1.25,0,2.0,,,0,,0,,0
2021,4863,"JHARSUGUDA ODISHA INSIDE GAJMARA UP SCHOOL,",Odisha,24.0,6.5,7.0,214.0,418.0,1.0,1.1,0.7,0.9,2.0,2.0,2.0,2.0,,,0.2,0.4,,,,15.25,0,110.5,1,209.5,0.9,1.45,0,2.0,,,0,,0,,0
2021,4881,"DISTRICT HEAD QUARTER GAJAMARA, DHENKANAL ODISHA INSIDE THE PREMISES OF",Odisha,30.0,6.0,7.4,550.0,1060.0,1.0,1.2,0.9,1.7,2.0,2.0,2.0,2.0,,,0.2,1.2,,,,18.0,0,278.7,1,530.5,1.05,1.85,0,2.0,,,0,,0,,0
2021,4877,"DISTRICT HEAD QUARTER HOSPITAL, NAYAGARH ODISHA INSIDE THE PREMISES OF",Odisha,31.0,7.1,7.3,408.0,593.0,1.0,1.0,0.4,12.1,2.0,2.0,2.0,2.0,,,0.5,0.5,,,,19.05,0,207.65,1,297.0,0.7,7.05,0,2.0,,,0,,0,,0
2021,4896,"INSIDE THE PREMISES OF DISTRICT HEAD QUARTER 29.0 HOSPITAL, PHULBANI ODISHA",Odisha,23.0,7.0,7.4,205.0,318.0,1.0,1.0,0.5,0.6,2.0,11.0,2.0,27.0,,,0.2,0.2,,,,15.0,0,106.2,1,159.5,0.75,1.3,0,6.5,,,0,,0,,0
2021,1644,"JAGANNATH TEMPLE, KORAPUT ODISHA JAGATPUR INDUSTRIAL AREA,",Odisha,30.0,6.0,6.7,550.0,564.0,1.0,1.0,1.1,1.7,2.0,2.0,2.0,2.0,,,0.2,0.3,,,,18.0,0,278.35,1,282.5,1.05,1.85,0,2.0,,,0,,0,,0
2021,4869,OF M/S TATA STEEL LTD. CUTTACK ODISHA JODA WEST MANGANESE MINE,Odisha,23.0,5.4,7.1,93.0,136.0,1.0,1.0,0.9,1.0,2.0,2.0,2.0,2.0,,,0.2,0.5,,,,14.2,0,50.05,1,68.5,0.95,1.5,0,2.0,,,0,,0,,0
2021,3992,"(BICHHAKUNDI COLONY), JODA ODISHA",Odisha,22.0,6.6,7.3,208.0,291.0,1.0,1.0,0.9,1.0,2.0,2.0,2.0,2.0,,,0.2,0.3,,,,14.3,0,107.65,1,146.0,0.95,1.5,0,2.0,,,0,,0,,0
2021,1652,"KALIAPANI, SUKINDA ODISHA KALPNA - LAXMINAGAR AREA,",Odisha,29.0,5.7,6.3,330.0,541.0,1.0,1.0,0.4,1.5,2.0,2.0,2.0,2.0,,,0.2,0.2,,,,17.35,0,168.15,1,271.0,0.7,1.75,0,2.0,,,0,,0,,0
2021,3993,BHUBANESWAR ODISHA,Odisha,22.0,6.5,7.3,266.0,286.0,1.0,1.0,0.7,3.9,2.0,2.0,2.0,2.0,,,0.2,0.3,,,,14.25,0,136.65,1,143.5,0.85,2.95,0,2.0,,,0,,0,,0
2021,3974,"KAMARDA, SUKINDA ODISHA",Odisha,24.0,7.3,7.5,222.0,402.0,1.0,1.0,0.7,1.2,2.0,2.0,2.0,2.0,,,0.2,0.3,,,,15.65,0,114.75,1,201.5,0.85,1.6,0,2.0,,,0,,0,,0
2021,4894,"KANIHA, TALCHER ODISHA",Odisha,23.0,7.0,7.1,260.0,308.0,1.0,1.0,1.0,1.4,2.0,2.0,2.0,2.0,,,0.2,0.4,,,,15.0,0,133.55,1,154.5,1.0,1.7,0,2.0,,,0,,0,,0
2021,1649,"KASTURI NAGAR, RAYAGADA ODISHA KHANDAGIRI AREA,",Odisha,29.0,5.6,5.8,270.0,820.0,1.0,1.2,0.3,1.1,2.0,2.0,2.0,2.0,,,0.2,0.2,,,,17.3,0,137.9,1,410.5,0.75,1.55,0,2.0,,,0,,0,,0
2021,3995,BHUBANESWAR ODISHA,Odisha,26.0,6.6,7.3,36.0,287.0,1.0,1.0,0.7,0.7,2.0,2.0,2.0,2.0,,,4.9,6.1,,,,16.3,0,21.65,1,144.0,0.85,1.35,0,2.0,,,0,,0,,0
2021,3979,"KUANRPUR, BALASORE ODISHA",Odisha,24.0,7.4,8.1,428.0,797.0,1.0,1.0,0.3,0.6,2.0,2.0,2.0,2.0,,,1.0,1.0,,,,15.7,0,218.05,1,399.0,0.65,1.3,0,2.0,,,0,,0,,0
2021,1645,"KULAD, TALCHER ODISHA MADHUPATNA- KALYAN NAGAR",Odisha,26.0,6.5,6.7,350.0,397.0,1.0,1.0,0.6,0.6,2.0,2.0,2.0,2.0,,,0.2,0.2,,,,16.25,0,178.35,1,199.0,0.8,1.3,0,2.0,,,0,,0,,0
2021,3973,"AREA, CUTTACK ODISHA MAHANADI COAL FIELD AREA,",Odisha,23.0,7.2,7.2,290.0,290.0,1.0,1.0,1.3,1.3,2.0,2.0,2.0,2.0,,,21.7,21.7,,,,15.1,0,148.6,1,145.5,1.15,1.65,0,2.0,,,0,,0,,0
2021,1653,"AREA, BHUBANESWAR / TALCHER ODISHA MANCHESWAR INDUSTRIAL",Odisha,28.0,5.7,6.0,207.0,228.0,1.0,1.7,0.3,1.4,2.0,2.0,2.0,2.0,,,0.2,0.2,,,,16.85,0,106.5,1,114.5,1.0,1.7,0,2.0,,,0,,0,,0
2021,4862,"CHHAK, KHADIA ROAD, CHANDRASHEKHARPUR ODISHA MARKET COMPLEX, COURT",Odisha,33.0,6.9,7.6,720.0,807.0,1.0,1.0,0.6,1.0,2.0,2.0,2.0,2.0,,,0.4,0.9,,,,19.95,0,363.8,1,404.0,0.8,1.5,0,2.0,,,0,,0,,0
2021,3976,KENDAPARA ODISHA,Odisha,24.0,7.6,7.7,866.0,1269.0,1.0,1.0,0.9,1.6,2.0,2.0,2.0,2.0,,,0.4,0.7,,,,15.8,0,436.85,1,635.0,0.95,1.8,0,2.0,,,0,,0,,0
2021,3989,"MERAMUNDALI AREA, TALCHER ODISHA",Odisha,33.3,8.2,8.2,314.0,1908.0,1.0,1.0,0.3,0.7,2.0,2.0,2.0,2.0,,,0.5,1.2,,,,20.75,0,161.1,1,954.5,0.65,1.35,0,2.0,,,0,,0,,0
2021,3996,"20.0 MV-43, MALKANIGIRI ODISHA",Odisha,27.0,6.8,7.4,114.0,1089.0,1.0,1.0,0.7,0.7,2.0,2.0,2.0,2.0,,,0.2,0.2,,,,16.9,0,60.7,1,545.0,0.85,1.35,0,2.0,,,0,,0,,0
2021,3972,"NAIGOPALPUR, BALASORE ODISHA",Odisha,24.0,7.4,7.7,571.0,609.0,1.0,1.0,1.0,1.5,2.0,2.0,2.0,2.0,,,0.5,0.6,,,,15.7,0,289.35,1,305.0,1.0,1.75,0,2.0,,,0,,0,,0
2021,3966,"NALCO TOWNSHIP, TALCHER ODISHA",Odisha,31.0,6.9,7.1,854.0,908.0,1.0,1.0,1.0,36.2,2.0,2.0,2.0,2.0,,,0.2,0.2,,,,18.95,0,430.55,1,454.5,1.0,19.1,0,2.0,,,0,,0,,0
2021,4883,"NEAR BADABAZAR, BERHAMPUR ODISHA NEAR BARGARH GOVT.",Odisha,25.0,7.1,7.5,608.0,644.0,1.0,1.0,1.4,1.6,2.0,2.0,2.0,2.0,,,0.4,0.6,,,,16.05,0,307.75,1,322.5,1.2,1.8,0,2.0,,,0,,0,,0
2021,4887,HOSPITAL ODISHA NEAR BOLANGIR MEDICAL,Odisha,27.0,7.4,7.5,181.0,1083.0,1.0,1.0,0.8,1.2,2.0,2.0,2.0,2.0,,,0.2,0.3,,,,17.2,0,94.25,1,542.0,0.9,1.6,0,2.0,,,0,,0,,0
2021,3965,COLLEGE ODISHA,Odisha,31.0,7.4,7.4,720.0,1047.0,1.0,1.0,0.7,4.2,2.0,2.0,2.0,2.0,,,0.5,0.6,,,,19.2,0,363.7,1,524.0,0.85,3.1,0,2.0,,,0,,0,,0
2021,4890,"NEAR BUS STAND, BERHAMPUR ODISHA NEAR BUTUPALLI CHHAK,",Odisha,28.0,7.3,7.7,922.0,2135.0,1.0,1.0,0.7,2.0,2.0,2.0,2.0,2.0,,,0.3,0.3,,,,17.65,0,464.85,1,1068.0,0.85,2.0,0,2.0,,,0,,0,,0
2021,4884,MAULISINGHA ROAD ODISHA NEAR GANAPATI GOVT.,Odisha,26.0,6.8,7.0,1010.0,3217.0,1.0,1.0,1.0,1.3,2.0,2.0,2.0,2.0,,,0.3,0.3,,,,16.4,0,508.5,1,1609.0,1.0,1.65,0,2.0,,,0,,0,,0
2021,4892,HOSPITAL ODISHA NEAR GUNDICHA TEMPLE AT,Odisha,27.0,7.4,7.6,526.0,682.0,1.0,1.0,0.6,0.8,2.0,2.0,2.0,2.0,,,0.4,0.4,,,,17.2,0,266.8,1,341.5,0.8,1.4,0,2.0,,,0,,0,,0
2021,1656,"TENTEL GHAT, SONEPUR ODISHA NEAR JAGANNATH TEMPLE,",Odisha,29.0,7.4,7.6,1134.0,1272.0,1.0,1.0,1.2,1.4,2.0,2.0,2.0,2.0,,,0.2,0.2,,,,18.2,0,570.8,1,636.5,1.1,1.7,0,2.0,,,0,,0,,0
2021,1658,PURI ODISHA,Odisha,30.3,8.0,8.4,623.0,41840.0,1.0,1.0,0.3,0.3,2.0,2.0,2.0,2.0,,,0.2,0.9,,,,19.15,0,315.7,1,20920.5,0.65,1.15,0,2.0,,,0,,0,,0
2021,3964,"NEAR KUSHABHADRA, PURI ODISHA NEAR MKCG MEDICAL COLLEGE,",Odisha,31.0,7.7,7.9,527.0,968.0,1.0,1.0,0.8,0.9,2.0,2.0,2.0,2.0,,,0.9,0.9,,,,19.35,0,267.45,1,484.5,0.9,1.45,0,2.0,,,0,,0,,0
2021,4886,(BACKSIDE OF VETERINARY BERHAMPUR ODISHA NEAR NILASAILA NAGAR,Odisha,26.0,7.1,7.3,325.0,480.0,1.0,1.0,0.4,1.3,2.0,2.0,2.0,2.0,,,0.2,0.2,,,,16.55,0,166.15,1,240.5,0.7,1.65,0,2.0,,,0,,0,,0
2021,4885,OFFICE ODISHA NEAR NUAPADA GOVT.,Odisha,27.0,7.1,7.5,421.0,549.0,1.0,1.0,0.7,1.3,2.0,2.0,2.0,2.0,,,0.3,0.3,,,,17.05,0,214.25,1,275.0,0.85,1.65,0,2.0,,,0,,0,,0
2021,3970,"HOSPITAL ODISHA NEAR PANTHANIVAS,",Odisha,27.0,6.3,7.1,257.0,347.0,1.0,1.0,0.4,2.5,2.0,2.0,2.0,2.0,,,0.2,0.2,,,,16.65,0,132.05,1,174.0,0.7,2.25,0,2.0,,,0,,0,,0
2021,3967,"SAMBALPUR ODISHA NEAR RAILWAY STATION STAND,",Odisha,32.0,7.1,7.2,517.0,647.0,1.0,1.0,1.6,15.8,2.0,2.0,2.0,2.0,,,0.2,0.3,,,,19.55,0,262.1,1,324.0,1.3,8.9,0,2.0,,,0,,0,,0
2021,3969,"BERHAMPUR ODISHA NEAR RAILWAY STATION,",Odisha,29.0,7.0,7.4,1407.0,2473.0,1.0,1.0,1.4,31.6,2.0,2.0,2.0,5.0,,,0.3,0.4,,,,18.0,0,707.2,1,1237.0,1.2,16.8,0,2.0,,,0,,0,,0
2021,1655,SAMBALPUR ODISHA,Odisha,29.0,8.0,8.0,1584.0,1584.0,1.0,1.0,5.1,5.1,,,,,,,0.2,0.2,,,,18.5,0,796.0,1,792.5,3.05,,0,,,,0,,0,,0
2021,4882,SITE OF NAYAGARH NAC AT NEAR SOLID WASTE DISPOSAL SITE OF GAJAPATI MUNICIPALITY 16.0 AT RELLY SAHI ODISHA NEAR SOLID WASTE DISPOSAL,Odisha,30.0,6.1,7.8,146.0,1249.0,1.0,1.2,2.4,9.9,2.0,2.0,2.0,2.0,,,0.2,1.1,,,,18.05,0,76.9,1,625.0,1.7999999999999998,5.95,0,2.0,,,0,,0,,0
2021,4880,BHALUKHOLA VILLAGE ODISHA NEAR SOLID WASTE DISPOSAL SITE OF PHULBANI,Odisha,31.0,6.8,7.4,156.0,816.0,1.0,1.0,1.0,1.3,2.0,2.0,2.0,2.0,,,0.2,1.4,,,,18.9,0,81.7,1,408.5,1.0,1.65,0,2.0,,,0,,0,,0
2021,4888,MUNICIPALITY AT DADA PUJA MOUZA ODISHA,Odisha,28.0,7.1,7.2,1787.0,2339.0,1.0,1.0,0.4,0.8,2.0,23.0,2.0,49.0,,,0.3,0.4,,,,17.55,0,897.1,1,1170.0,0.7,1.4,0,12.5,,,0,,0,,0
2021,4889,SCHOOL AND IN FRONT OF HEAD NEAR SUDPADA POST OFFICE ODISHA NEAR TOWN GIRLS PRIMARY,Odisha,27.0,7.3,7.6,998.0,2136.0,1.0,1.1,0.8,1.0,2.0,2.0,2.0,2.0,,,0.2,0.3,,,,17.15,0,502.8,1,1068.5,0.9500000000000001,1.5,0,2.0,,,0,,0,,0
2021,3968,"POST OFFICE ODISHA NEAR VSS MEDICAL COLLEGE,",Odisha,30.0,7.0,7.5,513.0,710.0,1.0,1.0,0.7,1.3,2.0,2.0,2.0,2.0,,,0.5,0.8,,,,18.5,0,260.25,1,355.5,0.85,1.65,0,2.0,,,0,,0,,0
2021,1651,"BURLA, SAMBALPUR ODISHA OLD TOWN- SAMANTARAAIPUR",Odisha,29.0,5.8,6.5,405.0,409.0,1.0,1.5,0.4,0.7,2.0,2.0,2.0,2.0,,,0.4,0.5,,,,17.4,0,205.75,1,205.0,0.95,1.35,0,2.0,,,0,,0,,0
2021,3985,"AREA, BHUBANESWAR ODISHA RAMPUR AREA (WATER TANK),",Odisha,28.0,6.6,6.8,138.0,312.0,1.0,1.0,0.3,1.1,2.0,2.0,2.0,2.0,,,0.3,0.8,,,,17.3,0,72.4,1,156.5,0.65,1.55,0,2.0,,,0,,0,,0
2021,1648,JHARSUGUDA ODISHA RANIHAT- MANGALABAGH,Odisha,26.0,7.0,7.0,176.0,220.0,1.0,1.0,0.3,1.3,2.0,2.0,2.0,2.0,,,0.2,0.5,,,,16.5,0,91.5,1,110.5,0.65,1.65,0,2.0,,,0,,0,,0
2021,4871,"M/S K N RAM & CO., TANTO, AREA, CUTTACK ODISHA ROIDA-II IRON ORE MINES OF",Odisha,23.0,5.5,5.7,96.0,98.0,1.0,1.0,0.7,1.2,2.0,2.0,2.0,2.0,,,0.2,0.2,,,,14.25,0,50.85,1,49.5,0.85,1.6,0,2.0,,,0,,0,,0
2021,4866,"BHADRASAHI, BARBIL ODISHA SALANDI HOSPITAL PREMISES NEAR UNAUTHORISED GARBAGE",Odisha,27.0,7.2,7.3,355.0,496.0,1.0,1.0,1.2,1.4,2.0,2.0,2.0,2.0,10.0,10.0,0.7,0.8,,,,17.1,0,181.15,1,248.5,1.1,1.7,0,2.0,6.0,5.35,0,,0,,0
2021,3991,DISPOSAL SITE BY THE SIDE OF NH ODISHA,Odisha,22.0,6.9,7.3,214.0,275.0,1.0,1.2,0.9,1.7,2.0,2.0,2.0,2.0,,,0.2,0.3,,,,14.45,0,110.65,1,138.0,1.05,1.85,0,2.0,,,0,,0,,0
2021,1654,"HOUSE- OLDBUS STAND AREA, SARUABIL, SUKINDA ODISHA SECRETARIAT- GOVERNOR",Odisha,29.0,5.6,6.0,322.0,376.0,1.0,1.0,0.5,1.0,2.0,2.0,2.0,2.0,,,0.2,0.3,,,,17.3,0,164.0,1,188.5,0.75,1.5,0,2.0,,,0,,0,,0
2021,4900,"COLONY, WARD NO. 17), BHUBANESWAR ODISHA SITABUDIPARA (IRRIGATION",Odisha,24.0,6.9,7.3,702.0,841.0,1.0,1.0,1.3,1.5,2.0,2.0,2.0,2.0,,,0.2,0.3,,,,15.45,0,354.65,1,421.0,1.15,1.75,0,2.0,,,0,,0,,0
2021,3975,23.0 TALCHER THERMAL AREA ODISHA,Odisha,24.0,7.1,7.2,279.0,282.0,1.0,1.2,0.7,1.2,2.0,2.0,2.0,2.0,,,0.2,0.2,,,,15.55,0,143.1,1,141.5,0.95,1.6,0,2.0,,,0,,0,,0
2021,4902,"TALCHER TOWN ODISHA TEKBADI OF NETAJI NAGAR,",Odisha,23.0,6.7,6.9,691.0,1115.0,1.0,1.0,0.9,1.1,2.0,2.0,2.0,2.0,,,0.2,0.3,,,,14.85,0,348.95,1,558.0,0.95,1.55,0,2.0,,,0,,0,,0
2021,4874,"MALKANIGIRI ODISHA TENSA RESIDENTIAL AREA,",Odisha,25.0,6.6,7.1,160.0,485.0,1.0,1.0,0.4,0.7,2.0,2.0,2.0,2.0,,,0.2,0.6,,,,15.8,0,83.55,1,243.0,0.7,1.35,0,2.0,,,0,,0,,0
2021,4872,M/S KAYPEE ENTERPRISES NEAR KOIRA ODISHA THAKURANI IRON ORE MINES OF,Odisha,24.0,5.5,6.4,109.0,151.0,1.0,1.0,1.0,1.2,2.0,2.0,2.0,2.0,,,0.2,0.8,,,,14.75,0,57.7,1,76.0,1.0,1.6,0,2.0,,,0,,0,,0
2021,3990,"VT CENTRE, BARBIL ODISHA",Odisha,22.0,7.2,7.2,288.0,302.0,1.0,1.0,1.1,1.4,2.0,2.0,2.0,2.0,,,0.2,0.3,,,,14.6,0,147.6,1,151.5,1.05,1.7,0,2.0,,,0,,0,,0
2021,4897,"TISCO, SUKINDA ODISHA",Odisha,22.0,6.4,6.6,333.0,649.0,1.0,1.0,1.2,1.7,2.0,2.0,2.0,2.0,,,0.2,0.2,,,,14.2,0,169.8,1,325.0,1.1,1.85,0,2.0,,,0,,0,,0
2021,4893,"BURDELLA PULLAMA TEMPLE, TOTAGUDA ODISHA WITNIN THE PREMISES OF",Odisha,23.0,6.8,6.9,705.0,1876.0,1.0,1.0,0.7,1.0,2.0,2.0,2.0,2.0,,,0.2,0.2,,,,14.9,0,355.95,1,938.5,0.85,1.5,0,2.0,,,0,,0,,0
2021,4632,RAYAGADA ODISHA,Odisha,30.0,7.1,7.6,1190.0,1759.0,1.0,1.0,7.3,8.8,,,,,671.0,1154.0,,,0.001,0.001,,18.55,0,598.8,1,880.0,4.15,,0,,,,0,,0,,0
2021,4633,MADUKARAI PUDUCHERRY,Puducherry,33.0,6.6,6.9,461.0,711.0,1.0,1.0,0.3,0.3,,,,,385.0,437.0,,,0.001,0.001,,19.8,0,233.95,1,356.0,0.65,,0,,,,0,,0,,0
2021,4631,PANITHITTU PUDUCHERRY,Puducherry,30.0,7.1,7.7,1076.0,1784.0,1.0,1.0,3.0,3.06,,,,,749.0,769.0,,,0.001,0.001,,18.55,0,541.85,1,892.5,2.0,,0,,,,0,,0,,0
2021,3884,GOVERNMENT HIGH THIRUKKANUR PUDUCHERRY WELL AT CHEVALIER SELLANE,Puducherry,31.0,6.8,7.2,1055.0,1354.0,1.0,1.0,7.67,11.3,,,,,676.0,939.0,,,0.001,0.001,,18.9,0,531.1,1,677.5,4.335,,0,,,,0,,0,,0
2021,3885,"SECONDARY SCHOOL, KALAPET PUDUCHERRY WELL AT DHANDERAR KULAM,",Puducherry,31.0,7.6,7.6,1294.0,1564.0,1.0,1.0,2.5,3.98,,,,,746.0,1217.0,,,0.001,0.001,,19.3,0,650.8,1,782.5,1.75,,0,,,,0,,0,,0
2021,3882,"SEDARAPET PUDUCHERRY WELL AT ECHANKADU,",Puducherry,33.0,6.7,7.0,461.0,498.0,1.0,1.0,0.3,0.3,,,,,268.0,273.0,,,0.001,0.001,,19.85,0,234.0,1,249.5,0.65,,0,,,,0,,0,,0
2021,1454,"KIRUMAMBAKKAM PUDUCHERRY WELL AT KALAPET, PONDI.",Puducherry,31.0,6.1,6.1,354.0,770.0,1.0,1.0,1.14,2.3,,,,,162.0,438.0,,,0.001,0.001,,18.55,0,180.05,1,385.5,1.0699999999999998,,0,,,,0,,0,,0
2021,1688,UNIVERSITY ADMN. BLOCK PUDUCHERRY,Puducherry,31.0,7.4,7.7,778.0,789.0,1.0,1.0,0.56,1.1,,,,,475.0,498.0,,,0.001,0.001,,19.2,0,392.85,1,395.0,0.78,,0,,,,0,,0,,0
2021,3886,"WELL AT KATTERIKUPPAM PUDUCHERRY WELL AT KOTHAPURINATHAM,",Puducherry,31.0,7.5,7.7,1200.0,1301.0,1.0,1.0,4.2,4.4,,,,,734.0,786.0,,,0.001,0.001,,19.25,0,603.85,1,651.0,2.6,,0,,,,0,,0,,0
2021,2009,THIRUVANDARKOIL PUDUCHERRY,Puducherry,32.0,6.4,6.8,649.0,706.0,1.0,1.0,3.2,4.0,,,,,395.0,465.0,,,0.001,0.001,,19.2,0,327.9,1,353.5,2.1,,0,,,,0,,0,,0
2021,2012,"WELL AT KURUMBAPET PUDUCHERRY WELL AT MARUTHI SCHOOL,",Puducherry,31.0,6.4,7.6,2060.0,2500.0,1.0,1.0,1.0,1.87,,,,,1278.0,1648.0,,,0.001,0.001,,18.7,0,1033.8,1,1250.5,1.0,,0,,,,0,,0,,0
2021,1397,RAMAKRISHNA NAGAR/ 31.0 WELL AT METTUPALAYAM PUDUCHERRY WELL AT MUTHIALPET AREA(I),Puducherry,31.0,6.1,6.1,836.0,1294.0,1.0,1.0,7.0,7.53,,,,,557.0,611.0,,,0.001,0.001,,18.55,0,421.05,1,647.5,4.0,,0,,,,0,,0,,0
2021,1453,KRISHNA NAGAR PUDUCHERRY WELL AT MUTHIRAPPALAYAM,Puducherry,31.0,6.6,7.1,692.0,750.0,1.0,1.0,3.3,5.27,,,,,497.0,599.0,,,0.001,0.001,,18.8,0,349.55,1,375.5,2.15,,0,,,,0,,0,,0
2021,1687,(PWD) PUDUCHERRY WELL AT NEHRU STATUE,Puducherry,30.0,7.0,7.0,1686.0,1970.0,1.0,1.0,0.54,1.6,,,,,1052.0,1286.0,,,0.001,0.001,,18.5,0,846.5,1,985.5,0.77,,0,,,,0,,0,,0
2021,2446,MISSION ST. - CHETTY KOIL PUDUCHERRY,Puducherry,28.0,5.3,5.3,289.0,289.0,1.0,1.0,0.3,0.3,,,,,190.0,190.0,,,0.001,0.001,,16.65,0,147.15,1,145.0,0.65,,0,,,,0,,0,,0
2021,2447,WELL AT PALLUR PUDUCHERRY,Puducherry,29.0,5.0,5.0,83.0,83.0,1.0,1.0,0.3,0.3,,,,,51.0,51.0,,,0.001,0.001,,17.0,0,44.0,1,42.0,0.65,,0,,,,0,,0,,0
2021,2013,"WELL AT PANTHAKKAL PUDUCHERRY WELL AT T.R.PATTINAM,",Puducherry,28.4,8.1,8.4,1926.0,2030.0,1.0,1.0,0.3,0.4,,,,,1068.0,1093.0,,,0.001,0.001,,18.25,0,967.2,1,1015.5,0.65,,0,,,,0,,0,,0
2021,1398,"KARAIKAL PUDUCHERRY WELL AT THENGAITHITTU AREA,",Puducherry,31.5,6.3,6.4,1769.0,1867.0,1.0,1.0,0.3,0.3,,,,,1215.0,1283.0,,,0.001,0.001,,18.9,0,887.7,1,934.0,0.65,,0,,,,0,,0,,0
2021,2011,(II) PUDUCHERRY,Puducherry,32.0,7.5,8.0,1830.0,1863.0,1.0,1.0,0.3,0.3,,,,,1193.0,1309.0,,,0.001,0.001,,19.75,0,919.0,1,932.0,0.65,,0,,,,0,,0,,0
2021,2014,"WELL AT URUVAIYAR PUDUCHERRY WELL AT VADAMATTAM,",Puducherry,28.4,8.0,8.1,1509.0,1511.0,1.0,1.0,0.4,0.5,,,,,818.0,851.0,,,0.001,0.001,,18.2,0,758.55,1,756.0,0.7,,0,,,,0,,0,,0
2021,3883,KARAIKAL PUDUCHERRY,Puducherry,32.0,7.3,7.4,336.0,363.0,1.0,1.0,0.3,0.3,,,,,168.0,203.0,,,0.001,0.001,,19.65,0,171.7,1,182.0,0.65,,0,,,,0,,0,,0
2021,4155,"LUDHIANA OPP SATISH DAIRY WELL NEAR BY LAKE BAHOUR PUDUCHERRY DAIRY COMPLEX, TAJPUR ROAD,",Puducherry,,7.6,7.8,1114.0,1329.0,1.0,1.0,0.3,0.3,2.0,2.0,2.0,2.0,703.0,783.0,0.3,0.3,0.001,0.001,,,0,560.9,1,665.0,0.65,1.15,0,2.0,352.5,391.65,0,0.1505,0,,0
2021,4153,"MEAR AMRIT DHARAM KANTA PUNJAB DASHMESH NAGAR, GALI NO 12,",Punjab,,7.6,8.0,783.0,905.0,1.0,1.0,0.3,0.3,2.0,2.0,2.0,2.0,446.0,504.0,0.2,0.2,0.001,0.001,,,0,395.5,1,453.0,0.65,1.15,0,2.0,224.0,252.1,0,0.1005,0,,0
2021,2918,LUDHIANA PUNJAB,Punjab,,8.1,8.5,1560.0,2721.0,1.0,1.0,0.3,1.3,2.0,2.0,2.0,2.0,845.0,1548.0,0.8,0.9,0.001,0.001,,,0,784.25,1,1361.0,0.65,1.65,0,2.0,423.5,774.4,0,0.4505,0,,0
2021,2919,"DERA BASSI, PUNJAB PUNJAB",Punjab,,7.9,8.4,1221.0,1835.0,1.0,1.0,0.3,1.2,2.0,2.0,2.0,2.0,697.0,1195.0,0.7,0.9,0.001,0.001,,,0,614.7,1,918.0,0.65,1.6,0,2.0,349.5,597.85,0,0.4505,0,,0
2021,4144,"DERA BASSI, PUNJAB PUNJAB GROUND WATER SAMPLING",Punjab,29.0,8.1,8.3,566.0,604.0,1.0,1.0,1.1,1.2,2.0,2.0,2.0,2.0,321.0,327.0,0.3,0.3,0.001,0.001,,18.55,0,287.15,1,302.5,1.05,1.6,0,2.0,161.5,163.65,0,0.1505,0,,0
2021,1900,"HAIBOWAL DAIRY COMPLEX, BLOCATION IN VILLAGE MAIN PUNJAB GURCHAARAN SINGH",Punjab,,7.5,7.6,882.0,1365.0,1.0,1.0,0.3,0.4,2.0,2.0,2.0,2.0,484.0,819.0,0.2,0.4,0.001,0.001,,,0,444.8,1,683.0,0.65,1.2,0,2.0,243.0,409.6,0,0.2005,0,,0
2021,2920,LUDHIANA PUNJAB,Punjab,35.0,7.4,7.4,1041.0,1041.0,1.0,1.0,7.2,7.2,2.0,2.0,2.0,2.0,680.0,680.0,0.3,0.3,0.001,0.001,,21.2,0,524.2,1,521.0,4.1,4.6,0,2.0,341.0,340.15,0,0.1505,0,,0
2021,2921,"HAMIRA VILLAGE, PUNJAB PUNJAB",Punjab,35.0,7.5,7.5,510.0,510.0,1.0,1.0,1.2,1.2,2.0,2.0,2.0,2.0,281.0,281.0,0.6,0.6,0.001,0.001,,21.25,0,258.75,1,255.5,1.1,1.6,0,2.0,141.5,140.8,0,0.3005,0,,0
2021,4156,"ROAD NEAR DHANDARI KALAN, HANDPUMP AT PARK ADJOINING TO NATIONAL - INDUSTRIES, E-128, PH-IV, FOCAL POINT LUDHIANA PUNJAB HANDPUMP IN AREA ON SUA",Punjab,,7.5,7.9,790.0,1045.0,1.0,1.0,0.3,0.6,2.0,2.0,2.0,2.0,475.0,602.0,0.2,0.2,0.001,0.001,,,0,398.95,1,523.0,0.65,1.3,0,2.0,238.5,301.1,0,0.1005,0,,0
2021,4137,"LTD, MUGHAL MAJRA, MANDI LUDHIANA PUNJAB HANDPUMP IN M/S DEEP STEEL",Punjab,,7.7,7.8,682.0,917.0,1.0,1.0,0.3,0.7,2.0,2.0,2.0,2.0,398.0,607.0,0.2,0.6,0.001,0.001,,,0,344.9,1,459.0,0.65,1.35,0,2.0,200.0,303.6,0,0.3005,0,,0
2021,4140,"BAGHBANI FARM, VILL HARIAN, GOBBINDGARH PUNJAB HANDPUMP IN SAHOTA",Punjab,,7.7,7.7,1636.0,1636.0,1.0,1.0,9.2,9.2,2.0,2.0,2.0,2.0,931.0,931.0,0.3,0.3,0.001,0.001,,,0,821.85,1,818.5,5.1,5.6,0,2.0,466.5,465.65,0,0.1505,0,,0
2021,4141,"CENTRE, DEFENCE ROAD, MACHIWARA PUNJAB HANDPUMP INSTRIAL GROWTH",Punjab,29.0,7.4,7.7,432.0,472.0,1.0,1.0,0.3,1.2,2.0,2.0,2.0,2.0,257.0,263.0,0.2,0.2,0.001,0.001,,18.2,0,219.85,1,236.5,0.65,1.6,0,2.0,129.5,131.6,0,0.1005,0,,0
2021,4143,"OF NABHA POWER LTD, VILL PATHANKOT PUNJAB HANDPUMP NEAR ASH DYKES",Punjab,29.0,8.0,8.0,1392.0,1392.0,1.0,1.0,2.4,2.4,2.0,2.0,2.0,2.0,697.0,697.0,0.4,0.4,0.001,0.001,,18.5,0,700.0,1,696.5,1.7,2.2,0,2.0,349.5,348.7,0,0.2005,0,,0
2021,4138,"PRITAM SCHOOL, AMBEY NALASH, RAJPURA PUNJAB HANDPUMP, 149 NEAR SANT",Punjab,,7.7,7.7,578.0,670.0,1.0,1.0,0.3,0.3,2.0,2.0,2.0,2.0,318.0,382.0,0.2,0.5,0.001,0.001,,,0,292.85,1,335.5,0.65,1.15,0,2.0,160.0,191.1,0,0.2505,0,,0
2021,4142,"MAJRA, MANDI GOBINDGARH PUNJAB HANDPUMP, VILL DHERIWAL,",Punjab,24.0,7.3,7.4,450.0,498.0,1.0,1.0,0.3,1.4,2.0,2.0,2.0,2.0,268.0,273.0,0.2,0.2,0.001,0.001,,15.65,0,228.7,1,249.5,0.65,1.7,0,2.0,135.0,136.6,0,0.1005,0,,0
2021,2922,"DIST PATHANKOT PUNJAB LEATHER COMPLEX,",Punjab,38.0,7.7,7.7,915.0,915.0,1.0,1.0,2.1,2.1,2.0,2.0,2.0,2.0,578.0,578.0,0.2,0.2,0.001,0.001,,22.85,0,461.35,1,458.0,1.55,2.05,0,2.0,290.0,289.1,0,0.1005,0,,0
2021,2923,"JALANDHAR, PUNJAB PUNJAB LEATHER COMPLEX,",Punjab,38.0,7.6,7.6,2015.0,2015.0,1.0,1.0,1.4,1.4,2.0,2.0,2.0,2.0,1502.0,1502.0,0.9,0.9,0.001,0.001,,22.8,0,1011.3,1,1008.0,1.2,1.7,0,2.0,752.0,751.45,0,0.4505,0,,0
2021,2924,"JALANDHAR, PUNJAB PUNJAB",Punjab,,7.6,7.8,853.0,1054.0,1.0,1.0,0.3,0.7,2.0,2.0,2.0,2.0,505.0,690.0,0.2,0.7,0.001,0.001,,,0,430.4,1,527.5,0.65,1.35,0,2.0,253.5,345.1,0,0.3505,0,,0
2021,2925,"MANDI GOBINDGARH, PUNJAB PUNJAB",Punjab,,7.6,7.8,866.0,1084.0,1.0,1.0,0.3,0.8,2.0,2.0,2.0,2.0,521.0,718.0,0.2,0.8,0.001,0.001,,,0,436.9,1,542.5,0.65,1.4,0,2.0,261.5,359.1,0,0.4005,0,,0
2021,4135,"MANDI GOBINDGARH, PUNJAB PUNJAB",Punjab,,7.7,8.0,520.0,730.0,1.0,1.0,0.3,0.32,2.0,2.0,2.0,2.0,312.0,418.0,0.2,0.3,0.001,0.001,,,0,264.0,1,365.5,0.65,1.16,0,2.0,157.0,209.1,0,0.1505,0,,0
2021,2917,"MSW DUMPING SITE, JAMALPUR PUNJAB NEAR HARMANDIR SAHEB,",Punjab,,7.5,7.6,593.0,1016.0,1.0,1.0,0.4,0.6,2.0,2.0,2.0,2.0,383.0,610.0,0.3,0.5,0.001,0.001,,,0,300.3,1,508.5,0.7,1.3,0,2.0,192.5,305.15,0,0.2505,0,,0
2021,2916,"AMRITSAR, PUNJAB PUNJAB NEAR LANDFILL SITE, AMRITSAR,",Punjab,,7.7,7.8,475.0,912.0,1.0,1.0,0.4,1.4,2.0,2.0,2.0,2.0,442.0,540.0,0.3,0.4,0.001,0.001,,,0,241.4,1,456.5,0.7,1.7,0,2.0,222.0,270.15,0,0.2005,0,,0
2021,1903,PUNJAB AGRICULTURAL,Punjab,,7.6,8.0,470.0,516.0,1.0,1.0,0.3,0.3,2.0,2.0,2.0,2.0,280.0,348.0,0.2,0.2,0.001,0.001,,,0,239.0,1,258.5,0.65,1.15,0,2.0,141.0,174.1,0,0.1005,0,,0
2021,2928,"UNIVERSITY, LUDHIANA PUNJAB",Punjab,,7.5,7.5,517.0,517.0,1.0,1.0,0.3,0.3,2.0,2.0,2.0,2.0,305.0,305.0,0.5,0.5,0.001,0.001,,,0,262.25,1,259.0,0.65,1.15,0,2.0,153.5,152.75,0,0.2505,0,,0
2021,2929,"ROPAR, PUNJAB PUNJAB",Punjab,,7.8,7.8,570.0,570.0,1.0,1.0,0.3,0.3,2.0,2.0,2.0,2.0,335.0,335.0,0.3,0.3,0.001,0.001,,,0,288.9,1,285.5,0.65,1.15,0,2.0,168.5,167.65,0,0.1505,0,,0
2021,4145,"WITH GHAGGAR NEAR VILL ROPAR, PUNJAB PUNJAB SAGAR PARA DRAIN MEETING",Punjab,29.0,7.9,7.9,911.0,911.0,1.0,1.0,1.2,1.2,2.0,2.0,2.0,2.0,498.0,498.0,0.4,0.4,0.001,0.001,,18.45,0,459.45,1,456.0,1.1,1.6,0,2.0,250.0,249.2,0,0.2005,0,,0
2021,1902,"SAGAR PARA, PATRAN PUNJAB SHUKLA TEA STAL POINT,",Punjab,,7.3,7.3,1160.0,1160.0,1.0,1.0,10.3,10.3,2.0,2.0,2.0,2.0,638.0,638.0,0.2,0.2,0.001,0.001,,,0,583.65,1,580.5,5.65,6.15,0,2.0,320.0,319.1,0,0.1005,0,,0
2021,4136,LUDHIANA PUNJAB,Punjab,,7.6,7.7,1471.0,1747.0,1.0,1.0,0.3,0.3,2.0,2.0,2.0,2.0,878.0,1004.0,0.3,0.5,0.001,0.001,,,0,739.35,1,874.0,0.65,1.15,0,2.0,440.0,502.15,0,0.2505,0,,0
2021,2930,STP JAMALPUR PUNJAB,Punjab,,7.9,8.0,1592.0,1625.0,1.0,1.0,3.4,3.7,2.0,2.0,2.0,2.0,904.0,915.0,0.4,0.5,0.001,0.001,,,0,800.0,1,813.0,2.2,2.85,0,2.0,453.0,457.7,0,0.2505,0,,0
2021,2931,"TOANSA, PUNJAB PUNJAB",Punjab,,8.0,8.2,568.0,1498.0,1.0,1.0,1.4,1.9,2.0,2.0,2.0,2.0,319.0,862.0,0.2,0.3,0.001,0.001,,,0,288.1,1,749.5,1.2,1.95,0,2.0,160.5,431.1,0,0.1505,0,,0
2021,4154,"TOANSA, PUNJAB PUNJAB TSSM SR SEC SCHOOL",Punjab,,7.4,8.1,862.0,915.0,1.0,1.0,0.3,1.2,2.0,2.0,2.0,2.0,519.0,552.0,0.2,0.3,0.001,0.001,,,0,435.05,1,458.0,0.65,1.6,0,2.0,260.5,276.1,0,0.1505,0,,0
2021,4134,"ROAD, LUDHIANA INDUSTRIAL SHIMLAPURI, LUDHIANA PUNJAB TUBE WELL AT RSSB, TIBBA",Punjab,,7.7,8.0,504.0,550.0,1.0,1.0,0.3,0.4,2.0,2.0,2.0,2.0,304.0,331.0,0.2,0.4,0.001,0.001,,,0,256.0,1,275.5,0.65,1.2,0,2.0,153.0,165.6,0,0.2005,0,,0
2021,1707,"CHEMICALS, MIA, ALWAR, AREA PUNJAB BORE WELL IN MODI ALKALIS &",Punjab,32.0,7.3,7.7,2100.0,3090.0,,,0.9,3.04,4.0,4.0,4.0,7.0,1522.0,2000.0,0.4,0.5,,,,19.65,0,1053.85,1,,,3.52,0,4.0,764.5,1000.2,0,,0,,0
2021,3002,RAJASTHAN RAJASTHAN BORE WELL M/S R.C. PALACE,Rajasthan,32.0,7.2,8.0,870.0,1629.0,,,2.74,3.1,64.0,93.0,120.0,150.0,678.0,1058.0,0.5,0.7,,,,19.6,0,439.0,1,,,33.55,1,106.5,414.0,529.25,0,,0,,0
2021,4166,"HOTEL, BHIWADI, RAJASTHAN RAJASTHAN BORE WELL NEAR MSW SITE/",Rajasthan,29.0,7.7,8.1,2200.0,3770.0,,,7.36,8.04,7.0,14.0,14.0,20.0,1632.0,2440.0,1.1,1.3,,,,18.35,0,1104.05,1,,,7.52,0,14.0,826.0,1220.55,0,,0,,0
2021,4165,"KANOTA DAM, JAIPUR RAJASTHAN BORE WELL NEAR STP AT",Rajasthan,30.0,7.4,7.6,1170.0,1896.0,,,3.04,3.14,14.0,14.0,21.0,28.0,878.0,1232.0,0.7,0.8,,,,18.7,0,588.8,1,,,8.57,0,17.5,453.0,616.35,0,,0,,0
2021,3005,"EDIBLE FOOD PRODUCT, GAJADHARPURA, JAIPUR RAJASTHAN BORE WELL OF M/S KUNDAN",Rajasthan,29.0,7.8,8.4,760.0,1275.0,,,2.36,3.12,93.0,460.0,240.0,1100.0,584.0,825.0,0.5,0.7,,,,18.4,0,384.2,1,,,48.06,1,350.0,842.0,412.75,0,,0,,0
2021,3004,"PUBLIC SCHOOL, BHIWADI, KHUSKHERA, RAJASTHAN RAJASTHAN BORE WELL OF M/S MODERN",Rajasthan,30.0,7.8,8.2,1310.0,1809.0,,,2.36,3.04,2.0,4.0,4.0,9.0,942.0,1175.0,0.5,0.6,,,,18.9,0,659.1,1,,,2.52,0,4.0,475.5,587.75,0,,0,,0
2021,3001,"SERVICE STATION, BHIWADI, BORE WELL OFFICE OF RAJ. HOUSING BOARD, BHIWADI, 30.0 RAJASTHAN RAJASTHAN BORE WELL SH. BHRAM JEET",Rajasthan,29.0,7.6,8.2,2000.0,2530.0,,,7.36,9.2,64.0,93.0,210.0,240.0,1358.0,1646.0,0.4,1.0,,,,18.3,0,1004.1,1,,,36.6,1,151.5,799.0,823.2,0,,0,,0
2021,2999,"VILLAGE PHALSHA MODE RIA RAJASTHAN RAJASTHAN BORE WELL SH. PREM CHAND,",Rajasthan,28.0,7.2,7.9,1330.0,2090.0,,,3.15,4.4,240.0,240.0,460.0,460.0,964.0,1356.0,0.4,0.6,,,,17.6,0,668.95,1,,,122.2,1,350.0,712.0,678.2,0,,0,,0
2021,3000,"S/O SH. HORIDWARI RAM 3A-16 CHOPNADI, RAJASTHAN RAJASTHAN BORE WELL SH. UMESH KUMAR",Rajasthan,30.0,7.1,8.1,780.0,1468.0,,,2.4,4.12,2.0,2.0,2.0,4.0,596.0,954.0,0.4,0.4,,,,18.55,0,394.05,1,,,3.06,0,2.0,300.0,477.2,0,,0,,0
2021,4182,"UIT, BHIWADI, RAJASTHAN RAJASTHAN BOREWELL AT RO OF RSPCB,",Rajasthan,30.0,7.8,7.8,4800.0,4800.0,,,3.16,3.16,2.0,2.0,4.0,4.0,3678.0,3678.0,0.8,0.8,,,,18.9,0,2403.9,1,,,2.58,0,3.0,1841.0,1839.4,0,,0,,0
2021,4183,"INFRONT OF STP, BHIWADI, BHIWADI, TIJARA, ALWAR RAJASTHAN BOREWELL AT STAR HOSPITAL,",Rajasthan,28.0,7.1,8.2,2000.0,3070.0,,,5.7,7.7,120.0,240.0,210.0,460.0,1394.0,1996.0,0.8,0.8,,,,17.55,0,1004.1,1,,,63.85,1,225.0,927.0,998.4,0,,0,,0
2021,4184,"TIJARA, ALWAR RAJASTHAN BOREWELL IN CETP PREMISES,",Rajasthan,30.0,7.3,8.2,1900.0,2550.0,,,4.12,4.72,2.0,4.0,4.0,7.0,1396.0,1655.0,0.4,0.4,,,,18.65,0,954.1,1,,,3.36,0,4.0,701.5,827.7,0,,0,,0
2021,4181,"BHIWADI, TIJARA, ALWAR RAJASTHAN BOREWELL IN THE HOUSE AKRAM KHAN, AMLAKI,",Rajasthan,27.0,7.1,7.9,3100.0,5170.0,,,1.14,1.6,39.0,39.0,75.0,120.0,2238.0,3350.0,0.4,0.4,,,,17.05,0,1553.95,1,,,20.3,0,57.0,1179.0,1675.2,0,,0,,0
2021,4797,"CITY PALACE, NEAR SHEETLA KHARGANJ INDL AREA, TIJARA, ALWAR RAJASTHAN BOREWELL NEAR MAIN GATE,",Rajasthan,27.0,7.2,7.7,870.0,1045.0,,,0.9,1.7,2.0,3.0,3.0,4.0,664.0,679.0,0.4,0.6,,,,17.1,0,438.85,1,,,1.85,0,3.0,334.0,339.7,0,,0,,0
2021,4765,"MATA TEMPLE, UDAIPUR RAJASTHAN BOREWELL OF AJANTA TEXTILES",Rajasthan,27.0,7.8,7.9,26000.0,27000.0,,,4.72,5.48,2.0,3.0,3.0,3.0,19254.0,21254.0,0.3,0.5,,,,17.4,0,13003.95,1,,,3.74,0,3.0,9628.5,10627.15,0,,0,,0
2021,4766,"BACHARAJ & JOINT KRISHI NAKODA ROAD, JASOL, RAJASTHAN BOREWELL OF AMRITLAL S/O",Rajasthan,27.0,7.6,7.9,14900.0,17000.0,,,3.52,4.2,3.0,4.0,4.0,7.0,11184.0,12164.0,0.4,0.6,,,,17.3,0,7453.95,1,,,3.6,0,4.0,5595.5,6082.2,0,,0,,0
2021,4798,"SECTOR-03, HIRAN MARG, FORM KH. NO. 66/15, BITHUJA RAJASTHAN BOREWELL OF BSNL OFFICE,",Rajasthan,27.0,7.0,7.8,1690.0,3410.0,,,1.3,2.68,9.0,14.0,14.0,28.0,1224.0,2210.0,0.9,1.0,,,,17.0,0,848.9,1,,,5.84,0,14.0,626.0,1105.45,0,,0,,0
2021,4180,UDAIPUR RAJASTHAN BOREWELL OF JYOTI UCHCH,Rajasthan,31.0,7.3,8.1,1320.0,2550.0,,,7.7,8.8,39.0,64.0,75.0,120.0,984.0,1657.0,0.9,1.1,,,,19.15,0,664.05,1,,,23.9,0,69.5,552.0,828.95,0,,0,,0
2021,4779,"NAYAGAON, RAMPUR MUNDANA, BHIWADI BOREWELL OF SHRI PEMARAM MALI/DHUDARAM MALI, 25.0 BITHUJA, BALOTRA RAJASTHAN BOREWELL OF VKIA",Rajasthan,30.0,7.6,8.0,850.0,1272.0,,,2.48,3.68,7.0,11.0,11.0,20.0,604.0,826.0,0.4,0.7,,,,18.8,0,429.0,1,,,5.34,0,11.0,312.0,413.2,0,,0,,0
2021,1720,"ASSOCIATED ALCOHOL RECREATIONAL CLUB JAIPUR RAJASTHAN CHAUDHARY KA WELL VILLAGE PANIALA, KOTAPUTALI NEAR",Rajasthan,30.0,7.1,8.2,2300.0,4040.0,,,4.56,5.24,3.0,4.0,4.0,7.0,1588.0,2620.0,0.9,1.0,,,,18.55,0,1154.1,1,,,4.12,0,4.0,797.5,1310.45,0,,0,,0
2021,4799,"BREVERIES LTD JAIPUR, RAJASTHAN RAJASTHAN HAND PUMP AT DISTRICT",Rajasthan,32.0,7.6,8.2,990.0,1280.0,,,2.6,3.04,4.0,4.0,9.0,9.0,756.0,906.0,0.7,0.9,,,,19.8,0,499.1,1,,,3.52,0,6.5,382.5,453.35,0,,0,,0
2021,4800,"COLLECTOR OFFICE, BARAN RAJASTHAN TUBE WELL AT DISTRICT",Rajasthan,27.0,7.9,8.2,900.0,2900.0,,,1.3,6.2,4.0,4.0,7.0,9.0,692.0,2132.0,0.7,1.2,,,,17.45,0,454.1,1,,,5.1,0,5.5,350.5,1066.35,0,,0,,0
2021,4801,"COLLECTOR OFFICE, CHURU RAJASTHAN HAND PUMP AT DISTRICT",Rajasthan,26.0,7.7,8.3,4800.0,6200.0,,,5.36,5.6,4.0,7.0,9.0,14.0,36.0,4030.0,1.2,1.3,,,,16.85,0,2404.15,1,,,4.8,0,8.0,25.0,2015.6,0,,0,,0
2021,4802,"COLLECTOR OFFICE, DAUSA RAJASTHAN HAND PUMP AT DISTRICT",Rajasthan,27.0,7.9,8.0,1505.0,1900.0,13.2,13.2,2.4,3.08,4.0,7.0,9.0,11.0,978.0,1214.0,0.5,0.6,,,,17.45,0,756.5,1,956.6,7.8,3.54,0,8.0,494.5,607.25,0,,0,,0
2021,4170,"COLLECTOR OFFICE, KARAULI RAJASTHAN HAND PUMP AT VILLAGE",Rajasthan,19.0,7.9,7.9,1110.0,1440.0,,,2.2,2.8,3.0,7.0,7.0,11.0,724.0,1064.0,0.9,1.1,,,,13.45,0,558.95,1,,,2.9,0,7.0,367.5,532.45,0,,0,,0
2021,4169,"ATOON, BHILWARA RAJASTHAN HAND PUMP AT VILLAGE",Rajasthan,19.5,7.8,7.9,1090.0,1140.0,,,2.8,3.04,4.0,9.0,9.0,14.0,792.0,832.0,0.8,1.1,,,,13.65,0,548.95,1,,,3.52,0,9.0,403.0,416.4,0,,0,,0
2021,3006,"TIRAHA, NEVTA DAM, MANGROP, BHILWARA RAJASTHAN HAND PUMP NEAR NEVTA",Rajasthan,26.0,7.8,8.0,2200.0,2860.0,,,3.1,4.72,4.0,4.0,7.0,9.0,1582.0,1855.0,0.8,1.0,,,,16.9,0,1104.0,1,,,4.359999999999999,0,5.5,795.5,927.9,0,,0,,0
2021,4176,"SANGANER, JAIPUR, RAJASTHAN RAJASTHAN HAND PUMP NEAR RIICO INUSTRIAL AREA, AAJOLIYON KA",Rajasthan,24.0,6.9,7.8,2100.0,2970.0,,,1.2,3.52,9.0,21.0,23.0,28.0,1662.0,1797.0,0.9,1.1,,,,15.45,0,1053.9,1,,,6.26,0,22.0,845.0,898.95,0,,0,,0
2021,1715,"KHERA, GANGRAR, CHITTORGARH RAJASTHAN HAND PUMP NEAR SECONDARY SCHOOL ABOUT 300MT. FROM",Rajasthan,28.0,7.2,7.9,1190.0,1645.0,,,1.7,2.1,7.0,11.0,21.0,28.0,828.0,1069.0,1.1,1.2,,,,17.6,0,598.95,1,,,4.55,0,16.0,428.0,535.05,0,,0,,0
2021,4759,"URBAN IMPROVEMENT TRUST, HAND PUMP OF VIDHANI VILLAGE GONER ROAD JAIPUR, 27.0 RAJASTHAN RAJASTHAN HANDPUMP IN FRONT OF",Rajasthan,27.0,7.8,7.9,2200.0,2900.0,,,2.1,2.8,4.0,7.0,7.0,11.0,1672.0,1996.0,0.5,0.6,,,,17.4,0,1103.95,1,,,3.4,0,7.0,841.5,998.25,0,,0,,0
2021,4791,"CHAMBLE FERTILIZER & CIVIL LINES, AJMER RAJASTHAN HANDPUMP NEAR M/S",Rajasthan,28.0,8.0,8.2,500.0,785.0,,,2.0,2.46,3.0,4.0,4.0,7.0,374.0,510.0,0.8,1.0,,,,18.0,0,254.1,1,,,2.73,0,4.0,190.5,255.4,0,,0,,0
2021,4792,"RAJASTHAN TEXTILE MILLS, CHEMICALS, GADEPAN RAJASTHAN HANDPUMP NEAR M/S",Rajasthan,29.0,7.6,8.0,738.0,3500.0,,,1.7,2.06,9.0,14.0,14.0,21.0,479.0,2668.0,0.6,1.0,,,,18.3,0,373.0,1,,,5.53,0,14.0,250.0,1334.3,0,,0,,0
2021,4760,"BHAWANI MANDI RAJASTHAN HANDPUMP WITHIN PREMISES OF NAGAR PARISHAD OFFICE,",Rajasthan,28.0,7.9,8.1,1520.0,1870.0,,,2.4,3.4,3.0,7.0,4.0,14.0,1086.0,1226.0,0.6,0.7,,,,17.95,0,764.05,1,,,3.2,0,5.5,550.0,613.3,0,,0,,0
2021,2023,"OLD CITY ROAD, DESHWALI MOHALLA, KRISHANGARH RAJASTHAN HOTEL ORIENT PLACE, SUBHAS",Rajasthan,28.0,6.9,7.1,1211.0,1310.0,,,1.3,2.06,4.0,7.0,11.0,14.0,787.0,992.0,0.7,0.8,,,,17.45,0,609.05,1,,,3.0300000000000002,0,9.0,400.5,496.35,0,,0,,0
2021,2024,"FORCE STATION AMER ROAD, NAGAR, UDAIPUR RAJASTHAN IN SIDE SHIV TEMPLE NEAR AIR",Rajasthan,30.0,7.4,7.9,2300.0,2350.0,,,4.2,4.72,3.0,3.0,4.0,4.0,1521.0,1638.0,0.7,0.8,,,,18.7,0,1153.95,1,,,3.86,0,3.5,762.5,819.35,0,,0,,0
2021,4783,"MALVIYA NAGAR IND. AREA, JAIPUR RAJASTHAN JHALANA FOREST PARK, NEAR",Rajasthan,25.0,7.0,7.3,960.0,1416.0,,,2.62,3.12,3.0,3.0,4.0,11.0,684.0,920.0,0.6,0.7,,,,16.0,0,483.65,1,,,3.06,0,3.5,347.5,460.3,0,,0,,0
2021,4764,"NAKODA ROAD MEWA NAGAR, MALVIYA NAGAR JAIPUR RAJASTHAN M/S ABHISHEK KOTHARI,",Rajasthan,27.0,7.5,7.7,2200.0,3500.0,,,3.52,4.12,4.0,7.0,9.0,11.0,1644.0,2476.0,0.4,0.6,,,,17.25,0,1103.85,1,,,4.0600000000000005,0,8.0,827.5,1238.2,0,,0,,0
2021,2969,"ALWAR AGRO FOOD PARK, JASOL, PACHPADRA, RAJASTHAN M/S SPECIALTY SILICA LTD., MIA",Rajasthan,30.0,6.9,7.4,820.0,1203.0,,,0.7,1.82,7.0,9.0,14.0,23.0,684.0,782.0,0.4,0.5,,,,18.45,0,413.7,1,,,4.41,0,11.5,353.5,391.2,0,,0,,0
2021,2031,"NEAR ADARSH NAGAR GATE, ALWAR, RAJASTHAN RAJASTHAN NEAR 9 NO. PETROL PUMP,",Rajasthan,27.0,8.0,8.2,1020.0,1060.0,,,1.8,2.36,3.0,7.0,4.0,11.0,732.0,758.0,0.6,0.8,,,,17.5,0,514.1,1,,,2.6799999999999997,0,5.5,371.5,379.3,0,,0,,0
2021,2027,"AJMER RAJASTHAN NEAR ABN CENTRAL ACADEMY,",Rajasthan,29.0,7.6,8.0,970.0,1406.0,,,4.56,5.24,4.0,7.0,9.0,20.0,722.0,913.0,0.8,1.0,,,,18.3,0,489.0,1,,,4.62,0,8.0,371.0,456.9,0,,0,,0
2021,2026,"NEAR ARVIND GENERAL STORE, ALOO FACTORY, KACCHI BASTI, 24.0 SARDARPURA, UDAIPUR RAJASTHAN NEAR FOJI NAGAR, KACCHI",Rajasthan,30.0,7.2,7.8,1070.0,1519.0,,,1.4,2.1,3.0,14.0,4.0,20.0,778.0,987.0,0.4,0.5,,,,18.6,0,538.9,1,,,2.55,0,9.0,399.0,493.7,0,,0,,0
2021,2029,"BASTI, AMBABARI, JAIPUR. RAJASTHAN",Rajasthan,27.0,8.0,8.1,1630.0,1810.0,,,2.2,2.8,4.0,7.0,9.0,11.0,1148.0,1236.0,0.8,1.2,,,,17.5,0,819.05,1,,,3.4,0,8.0,579.5,618.4,0,,0,,0
2021,2032,"NEAR GANDHI BHWAN, AJMER RAJASTHAN",Rajasthan,27.0,8.2,8.4,380.0,410.0,,,1.1,1.24,14.0,14.0,20.0,21.0,252.0,312.0,0.8,1.0,,,,17.6,0,194.2,1,,,7.62,0,17.0,136.5,156.4,0,,0,,0
2021,2022,"NEAR KHANPURA TALAB, AJMER RAJASTHAN NEAR RANA PRATAP NAGAR,",Rajasthan,27.0,7.1,7.3,1690.0,1860.0,,,1.5,2.1,2.0,3.0,3.0,4.0,1209.0,1258.0,0.8,1.0,,,,17.05,0,848.65,1,,,2.05,0,3.0,606.5,629.4,0,,0,,0
2021,2028,"NAGAR, MAHARANIFARM, RAILWAY STATION, UDAIPUR RAJASTHAN NEAR SAMSHAN VISHWAKARMA",Rajasthan,26.0,8.2,8.3,620.0,838.0,,,0.84,1.02,7.0,9.0,20.0,20.0,472.0,529.0,0.4,0.6,,,,17.1,0,314.15,1,,,4.01,0,14.5,246.0,264.7,0,,0,,0
2021,2025,"MAHADEV TEMPLE, JAI SINGH JAIPUR RAJASTHAN NEAR SHREE KALYANESHWAR",Rajasthan,30.0,7.7,8.0,1320.0,1670.0,,,1.7,2.06,3.0,4.0,3.0,4.0,858.0,1198.0,0.6,0.7,,,,18.85,0,664.0,1,,,2.5300000000000002,0,3.5,431.0,599.3,0,,0,,0
2021,2019,"PURA KHURD, JAIPUR. RAJASTHAN",Rajasthan,27.0,7.0,7.2,1080.0,1370.0,,,1.5,2.8,7.0,7.0,14.0,14.0,702.0,1062.0,0.8,0.8,,,,17.0,0,543.6,1,,,4.9,0,10.5,358.0,531.4,0,,0,,0
2021,2020,"NEAR UIT BRIDGE, UDAIPUR RAJASTHAN NEW FATEHPURA, 200 FT.FROM",Rajasthan,26.0,7.1,7.1,1747.0,1800.0,,,2.0,3.04,3.0,7.0,7.0,11.0,1135.0,1292.0,0.7,0.8,,,,16.55,0,877.05,1,,,3.02,0,7.0,573.0,646.35,0,,0,,0
2021,4782,"PANCHWATI NALLAH, UDAIPUR RAJASTHAN OFFICE OF ASSISTANT ENGINEER, JAIPUR, VIDHUT VITRAN NIGAM",Rajasthan,26.0,7.5,8.1,4600.0,7270.0,,,4.72,5.36,7.0,7.0,11.0,11.0,3454.0,4720.0,1.2,1.3,,,,16.75,0,2304.05,1,,,6.18,0,9.0,1732.5,2360.6,0,,0,,0
2021,4796,"LTD, RIICO IND. AREA, BAGRU, TEHSIL-SANGANER, RAJASTHAN OPEN WELL OF SARAS DAIRY,",Rajasthan,28.0,6.8,7.0,810.0,1756.0,,,1.1,1.76,3.0,4.0,7.0,11.0,612.0,1141.0,0.7,0.8,,,,17.4,0,408.5,1,,,2.38,0,5.5,311.5,570.85,0,,0,,0
2021,4768,"SINGH MALI S/O BHURJI MALI, VILAS, NH-08, UDAIPUR RAJASTHAN OPENWELL OF SHRI ISHWAR",Rajasthan,27.0,7.8,8.2,11000.0,11000.0,,,4.12,4.56,64.0,75.0,120.0,120.0,7988.0,8294.0,0.4,0.6,,,,17.4,0,5504.1,1,,,34.28,1,97.5,4054.0,4147.2,0,,0,,0
2021,2015,"AIR PORT, JODHPUR (MANGILAL DHANNA KI DHANI BILASAR, RAJASTHAN PABUPURA ROAD NEAR CIVIL",Rajasthan,26.0,7.2,7.8,2200.0,2900.0,,,2.06,2.74,4.0,9.0,14.0,14.0,1664.0,1887.0,0.9,1.0,,,,16.6,0,1103.9,1,,,3.37,0,11.5,839.0,943.95,0,,0,,0
2021,1721,"JHOTAWARA, JAIPUR, RATHOR) RAJASTHAN PHED WELL NEAR RAILWAY LINE",Rajasthan,30.0,7.7,8.3,490.0,764.0,,,0.8,1.82,3.0,4.0,7.0,9.0,358.0,497.0,0.6,0.7,,,,18.85,0,249.15,1,,,2.41,0,5.5,183.5,248.8,0,,0,,0
2021,1725,RAJASTHAN RAJASTHAN PUBLIC HAND PUMP BEFORE,Rajasthan,27.0,7.3,7.6,2400.0,2570.0,,,2.28,4.12,14.0,14.0,20.0,21.0,1672.0,1734.0,0.7,0.8,,,,17.15,0,1203.8,1,,,9.06,0,17.0,846.5,867.35,0,,0,,0
2021,1706,"MONTO MOTORS, MIA, ALWAR, PUBLIC TUBEWELL, VILLAGE- 24.0 NAMI, TEHSIL RAJASTHAN RIICO PUMP HOUSE NEAR",Rajasthan,29.0,7.0,7.7,1190.0,1318.0,,,0.9,3.32,2.0,3.0,3.0,4.0,856.0,878.0,0.7,1.0,,,,18.0,0,598.85,1,,,2.66,0,3.0,430.0,439.35,0,,0,,0
2021,2970,"RAJASTHAN RAJASTHAN RIICO TUBE WELL, RIA, BEHROR,",Rajasthan,30.0,8.3,8.3,1360.0,1360.0,,,1.8,1.8,9.0,9.0,20.0,20.0,1022.0,1022.0,0.4,0.4,,,,19.15,0,684.15,1,,,5.4,0,14.5,521.0,511.2,0,,0,,0
2021,2971,"RAJASTHAN RAJASTHAN RIICO TUBE WELL, RIA,",Rajasthan,32.0,7.0,7.4,2900.0,3910.0,,,2.2,3.68,9.0,14.0,21.0,21.0,2048.0,2540.0,0.5,0.7,,,,19.5,0,1453.7,1,,,6.34,0,17.5,1034.5,1270.25,0,,0,,0
2021,2973,"NEEMRANA, RAJASTHAN RAJASTHAN RIICO TUBE WELL, RIA,",Rajasthan,28.0,6.9,7.1,3300.0,5060.0,,,1.3,2.28,14.0,14.0,21.0,28.0,2362.0,3280.0,0.8,0.9,,,,17.45,0,1653.55,1,,,8.14,0,17.5,1195.0,1640.4,0,,0,,0
2021,2972,"SHAHJAHANPUR, RAJASTHAN RAJASTHAN RIICO TUBE WELL, RIA,",Rajasthan,30.0,7.1,7.4,3410.0,3500.0,,,0.8,1.76,20.0,20.0,21.0,28.0,2210.0,2616.0,0.6,0.8,,,,18.55,0,1708.7,1,,,10.88,0,20.5,1119.0,1308.3,0,,0,,0
2021,4775,"SOTANALA, RAJASTHAN RAJASTHAN RIICO TUBEWELL NO. 3 LOCATED ON ROAD SIDE CLOSE TO INDAG RUBBER AND OPPOSITE TO",Rajasthan,29.0,7.2,8.0,1490.0,2390.0,,,3.16,4.12,39.0,39.0,64.0,75.0,1114.0,1554.0,0.4,0.6,,,,18.1,0,749.0,1,,,21.56,0,51.5,594.5,777.2,0,,0,,0
2021,4777,"HONDA SHOWROOM, NEELAM CHOWK, BHIWADI, TEHSIL- TIJARA RAJASTHAN RIICO TUBEWELL NO. 31, LOCATED NEAR BKL LIFESTYLE,",Rajasthan,30.0,7.1,7.9,1270.0,1896.0,,,3.68,4.2,2.0,2.0,4.0,4.0,962.0,1228.0,0.5,0.6,,,,18.55,0,638.95,1,,,3.1,0,3.0,483.0,614.25,0,,0,,0
2021,4778,"PLOT NO. 1228, RIA, BHIWADI, OPP. TO ACRO PAINTS-II, TIJARA RAJASTHAN RIICO TUBEWELL NO. 34, LOCATED ON ROAD SIDE OF 220 KVA POWER STATION, CLOSE TO",Rajasthan,31.0,7.3,8.2,1270.0,1645.0,,,3.32,4.72,4.0,9.0,9.0,14.0,888.0,1069.0,0.4,0.5,,,,19.15,0,639.1,1,,,4.359999999999999,0,9.0,451.0,534.7,0,,0,,0
2021,4774,"BKT(ESI HOSPITAL), RAMPUR MUNDANA RIS BHIWADI, TIJARA, RAJASTHAN RIICO TUBWELL NO. 1, LOCATED NEAR GANPATI TUBES & FABRICATION (P) LTD SP-A-",Rajasthan,29.0,7.2,7.2,2690.0,2690.0,,,2.36,2.36,150.0,150.0,210.0,210.0,1680.0,1680.0,0.4,0.4,,,,18.1,0,1348.6,1,,,76.18,1,180.0,945.0,840.2,0,,0,,0
2021,2968,"53(A), RIA, BHIWADI, OPPOSITE TO WHEEL'O CITY AT T-POINT, TEHSIL- TIJARA RAJASTHAN SH. BHANA RAM KALAL, DHARU",Rajasthan,22.0,8.0,8.6,3400.0,5750.0,,,2.36,3.12,9.0,9.0,14.0,20.0,2574.0,3730.0,1.1,1.2,,,,15.0,0,1704.3,1,,,6.0600000000000005,0,11.5,1297.0,1865.55,0,,0,,0
2021,2967,"VILLAGE PUNAYATA, PALI, ROAD, OPP. VILLAGE MANDIA, PALI, RAJASTHAN SH. POL SINGH PUROHIT,",Rajasthan,24.0,7.8,7.8,6410.0,9000.0,,,3.07,4.92,4.0,9.0,7.0,21.0,4140.0,6656.0,1.1,1.1,,,,15.9,0,3208.9,1,,,4.46,0,8.0,2080.5,3328.55,0,,0,,0
2021,4803,"RAJASTHAN RAJASTHAN SHAHID CAPT, CHANDRA",Rajasthan,25.0,7.0,7.5,5000.0,5350.0,,,2.6,3.04,4.0,4.0,9.0,11.0,3442.0,3470.0,0.4,0.5,,,,16.0,0,2503.75,1,,,3.52,0,6.5,1726.5,1735.2,0,,0,,0
2021,4806,"CHOUDHARY PARK, BIKANER RAJASTHAN SHRI BABUAL SOPATRA, SHEKHO",Rajasthan,24.0,7.9,8.5,3100.0,4810.0,,,2.36,2.36,4.0,7.0,9.0,20.0,2292.0,3120.0,1.1,1.2,,,,15.95,0,1554.25,1,,,3.1799999999999997,0,8.0,1156.0,1560.55,0,,0,,0
2021,2965,KI DDHANI PALI RAJASTHAN SHRI GIRDHARI SINGH CHOUDHARY NEAR BANDI,Rajasthan,24.0,7.8,8.4,5600.0,7600.0,,,3.07,5.24,23.0,75.0,64.0,120.0,3942.0,4940.0,0.8,1.0,,,,15.9,0,2804.2,1,,,14.120000000000001,0,69.5,2031.0,2470.4,0,,0,,0
2021,2966,"PUNAYATA, JODHPUR- BRIDGE, PALI BYE PASS ROAD, PALI, RAJASTHAN RAJASTHAN SHRI GIRDHARI SINGH RAJPUROHIT NEAR VILLAGE",Rajasthan,23.0,7.9,8.5,450.0,557.0,,,1.5,1.7,4.0,7.0,9.0,11.0,332.0,362.0,0.5,0.7,,,,15.45,0,229.25,1,,,2.85,0,8.0,171.5,181.25,0,,0,,0
2021,4807,"PUNAYATA INDUSTRY ROAD, SUMERPUR BYE PASS ROAD, PALI, RAJASTHAN RAJASTHAN SHRI MUKESH RAJPUROHIT, INFORNT OF GS-197-A,",Rajasthan,24.0,7.5,8.3,8800.0,9550.0,,,2.8,4.56,2.0,7.0,9.0,14.0,6200.0,6428.0,1.1,1.2,,,,15.75,0,4404.15,1,,,3.28,0,8.0,3107.0,3214.55,0,,0,,0
2021,4809,"NEAR BY NATIONAL HIGHWAY PALI-JODHPUR, CETP-IV, PALI RAJASTHAN SHRI RANARAM, NEAR BHANWAR SINGH MANDLI",Rajasthan,23.0,7.5,8.0,1160.0,7700.0,,,1.66,4.4,4.0,7.0,11.0,11.0,868.0,5000.0,1.1,1.2,,,,15.25,0,584.0,1,,,4.2,0,9.0,439.5,2500.55,0,,0,,0
2021,2976,"FROM HOUSE NH-PALI- SUMERPUR RAJASTHAN SUJAN GANGA, BHARATPUR,",Rajasthan,30.0,7.8,8.5,4800.0,5500.0,,,4.72,8.2,240.0,240.0,460.0,460.0,2970.0,4148.0,1.0,1.2,,,,18.9,0,2404.25,1,,,124.1,1,350.0,1715.0,2074.5,0,,0,,0
2021,2986,"RAJASTHAN RAJASTHAN TUBE WELL OF GIRDHARI LAL,",Rajasthan,27.0,7.7,7.7,4900.0,4900.0,,,2.2,2.2,4.0,4.0,9.0,9.0,3788.0,3788.0,0.9,0.9,,,,17.35,0,2453.85,1,,,3.1,0,6.5,1898.5,1894.45,0,,0,,0
2021,4761,"AND RESEARCH FOUNDATION BHITUJA, RAJASTHAN RAJASTHAN TUBE WELL OF M/S BALOTRA WATER POLLUTION CONTROL",Rajasthan,27.0,7.7,8.2,19000.0,29000.0,,,3.16,4.4,14.0,14.0,20.0,28.0,13688.0,21902.0,1.0,1.2,,,,17.35,0,9504.1,1,,,9.2,0,17.0,6858.0,10951.5,0,,0,,0
2021,2974,"TUBEWELL OF HARIPRASAD PANNALAL, BADA TALAB, VILL- 24.0 NANI, TEHSIL RAJASTHAN VILLAGE AGYARA, TEHSIL-",Rajasthan,30.0,7.1,7.7,2060.0,2400.0,,,1.2,2.2,9.0,20.0,23.0,28.0,1341.0,1784.0,0.8,1.2,,,,18.55,0,1033.85,1,,,5.6,0,21.5,684.5,892.4,0,,0,,0
2021,2975,"RAMGARH, ALWAR, RAJASTHAN RAJASTHAN VILLAGE BAGER MEO, TEHSIL-",Rajasthan,30.0,7.1,7.6,2120.0,2600.0,,,1.9,2.46,7.0,11.0,21.0,28.0,1374.0,1882.0,0.5,0.7,,,,18.55,0,1063.8,1,,,4.73,0,16.0,701.0,941.25,0,,0,,0
2021,2017,"RAMGARH, ALWAR, RAJASTHAN RAJASTHAN VILLAGE VINAYAKIA, JODHPUR",Rajasthan,26.0,7.2,8.1,2000.0,2750.0,,,2.8,3.4,4.0,7.0,4.0,11.0,1516.0,1786.0,1.0,1.0,,,,16.6,0,1004.05,1,,,3.7,0,5.5,763.5,893.5,0,,0,,0
2021,2018,"(BADRI KUMHAR) RAJASTHAN VILLAGE VINAYAKIA, JODHPUR",Rajasthan,26.0,7.5,7.6,7200.0,10600.0,,,3.68,4.12,4.0,9.0,7.0,21.0,5388.0,6890.0,0.9,1.1,,,,16.75,0,3603.8,1,,,4.0600000000000005,0,8.0,2704.5,3445.45,0,,0,,0
2021,2964,"MANPUR MACHERI, JAIPUR, (HUKUM SINGH RATHORE) RAJASTHAN WELL AT INDIA PUBLIC SCHOOL,",Rajasthan,30.0,7.8,7.8,1640.0,2650.0,,,3.1,4.4,3.0,9.0,4.0,14.0,1248.0,1719.0,0.8,1.0,,,,18.9,0,823.9,1,,,3.7,0,6.5,631.0,859.9,0,,0,,0
2021,1710,"NEAR BHIWADI INDUSTRIAL RAJASTHAN RAJASTHAN WELL AT VILLAGE ALUPUR, VERY",Rajasthan,31.0,7.4,8.1,1260.0,1863.0,,,1.02,2.1,75.0,150.0,150.0,1100.0,978.0,1211.0,0.6,0.7,,,,19.2,0,634.05,1,,,38.55,1,150.0,1039.0,605.8,0,,0,,0
2021,1713,"AREA, BHIWADI, RAJASTHAN RAJASTHAN WELL AT VILLAGE GATTAL, NEAR, BHIWADI TO BHIWADI",Rajasthan,30.0,7.1,7.9,870.0,1206.0,,,2.96,4.12,39.0,75.0,64.0,150.0,678.0,783.0,0.4,0.4,,,,18.55,0,438.95,1,,,21.56,0,69.5,414.0,391.7,0,,0,,0
2021,2960,"POLICE STATION, SINGHANA, INDUSTRIAL AREA, BHIWADI, RAJASTHAN RAJASTHAN WELL INFRONT OF SINGHANA",Rajasthan,24.0,7.6,7.8,5100.0,5700.0,,,2.6,6.2,9.0,14.0,21.0,23.0,3738.0,4138.0,1.0,1.1,,,,15.8,0,2553.9,1,,,7.6,0,17.5,1880.5,2069.5,0,,0,,0
2021,1708,"JHUNJHUNU, RAJASTHAN RAJASTHAN WELL KOTHI IN VILLAGE BAGAR",Rajasthan,29.0,7.2,7.4,660.0,1874.0,,,0.5,1.54,7.0,7.0,14.0,21.0,538.0,1218.0,0.6,0.6,,,,18.1,0,333.7,1,,,4.27,0,10.5,279.5,609.3,0,,0,,0
2021,2991,"RAJPUT, ALWAR, RAJASTHAN RAJASTHAN WELL OF BHAG JI LAXMAN RAM MALI, SAKARNA BERA,",Rajasthan,27.0,7.5,7.8,7800.0,12200.0,,,5.36,6.14,2.0,3.0,3.0,4.0,6068.0,8864.0,0.4,0.6,,,,17.25,0,3903.9,1,,,4.07,0,3.0,3036.0,4432.2,0,,0,,0
2021,2982,"SALAWAS, JODHPUR, BALOTRA, JODHPUR, RAJASTHAN RAJASTHAN WELL OF BIRMA RAM PATEL,",Rajasthan,26.0,7.8,8.2,18000.0,22900.0,,,4.12,5.24,3.0,9.0,9.0,14.0,14412.0,14880.0,1.2,1.3,,,,16.9,0,9004.1,1,,,4.12,0,9.0,7213.0,7440.6,0,,0,,0
2021,2993,"PAM, LEFT SIDE OF BRIDGE LUNI, RAJASTHAN RAJASTHAN WELL OF CHOUTHA RAM PUSA",Rajasthan,27.0,8.2,8.4,3600.0,3700.0,,,3.08,4.56,7.0,14.0,20.0,21.0,2616.0,2738.0,1.0,1.1,,,,17.6,0,1804.2,1,,,5.779999999999999,0,17.0,1318.5,1369.5,0,,0,,0
2021,1724,"MOHANA ROAD SANGANER WELL OF GIRDHARI RAM MEGHWAL, VILLAGE- 25.0 NANDWAN, JODHPUR, RAJASTHAN RAJASTHAN WELL OF GOOJARON KI TALAI,",Rajasthan,28.0,8.2,8.4,450.0,588.0,,,1.84,2.1,14.0,21.0,28.0,28.0,336.0,382.0,0.8,1.0,,,,18.1,0,229.2,1,,,8.05,0,24.5,182.0,191.4,0,,0,,0
2021,1415,"JAIPUR, RAJASTHAN RAJASTHAN WELL OF LOOMJI, CHAUDHARY, NEAR NAYAGAON, PALI, (U/S 1",Rajasthan,23.0,7.4,8.3,9000.0,16520.0,,,3.1,6.28,39.0,75.0,75.0,150.0,6726.0,10740.0,1.1,1.1,,,,15.2,0,4504.15,1,,,22.64,0,75.0,3438.0,5370.55,0,,0,,0
2021,2988,"KM. FROM PALI TOWN), RAJASTHAN RAJASTHAN WELL OF PEMA RAM MALI,",Rajasthan,27.0,7.8,7.8,6100.0,8100.0,,,3.04,3.15,4.0,4.0,9.0,11.0,4616.0,5916.0,0.4,0.6,,,,17.4,0,3053.9,1,,,3.575,0,6.5,2313.5,2958.2,0,,0,,0
2021,2977,"DEWRA, VILLAGE- SANGARIA, BHITUJA, RAJASTHAN RAJASTHAN WELL OF RAM CHANDRA",Rajasthan,26.0,7.6,8.1,19000.0,23100.0,,,3.14,4.92,7.0,7.0,11.0,14.0,15015.0,15198.0,1.1,1.2,,,,16.8,0,9504.05,1,,,5.96,0,9.0,7514.5,7599.55,0,,0,,0
2021,2963,"COMPLEX, MANPUR MACHERI, JODHPUR, RAJASTHAN RAJASTHAN WELL OF RIICO AT LEATHER",Rajasthan,30.0,7.8,7.9,2500.0,4460.0,,,4.12,6.08,3.0,14.0,3.0,21.0,1884.0,3230.0,0.9,1.0,,,,18.9,0,1253.95,1,,,4.54,0,8.5,952.5,1615.45,0,,0,,0
2021,2961,"MEENA, MANPUR MACHERI, JAIPUR, RAJASTHAN RAJASTHAN WELL OF SH MNAGAL CHAND",Rajasthan,29.0,7.4,8.2,700.0,926.0,,,1.34,2.28,4.0,14.0,9.0,20.0,512.0,601.0,0.6,0.8,,,,18.2,0,354.1,1,,,3.1399999999999997,0,11.5,266.0,300.8,0,,0,,0
2021,2962,"RAIGER, MANPUR MACHERI, JAIPUR, RAJASTHAN RAJASTHAN WELL OF SH MOOL CHAND",Rajasthan,26.0,7.7,8.3,640.0,900.0,,,2.46,4.56,3.0,7.0,3.0,14.0,484.0,585.0,0.5,0.7,,,,16.85,0,324.15,1,,,3.78,0,5.0,249.0,292.75,0,,0,,0
2021,4789,"BHATIA, SALAWAS-JODHPUR JAIPUR, RAJASTHAN RAJASTHAN WELL OF SHRI BHAGARAM",Rajasthan,26.0,7.6,8.2,5200.0,8320.0,,,4.12,4.92,4.0,7.0,7.0,20.0,3816.0,5400.0,1.1,1.2,,,,16.8,0,2604.1,1,,,4.46,0,7.0,1918.0,2700.55,0,,0,,0
2021,4787,"ROAD, SALAWAS, JODHPUR RAJASTHAN WELL OF SHRI DALARAM, AHEER",Rajasthan,26.0,6.9,7.5,4800.0,6120.0,,,3.07,3.52,2.0,3.0,7.0,11.0,3414.0,3970.0,1.1,1.2,,,,16.45,0,2403.75,1,,,2.76,0,5.0,1712.5,1985.55,0,,0,,0
2021,4786,"KHERA, JODHPUR RAJASTHAN WELL OF SHRI DEVARAM, HEER",Rajasthan,26.0,7.1,7.7,9500.0,12150.0,,,2.62,4.12,2.0,9.0,4.0,20.0,7164.0,7890.0,0.9,1.1,,,,16.55,0,4753.85,1,,,3.06,0,6.5,3592.0,3945.45,0,,0,,0
2021,4784,"GEHLOT, NEAR PATWAR KHERA, JODHPUR RAJASTHAN WELL OF SHRI HAZARI SINGH",Rajasthan,26.0,7.1,7.9,2900.0,6880.0,,,2.46,3.16,4.0,9.0,7.0,14.0,2122.0,4470.0,1.0,1.2,,,,16.55,0,1453.95,1,,,3.58,0,8.0,1068.0,2235.5,0,,0,,0
2021,4788,"BHAWAN, SALAWAS JODHPUR RAJASTHAN WELL OF SHRI MAGARAM,",Rajasthan,26.5,6.9,7.5,10310.0,16000.0,,,4.4,5.48,4.0,4.0,7.0,11.0,6700.0,12248.0,1.1,1.3,,,,16.7,0,5158.75,1,,,4.74,0,5.5,3355.5,6124.55,0,,0,,0
2021,4818,"WELL OF SHRI TILARAM, 26.0 NANDWAN, JODHPUR RAJASTHAN ALWARTHIRUNAGARI Ã‚Â– VETERINARY DISPENSARY, WEST",Rajasthan,29.0,7.2,7.5,135.0,348.0,1.0,2.0,0.3,0.3,2.0,11.0,14.0,34.0,84.0,210.0,0.2,0.2,0.001,0.001,,18.1,0,71.25,1,174.5,1.15,1.15,0,12.5,59.0,105.1,0,0.1005,0,,0
2021,4816,CAR STREET NEAR OVER HEAD TANK OF BORE WELL TAMIL NADU AUTHOR Ã‚Â– MUKKANI AGRAGARAM STREET INFRONT,Tamil Nadu,26.0,8.0,8.0,749.0,1040.0,2.0,2.5,0.3,6.4,2.0,8.0,7.0,26.0,452.0,730.0,0.2,0.2,0.001,0.001,,17.0,0,378.5,1,521.0,1.4,4.2,0,7.5,239.0,365.1,0,0.1005,0,,0
2021,4912,"SCHOOL, THOPPAMPATTI OF THIRU N. SAMUTHRAPANDI HOUSE BORE WELL TAMIL NADU BORE WELL AT VANNIARVALASU VILLAGE, NEAR ELEMENTARY",Tamil Nadu,36.0,6.7,6.7,1909.0,1909.0,1.0,1.0,0.3,0.3,2.0,2.0,8.0,8.0,1212.0,1212.0,0.9,0.9,0.001,0.001,,21.35,0,957.85,1,955.0,0.65,1.15,0,5.0,610.0,606.45,0,0.4505,0,,0
2021,4811,"PHOENIX TEXTILE PROCESSORS, PANCHAYAT UNION, PALANI TALUK, DINDIGUL DIST TAMIL NADU BOREWELL LOCATED AT M/S.",Tamil Nadu,31.0,6.5,7.3,3890.0,4440.0,1.0,1.0,0.3,0.31,2.0,2.0,4.0,6.0,2512.0,2912.0,0.2,0.9,0.001,0.001,,18.75,0,1948.65,1,2220.5,0.65,1.155,0,3.0,1259.0,1456.1,0,0.4505,0,,0
2021,4821,"KAMBARASAMPETTAI INTAKE VENDIPALAYAM, ERODE TAMIL NADU BOREWELL NEAR",Tamil Nadu,30.0,7.3,7.5,649.0,872.0,1.0,2.5,0.3,0.41,2.0,2.0,8.0,45.0,416.0,552.0,0.2,0.5,0.001,0.001,,18.65,0,328.25,1,436.5,1.4,1.205,0,5.0,230.5,276.1,0,0.2505,0,,0
2021,4822,INTAKE WELL (TRICHY WELL (TRICHY UPSTREAM) TAMIL NADU BOREWELL NEAR THOGUR,Tamil Nadu,28.0,6.9,7.2,749.0,806.0,1.0,2.6,0.3,0.33,2.0,230.0,6.0,700.0,472.0,516.0,0.2,0.8,0.001,0.001,,17.45,0,378.1,1,403.5,1.45,1.165,0,118.0,586.0,258.1,0,0.4005,0,,0
2021,4817,ARUNACHALA SWAMY TEMPLE DOWNSTREAM) TAMIL NADU ERAL Ã‚Â– CHARMAM,Tamil Nadu,28.0,8.4,8.4,320.0,320.0,1.0,1.0,0.3,0.3,2.0,2.0,5.0,5.0,198.0,198.0,0.2,0.2,0.001,0.001,,18.2,0,164.2,1,160.5,0.65,1.15,0,3.5,101.5,99.1,0,0.1005,0,,0
2021,4814,"WEST OF BORE WELL TAMIL NADU HOUSE OF THIRU MURUGAN, S/O. ESAKKI, NO.16B,",Tamil Nadu,29.0,7.3,7.3,796.0,796.0,2.3,2.3,0.41,0.41,2.0,2.0,2.0,2.0,502.0,502.0,0.2,0.2,0.001,0.001,,18.15,0,401.65,1,399.15,1.355,1.205,0,2.0,252.0,251.1,0,0.1005,0,,0
2021,4907,"MEENAKSHIPURAM, ANNA NAGAR, TIRUNELVELI TAMIL NADU KOMBUPALLAM,",Tamil Nadu,31.0,6.7,6.7,199.0,199.0,2.0,2.0,0.3,0.3,21.0,21.0,63.0,63.0,144.0,144.0,0.8,0.8,0.001,0.001,,18.85,0,102.85,1,100.5,1.15,10.65,0,42.0,103.5,72.4,0,0.4005,0,,0
2021,4825,"SANGILIMUNIYAPPAN KOVIL, SATHYAMANGALAM TAMIL NADU M. KALIAPPAN,",Tamil Nadu,30.0,6.9,7.0,1692.0,1929.0,1.0,1.0,0.3,0.3,2.0,51.0,4.0,63.0,1072.0,1268.0,0.2,0.2,0.001,0.001,,18.45,0,849.5,1,965.0,0.65,1.15,0,27.5,567.5,634.1,0,0.1005,0,,0
2021,4824,"MUNICIPAL CORPORATION BORE WELL LOCATED IN PERUMALPURAM STREET, 30.0 NARANAMMALPURAM, TIRUNELVELI TAMIL NADU PARAMASIVAM WATER SERVICE STATION, BLOCK NO.13 BSNL",Tamil Nadu,29.0,6.3,6.9,1843.0,1886.0,1.0,1.0,0.3,0.3,4.0,33.0,9.0,79.0,1204.0,1804.0,0.2,0.2,0.001,0.001,,17.65,0,924.95,1,943.5,0.65,2.15,0,21.0,641.5,902.1,0,0.1005,0,,0
2021,4826,"EXCHANGE OPPOSITE, METTUR DAM Ã‚Â– 636 402. TAMIL NADU SAKTHI NAGAR, NEAR MUNICIPALITY SEWAGE",Tamil Nadu,30.0,7.1,7.2,417.0,1110.0,1.0,1.0,0.3,0.3,2.0,4.0,2.0,14.0,276.0,712.0,0.2,0.2,0.001,0.001,,18.55,0,212.1,1,555.5,0.65,1.15,0,3.0,145.0,356.1,0,0.1005,0,,0
2021,4819,"DEVELOPMENT OFFICE Ã‚Â– TREATMENT PLANT, KOMPURANKADU, METTUR TAMIL NADU SRIVAIKUNDAM Ã‚Â– BLOCK",Tamil Nadu,29.0,7.2,7.4,1594.0,1774.0,1.0,3.0,0.3,0.3,2.0,2.0,2.0,6.0,990.0,1066.0,0.2,0.2,0.001,0.001,,18.1,0,800.7,1,887.5,1.65,1.15,0,2.0,498.0,533.1,0,0.1005,0,,0
2021,4820,OPEN WELL TAMIL NADU SRIVAIKUNDAM Ã‚Â– TNEB SUB STATION 33 KVA OPPOSITE TO,Tamil Nadu,29.0,7.4,8.1,142.0,365.0,1.0,2.0,0.3,0.3,2.0,2.0,2.0,4.0,86.0,224.0,0.2,0.2,0.001,0.001,,18.2,0,75.05,1,183.0,1.15,1.15,0,2.0,45.0,112.1,0,0.1005,0,,0
2021,4810,OPPOSITE TO M/S. PIONEER TIRUNELVELI MAIN ROAD OPEN WELL TAMIL NADU SURIYAMPALAYAM BOREWELL (HAND PUMP) OWNED BY ERODE CORPORATION LOATED,Tamil Nadu,34.0,6.7,7.3,587.0,2540.0,1.0,2.0,0.3,0.3,2.0,21.0,9.0,46.0,388.0,1656.0,0.2,0.9,0.001,0.001,,20.35,0,297.15,1,1270.5,1.15,1.15,0,15.0,217.0,828.1,0,0.4505,0,,0
2021,4909,"PROCESSING INDIA PVT. LTD., BHAVANI MAIN ROAD, R.N. PUDUR POST, ERODE TAMIL NADU",Tamil Nadu,31.0,6.8,6.8,378.0,378.0,1.0,1.0,0.3,0.3,33.0,33.0,110.0,110.0,252.0,252.0,0.5,0.5,0.001,0.001,,18.9,0,192.4,1,189.5,0.65,16.65,0,71.5,181.0,126.25,0,0.2505,0,,0
2021,32,"THALAVAIPETTAI, BHAVANI TAMIL NADU",Tamil Nadu,31.0,7.0,7.8,545.0,1358.0,2.0,3.0,0.3,0.9,2.0,43.0,91.0,94.0,328.0,902.0,0.2,0.2,,,,19.0,0,276.4,1,680.0,1.65,1.45,0,67.0,211.0,451.1,0,,0,,0
2021,4280,"WELL AT MUSIRI, TAMIL NADU TAMIL NADU B,W AT IDS RAMPUR,",Tamil Nadu,28.0,7.4,7.4,7040.0,7040.0,,,22.8,22.8,2.0,2.0,2.0,2.0,4435.0,4435.0,1.5,1.5,,,,17.7,0,3523.7,1,,,12.4,0,2.0,2218.5,2218.25,0,,0,,0
2021,1525,"CHLORIDES , PASHAMAYLAM , HANAMKONDA, WARANGAL TELANGANA B/W - IDA , NEAR CHAITANYA",Telangana,25.0,6.8,7.4,3420.0,3560.0,,,21.0,24.0,,,,,1946.0,2142.0,0.4,0.4,0.01,0.01,,15.9,0,1713.7,1,,,,0,,,1071.2,0,0.20500000000000002,0,,0
2021,1794,"MEDAK DIST. TELANGANA B/W - MANAKONDUR (V) ,",Telangana,31.0,7.8,7.9,1125.0,1285.0,,,12.4,13.9,2.0,2.0,98.0,120.0,712.0,772.0,0.9,1.0,,,,19.4,0,566.45,1,,,7.95,0,50.0,416.0,386.45,0,,0,,0
2021,3094,"NIZAMABAD DIST. TELANGANA B/W AT AKBARNAGAR,",Telangana,29.0,8.2,8.3,1084.0,1131.0,,,0.3,2.4,2.0,2.0,2.0,2.0,610.0,729.0,0.9,0.9,,,,18.6,0,546.15,1,,,2.2,0,2.0,306.0,364.95,0,,0,,0
2021,4278,"RAMAGUNDAM, KARIMNAGAR TELANGANA B/W AT AUROBINDO, HATNUR,",Telangana,25.0,6.8,6.9,1040.0,1376.0,,,14.0,15.0,,,,,609.0,804.0,0.4,0.4,0.01,0.01,,15.9,0,523.45,1,,,,0,,,402.2,0,0.20500000000000002,0,,0
2021,4265,SANGAREDDY TELANGANA B/W AT GRAM PANCHAYATH,Telangana,22.0,6.9,7.5,1072.0,1957.0,,,10.0,10.0,,,,,635.0,1126.0,0.3,0.6,0.01,0.01,,14.45,0,539.75,1,,,,0,,,563.15,0,0.305,0,,0
2021,3088,"RAMAVARAM, NEAR MWS OFFICE, DOTHIGUDAM TELANGANA B/W AT J.NARASIMHA RAOÃ‚Â’S HOUSE, 14NOS. AREA,",Telangana,30.2,6.7,8.0,1355.0,1469.0,,,0.3,4.6,2.0,2.0,2.0,2.0,868.0,944.0,0.6,0.6,,,,18.45,0,681.5,1,,,3.3,0,2.0,435.0,472.3,0,,0,,0
2021,4277,"DUMPSITE, KOTHAGUDEM, KHAMMAM TELANGANA",Telangana,25.0,6.6,7.2,3268.0,3765.0,,,25.0,26.0,,,,,1810.0,2209.0,0.4,0.5,0.01,0.01,,15.8,0,1637.6,1,,,,0,,,1104.7,0,0.255,0,,0
2021,4282,"(AGRICULTURAL FIELD), B/W AT ZPHS SULTHANPUR TELANGANA B/W NEAR AARLA BAVI",Telangana,22.0,6.7,7.5,1408.0,1694.0,,,12.0,15.0,,,,,712.0,952.0,0.2,0.3,0.01,0.01,,14.35,0,707.75,1,,,,0,,,476.1,0,0.155,0,,0
2021,4286,VILLAGE (AGRUCULTURAL FIELD) POCHAMPALLY MANDAL TELANGANA B/W NEAR ANKIREDDIGUDAM,Telangana,21.0,6.9,7.5,1849.0,2189.0,,,17.0,19.0,,,,,1137.0,1228.0,0.3,0.4,0.01,0.01,,13.95,0,928.25,1,,,,0,,,614.15,0,0.20500000000000002,0,,0
2021,4281,VILLAGE (OPEN LAND ) CHOUTUPPAL MANDAL TELANGANA B/W NEAR BHIMANPALLI,Telangana,21.0,6.7,7.4,2364.0,2736.0,,,21.0,24.0,,,,,1375.0,1475.0,0.2,0.3,0.01,0.01,,13.85,0,1185.7,1,,,,0,,,737.6,0,0.155,0,,0
2021,1792,"ENUMAMULA (V) , WARANGAL POCHAMPALLY MANDAL TELANGANA B/W -NEAR CKM COLLEGE ,",Telangana,30.0,8.7,8.7,1106.0,1106.0,,,6.2,6.2,2.0,2.0,2.0,2.0,667.0,667.0,0.7,0.7,,,,19.35,0,557.35,1,,,4.1,0,2.0,334.5,333.85,0,,0,,0
2021,4283,DIST. TELANGANA B/W NEAR DANTUR (OPEN,Telangana,21.0,7.1,7.5,3193.0,3720.0,,,25.0,25.0,,,,,1768.0,2137.0,0.2,0.3,0.01,0.01,,14.05,0,1600.25,1,,,,0,,,1068.6,0,0.155,0,,0
2021,4287,"LAND), POCHAMPALLY MANDAL TELANGANA B/W NEAR LINGAREDDYGUDAM VILLAGE (BESIDE CHOUTUPPAL-",Telangana,22.0,6.9,7.2,1592.0,1813.0,,,12.0,13.0,,,,,981.0,1024.0,0.3,0.3,0.01,0.01,,14.45,0,799.6,1,,,,0,,,512.15,0,0.155,0,,0
2021,4279,"GUNDLA MACHANUR, VALIGONDA ROAD) CHOUTUPPAL MANDAL TELANGANA B/W NEAR M/S ARCH PHARMA,",Telangana,25.0,6.5,6.6,965.0,1236.0,,,15.0,20.0,,,,,578.0,810.0,0.5,0.5,0.01,0.01,,15.75,0,485.8,1,,,,0,,,405.25,0,0.255,0,,0
2021,4288,"CHERUVU, DEVALAMMA B/W NEAR MALKAPUR LAKE, MALKAPUR VILLAGE 21.0 (AGRICULTURAL FIELD) CHOUTUPPA; MANDAL TELANGANA B/W NEAR NAGARAM",Telangana,21.0,7.2,7.4,839.0,1298.0,,,7.0,11.0,,,,,487.0,727.0,0.2,0.3,0.01,0.01,,14.1,0,423.2,1,,,,0,,,363.6,0,0.155,0,,0
2021,4285,"VILLAGE (AGRICULTURAL FIELD), NAGARAM VILLAGE TELANGANA B/W NEAR PEDDAKONDUR",Telangana,22.0,6.7,7.4,1758.0,1894.0,,,11.0,12.0,,,,,1064.0,1080.0,0.3,0.4,0.01,0.01,,14.35,0,882.7,1,,,,0,,,540.15,0,0.20500000000000002,0,,0
2021,4289,CHOUTUPPAL MANDAL TELANGANA B/W NEAR PITTAM PALLE VILLAGE (OPEN LAND BESIDE,Telangana,22.0,6.4,6.8,1345.0,1553.0,,,8.0,11.0,,,,,759.0,862.0,0.4,0.5,0.01,0.01,,14.2,0,675.9,1,,,,0,,,431.2,0,0.255,0,,0
2021,4290,VILLAGE ROAD) CHITYAL MANDAL TELANGANA B/W NEAR PITTAM PEDDAKAPARTHI VIKKAGE,Telangana,21.0,6.8,6.8,1020.0,1376.0,,,6.0,8.0,,,,,579.0,790.0,0.4,0.5,0.01,0.01,,13.9,0,513.4,1,,,,0,,,395.2,0,0.255,0,,0
2021,1791,"PAIDIPALLY (V), WARANGAL (OPEN LAND BESIDE VILLAGE ROAD) CHITYAL MANDAL TELANGANA B/W. - EAST OF SAICHERUVU ,",Telangana,29.0,7.8,7.8,2708.0,2708.0,,,10.8,10.8,2.0,2.0,2.0,2.0,1706.0,1706.0,0.8,0.8,,,,18.4,0,1357.9,1,,,6.4,0,2.0,854.0,853.4,0,,0,,0
2021,1515,"DIST. TELANGANA B/W. - NAGARAM(V),",Telangana,30.4,8.3,8.4,1564.0,1879.0,,,17.0,22.4,2.0,2.0,2.0,2.0,869.0,1129.0,0.8,0.9,,,,19.35,0,786.2,1,,,12.2,0,2.0,435.5,564.9,0,,0,,0
2021,1795,"PALVONCHA, KHAMMAM DIST. TELANGANA B/W. - PANCHAYAT OFFICE , ,",Telangana,25.0,6.8,7.3,2310.0,2410.0,,,11.0,13.0,,,,,1370.0,1392.0,0.2,0.3,0.01,0.01,,15.9,0,1158.65,1,,,,0,,,696.1,0,0.155,0,,0
2021,1811,"RUDRAVELLI (V) , BIBINAGAR BOLLARAM (V) MEDAK DIST. TELANGANA B/W. - PRIMARY SCHOOL -",Telangana,20.0,7.0,7.4,1392.0,1603.0,,,7.0,10.0,,,,,761.0,945.0,0.3,0.3,0.01,0.01,,13.5,0,699.7,1,,,,0,,,472.65,0,0.155,0,,0
2021,4260,"YARD, MEDAK TOWN MEDAK (M), NALGONDA DIST. TELANGANA BORE WELL NEAR MSW DUMP",Telangana,33.0,6.6,7.0,905.0,1195.0,,,6.0,7.0,,,,,508.0,684.0,0.3,0.3,0.01,0.01,,19.8,0,456.0,1,,,,0,,,342.15,0,0.155,0,,0
2021,4264,DISTRICT TELANGANA BORE WELL WATER POINT AT ZP GIRLS HIGH SCHOOL BHUDAM,Telangana,24.0,6.8,7.5,1768.0,1971.0,,,19.0,20.0,,,,,981.0,1139.0,0.5,0.6,0.01,0.01,,15.4,0,887.75,1,,,,0,,,569.75,0,0.305,0,,0
2021,4271,POCHAMPALLY (V & M) YADADRI DISTRICT TELANGANA BOREWELL LOCATED AT,Telangana,29.0,7.8,8.0,1561.0,1599.0,,,21.5,22.8,2.0,2.0,63.0,63.0,869.0,1008.0,0.9,1.0,,,,18.4,0,784.5,1,,,12.4,0,32.5,466.0,504.45,0,,0,,0
2021,4269,"SCHOOL, SY. NO 32 DHULAPALLY (V) QUTHBULLAPUR (M) MEDCHAL DISTRICT. BOREWELL LOCATED AT HOUSE OF P. ANJANEYULU, PLOT NO,25, SHAKTHIPURAM, PRASHANTH 31.0 NAGAR, I. E. KUKATPALLY, MEDCHAL DISTRICT TELANGANA BOREWELL LOCATED AT HOUSE OF SRI P NEKATESH RAJU, PLOT NO 115,22 321, APIIC, CO-",Telangana,32.0,7.0,7.5,2628.0,2791.0,,,7.5,12.0,2.0,2.0,48.0,63.0,1568.0,1758.0,1.2,1.2,,,,19.5,0,1317.75,1,,,7.0,0,25.0,815.5,879.6,0,,0,,0
2021,4268,"875, ABESTOS COLONY, GANDHI [PERATIVE CONONY, JEEDIMETLA, QUTHBULLAPUR (M) MEDCHAL DISTRICT TELANGANA BOREWELL LOCATED AT HOUSE OF SRI VITAL RAO, H.NO. 2-42",Telangana,30.0,8.2,8.4,956.0,1131.0,,,12.5,16.8,2.0,2.0,38.0,43.0,530.0,651.0,1.1,1.1,,,,19.1,0,482.2,1,,,9.4,0,20.0,286.5,326.05,0,,0,,0
2021,4272,"NAGAR, BALANAGAR, MEDCHAL DISTRICT TELANGANA BOREWELL LOCATED AT RAHIV GRUHA KA;PA, AHMEDGUDA,",Telangana,30.0,8.3,8.7,821.0,849.0,,,5.0,6.2,2.0,2.0,40.0,43.0,463.0,545.0,0.9,0.9,,,,19.15,0,414.85,1,,,4.1,0,21.0,253.0,272.95,0,,0,,0
2021,4273,"AMBEDKAR NAGAR, KAPRA MEDCHAL DISTRICT. TELANGANA BOREWELL LOCATED AT THANDA DUNDIGAL (V)",Telangana,32.0,7.4,7.8,1549.0,2930.0,,,12.2,14.7,2.0,2.0,46.0,47.0,860.0,1561.0,0.7,1.0,,,,19.7,0,778.4,1,,,8.35,0,24.0,453.5,780.85,0,,0,,0
2021,4276,"DHUNDIGAL (M) MEDCHAL DISTRICT TELANGANA BOREWELL NEAR GRAM PANCHAYAT OFFICE,",Telangana,34.0,6.9,7.0,1835.0,2137.0,,,18.0,19.0,,,,,1105.0,1218.0,0.3,0.4,0.01,0.01,,20.45,0,921.0,1,,,,0,,,609.15,0,0.20500000000000002,0,,0
2021,4262,"KISTAIPALLY VILLAGE JINNARM KHAZIPALLY VILLAGE, SANGAREDDY DISTRIST TELANGANA BOREWELL NEAR GRAMPANCHYAT OFFICE,",Telangana,33.0,6.7,6.8,1976.0,2202.0,,,18.0,21.0,,,,,1128.0,1360.0,0.4,0.5,0.01,0.01,,19.85,0,991.4,1,,,,0,,,680.2,0,0.255,0,,0
2021,4266,"BOREWELL NEAR MPP SCHOOL GADDAPOTHARAM VILLAGE, 26.0 JINNARAM MANDAL, SANGAREDDY DISTRICT TELANGANA BOREWELL NEAR PRIMARY SCHOOL, ADLOOR YELLAREDDY",Telangana,25.0,6.8,7.2,840.0,953.0,,,10.0,12.0,,,,,490.0,596.0,0.5,0.5,0.01,0.01,,15.9,0,423.6,1,,,,0,,,298.25,0,0.255,0,,0
2021,4274,"PERIPHERY OF THE IDA, (N) SADASHIVANAGAR (M) KAMAREDDY DIST TELANGANA BOREWELL POINTS AT THE",Telangana,29.0,7.5,7.8,986.0,1962.0,,,10.0,14.2,2.0,2.0,33.0,33.0,555.0,1092.0,0.6,0.8,,,,18.25,0,496.9,1,,,8.1,0,17.5,294.0,546.3,0,,0,,0
2021,4275,PERIPHERY OF THE ISA JEEDIMETLA TELANGANA BOREWELL POINTS AT THE,Telangana,28.0,7.5,8.2,2005.0,2364.0,,,27.0,32.8,2.0,2.0,41.0,43.0,1284.0,1489.0,1.2,1.3,,,,17.75,0,1006.6,1,,,17.4,0,21.5,663.5,745.1,0,,0,,0
2021,1793,"BALANAGAR TELANGANA O/W - BHOOMAIAH NEAR ASHPONDS OF NTPC ,",Telangana,30.0,7.8,8.3,1652.0,1955.0,,,0.8,1.2,2.0,2.0,4.0,6.0,914.0,1088.0,1.0,1.2,,,,18.9,0,830.15,1,,,1.6,0,3.0,460.0,544.5,0,,0,,0
2021,15,"KUNDANPALLY (V) , RAMAGUNDAM , KARIMNAGAR TELANGANA",Telangana,27.0,8.2,8.3,401.0,624.0,,,0.3,0.3,2.0,2.0,2.0,2.0,222.0,356.0,0.7,0.7,,,,17.6,0,204.65,1,,,1.15,0,2.0,112.0,178.35,0,,0,,0
2021,27,WELL AT KUYYURA TELANGANA,Telangana,25.0,6.6,7.5,1065.0,1350.0,,,5.0,6.0,,,,,550.0,792.0,0.3,0.3,0.01,0.01,,15.8,0,536.25,1,,,,0,,,396.15,0,0.155,0,,0
2021,16,WELL AT PEDDAVOORA TELANGANA,Telangana,28.0,7.9,8.0,784.0,1064.0,,,13.4,14.0,2.0,2.0,33.0,34.0,502.0,680.0,0.6,0.6,,,,17.95,0,396.0,1,,,8.0,0,17.5,268.0,340.3,0,,0,,0
2021,1732,"WELL AT TADAVAI A.P. TELANGANA A.D.NAGAR, AGARTALA,",Telangana,26.5,5.9,6.0,108.0,121.0,1.0,1.0,0.3,0.3,2.0,2.0,2.0,2.0,60.0,66.0,0.2,0.2,,,,16.2,0,57.0,1,61.0,0.65,1.15,0,2.0,31.0,33.1,0,,0,,0
2021,1734,"TRIPURA TRIPURA GANDHIGRAM, AGARTALA,",Tripura,26.5,5.7,5.8,109.0,113.0,1.0,1.0,0.3,0.3,2.0,2.0,2.0,2.0,62.0,64.0,0.2,0.2,,,,16.1,0,57.4,1,57.0,0.65,1.15,0,2.0,32.0,32.1,0,,0,,0
2021,1730,TRIPURA TRIPURA,Tripura,26.5,6.3,6.6,108.0,115.0,1.0,1.0,0.3,0.3,2.0,2.0,2.0,2.0,64.0,68.0,0.2,0.2,,,,16.4,0,57.3,1,58.0,0.65,1.15,0,2.0,33.0,34.1,0,,0,,0
2021,1731,"KUNJBAN, AGARTALA, TRIPURA TRIPURA",Tripura,26.5,6.0,6.1,109.0,935.0,1.0,1.0,0.3,0.3,2.0,2.0,2.0,2.0,60.0,62.0,0.2,0.2,,,,16.25,0,57.55,1,468.0,0.65,1.15,0,2.0,31.0,31.1,0,,0,,0
2021,1733,"LANKAMURA, TRIPURA TRIPURA SHIBNAGAR, AGARTALA,",Tripura,26.5,5.8,5.9,113.0,119.0,1.0,1.0,0.3,0.3,2.0,2.0,2.0,2.0,62.0,64.0,0.2,0.2,,,,16.15,0,59.45,1,60.0,0.65,1.15,0,2.0,32.0,32.1,0,,0,,0
2021,4205,"TRIPURA TRIPURA TUBE WELL AT AMAR SAGAR,",Tripura,26.0,5.5,5.7,106.0,108.0,1.0,1.0,0.3,0.3,2.0,2.0,2.0,2.0,58.0,58.0,0.2,0.2,,,,15.75,0,55.85,1,54.5,0.65,1.15,0,2.0,30.0,29.1,0,,0,,0
2021,4204,UDAIPUR TRIPURA,Tripura,25.5,5.4,5.5,106.0,118.0,1.0,1.0,0.3,0.3,2.0,2.0,2.0,2.0,56.0,66.0,0.2,0.2,,,,15.45,0,55.75,1,59.5,0.65,1.15,0,2.0,29.0,33.1,0,,0,,0
2021,4210,TUBE WELL AT AMARPUR TRIPURA,Tripura,25.0,5.4,5.6,92.0,99.0,1.0,1.0,0.3,0.3,2.0,2.0,2.0,2.0,50.0,58.0,0.2,0.2,,,,15.2,0,48.8,1,50.0,0.65,1.15,0,2.0,26.0,29.1,0,,0,,0
2021,3426,"TUBE WELL AT ARUNDHATI 23.0 NAGAR TRIPURA TUBE WELL AT B.C.MANU,",Tripura,25.5,5.4,5.6,88.0,93.0,1.0,1.0,0.3,0.3,2.0,2.0,2.0,2.0,46.0,50.0,0.2,0.2,,,,15.45,0,46.8,1,47.0,0.65,1.15,0,2.0,24.0,25.1,0,,0,,0
2021,4187,SOUTH TRIPURA TRIPURA,Tripura,26.5,5.9,6.0,119.0,128.0,1.0,1.0,0.3,0.3,2.0,2.0,2.0,2.0,62.0,68.0,0.2,0.2,,,,16.2,0,62.5,1,64.5,0.65,1.15,0,2.0,32.0,34.1,0,,0,,0
2021,3428,"TUBE WELL AT BADHARGHAT TRIPURA TUBE WELL AT BAGAFA, SOUTH",Tripura,25.5,5.3,5.3,89.0,96.0,1.0,1.0,0.3,0.3,2.0,2.0,2.0,2.0,52.0,56.0,0.2,0.2,,,,15.4,0,47.15,1,48.5,0.65,1.15,0,2.0,27.0,28.1,0,,0,,0
2021,4209,TRIPURA TRIPURA,Tripura,26.5,5.5,5.7,109.0,116.0,1.0,1.0,0.3,0.3,2.0,2.0,2.0,2.0,62.0,66.0,0.2,0.2,,,,16.0,0,57.35,1,58.5,0.65,1.15,0,2.0,32.0,33.1,0,,0,,0
2021,4200,TUBE WELL AT BELONIA TRIPURA,Tripura,26.0,5.6,5.8,93.0,95.0,1.0,1.0,0.3,0.3,2.0,2.0,2.0,2.0,56.0,56.0,0.2,0.2,,,,15.8,0,49.4,1,48.0,0.65,1.15,0,2.0,29.0,28.1,0,,0,,0
2021,4636,TUBE WELL AT BISHALGARH TRIPURA,Tripura,26.0,6.2,6.3,89.0,99.0,1.0,1.0,0.3,0.3,2.0,2.0,2.0,2.0,50.0,56.0,0.2,0.2,,,,16.1,0,47.65,1,50.0,0.65,1.15,0,2.0,26.0,28.1,0,,0,,0
2021,4202,TUBE WELL AT BISHALGARH TRIPURA,Tripura,26.0,5.5,5.5,110.0,122.0,1.0,1.0,0.3,0.3,2.0,2.0,2.0,2.0,62.0,68.0,0.2,0.2,,,,15.75,0,57.75,1,61.5,0.65,1.15,0,2.0,32.0,34.1,0,,0,,0
2021,4651,"23.0 NAGAR, WEST TRIPURA TRIPURA TUBE WELL AT CHAKMAGHAT,",Tripura,25.5,6.4,6.9,89.0,102.0,1.0,1.0,0.3,0.3,2.0,2.0,2.0,2.0,48.0,58.0,0.2,0.2,,,,15.95,0,47.95,1,51.5,0.65,1.15,0,2.0,25.0,29.1,0,,0,,0
2021,4638,TELIAMURA TRIPURA,Tripura,25.5,6.4,6.5,89.0,96.0,1.0,1.0,0.3,0.3,2.0,2.0,2.0,2.0,50.0,52.0,0.2,0.2,,,,15.95,0,47.75,1,48.5,0.65,1.15,0,2.0,26.0,26.1,0,,0,,0
2021,4212,TUBE WELL AT CHAMPAKNAGAR TRIPURA,Tripura,25.0,5.3,5.3,96.0,96.0,1.0,1.0,0.3,0.3,2.0,2.0,2.0,2.0,52.0,52.0,0.2,0.2,,,,15.15,0,50.65,1,48.5,0.65,1.15,0,2.0,27.0,26.1,0,,0,,0
2021,3432,"(INTERSTATE BOUNDRY), NORTH TUBE WELL AT CHAWMANU TRIPURA TUBE WELL AT CHURAIBARI",Tripura,25.5,5.5,5.9,94.0,110.0,1.0,1.0,0.3,0.3,2.0,2.0,2.0,2.0,56.0,68.0,0.2,0.2,,,,15.5,0,49.95,1,55.5,0.65,1.15,0,2.0,29.0,34.1,0,,0,,0
2021,4216,TRIPURA TRIPURA,Tripura,25.0,5.4,5.6,92.0,98.0,1.0,1.0,0.3,0.3,2.0,2.0,2.0,2.0,50.0,56.0,0.2,0.2,,,,15.2,0,48.8,1,49.5,0.65,1.15,0,2.0,26.0,28.1,0,,0,,0
2021,4190,TUBE WELL AT DAMCHERRA TRIPURA TUBE WELL AT DEBENDRA,Tripura,25.5,5.5,5.7,95.0,100.0,1.0,1.0,0.3,0.37,2.0,2.0,2.0,2.0,58.0,62.0,0.2,0.2,,,,15.5,0,50.35,1,50.5,0.65,1.185,0,2.0,30.0,31.1,0,,0,,0
2021,4206,"CHANDRA NAGAR TRIPURA TUBE WELL AT DHANI SAGAR,",Tripura,26.0,5.3,5.4,109.0,112.0,1.0,1.0,0.3,0.3,2.0,2.0,2.0,2.0,58.0,62.0,0.2,0.2,,,,15.65,0,57.2,1,56.5,0.65,1.15,0,2.0,30.0,31.1,0,,0,,0
2021,4215,UDAIPUR TRIPURA,Tripura,25.5,5.6,5.7,119.0,126.0,1.0,1.0,0.3,0.3,2.0,2.0,2.0,2.0,68.0,72.0,0.2,0.2,,,,15.55,0,62.35,1,63.5,0.65,1.15,0,2.0,35.0,36.1,0,,0,,0
2021,4186,TUBE WELL AT DHARMANAGAR TRIPURA,Tripura,26.0,5.6,5.8,121.0,129.0,1.0,1.0,0.3,0.3,2.0,2.0,2.0,2.0,64.0,68.0,0.2,0.2,,,,15.8,0,63.4,1,65.0,0.65,1.15,0,2.0,33.0,34.1,0,,0,,0
2021,3435,"TUBE WELL AT DOKLI TRIPURA TUBE WELL AT GOUR NAGAR,",Tripura,25.0,5.9,6.1,96.0,106.0,1.0,1.0,0.3,0.3,2.0,2.0,2.0,2.0,52.0,58.0,0.2,0.2,,,,15.45,0,51.05,1,53.5,0.65,1.15,0,2.0,27.0,29.1,0,,0,,0
2021,3423,"NORTH TRIPURA TRIPURA TUBE WELL AT HAPANIA, WEST",Tripura,26.5,6.1,6.2,74.0,94.0,1.0,1.0,0.3,0.3,2.0,2.0,2.0,2.0,42.0,54.0,0.2,0.2,,,,16.3,0,40.1,1,47.5,0.65,1.15,0,2.0,22.0,27.1,0,,0,,0
2021,4185,"TUBE WELL AT JAWAHANAGAR, 23.0 DHALAI TRIPURA",Tripura,26.0,5.5,5.8,118.0,119.0,1.0,1.0,0.3,0.3,2.0,2.0,2.0,2.0,66.0,68.0,0.2,0.2,,,,15.75,0,61.9,1,60.0,0.65,1.15,0,2.0,34.0,34.1,0,,0,,0
2021,4208,TUBE WELL AT JIRANIA TRIPURA,Tripura,26.0,5.3,5.7,99.0,118.0,1.0,1.0,0.3,0.3,2.0,2.0,2.0,2.0,52.0,68.0,0.2,0.2,,,,15.65,0,52.35,1,59.5,0.65,1.15,0,2.0,27.0,34.1,0,,0,,0
2021,3436,"TUBE WELL AT JOLAIBARI TRIPURA TUBE WELL AT KAILASHAHAR,",Tripura,25.5,5.7,5.9,98.0,101.0,1.0,1.0,0.3,0.3,2.0,2.0,2.0,2.0,52.0,56.0,0.2,0.2,,,,15.6,0,51.95,1,51.0,0.65,1.15,0,2.0,27.0,28.1,0,,0,,0
2021,4648,NORTH TRIPURA TRIPURA TUBE WELL AT KALADEPHA,Tripura,26.0,7.1,7.2,96.0,106.0,1.0,1.0,0.3,0.3,2.0,2.0,2.0,2.0,54.0,60.0,0.2,0.2,,,,16.55,0,51.6,1,53.5,0.65,1.15,0,2.0,28.0,30.1,0,,0,,0
2021,4211,MANU TRIPURA,Tripura,25.0,6.0,6.2,108.0,119.0,1.0,1.0,0.3,0.3,2.0,2.0,2.0,2.0,60.0,66.0,0.2,0.2,,,,15.5,0,57.1,1,60.0,0.65,1.15,0,2.0,31.0,33.1,0,,0,,0
2021,3433,"INDUSTRIAL ESTATE AREA, TUBE WELL AT KAMALPUR TRIPURA TUBE WELL AT KAMESWAR,",Tripura,25.5,5.8,7.0,106.0,119.0,1.0,1.0,0.3,0.3,2.0,2.0,2.0,2.0,58.0,70.0,0.2,0.2,,,,15.65,0,56.5,1,60.0,0.65,1.15,0,2.0,30.0,35.1,0,,0,,0
2021,4217,NORTH TRIPURA TRIPURA,Tripura,25.0,5.6,5.9,105.0,117.0,1.0,1.0,0.3,0.3,2.0,2.0,2.0,2.0,60.0,64.0,0.2,0.2,,,,15.3,0,55.45,1,59.0,0.65,1.15,0,2.0,31.0,32.1,0,,0,,0
2021,4203,TUBE WELL AT KANCHANPUR TRIPURA,Tripura,25.5,5.5,5.5,108.0,112.0,1.0,1.0,0.3,0.3,2.0,2.0,2.0,2.0,62.0,68.0,0.2,0.2,,,,15.5,0,56.75,1,56.5,0.65,1.15,0,2.0,32.0,34.1,0,,0,,0
2021,4214,TUBE WELL AT KARBOOK TRIPURA,Tripura,25.5,5.4,5.5,94.0,112.0,1.0,1.0,0.3,0.3,2.0,2.0,2.0,2.0,56.0,66.0,0.2,0.2,,,,15.45,0,49.75,1,56.5,0.65,1.15,0,2.0,29.0,33.1,0,,0,,0
2021,3431,TUBE WELL AT KHOWAI TRIPURA,Tripura,25.0,5.3,5.8,79.0,93.0,1.0,1.0,0.3,0.3,2.0,2.0,2.0,2.0,48.0,58.0,0.2,0.2,,,,15.15,0,42.4,1,47.0,0.65,1.15,0,2.0,25.0,29.1,0,,0,,0
2021,3434,"INDUSTRIAL ESTATE AREA, TUBE WELL AT KULAI, DHALAI TRIPURA TUBE WELL AT KUMARGHAT,",Tripura,25.5,6.0,6.4,95.0,124.0,1.0,1.0,0.3,0.3,2.0,2.0,2.0,2.0,52.0,72.0,0.2,0.2,,,,15.75,0,50.7,1,62.5,0.65,1.15,0,2.0,27.0,36.1,0,,0,,0
2021,4647,NORTH TRIPURA TRIPURA,Tripura,26.0,6.5,6.9,96.0,102.0,1.0,1.0,0.3,0.3,2.0,2.0,2.0,2.0,54.0,58.0,0.2,0.2,,,,16.25,0,51.45,1,51.5,0.65,1.15,0,2.0,28.0,29.1,0,,0,,0
2021,4641,TUBE WELL AT MANUBAZAR TRIPURA,Tripura,26.0,5.2,5.3,94.0,106.0,1.0,1.0,0.3,0.3,2.0,2.0,2.0,2.0,52.0,58.0,0.2,0.2,,,,15.6,0,49.65,1,53.5,0.65,1.15,0,2.0,27.0,29.1,0,,0,,0
2021,3424,"TUBE WELL AT MELAGHAR TRIPURA TUBE WELL AT NAGICHERRA,",Tripura,26.0,5.9,6.1,84.0,89.0,1.0,1.0,0.3,0.3,2.0,2.0,2.0,2.0,42.0,50.0,0.2,0.2,,,,15.95,0,45.05,1,45.0,0.65,1.15,0,2.0,22.0,25.1,0,,0,,0
2021,4189,WEST TRIPURA TRIPURA,Tripura,26.0,5.7,5.8,91.0,95.0,1.0,1.0,0.3,0.3,2.0,2.0,2.0,2.0,48.0,56.0,0.2,0.2,,,,15.85,0,48.4,1,48.0,0.65,1.15,0,2.0,25.0,28.1,0,,0,,0
2021,4218,TUBE WELL AT NANADANNAGAR TRIPURA,Tripura,25.0,5.7,5.7,91.0,95.0,1.0,1.0,0.3,0.3,2.0,2.0,2.0,2.0,48.0,54.0,0.2,0.2,,,,15.35,0,48.35,1,48.0,0.65,1.15,0,2.0,25.0,27.1,0,,0,,0
2021,4653,TUBE WELL AT PANISAGAR TRIPURA,Tripura,25.5,5.9,6.2,108.0,112.0,1.0,1.0,0.3,0.3,2.0,2.0,2.0,2.0,50.0,56.0,0.2,0.2,,,,15.7,0,57.1,1,56.5,0.65,1.15,0,2.0,26.0,28.1,0,,0,,0
2021,4637,TUBE WELL AT PECHARTHAL TRIPURA,Tripura,26.0,6.3,6.5,91.0,94.0,1.0,1.0,0.3,0.3,2.0,2.0,2.0,2.0,50.0,52.0,0.2,0.2,,,,16.15,0,48.75,1,47.5,0.65,1.15,0,2.0,26.0,26.1,0,,0,,0
2021,4639,TUBE WELL AT RAJNAGAR TRIPURA,Tripura,26.0,6.7,6.7,93.0,101.0,1.0,1.0,0.3,0.3,2.0,2.0,2.0,2.0,50.0,58.0,0.2,0.2,,,,16.35,0,49.85,1,51.0,0.65,1.15,0,2.0,26.0,29.1,0,,0,,0
2021,4207,TUBE WELL AT RANIRBAZAR TRIPURA,Tripura,26.5,5.5,5.6,106.0,108.0,1.0,1.0,0.3,0.3,2.0,2.0,2.0,2.0,54.0,56.0,0.2,0.2,,,,16.0,0,55.8,1,54.5,0.65,1.15,0,2.0,28.0,28.1,0,,0,,0
2021,4201,"TUBE WELL AT SHANTIR BAZAR, 23.0 SOUTH TRIPURA TRIPURA",Tripura,26.0,5.6,5.8,107.0,117.0,1.0,1.0,0.3,0.37,2.0,2.0,2.0,2.0,58.0,66.0,0.2,0.2,,,,15.8,0,56.4,1,59.0,0.65,1.185,0,2.0,30.0,33.1,0,,0,,0
2021,4191,TUBE WELL AT SONAMURA TRIPURA TUBE WELL AT SURYAMONI,Tripura,26.0,5.8,5.9,93.0,100.0,1.0,1.0,0.3,0.3,2.0,2.0,2.0,2.0,56.0,56.0,0.2,0.2,,,,15.9,0,49.45,1,50.5,0.65,1.15,0,2.0,29.0,28.1,0,,0,,0
2021,4213,NAGAR TRIPURA,Tripura,25.5,5.6,5.6,88.0,95.0,1.0,1.0,0.3,0.3,2.0,2.0,2.0,2.0,50.0,54.0,0.2,0.2,,,,15.55,0,46.8,1,48.0,0.65,1.15,0,2.0,26.0,27.1,0,,0,,0
2021,4652,TUBE WELL AT TELIAMURA TRIPURA TUBE WELL AT TELIAMURA,Tripura,26.0,6.0,6.2,108.0,115.0,1.0,1.0,0.3,0.3,2.0,2.0,2.0,2.0,60.0,64.0,0.2,0.2,,,,16.0,0,57.1,1,58.0,0.65,1.15,0,2.0,31.0,32.1,0,,0,,0
2021,1406,MARKET TRIPURA WELL AROUND UDAIPUR,Tripura,27.0,5.5,5.8,106.0,122.0,1.0,1.0,0.3,0.3,2.0,2.0,2.0,2.0,62.0,72.0,0.2,0.2,,,,16.25,0,55.9,1,61.5,0.65,1.15,0,2.0,32.0,36.1,0,,0,,0
2021,1405,"(TUBEWELL), TRIPURA TRIPURA WELL AT UDAIPUR (TUBEWELL),",Tripura,27.0,5.7,6.0,97.0,112.0,1.0,1.0,0.3,0.3,2.0,2.0,2.0,2.0,58.0,72.0,0.2,0.2,,,,16.35,0,51.5,1,56.5,0.65,1.15,0,2.0,30.0,36.1,0,,0,,0
2021,2470,TRIPURA TRIPURA,Tripura,25.6,7.1,7.2,1920.0,1983.0,1.0,1.0,1.1,1.1,2.0,2.0,2.0,2.0,183.0,212.0,0.3,0.4,,,,16.35,0,963.6,1,992.0,1.05,1.55,0,2.0,92.5,106.15,0,,0,,0
2021,2469,"AT INDUSTRIAL AREA, FATEHPUR UTTAR PRADESH AT INDUSTRIAL AREA. NAINI,",Uttar Pradesh,25.4,7.2,7.3,1193.0,1222.0,1.0,1.0,0.85,0.9,2.0,2.0,2.0,2.0,251.0,263.0,0.4,0.4,,,,16.3,0,600.15,1,611.5,0.925,1.45,0,2.0,126.5,131.7,0,,0,,0
2021,2468,"DEVELOPMENT AUTHORITY, ALLAHABAD UTTAR PRADESH BHADOHI INDUSTRIAL AREA,",Uttar Pradesh,26.5,7.7,7.8,492.0,540.0,,,,,,,,,295.0,318.0,,,,,,17.1,0,249.9,1,,,,0,,,,0,,0,,0
2021,2467,"SANT RAVIDAS NAGAR UTTAR PRADESH CHANDPUR INDUSTRIAL AREA,",Uttar Pradesh,25.0,7.8,7.8,486.0,612.0,,,,,,,,,284.0,354.0,,,,,,16.4,0,246.9,1,,,,0,,,,0,,0,,0
2021,1756,"LAHARTARA, VARANASI UTTAR PRADESH GOPIGANJ INDUSTRIAL AREA",Uttar Pradesh,27.0,7.7,7.8,450.0,528.0,,,,,,,,,270.0,312.0,,,,,,17.35,0,228.9,1,,,,0,,,,0,,0,,0
2021,1758,"BHADOHI, VARANASI, U.P UTTAR PRADESH GROUND AROUND STP",Uttar Pradesh,25.5,7.6,7.7,468.0,508.0,,,,,,,,,254.0,280.0,,,,,,16.55,0,237.85,1,,,,0,,,,0,,0,,0
2021,1754,"DINAPUR, VARANASI, U.P UTTAR PRADESH HAPUR ROAD INDUSTRIAL AREA",Uttar Pradesh,22.0,7.1,7.5,710.0,710.0,1.0,1.0,0.3,0.31,2.0,2.0,2.0,2.0,295.0,420.0,0.2,0.2,,,,14.55,0,358.75,1,355.5,0.65,1.155,0,2.0,148.5,210.1,0,,0,,0
2021,1759,"GHAZIABAD, U.P UTTAR PRADESH IFFCO, PHOOLPUR, ALLAHABAD,",Uttar Pradesh,25.4,7.1,7.2,1092.0,1188.0,1.0,1.0,0.89,0.9,2.0,2.0,2.0,2.0,236.0,241.0,0.4,0.4,,,,16.25,0,549.6,1,594.5,0.9450000000000001,1.45,0,2.0,119.0,120.7,0,,0,,0
2021,1747,SAROWNI BLOCK AT U.P UTTAR PRADESH INDIA MARKA HAND PUMP IN,Uttar Pradesh,18.0,7.9,8.4,891.0,977.0,,,,,2.0,2.0,2.0,2.0,488.0,682.0,0.9,1.5,,,,12.95,0,449.7,1,,,,0,2.0,245.0,341.45,0,,0,,0
2021,2475,"RAIBAREILLY, U.P UTTAR PRADESH INDUSTRIAL AREA, SULTANPUR",Uttar Pradesh,18.0,7.9,8.1,811.0,1028.0,,,,,2.0,2.0,2.0,2.0,628.0,802.0,0.7,0.7,,,,12.95,0,409.55,1,,,,0,2.0,315.0,401.35,0,,0,,0
2021,1760,ROAD UTTAR PRADESH M/S KANORIA CHEMICAL,Uttar Pradesh,,8.0,8.0,2600.0,2600.0,,,,,,,,,1306.0,1306.0,,,,,,,0,1304.0,1,,,,0,,,,0,,0,,0
2021,1757,"MEERUT ROAD INDUSTRIAL 21.0 AREA GHAZIABAD, U.P UTTAR PRADESH MIRZAPUR INDUSTRIAL AREA,",Uttar Pradesh,,7.3,7.3,694.0,694.0,,,,,,,346.0,346.0,345.0,345.0,,,,,,,0,350.65,1,,,,0,,345.5,,0,,0,,0
2021,1746,"U.P UTTAR PRADESH NAGAR PALIKA TUBE WELL,",Uttar Pradesh,19.0,8.0,8.0,751.0,801.0,,,,,2.0,2.0,2.0,2.0,488.0,528.0,0.6,0.7,,,,13.5,0,379.5,1,,,,0,2.0,245.0,264.3,0,,0,,0
2021,2477,"SULTANPUR, U.P UTTAR PRADESH NEAR ARYA KANYA INTER",Uttar Pradesh,23.0,7.5,7.5,948.0,948.0,,,,,,,,,568.0,568.0,,,,,,15.25,0,477.75,1,,,,0,,,,0,,0,,0
2021,2479,"NATIONAL LAKDI FAZALPUR, COLLEGE. JALAUN UTTAR PRADESH NEAR M/S KUMAR INTER",Uttar Pradesh,25.0,7.4,7.5,420.0,470.0,1.0,1.0,0.3,0.3,2.0,2.0,31.0,34.0,250.0,280.0,0.2,0.3,,,,16.2,0,213.75,1,235.5,0.65,1.15,0,16.5,142.0,140.1,0,,0,,0
2021,2481,"DELHI ROAD, MORADABAD UTTAR PRADESH NEAR PEER BEGRAJ INDSTRIAL",Uttar Pradesh,21.5,7.4,7.6,460.0,465.0,,,,,,,,,302.0,395.0,,,,,,14.45,0,233.8,1,,,,0,,,,0,,0,,0
2021,1755,"AREA, MUZAFFARNAGAR UTTAR PRADESH PILKHUA INDUSTRIAL AREA",Uttar Pradesh,22.0,7.2,7.2,1315.0,1445.0,1.0,1.0,0.3,0.3,2.0,2.0,2.0,2.0,752.0,920.0,0.2,0.2,,,,14.6,0,661.1,1,723.0,0.65,1.15,0,2.0,377.0,460.1,0,,0,,0
2021,1752,"GHAZIABAD, U.P UTTAR PRADESH SAHIBABAD INDUSTRIAL AREA,",Uttar Pradesh,24.0,7.0,7.2,2052.0,2120.0,1.0,1.2,0.3,0.4,2.0,2.0,2.0,2.0,924.0,1460.0,0.2,0.2,,,,15.5,0,1029.6,1,1060.5,0.75,1.2,0,2.0,463.0,730.1,0,,0,,0
2021,1751,"AT GAJRAULA, MORADABAD, GHAZIABAD, U.P UTTAR PRADESH TUBE WELL IN INDUSTRIAL AREA",Uttar Pradesh,,7.4,7.4,742.0,742.0,1.0,1.0,0.3,0.3,2.0,2.0,24.0,24.0,464.0,464.0,0.4,0.4,,,,,0,374.7,1,371.5,0.65,1.15,0,13.0,244.0,232.2,0,,0,,0
2021,1761,U.P UTTAR PRADESH TUBE WELL IN SINGRAULI,Uttar Pradesh,,7.4,7.4,186.0,186.0,,,,,,,,,94.0,94.0,,,,,,,0,96.7,1,,,,0,,,,0,,0,,0
2021,2474,"INDUSTRIAL AREA, U.P UTTAR PRADESH UNCHAHAAR (NEAR THERMAL",Uttar Pradesh,20.0,7.8,7.9,801.0,921.0,,,,,2.0,2.0,2.0,2.0,562.0,602.0,0.7,0.8,,,,13.9,0,404.45,1,,,,0,2.0,282.0,301.35,0,,0,,0
2021,3452,POWER PLANT) UTTAR PRADESH GROUND WATER AT BHAGWAN,Uttar Pradesh,18.0,7.9,7.9,420.0,420.0,1.0,1.0,2.6,2.6,2.0,2.0,2.0,2.0,260.0,260.0,0.2,0.2,0.001,0.001,,12.95,0,213.95,1,210.5,1.8,2.3,0,2.0,131.0,130.1,0,0.1005,0,,0
2021,3453,"INDUSTRIAL AREA- 1 UTTARAKHAND GROUND WATER AT BHAGWAN INDUSTRIAL AREA- 2,",Uttarakhand,21.0,7.4,8.4,217.0,1064.0,1.0,1.0,0.3,3.6,2.0,2.0,2.0,2.0,138.0,674.0,0.2,0.4,0.001,0.001,,14.2,0,112.7,1,532.5,0.65,2.8,0,2.0,70.0,337.1,0,0.2005,0,,0
2021,3448,"SIKANDERPUR, LAKHESWARI, ROORKEE, HARIDWAR UTTARAKHAND GROUND WATER AT KASHIPUR",Uttarakhand,30.0,7.2,7.2,320.0,320.0,6.0,6.0,0.3,0.3,,,,,218.0,218.0,0.5,0.5,0.001,0.001,,18.6,0,163.6,1,163.0,3.15,,0,,,109.25,0,0.2505,0,,0
2021,3449,BAJPUR ROAD- 1 UTTARAKHAND GROUND WATER AT KASHIPUR,Uttarakhand,30.0,7.2,7.7,294.0,370.0,2.1,2.2,0.6,0.6,,,,,188.0,256.0,0.5,0.5,0.001,0.001,,18.6,0,150.85,1,186.05,1.4000000000000001,,0,,,128.25,0,0.2505,0,,0
2021,3446,BAJPUR ROAD- 2 UTTARAKHAND GROUND WATER AT KASHIPUR,Uttarakhand,28.0,7.3,7.5,320.0,400.0,1.3,1.6,0.3,0.3,,,,,218.0,225.0,0.5,0.5,0.001,0.001,,17.65,0,163.75,1,200.65,0.9500000000000001,,0,,,112.75,0,0.2505,0,,0
2021,3442,PANTNAGAR INDUSTRIAL AREA- GROUND WATER AT KASHIPUR 21.0 MORADABAD ROAD- 2 UTTARAKHAND GROUND WATER AT,Uttarakhand,32.0,7.0,7.7,278.0,320.0,1.8,2.0,0.3,0.3,,,,,169.0,206.0,0.8,0.8,0.001,0.001,,19.5,0,142.85,1,160.9,1.15,,0,,,103.4,0,0.4005,0,,0
2021,3443,PANTNAGAR INDUSTRIAL AREA- 1 UTTARAKHAND GROUND WATER AT,Uttarakhand,32.0,7.4,7.6,280.0,293.0,2.2,2.2,0.3,0.3,,,,,191.0,196.0,0.8,0.8,0.001,0.001,,19.7,0,143.8,1,147.6,1.25,,0,,,98.4,0,0.4005,0,,0
2021,3454,"INDUSTRIAL AREA- 1, CHC 2 UTTARAKHAND GROUND WATER AT ROORKEE",Uttarakhand,22.0,7.9,8.3,297.0,849.0,1.0,1.0,0.3,5.7,2.0,2.0,2.0,2.0,190.0,525.0,0.2,0.2,0.001,0.001,,14.95,0,152.65,1,425.0,0.65,3.85,0,2.0,96.0,262.6,0,0.1005,0,,0
2021,3455,"BHAGWANPUR,HARIDWAR UTTARAKHAND GROUND WATER AT ROORKEE",Uttarakhand,20.0,7.5,7.5,286.0,286.0,1.0,1.0,0.3,0.3,,,,,183.0,183.0,0.2,0.2,0.001,0.001,,13.75,0,146.75,1,143.5,0.65,,0,,,91.6,0,0.1005,0,,0
2021,3444,"INDUSTRIAL AREA- 2, SUNEHRA UTTARAKHAND GROUND WATER AT SANTIPURI",Uttarakhand,32.0,7.1,7.5,326.0,330.0,2.4,2.7,0.3,0.3,,,,,137.0,227.0,0.4,0.4,0.001,0.001,,19.55,0,166.75,1,166.2,1.5,,0,,,113.7,0,0.2005,0,,0
2021,3445,KICHHA- 1 UTTARAKHAND GROUND WATER AT SANTIPURI,Uttarakhand,32.0,7.0,7.3,276.0,360.0,1.8,2.0,0.3,0.3,,,,,184.0,235.0,0.6,0.6,0.001,0.001,,19.5,0,141.65,1,180.9,1.15,,0,,,117.8,0,0.3005,0,,0
2021,3456,"INDUSTRIAL AREA- 1, KICHHA- 2 UTTARAKHAND GROUND WATER AT SELAQUI",Uttarakhand,19.0,6.1,6.7,149.0,250.0,1.0,1.0,0.3,0.3,2.0,2.0,2.0,2.0,91.0,160.0,0.5,0.5,0.001,0.001,,12.55,0,77.85,1,125.5,0.65,1.15,0,2.0,46.5,80.25,0,0.2505,0,,0
2021,3457,"INDUSTRIAL AREA- 2, DEHRADUN UTTARAKHAND GROUND WATER AT SELAQUI",Uttarakhand,20.0,6.0,7.3,196.0,283.0,1.0,1.0,0.3,0.3,2.0,2.0,2.0,2.0,130.0,183.0,0.4,0.4,0.001,0.001,,13.0,0,101.65,1,142.0,0.65,1.15,0,2.0,66.0,91.7,0,0.2005,0,,0
2021,3450,"DEHRADUN UTTARAKHAND GROUND WATER AT SIDCUL INDUSTRIAL AREA- 1,",Uttarakhand,21.0,6.9,7.6,219.0,937.0,1.0,1.0,0.3,2.1,2.0,2.0,2.0,2.0,599.0,599.0,0.2,0.2,0.001,0.001,,13.95,0,113.3,1,469.0,0.65,2.05,0,2.0,300.5,299.6,0,0.1005,0,,0
2021,3451,"ROSHANABAD COLLECTORATE, HARIDWAR UTTARAKHAND GROUND WATER AT SIDCUL INDUSTRIAL AREA- 2,",Uttarakhand,20.0,7.5,7.6,374.0,695.0,1.0,1.0,0.3,3.8,2.0,2.0,2.0,2.0,239.0,430.0,0.2,0.2,0.001,0.001,,13.75,0,190.8,1,348.0,0.65,2.9,0,2.0,120.5,215.1,0,0.1005,0,,0
2021,3440,"SALEEMPUR CHOWK,ROORKEE,HARIDWAR UTTARAKHAND GROUND WATER AT SITAR GANJ",Uttarakhand,28.0,7.2,7.5,400.0,547.0,2.6,3.5,0.3,0.3,2.0,2.0,2.0,2.0,216.0,270.0,0.6,0.6,0.001,0.001,,17.6,0,203.75,1,274.8,1.9,1.15,0,2.0,109.0,135.3,0,0.3005,0,,0
2021,3441,INDUSTRIAL AREA- 1 UTTARAKHAND GROUND WATER AT SITAR GANJ,Uttarakhand,28.0,7.1,7.2,410.0,529.0,3.2,3.8,0.3,0.3,2.0,2.0,2.0,2.0,208.0,272.0,0.7,0.7,0.001,0.001,,17.55,0,208.6,1,266.1,2.05,1.15,0,2.0,105.0,136.35,0,0.3505,0,,0
2021,2547,"HARBOUR ROAD, 24 PARGANAS HANDPUMP IN VILLAGE DAMAUDA AT KASHIPUR NEAR 24.0 M/S INDIA GLYCOLES LTD. UTTARAKHAND AMTOLA ON DIAMOND",Uttarakhand,30.0,7.4,7.5,1050.0,7356.0,1.0,1.0,0.3,1.2,2.0,2.0,5.0,5.0,554.0,6070.0,0.3,0.6,0.001,0.001,,18.7,0,528.75,1,3678.5,0.65,1.6,0,3.5,279.5,3035.15,0,0.3005,0,,0
2021,1939,(S) WEST BENGAL,West Bengal,31.0,7.7,8.0,381.0,470.0,1.0,1.0,0.3,0.5,2.0,2.0,2.0,2.0,238.0,248.0,0.6,0.9,0.001,0.001,,19.35,0,194.5,1,235.5,0.65,1.25,0,2.0,120.0,124.3,0,0.4505,0,,0
2021,1772,BARRAKPORE MUNICIPALITY WEST BENGAL BARSAT MUNICIPALITY NORTH,West Bengal,32.0,7.1,8.0,408.0,856.0,1.0,1.0,0.3,0.3,2.0,4.0,2.0,5.0,244.0,530.0,0.3,0.4,0.001,0.001,,19.55,0,208.0,1,428.5,0.65,1.15,0,3.0,124.5,265.15,0,0.2005,0,,0
2021,1777,"24-P, WEST BENGAL WEST BENGAL BEHALA CALCUTTA, WEST",West Bengal,30.0,7.1,7.6,916.0,1769.0,1.0,1.0,0.3,0.3,2.0,2.0,2.0,4.0,736.0,824.0,0.3,0.4,0.001,0.001,,18.55,0,461.8,1,885.0,0.65,1.15,0,2.0,370.0,412.15,0,0.2005,0,,0
2021,2537,BENGAL WEST BENGAL BOLPUR NEAR RAILWAY,West Bengal,30.0,6.9,7.9,244.0,614.0,1.0,1.0,0.38,0.4,2.0,2.0,2.0,2.0,194.0,500.0,0.2,0.6,0.001,0.001,,18.45,0,125.95,1,307.5,0.69,1.2,0,2.0,98.0,250.1,0,0.3005,0,,0
2021,1938,STATION WEST BENGAL,West Bengal,32.0,8.1,8.4,1580.0,1881.0,1.0,1.0,0.3,0.3,7.0,9.0,9.0,10.0,900.0,934.0,0.3,0.4,0.001,0.015,,20.05,0,794.2,1,941.0,0.65,3.65,0,9.0,455.0,467.15,0,0.2005,0,,0
2021,1934,BSIRHAT MUNICIPALITY WEST BENGAL CENTRAL HOWRAH-RESIDENTAIL,West Bengal,30.0,7.0,7.5,1958.0,3009.0,1.0,1.0,0.3,0.3,2.0,2.0,2.0,2.0,1374.0,1566.0,0.4,0.5,0.001,0.001,,18.5,0,982.75,1,1505.0,0.65,1.15,0,2.0,688.0,783.2,0,0.2505,0,,0
2021,1932,AREA WEST BENGAL,West Bengal,30.0,7.4,7.8,482.0,627.0,1.0,1.0,0.3,0.3,2.0,2.0,2.0,2.0,242.0,316.0,0.5,0.6,0.001,0.001,,18.7,0,244.9,1,314.0,0.65,1.15,0,2.0,122.0,158.25,0,0.3005,0,,0
2021,1931,CENTRAL KOLKATA WEST BENGAL,West Bengal,30.0,7.1,7.5,2298.0,2859.0,1.0,1.0,0.3,0.3,2.0,2.0,2.0,13.0,1956.0,2048.0,0.2,0.3,0.001,0.001,,18.55,0,1152.75,1,1430.0,0.65,1.15,0,2.0,984.5,1024.1,0,0.1505,0,,0
2021,1779,COSSIPORE - NORTH KOLKATA WEST BENGAL DANKUNI (NEAR COAL,West Bengal,29.0,7.5,7.5,1137.0,9678.0,1.0,1.0,0.3,0.7,2.0,2.0,2.0,2.0,554.0,662.0,0.7,1.0,0.001,0.012,,18.25,0,572.25,1,4839.5,0.65,1.35,0,2.0,278.0,331.35,0,0.5005,0,,0
2021,1775,"COMPLEX), WEST BENGAL WEST BENGAL DHAPA CALCUTTA, WEST",West Bengal,31.0,7.1,7.1,1462.0,1650.0,1.0,1.0,0.3,0.3,2.0,2.0,2.0,2.0,1146.0,1216.0,0.3,0.3,0.001,0.001,,19.05,0,734.55,1,825.5,0.65,1.15,0,2.0,574.0,608.15,0,0.1505,0,,0
2021,1778,"BENGAL WEST BENGAL DOMJUR HOWRAH, WEST",West Bengal,30.0,7.2,7.8,634.0,878.0,1.0,1.0,0.31,0.7,2.0,2.0,2.0,2.0,434.0,554.0,0.3,0.3,0.001,0.001,,18.6,0,320.9,1,439.5,0.655,1.35,0,2.0,218.0,277.15,0,0.1505,0,,0
2021,1768,"BENGAL WEST BENGAL DURGAPUR TOWN, BURDWAN,",West Bengal,32.0,7.0,7.7,576.0,760.0,1.0,1.0,0.3,0.3,2.0,2.0,2.0,8.0,264.0,362.0,0.2,1.2,0.001,0.001,,19.5,0,291.85,1,380.5,0.65,1.15,0,2.0,136.0,181.1,0,0.6004999999999999,0,,0
2021,1767,"WEST BENGAL WEST BENGAL DURGAPUR TOWN, NEAR IISCO,",West Bengal,28.0,7.9,7.9,743.0,753.0,1.0,1.0,0.3,0.3,2.0,2.0,2.0,2.0,366.0,526.0,0.4,0.5,0.001,0.001,,17.95,0,375.45,1,377.0,0.65,1.15,0,2.0,184.0,263.2,0,0.2505,0,,0
2021,2542,"BURDWAN, WEST BENGAL WEST BENGAL",West Bengal,30.0,6.7,7.7,652.0,739.0,1.0,1.0,0.42,0.49,2.0,2.0,2.0,2.0,368.0,368.0,0.3,1.1,0.001,0.001,,18.35,0,329.85,1,370.0,0.71,1.245,0,2.0,185.0,184.15,0,0.5505,0,,0
2021,1945,DWARIKA AT BISHNUPUR TOWN WEST BENGAL,West Bengal,32.0,7.3,7.4,1135.0,1398.0,1.0,1.0,0.3,1.08,2.0,2.0,2.0,2.0,730.0,820.0,0.7,0.9,0.001,0.013,,19.65,0,571.2,1,699.5,0.65,1.54,0,2.0,366.0,410.35,0,0.4505,0,,0
2021,2526,ENGLISH BAZAR- MALDAH WEST BENGAL,West Bengal,25.0,7.2,7.2,175.0,175.0,1.0,1.0,0.3,0.3,2.0,2.0,2.0,2.0,14.0,14.0,0.2,0.2,,,,16.1,0,91.1,1,88.0,0.65,1.15,0,2.0,8.0,7.1,0,,0,,0
2021,1776,FULBARI BARRAGE WEST BENGAL,West Bengal,29.0,7.5,7.7,718.0,912.0,1.0,1.0,0.3,0.44,2.0,2.0,2.0,2.0,406.0,498.0,0.6,0.7,0.001,0.001,,18.25,0,362.85,1,456.5,0.65,1.22,0,2.0,204.0,249.3,0,0.3505,0,,0
2021,4714,GROUND WATER (DUGWELL) AT 29.0 HARISHPAL MORE WEST BENGAL GROUND WATER AT ANGADPUR,West Bengal,32.0,7.0,8.1,589.0,738.0,1.0,1.0,0.3,0.3,2.0,2.0,4.0,5.0,314.0,390.0,0.2,1.5,0.008,0.008,,19.5,0,298.55,1,369.5,0.65,1.15,0,3.0,159.5,195.1,0,0.754,0,,0
2021,4708,ANGADPUR DURGAPUR WEST BENGAL GROUND WATER AT,West Bengal,28.0,7.3,7.4,929.0,938.0,1.0,1.0,0.3,0.3,7.0,9.0,8.0,12.0,514.0,636.0,0.5,0.5,0.001,0.023,,17.65,0,468.2,1,469.5,0.65,3.65,0,8.5,263.0,318.25,0,0.2505,0,,0
2021,4709,BERHAMPORE WEST BENGAL,West Bengal,30.0,8.0,8.0,428.0,3482.0,1.0,1.0,0.3,0.3,2.0,2.0,2.0,2.0,230.0,232.0,0.3,0.6,0.001,0.001,,19.0,0,218.0,1,1741.5,0.65,1.15,0,2.0,116.0,116.15,0,0.3005,0,,0
2021,4716,GROUND WATER AT CHINSURA WEST BENGAL GROUND WATER AT,West Bengal,29.0,7.4,8.1,622.0,683.0,1.0,1.0,0.34,0.46,2.0,2.0,2.0,2.0,388.0,592.0,0.4,0.5,0.001,0.001,,18.2,0,315.05,1,342.0,0.67,1.23,0,2.0,195.0,296.2,0,0.2505,0,,0
2021,4706,"HURALALPUR, PURULIA WEST BENGAL",West Bengal,29.0,7.9,7.9,1248.0,1248.0,1.0,1.0,0.3,0.3,2.0,2.0,2.0,2.0,624.0,624.0,0.8,0.8,0.009,0.009,,18.45,0,627.95,1,624.5,0.65,1.15,0,2.0,313.0,312.4,0,0.4045,0,,0
2021,4721,GROUND WATER AT KHARDAH WEST BENGAL GROUND WATER AT MATIGARA,West Bengal,28.0,7.4,7.6,61.0,78.0,1.0,1.0,0.3,0.41,2.0,2.0,2.0,2.0,36.0,42.0,0.2,0.2,0.001,0.001,,17.7,0,34.3,1,39.5,0.65,1.205,0,2.0,19.0,21.1,0,0.1005,0,,0
2021,4715,BAZAAR WEST BENGAL GROUND WATER AT,West Bengal,31.0,6.3,7.5,205.0,229.0,1.0,1.0,0.3,0.3,2.0,2.0,2.0,2.0,134.0,138.0,0.2,0.6,0.001,0.001,,18.65,0,106.25,1,115.0,0.65,1.15,0,2.0,68.0,69.1,0,0.3005,0,,0
2021,4707,MUCHIPARA DURGAPUR WEST BENGAL,West Bengal,28.0,7.7,8.1,248.0,419.0,1.0,1.0,0.3,0.32,2.0,2.0,2.0,2.0,170.0,208.0,0.3,0.4,0.001,0.001,,17.85,0,128.05,1,210.0,0.65,1.16,0,2.0,86.0,104.15,0,0.2005,0,,0
2021,4737,GROUND WATER AT NAIHATI WEST BENGAL GROUND WATER AT SHYAMPUR,West Bengal,29.0,7.4,7.5,691.0,4213.0,1.0,1.0,0.5,1.2,2.0,2.0,2.0,2.0,572.0,2858.0,0.2,0.5,0.001,0.001,,18.2,0,349.25,1,2107.0,0.75,1.6,0,2.0,287.0,1429.1,0,0.2505,0,,0
2021,4726,BUDGE BUDGE WEST BENGAL GROUND WATER MIRIK,West Bengal,18.0,7.4,7.4,123.0,141.0,1.0,1.0,0.3,0.3,2.0,2.0,2.0,2.0,54.0,68.0,0.2,0.2,0.001,0.001,,12.7,0,65.2,1,71.0,0.65,1.15,0,2.0,28.0,34.1,0,0.1005,0,,0
2021,2545,DUGWELL WEST BENGAL GROUND WATER POINT AT,West Bengal,28.0,7.4,7.5,434.0,1196.0,1.0,1.0,0.3,0.51,2.0,2.0,2.0,2.0,316.0,788.0,0.2,0.5,0.012,0.012,,17.7,0,220.75,1,598.5,0.65,1.255,0,2.0,159.0,394.1,0,0.256,0,,0
2021,2528,PURULIA RK MISSION WEST BENGAL GROUND WATER POINT INSIDE,West Bengal,29.0,6.9,8.3,320.0,727.0,1.0,1.0,0.3,0.37,2.0,2.0,2.0,2.0,128.0,470.0,0.2,0.9,0.001,0.001,,17.95,0,164.15,1,364.0,0.65,1.185,0,2.0,65.0,235.1,0,0.4505,0,,0
2021,2529,BURDWAN UNIVERSITY WEST BENGAL GROUND WATER POINT NEAR,West Bengal,29.0,6.6,7.8,910.0,1299.0,1.0,1.0,0.3,0.39,2.0,2.0,2.0,2.0,490.0,884.0,0.2,1.0,0.01,0.01,,17.8,0,458.9,1,650.0,0.65,1.195,0,2.0,246.0,442.1,0,0.505,0,,0
2021,4732,BURDWAN STATION WEST BENGAL GROUNDWATER AT ANANDA,West Bengal,26.0,7.7,7.7,194.0,194.0,1.0,1.0,0.3,0.3,2.0,2.0,2.0,2.0,92.0,92.0,0.3,0.3,,,,16.85,0,100.85,1,97.5,0.65,1.15,0,2.0,47.0,46.15,0,,0,,0
2021,4733,MOHAN COMMERCE COLLEGE WEST BENGAL GROUNDWATER AT SUKNA,West Bengal,28.0,7.1,7.4,125.0,224.0,1.0,1.0,0.3,0.3,2.0,2.0,2.0,2.0,72.0,98.0,0.2,0.2,0.001,0.001,,17.55,0,66.2,1,112.5,0.65,1.15,0,2.0,37.0,49.1,0,0.1005,0,,0
2021,4731,UTTARBANGA KRISHI FOREST RANGE WEST BENGAL GROUNDWATER AT,West Bengal,27.0,7.6,7.6,210.0,259.0,1.0,1.0,0.3,0.52,2.0,2.0,2.0,2.0,98.0,182.0,0.2,0.2,0.001,0.001,,17.3,0,108.8,1,130.0,0.65,1.26,0,2.0,50.0,91.1,0,0.1005,0,,0
2021,2548,VISHWAVIDYALAYA WEST BENGAL,West Bengal,30.0,7.4,7.5,253.0,1264.0,1.0,1.2,0.51,1.1,2.0,4.0,23.0,33.0,100.0,778.0,0.3,0.3,0.001,0.001,,18.7,0,130.25,1,632.5,0.855,1.55,0,13.5,66.5,389.15,0,0.1505,0,,0
2021,2530,"HIDCO OFFICE, RAJARHAT WEST BENGAL",West Bengal,67.0,9.1,9.1,487.0,523.0,1.0,1.0,0.3,0.3,2.0,2.0,2.0,2.0,308.0,394.0,11.4,15.8,0.009,0.009,,38.05,0,248.05,1,262.0,0.65,1.15,0,2.0,155.0,202.7,0,7.9045000000000005,0,,0
2021,1771,"27.0 INSIDE KOLKATA LEATHER 30.0 31.0 COMPLEX WEST BENGAL KALYANI INDUSTRIAL AREA,",West Bengal,7.4,7.9,979.0,1400.0,1.0,1.0,0.3,0.3,2.0,2.0,2.0,2.0,466.0,982.0,0.3,0.3,0.001,0.023,,,7.65,0,1189.5,1,1.0,0.3,2.0,0,2.0,724.0,0.3,0,0.012,0,,0
2021,1766,"28.0 NADIA, WEST BENGAL WEST BENGAL MINE PIT WATER ASSANSOL,",West Bengal,8.3,8.4,550.0,594.0,1.0,1.0,0.3,0.3,2.0,2.0,2.0,2.0,324.0,454.0,0.2,0.6,0.001,0.001,,,8.350000000000001,0,572.0,1,1.0,0.3,2.0,0,2.0,389.0,0.4,0,0.001,0,,0
2021,2538,29.0 WEST BENGAL WEST BENGAL,West Bengal,7.3,8.0,217.0,546.0,1.0,1.0,0.3,0.46,2.0,2.0,2.0,2.0,146.0,322.0,0.3,1.0,0.001,0.001,,,7.65,0,381.5,1,1.0,0.38,2.0,0,2.0,234.0,0.65,0,0.001,0,,0
2021,2536,28.0 MOREGRAM CROSSING WEST BENGAL NALHATI RAILWAY STATION OF,West Bengal,7.7,8.2,684.0,729.0,1.0,1.0,0.33,0.36,2.0,4.0,2.0,8.0,422.0,544.0,0.2,1.0,0.001,0.001,,,7.949999999999999,0,706.5,1,1.0,0.345,3.0,0,5.0,483.0,0.6,0,0.001,0,,0
2021,1941,27.0 BIRBHUM WEST BENGAL NEAR FLY ASH DUMPING SITE-,West Bengal,7.5,7.8,442.0,4080.0,1.0,1.0,0.3,0.3,2.0,2.0,2.0,2.0,244.0,278.0,0.2,0.3,0.001,0.001,,,7.65,0,2261.0,1,1.0,0.3,2.0,0,2.0,261.0,0.25,0,0.001,0,,0
2021,1933,"28.0 KUNTIGHAT, BANDEL WEST BENGAL NEAR GALVANISATION UNIT,",West Bengal,7.1,7.5,1127.0,1593.0,1.0,1.0,0.3,0.35,2.0,2.0,2.0,11.0,798.0,812.0,0.4,0.4,0.001,0.001,,,7.3,0,1360.0,1,1.0,0.32499999999999996,2.0,0,6.5,805.0,0.4,0,0.001,0,,0
2021,1940,29.0 HOWRAH WEST BENGAL NEAR THE PHOSPHATE,West Bengal,7.6,7.9,871.0,6464.0,1.0,1.0,0.3,0.6,2.0,2.0,2.0,2.0,340.0,482.0,0.6,1.0,0.001,0.001,,,7.75,0,3667.5,1,1.0,0.44999999999999996,2.0,0,2.0,411.0,0.8,0,0.001,0,,0
2021,1937,30.0 COMPANY-RISHRA WEST BENGAL,West Bengal,7.6,7.9,364.0,1769.0,1.0,1.0,0.3,0.4,2.0,2.0,2.0,2.0,38.0,1012.0,0.3,0.5,0.001,0.001,,,7.75,0,1066.5,1,1.0,0.35,2.0,0,2.0,525.0,0.4,0,0.001,0,,0
2021,1936,28.0 RAJARHAT - NEW TOWNSHIP WEST BENGAL,West Bengal,7.1,7.5,790.0,1447.0,1.0,1.0,0.3,0.3,2.0,2.0,2.0,2.0,462.0,726.0,0.2,0.4,0.001,0.001,,,7.3,0,1118.5,1,1.0,0.3,2.0,0,2.0,594.0,0.30000000000000004,0,0.001,0,,0
2021,1813,28.0 RESIDENTIAL AREA - SONARPUR WEST BENGAL,West Bengal,7.8,7.8,470.0,2800.0,1.0,1.0,0.3,0.38,2.0,2.0,2.0,2.0,224.0,252.0,0.6,0.8,0.001,0.001,,,7.8,0,1635.0,1,1.0,0.33999999999999997,2.0,0,2.0,238.0,0.7,0,0.001,0,,0
2021,2540,"27.0 RISHRA, WEST BENGAL WEST BENGAL",West Bengal,7.7,8.0,951.0,969.0,1.0,1.0,0.3,0.3,2.0,2.0,2.0,2.0,582.0,730.0,0.9,1.0,0.012,0.012,,,7.85,0,960.0,1,1.0,0.3,2.0,0,2.0,656.0,0.95,0,0.012,0,,0
2021,2543,26.0 SATI GHAT AT BANKURA TOWN WEST BENGAL SDO OFFICE AT BISHNUPUR,West Bengal,6.9,7.2,168.0,270.0,1.0,1.0,0.48,0.48,2.0,2.0,2.0,2.0,112.0,158.0,0.5,0.5,0.001,0.001,,,7.050000000000001,0,219.0,1,1.0,0.48,2.0,0,2.0,135.0,0.5,0,0.001,0,,0
2021,2516,26.0 TOWN WEST BENGAL,West Bengal,7.4,8.1,736.0,772.0,1.0,1.0,0.3,0.3,2.0,2.0,2.0,2.0,410.0,428.0,0.3,0.4,0.001,0.001,,,7.75,0,754.0,1,1.0,0.3,2.0,0,2.0,419.0,0.35,0,0.001,0,,0
2021,2515,"26.0 SDO OFFICE, KRISHNANAGAR WEST BENGAL",West Bengal,7.2,7.5,593.0,816.0,1.0,1.0,0.3,0.3,2.0,2.0,2.0,2.0,342.0,552.0,0.2,0.3,0.001,0.001,,,7.35,0,704.5,1,1.0,0.3,2.0,0,2.0,447.0,0.25,0,0.001,0,,0
2021,2533,"27.0 SDO OFFICE, RANAGHAT WEST BENGAL",West Bengal,7.2,7.9,358.0,651.0,1.0,1.0,0.3,0.3,2.0,2.0,5.0,6.0,332.0,640.0,0.5,0.6,0.001,0.001,,,7.550000000000001,0,504.5,1,1.0,0.3,2.0,0,5.5,486.0,0.55,0,0.001,0,,0
2021,1773,"28.0 SURI TOWN NEAR BUS STAND WEST BENGAL TANGRA, CALCUTTA , WEST",West Bengal,7.3,7.4,1435.0,1730.0,1.0,1.0,0.3,0.3,5.0,7.0,14.0,23.0,1358.0,1500.0,0.3,0.3,0.001,0.001,,,7.35,0,1582.5,1,1.0,0.3,6.0,0,18.5,1429.0,0.3,0,0.001,0,,0
2021,1774,"29.0 BENGAL WEST BENGAL TOPSIA CALCUTTA, WEST",West Bengal,7.3,7.3,1705.0,1921.0,1.0,1.0,0.3,0.3,13.0,23.0,27.0,79.0,926.0,1470.0,0.2,0.3,0.001,0.001,,,7.3,0,1813.0,1,1.0,0.3,18.0,0,53.0,1198.0,0.25,0,0.001,0,,0
2021,2546,26.0 BENGAL WEST BENGAL,West Bengal,7.2,7.6,909.0,1090.0,1.0,1.0,0.3,0.8,2.0,2.0,2.0,2.0,478.0,478.0,0.2,0.3,0.001,0.001,,,7.4,0,999.5,1,1.0,0.55,2.0,0,2.0,478.0,0.25,0,0.001,0,,0
2021,2535,30.0 ULUBERIA COLLEGE AT HOWRAH WEST BENGAL,West Bengal,7.9,8.2,370.0,437.0,1.0,1.0,0.3,0.31,2.0,2.0,2.0,2.0,154.0,254.0,0.3,0.9,0.001,0.001,,,8.05,0,403.5,1,1.0,0.305,2.0,0,2.0,204.0,0.6,0,0.001,0,,0
