Year,STN_Code,Monitoring_Location,State,Temp_Min_C,Temp_Max_C,pH_Min,pH_Max,Conductivity_Min,Conductivity_Max,BOD_Min,BOD_Max,NitrateN_NitriteN_Min,NitrateN_NitriteN_Max,Fecal_Coliform_Min,Fecal_Coliform_Max,Total_Coliform_Min,Total_Coliform_Max,TDS_Min,TDS_Max,Fluoride_Min,Fluoride_Max,Arsenic_Min,Arsenic_Max,Temp_Mean,Temp_Exceeds_BIS,pH_Mean,pH_Exceeds_BIS,Conductivity_Mean,BOD_Mean,NitrateN_NitriteN_Mean,NitrateN_NitriteN_Exceeds_BIS,Fecal_Coliform_Mean,Total_Coliform_Mean,TDS_Mean,TDS_Exceeds_BIS,Fluoride_Mean,Fluoride_Exceeds_BIS,Arsenic_Mean,Arsenic_Exceeds_BIS
2017,26,WELL AT VIJAYWADA,Andhra Pradesh,25.0,27.0,7.9,8.1,1410.0,1732.0,0.6,0.8,2.0,2.0,400.0,400.0,2.65,4.21,,,,,,,26.0,0,8.0,0,1571.0,0.7,2.0,0,400.0,3.4299999999999997,,0,,0,,0
2017,1513,"BOREWELL KRISHNA MURTHY, D.NO. 48-16-43",Andhra Pradesh,26.0,29.0,8.0,8.2,1180.0,1729.0,0.8,0.8,2.0,2.0,400.0,400.0,0.0,1.53,,,,,,,27.5,0,8.1,0,1454.5,0.8,2.0,0,400.0,0.765,,0,,0,,0
2017,1514,BOREWELL VIJAY KUMAR AUTONAGAR AUTONAGAR VIJJAYAWADA,Andhra Pradesh,26.0,28.0,7.8,8.2,1410.0,1604.0,0.8,1.0,2.0,2.0,400.0,400.0,1.28,4.35,,,,,,,27.0,0,8.0,0,1507.0,0.9,2.0,0,400.0,2.815,,0,,0,,0
2017,1516,"BOREWELL OF NAVLOK GARDENS, NELLORE VIJAYAWADA",Andhra Pradesh,27.0,27.0,8.3,8.3,1020.0,1074.0,0.8,0.9,2.0,2.0,400.0,400.0,0.99,1.12,,,,,,,27.0,0,8.3,0,1047.0,0.8500000000000001,2.0,0,400.0,1.0550000000000002,,0,,0,,0
2017,1517,BOREWELL NEAR TUNGBHADRA RIVER KURNOOL,Andhra Pradesh,21.0,23.0,7.6,7.9,2240.0,4700.0,0.7,1.0,2.0,2.0,2.0,2.0,2.12,4.4,,,,,,,22.0,0,7.75,0,3470.0,0.85,2.0,0,2.0,3.2600000000000002,,0,,0,,0
2017,1518,BOREWELL AT NANDYAL (KUNDU),Andhra Pradesh,23.0,24.0,7.7,7.8,4400.0,4420.0,0.8,1.0,2.0,2.0,2.0,2.0,3.0,4.0,,,,,,,23.5,0,7.75,0,4410.0,0.9,2.0,0,2.0,3.5,,0,,0,,0
2017,1519,BOREWELL AT NAGIRI,Andhra Pradesh,25.0,31.0,7.5,7.5,1763.0,1973.0,0.5,1.0,2.0,2.0,2.0,2.0,1.8,2.8,,,,,,,28.0,0,7.5,0,1868.0,0.75,2.0,0,2.0,2.3,,0,,0,,0
2017,1520,BOREWELL NEAR SWARNAMUKHI RIVER AT,Andhra Pradesh,26.0,29.0,7.6,7.7,735.0,1285.0,0.7,1.0,2.0,2.0,2.0,2.0,1.1,1.3,,,,,,,27.5,0,7.65,0,1010.0,0.85,2.0,0,2.0,1.2000000000000002,,0,,0,,0
2017,1521,"OPEN WELL NEAR RAMA TEMPLE , WARD NO.2 , SRIKALAHASTI",Andhra Pradesh,26.0,27.0,6.9,7.3,2787.0,3163.0,2.0,2.0,13.0,15.0,380.0,460.0,9.78,10.06,,,,,,,26.5,0,7.1,0,2975.0,2.0,14.0,0,420.0,9.92,,0,,0,,0
2017,1522,"OPEN WELL PEDDANUVVI - VIZIANAGARAM MINDI , VISAKHAPATNAM",Andhra Pradesh,26.0,28.0,7.2,7.9,514.0,782.0,1.7,1.9,11.0,11.0,150.0,210.0,1.15,3.41,,,,,,,27.0,0,7.550000000000001,0,648.0,1.7999999999999998,11.0,0,180.0,2.2800000000000002,,0,,0,,0
2017,1523,"BOREWELL NEAR M/S ANDHRA SUGARS LTD. ,",Andhra Pradesh,25.0,26.0,6.9,7.7,464.0,590.0,1.4,1.5,9.0,9.0,45.0,65.0,2.44,3.82,,,,,,,25.5,0,7.300000000000001,0,527.0,1.45,9.0,0,55.0,3.13,,0,,0,,0
2017,1524,OPEN WELL NEAR PARTAP NAGAR BRIDGE - KOVVUR,Andhra Pradesh,27.0,29.0,6.9,7.8,1403.0,1681.0,1.4,1.8,9.0,9.0,45.0,120.0,2.07,3.4,,,,,,,28.0,0,7.35,0,1542.0,1.6,9.0,0,82.5,2.735,,0,,0,,0
2017,3087,"BORE WELL NEAR VILLAGE SECRETARIAT, KAKINADA",Andhra Pradesh,26.0,26.0,7.3,7.7,2110.0,2310.0,0.8,1.0,2.0,2.0,400.0,400.0,0.38,0.48,,,,,,,26.0,0,7.5,0,2210.0,0.9,2.0,0,400.0,0.43,,0,,0,,0
2017,3089,"HAND PUMP AT TANAM VILL., VISHAKHAPATNAM PATHAPADU (V)",Andhra Pradesh,25.0,27.0,7.3,7.5,2223.0,2234.0,1.6,1.8,11.0,11.0,210.0,210.0,4.64,10.63,,,,,,,26.0,0,7.4,0,2228.5,1.7000000000000002,11.0,0,210.0,7.635,,0,,0,,0
2017,3090,"HAND PUMP AT PITTAVANIPALEM,",Andhra Pradesh,22.0,26.0,7.0,7.3,2076.0,2267.0,1.5,1.5,9.0,11.0,45.0,45.0,10.89,13.72,,,,,,,24.0,0,7.15,0,2171.5,1.5,10.0,0,45.0,12.305,,0,,0,,0
2017,3091,"BORE WELL AT KAPULUPPADA DUMPSITE, VISHAKHAPATNAM",Andhra Pradesh,26.0,29.0,7.2,7.3,2715.0,3609.0,1.4,1.6,7.0,7.0,460.0,460.0,10.77,23.37,,,,,,,27.5,0,7.25,0,3162.0,1.5,7.0,0,460.0,17.07,,0,,0,,0
2017,3092,"BORE WELL AT ARINAMA AKKIVALASA, VISHAKHAPATNAM",Andhra Pradesh,27.0,28.0,7.7,7.8,862.0,1009.0,1.4,1.6,11.0,15.0,69.0,110.0,3.03,6.82,,,,,,,27.5,0,7.75,0,935.5,1.5,13.0,0,89.5,4.925,,0,,0,,0
2017,3093,"BORE WELL AT ALLADAPALEM VILLAGE, SRIKAKULAM",Andhra Pradesh,26.0,26.0,7.7,7.8,1645.0,1888.0,1.5,2.3,7.0,9.0,45.0,65.0,4.44,4.68,,,,,,,26.0,0,7.75,0,1766.5,1.9,8.0,0,55.0,4.5600000000000005,,0,,0,,0
2017,1533,"DIGBOI, TINSUKIA DISTT., ASSAM",Assam,22.0,22.0,6.2,6.3,212.0,450.0,1.2,1.4,2.0,2.0,2.0,2.0,0.7,1.8,,,,,,,22.0,0,6.25,0,331.0,1.2999999999999998,2.0,0,2.0,1.25,,0,,0,,0
2017,1534,"GROUND WATER AT KARBI ANGLONG DISTT.,",Assam,26.0,26.0,5.6,5.8,186.0,1134.0,0.8,1.1,2.0,150.0,2.0,200.0,0.3,0.9,,,,,,,26.0,0,5.699999999999999,0,660.0,0.9500000000000001,76.0,1,101.0,0.6,,0,,0,,0
2017,1535,GROUND WATER AT SIBSAGAR GOVT ME SCHOOL,Assam,23.0,29.0,6.1,6.6,189.0,277.0,0.6,1.5,2.0,2.0,2.0,2.0,1.0,2.5,,,,,,,26.0,0,6.35,0,233.0,1.05,2.0,0,2.0,1.75,,0,,0,,0
2017,1536,"GROUND WATER NEAR BPMS H.S. SCHOOL WARD 6, RED CROSS ROAD , ASSAM",Assam,24.0,28.0,6.4,6.5,176.0,200.0,0.6,1.2,2.0,2.0,2.0,2.0,0.5,1.7,,,,,,,26.0,0,6.45,0,188.0,0.8999999999999999,2.0,0,2.0,1.1,,0,,0,,0
2017,1537,"GROUND WATER AT (JORHAT, ASSAM) SONARI TOWN DIST CHARAIDEO",Assam,23.0,27.0,6.4,7.4,179.0,275.0,0.6,1.4,2.0,2.0,2.0,2.0,0.8,1.4,,,,,,,25.0,0,6.9,0,227.0,1.0,2.0,0,2.0,1.1,,0,,0,,0
2017,1538,"GROUND WATER AT SILCHAR, ASSAM",Assam,25.0,26.0,5.5,7.1,61.0,125.0,0.6,0.8,2.0,2.0,2.0,2.0,0.7,1.8,,,,,,,25.5,0,6.3,0,93.0,0.7,2.0,0,2.0,1.25,,0,,0,,0
2017,1539,"GROUND WATER AT BARPETA, ASSAM",Assam,27.0,28.0,7.3,7.8,272.0,309.0,0.8,1.1,2.0,2.0,2.0,300.0,0.4,1.9,,,,,,,27.5,0,7.55,0,290.5,0.9500000000000001,2.0,0,151.0,1.15,,0,,0,,0
2017,1540,"GROUND WATER AT BONAIGAON, ASSAM",Assam,28.0,29.0,6.0,6.1,143.0,190.0,1.4,1.6,2.0,2.0,2.0,2.0,2.5,7.9,,,,,,,28.5,0,6.05,0,166.5,1.5,2.0,0,2.0,5.2,,0,,0,,0
2017,1541,"GROUND WATER AT NOONMATI GUWAHATI,",Assam,26.0,28.0,6.9,7.1,344.0,464.0,1.0,2.3,2.0,2.0,2.0,2.0,2.1,2.3,,,,,,,27.0,0,7.0,0,404.0,1.65,2.0,0,2.0,2.2,,0,,0,,0
2017,1542,"GROUND WATER AT SIJUBARI MAZAR, NATBOMA",Assam,26.0,28.0,6.4,7.0,457.0,783.0,2.4,2.6,2.0,3500.0,2.0,5300.0,1.7,2.2,,,,,,,27.0,0,6.7,0,620.0,2.5,1751.0,1,2651.0,1.9500000000000002,,0,,0,,0
2017,2243,"GROUND WATER FROM LEDO, MARGHERITA, HATIGAON",Assam,22.0,22.0,5.1,6.0,142.0,224.0,0.6,1.3,2.0,2.0,2.0,2.0,1.0,1.9,,,,,,,22.0,0,5.55,0,183.0,0.95,2.0,0,2.0,1.45,,0,,0,,0
2017,2244,"GROUND WATER FROM NAZIRA, ASSAM",Assam,24.0,26.0,6.5,7.1,247.0,251.0,1.0,2.6,2.0,2.0,2.0,2.0,0.7,1.7,,,,,,,25.0,0,6.8,0,249.0,1.8,2.0,0,2.0,1.2,,0,,0,,0
2017,2245,GROUND WATER FROM NUMALIGARH (NEAR NRL,Assam,25.0,27.0,4.9,5.6,160.0,170.0,1.4,2.1,2.0,2.0,2.0,2.0,1.0,1.8,,,,,,,26.0,0,5.25,0,165.0,1.75,2.0,0,2.0,1.4,,0,,0,,0
2017,2246,"GROUND WATER FROM SEMENCHAPARI, ASSAM TE LABOR COLONY), ASSAM",Assam,20.0,22.0,6.2,7.0,188.0,236.0,0.9,2.2,2.0,2.0,2.0,2.0,0.4,0.4,,,,,,,21.0,0,6.6,0,212.0,1.55,2.0,0,2.0,0.4,,0,,0,,0
2017,2247,"GROUND WATER FROM SILAPATHAR, ASSAM",Assam,20.0,23.0,6.3,6.4,94.0,225.0,1.4,1.8,2.0,2.0,2.0,2.0,0.6,1.1,,,,,,,21.5,0,6.35,0,159.5,1.6,2.0,0,2.0,0.8500000000000001,,0,,0,,0
2017,2248,"GROUND WATER FROM LAKHIMPUR TOWN,",Assam,26.0,30.0,6.0,6.8,134.0,343.0,1.4,2.8,2.0,2.0,2.0,2.0,1.8,3.5,,,,,,,28.0,0,6.4,0,238.5,2.0999999999999996,2.0,0,2.0,2.65,,0,,0,,0
2017,2249,GROUND WATER FROM TEZPUR (MISSION,Assam,26.0,27.0,6.1,6.4,249.0,251.0,0.9,2.2,2.0,2.0,2.0,2.0,0.3,2.7,,,,,,,26.5,0,6.25,0,250.0,1.55,2.0,0,2.0,1.5,,0,,0,,0
2017,2250,"GROUND WATER FROM NAGAON (PANIGAON), CHARIALI), ASSAM",Assam,29.0,30.0,6.0,6.3,285.0,513.0,1.8,2.4,2.0,2.0,2.0,2.0,0.5,2.7,,,,,,,29.5,0,6.15,0,399.0,2.1,2.0,0,2.0,1.6,,0,,0,,0
2017,2251,GROUND WATER FROM JAGIROAD NEAR HPC,Assam,29.0,29.0,5.1,5.4,463.0,755.0,1.1,1.1,2.0,730.0,2.0,2000.0,0.6,1.1,,,,,,,29.0,0,5.25,0,609.0,1.1,366.0,1,1001.0,0.8500000000000001,,0,,0,,0
2017,2252,"GROUND WATER NEAR MSW DUMPING SITE AT EFFLUENT DISCHARGE POINT, ASSAM",Assam,22.0,29.0,6.2,6.6,202.0,221.0,1.2,2.3,2.0,2.0,2.0,2.0,0.1,0.8,,,,,,,25.5,0,6.4,0,211.5,1.75,2.0,0,2.0,0.45,,0,,0,,0
2017,2253,"GROUND WATER FROM NALBARI, ASSAM GARCHUK-GUWAHATI, ASSAM",Assam,22.0,30.0,6.2,6.3,190.0,194.0,1.1,2.1,2.0,2.0,2.0,2.0,0.1,2.1,,,,,,,26.0,0,6.25,0,192.0,1.6,2.0,0,2.0,1.1,,0,,0,,0
2017,2254,GROUND WATER FROM BARPETA ROAD(RLY,Assam,28.0,28.0,6.9,7.1,526.0,660.0,0.6,1.4,2.0,2.0,2.0,2.0,0.3,2.7,,,,,,,28.0,0,7.0,0,593.0,1.0,2.0,0,2.0,1.5,,0,,0,,0
2017,2255,"GROUND WATER NEAR BPRL, DHALIGAON, ASSAM STATION), ASSAM",Assam,28.0,30.0,5.7,6.7,293.0,408.0,1.4,2.2,2.0,2.0,2.0,2.0,1.8,6.4,,,,,,,29.0,0,6.2,0,350.5,1.8,2.0,0,2.0,4.1000000000000005,,0,,0,,0
2017,2256,GROUND WATER FROM KOKRAJHAR DISTRICT (HS,Assam,28.0,30.0,5.6,6.7,57.0,154.0,0.5,0.8,2.0,2.0,2.0,2.0,0.3,2.8,,,,,,,29.0,0,6.15,0,105.5,0.65,2.0,0,2.0,1.5499999999999998,,0,,0,,0
2017,2257,GROUND WATER FROM DHUBRI DISTRICT,Assam,24.0,32.0,6.5,7.7,427.0,454.0,0.6,1.0,2.0,2.0,2.0,2.0,0.2,2.7,,,,,,,28.0,0,7.1,0,440.5,0.8,2.0,0,2.0,1.4500000000000002,,0,,0,,0
2017,2258,"GROUND WATER FROM GOALPARA DIST. (COLLEGE NAGAR ), ASSAM",Assam,26.0,30.0,6.4,6.6,244.0,246.0,1.1,2.2,2.0,2.0,2.0,2.0,2.4,3.2,,,,,,,28.0,0,6.5,0,245.0,1.6500000000000001,2.0,0,2.0,2.8,,0,,0,,0
2017,2259,"GROUND WATER FROM DIPHU (GOVT. COLLEGE), (GOALPARA COLLEGE ), ASSAM",Assam,27.0,27.0,7.1,7.2,751.0,837.0,0.8,1.0,2.0,2.0,2.0,2.0,0.6,1.0,,,,,,,27.0,0,7.15,0,794.0,0.9,2.0,0,2.0,0.8,,0,,0,,0
2017,2260,"GROUND WATER FROM HAMREN, ASSAM",Assam,26.0,29.0,6.0,6.2,94.0,104.0,1.4,1.6,2.0,2.0,2.0,2.0,0.4,0.7,,,,,,,27.5,0,6.1,0,99.0,1.5,2.0,0,2.0,0.55,,0,,0,,0
2017,2261,"GROUND WATER FROM HAFLONG, ASSAM",Assam,20.0,24.0,6.1,7.2,90.0,122.0,0.8,1.0,2.0,2.0,2.0,2.0,0.7,2.1,,,,,,,22.0,0,6.65,0,106.0,0.9,2.0,0,2.0,1.4,,0,,0,,0
2017,2262,"GROUND WATER FROM KARIMGANJ (COLLEGE),",Assam,25.0,25.0,5.7,7.1,84.0,149.0,1.0,1.2,2.0,2.0,2.0,2.0,0.6,1.7,,,,,,,25.0,0,6.4,0,116.5,1.1,2.0,0,2.0,1.15,,0,,0,,0
2017,2263,GROUND WATER FROM HIALAKANDI (NEAR ASTC,Assam,25.0,25.0,7.4,7.4,154.0,198.0,0.6,1.3,2.0,2.0,2.0,2.0,0.5,2.7,,,,,,,25.0,0,7.4,0,176.0,0.95,2.0,0,2.0,1.6,,0,,0,,0
2017,2264,"GROUND WATER IN PANCHGRAM MARKET NEAR BUS STAND ), ASSAM",Assam,25.0,25.0,6.6,6.7,153.0,171.0,1.4,3.1,2.0,2.0,2.0,2.0,0.7,1.7,,,,,,,25.0,0,6.65,0,162.0,2.25,2.0,0,2.0,1.2,,0,,0,,0
2017,3761,"BISWANATH CHARIALI TOWN CACHAR PAPER MILL, ASSAM",Assam,26.0,26.0,7.1,7.1,177.0,177.0,1.1,1.1,2.0,2.0,2.0,2.0,1.7,1.7,,,,,,,26.0,0,7.1,0,177.0,1.1,2.0,0,2.0,1.7,,0,,0,,0
2017,3762,"MUNICIPAL WASTE PROCESSING FACILITY,",Assam,27.0,27.0,6.3,6.3,384.0,384.0,3.0,3.0,2.0,2.0,2.0,2.0,1.6,1.6,,,,,,,27.0,0,6.3,0,384.0,3.0,2.0,0,2.0,1.6,,0,,0,,0
2017,3766,"MANGALDOI TOWN MORABHARLI, TEZPUR",Assam,27.0,27.0,6.4,6.4,287.0,287.0,2.8,2.8,2.0,2.0,2.0,2.0,2.4,2.4,,,,,,,27.0,0,6.4,0,287.0,2.8,2.0,0,2.0,2.4,,0,,0,,0
2017,3770,GROUND WATER NEAR GARMUR RECREATION,Assam,28.0,28.0,7.2,7.2,157.0,157.0,1.8,1.8,2.0,2.0,2.0,2.0,0.8,0.8,,,,,,,28.0,0,7.2,0,157.0,1.8,2.0,0,2.0,0.8,,0,,0,,0
2017,3771,"GROUND WATER FROM TITABAT URBAN WATER GROUND, JORHAT",Assam,27.0,27.0,7.8,7.8,277.0,277.0,1.7,1.7,2.0,2.0,2.0,2.0,1.0,1.0,,,,,,,27.0,0,7.8,0,277.0,1.7,2.0,0,2.0,1.0,,0,,0,,0
2017,3779,"GROUND WATER FROM GARMUR, MAJULI SUPPLY, TITABAR",Assam,27.0,27.0,7.5,7.5,391.0,391.0,1.9,1.9,2.0,2.0,2.0,2.0,0.2,0.2,,,,,,,27.0,0,7.5,0,391.0,1.9,2.0,0,2.0,0.2,,0,,0,,0
2017,3790,"GOGAMUKH PUBLIC WATER SUPPLY SCHEME,",Assam,22.0,22.0,7.5,7.5,180.0,180.0,2.2,2.2,2.0,2.0,2.0,2.0,1.4,1.4,,,,,,,22.0,0,7.5,0,180.0,2.2,2.0,0,2.0,1.4,,0,,0,,0
2017,3793,"TUBE WELL AT R/O SRI TANKESWAR DAS, GOGAMUKH, DHEMAJI",Assam,27.0,27.0,6.8,6.8,451.0,451.0,1.6,1.6,700.0,700.0,1500.0,1500.0,2.1,2.1,,,,,,,27.0,0,6.8,0,451.0,1.6,700.0,1,1500.0,2.1,,0,,0,,0
2017,3794,"TUBE WELL AT R/O SRI ANIL BAORA AT RUPJYOTI COLONY (NAGABALI) MUNICIPALITY DUMPING SITE, GOLAGHAT",Assam,27.0,27.0,6.7,6.7,489.0,489.0,2.2,2.2,2.0,2.0,2.0,2.0,2.7,2.7,,,,,,,27.0,0,6.7,0,489.0,2.2,2.0,0,2.0,2.7,,0,,0,,0
2017,3795,"TUBE WELL OF WOKHA GORONGA GIRLS ME BOSAGAON NEAR BY THE ATHKHALIA, NAMGHAR, PO: PULIKAITONI",Assam,26.0,26.0,7.5,7.5,370.0,370.0,1.4,1.4,2.0,2.0,2.0,2.0,1.6,1.6,,,,,,,26.0,0,7.5,0,370.0,1.4,2.0,0,2.0,1.6,,0,,0,,0
2017,3801,"GROUND WATER FROM MEHEPUR TRENCHING SCHOOL, GOROUNGA TINIALI, FURKATING",Assam,25.0,25.0,7.4,7.4,545.0,545.0,5.1,5.1,2.0,2.0,2.0,2.0,1.5,1.5,,,,,,,25.0,0,7.4,0,545.0,5.1,2.0,0,2.0,1.5,,0,,0,,0
2017,3802,"GROUND WATER FROM MEHEPUR NEAR A GROUND, MEHERPUR, CACHAR",Assam,25.0,25.0,7.1,7.1,331.0,331.0,2.0,2.0,2.0,2.0,2.0,2.0,1.2,1.2,,,,,,,25.0,0,7.1,0,331.0,2.0,2.0,0,2.0,1.2,,0,,0,,0
2017,3805,"GROUND WATER NEAR BADARPUR INDUSTRIAL CLUSTER OF NURSING HOME & DIAGNOSTIC CENTRE, MEHERPUR, CACHAR",Assam,26.0,26.0,6.8,6.8,162.0,162.0,2.2,2.2,2.0,2.0,2.0,2.0,1.7,1.7,,,,,,,26.0,0,6.8,0,162.0,2.2,2.0,0,2.0,1.7,,0,,0,,0
2017,3813,"GROUND WATER FROM BONDA, GUWAHATI AREA AT BADARPUR GHAT, KARIMGANJ",Assam,27.0,27.0,5.6,5.6,309.0,309.0,1.7,1.7,2.0,2.0,2.0,2.0,1.9,1.9,,,,,,,27.0,0,5.6,0,309.0,1.7,2.0,0,2.0,1.9,,0,,0,,0
2017,3815,"GROUND WATER FROM KHANAPARA, GUWAHATI",Assam,24.0,24.0,7.8,7.8,286.0,286.0,0.8,0.8,2.0,2.0,2.0,2.0,1.9,1.9,,,,,,,24.0,0,7.8,0,286.0,0.8,2.0,0,2.0,1.9,,0,,0,,0
2017,3816,"GROUND WATER FROM BASISTHA, GUWAHATI",Assam,24.0,24.0,7.9,7.9,280.0,280.0,0.5,0.5,2.0,2.0,2.0,2.0,0.1,0.1,,,,,,,24.0,0,7.9,0,280.0,0.5,2.0,0,2.0,0.1,,0,,0,,0
2017,3817,"GROUND WATER FROM KAHILIPARA, GUWAHATI",Assam,25.0,25.0,7.0,7.0,331.0,331.0,0.8,0.8,2.0,2.0,2.0,2.0,0.1,0.1,,,,,,,25.0,0,7.0,0,331.0,0.8,2.0,0,2.0,0.1,,0,,0,,0
2017,3818,"GROUND WATER FROM MALIGAON, GUWAHATI",Assam,26.0,26.0,7.3,7.3,280.0,280.0,1.0,1.0,2.0,2.0,2.0,2.0,0.3,0.3,,,,,,,26.0,0,7.3,0,280.0,1.0,2.0,0,2.0,0.3,,0,,0,,0
2017,1825,BORE WELL WATER AT KATRA BAZAR WATER,Bihar,26.0,30.0,8.1,8.7,446.0,449.0,2.0,2.0,2.0,2.0,0.0,0.0,,,,,,,,,28.0,0,8.399999999999999,1,447.5,2.0,2.0,0,0.0,,,0,,0,,0
2017,1826,"BORE WELL WATER AT BHUT NATH ROAD WATER TANK, MALSALAMI, PATNA",Bihar,26.0,32.0,7.8,8.0,455.0,456.0,2.0,2.0,2.0,2.0,0.0,0.0,,,,,,,,,29.0,0,7.9,0,455.5,2.0,2.0,0,0.0,,,0,,0,,0
2017,1827,"TAP WATER COMING FROM OVER HEAD TANK TANK SEC-3, KANKARBAGH,PATNA",Bihar,26.0,32.0,7.4,7.4,554.0,558.0,2.0,2.0,2.0,2.0,0.0,0.0,,,,,,,,,29.0,0,7.4,0,556.0,2.0,2.0,0,0.0,,,0,,0,,0
2017,1828,"BORE WELL WATER IN CAMPUS OF PATNA WATER PMCH CAMPUS, PATNA",Bihar,26.0,30.0,7.8,7.8,520.0,521.0,2.0,2.0,2.0,2.0,0.0,0.0,,,,,,,,,28.0,0,7.8,0,520.5,2.0,2.0,0,0.0,,,0,,0,,0
2017,1829,"BORE WELL WATER FROM IGIMS CAMPUS, PATNA BOARD HEAD OFFICE, NEAR HIGH COURT, PATNA",Bihar,26.0,30.0,7.6,7.8,560.0,560.0,2.0,2.0,2.0,2.0,0.0,0.0,,,,,,,,,28.0,0,7.699999999999999,0,560.0,2.0,2.0,0,0.0,,,0,,0,,0
2017,1830,BORE WELL WATER (PHED PUMP HOUSE) SADAR,Bihar,24.0,28.0,7.2,7.5,995.0,1000.0,2.0,2.0,2.0,2.0,0.0,0.0,,,,,,,,,26.0,0,7.35,0,997.5,2.0,2.0,0,0.0,,,0,,0,,0
2017,1831,"BORE WELL WATER MMC PUMP HOUSE HOSPITAL CAMPUS, MUZAFFARPUR",Bihar,24.0,28.0,7.8,8.0,628.0,642.0,2.0,7.0,2.0,12.0,0.0,0.0,,,,,,,,,26.0,0,7.9,0,635.0,4.5,7.0,0,0.0,,,0,,0,,0
2017,1832,"TAP WATER IN CAMPUS OF KALI ASTHAN, BRAHMPURA NAKA, MUZAFFARPUR",Bihar,26.0,27.0,7.2,7.4,612.0,768.0,2.0,2.0,2.0,2.0,0.0,0.0,,,,,,,,,26.5,0,7.300000000000001,0,690.0,2.0,2.0,0,0.0,,,0,,0,,0
2017,1833,"TAP WATER IN CAMPUS OF S.P OOFICE, BEGUSARAI",Bihar,26.0,26.0,7.2,7.3,688.0,730.0,2.0,2.0,2.0,2.0,0.0,0.0,,,,,,,,,26.0,0,7.25,0,709.0,2.0,2.0,0,0.0,,,0,,0,,0
2017,1834,"HAND PUMP WATER NEAR GOVT. HOSPITAL, POKHARIA, BEGUSARAI",Bihar,20.0,22.0,7.2,7.6,554.0,692.0,2.0,2.0,2.0,2.0,0.0,0.0,,,,,,,,,21.0,0,7.4,0,623.0,2.0,2.0,0,0.0,,,0,,0,,0
2017,1835,"HAND PUMP WATER NEAR COURT LOWER COURT, PURNEA",Bihar,20.0,22.0,7.1,7.5,602.0,834.0,2.0,2.0,2.0,2.0,0.0,0.0,,,,,,,,,21.0,0,7.3,0,718.0,2.0,2.0,0,0.0,,,0,,0,,0
2017,1836,HAND PUMP WATER NEAR BUS STAND TILKS PURNEA,Bihar,28.0,32.0,7.3,7.4,332.0,402.0,2.0,2.0,2.0,2.0,0.0,0.0,,,,,,,,,30.0,0,7.35,0,367.0,2.0,2.0,0,0.0,,,0,,0,,0
2017,1837,"BEGUSARAI MANJHI CHOWK, BEGUSARAI",Bihar,28.0,32.0,7.2,7.3,413.0,446.0,2.0,2.0,2.0,2.0,0.0,0.0,,,,,,,,,30.0,0,7.25,0,429.5,2.0,2.0,0,0.0,,,0,,0,,0
2017,1838,"TAP WATER NEAR VEER KUWAR SINGH CHOWK,",Bihar,25.0,30.0,7.2,7.2,596.0,648.0,2.0,2.0,2.0,2.0,0.0,0.0,,,,,,,,,27.5,0,7.2,0,622.0,2.0,2.0,0,0.0,,,0,,0,,0
2017,1839,HAND PUMP WATER IN CAMPUS OF KASTURBA MUNGER,Bihar,26.0,28.0,7.3,7.6,580.0,600.0,2.0,2.0,2.0,2.0,0.0,0.0,,,,,,,,,27.0,0,7.449999999999999,0,590.0,2.0,2.0,0,0.0,,,0,,0,,0
2017,1840,"TAP WATER PHED PUMP HOUSE MAIN ROAD, WATER WORKS, MUNGER",Bihar,28.0,29.0,7.4,8.0,581.0,589.0,2.0,2.0,2.0,2.0,0.0,0.0,,,,,,,,,28.5,0,7.7,0,585.0,2.0,2.0,0,0.0,,,0,,0,,0
2017,1841,TAP WELL WATER FROM T. MODAL INTER MOTIHARI,Bihar,26.0,31.0,7.1,7.1,889.0,1850.0,2.0,4.0,2.0,7.0,0.0,0.0,,,,,,,,,28.5,0,7.1,0,1369.5,3.0,4.5,0,0.0,,,0,,0,,0
2017,1842,"TAP WATER SAMPLE AT RAMKUND, GAYA SCHOOL, G.B ROAD, GAYA",Bihar,26.0,31.0,7.1,7.2,895.0,1700.0,2.0,2.0,2.0,2.0,0.0,0.0,,,,,,,,,28.5,0,7.15,0,1297.5,2.0,2.0,0,0.0,,,0,,0,,0
2017,1843,"PHED WATER SUPPLY NEAR BUS STAND, RAJGIR",Bihar,25.0,30.0,7.2,7.2,478.0,897.0,2.0,2.0,2.0,2.0,0.0,0.0,,,,,,,,,27.5,0,7.2,0,687.5,2.0,2.0,0,0.0,,,0,,0,,0
2017,1844,BORE WELL WATER NEAR COMMISSIONARY,Bihar,28.0,32.0,7.0,7.1,1088.0,1140.0,2.0,2.0,2.0,2.0,0.0,0.0,,,,,,,,,30.0,0,7.05,0,1114.0,2.0,2.0,0,0.0,,,0,,0,,0
2017,2576,"HAND PUMP WATER AT CIVIL COURT, OFFICE, CHAPRA",Bihar,24.0,30.0,7.1,7.2,468.0,1080.0,2.0,2.0,2.0,2.0,0.0,0.0,,,,,,,,,27.0,0,7.15,0,774.0,2.0,2.0,0,0.0,,,0,,0,,0
2017,2577,"HAND PUMP WATER AT COURT CAMPOUND, AURANGABAD",Bihar,29.0,32.0,7.1,7.2,545.0,595.0,2.0,4.0,2.0,7.0,0.0,0.0,,,,,,,,,30.5,0,7.15,0,570.0,3.0,4.5,0,0.0,,,0,,0,,0
2017,2578,HAND PUMP WATER AT SARDAR PATEL BUS,Bihar,22.0,30.0,7.1,7.2,826.0,857.0,2.0,2.0,2.0,2.0,0.0,0.0,,,,,,,,,26.0,0,7.15,0,841.5,2.0,2.0,0,0.0,,,0,,0,,0
2017,2579,"TUBE WELL WATER AT COLLECTRIATE CAMPUS, STAND, BHOJPUR",Bihar,21.0,25.0,7.4,7.5,491.0,3111.0,2.0,2.0,2.0,2.0,0.0,0.0,,,,,,,,,23.0,0,7.45,0,1801.0,2.0,2.0,0,0.0,,,0,,0,,0
2017,2580,"HAND PUMP WATER FROM NAGAR PARISHAD, BUXAR",Bihar,28.0,29.0,7.1,7.3,310.0,1004.0,2.0,2.0,2.0,2.0,0.0,0.0,,,,,,,,,28.5,0,7.199999999999999,0,657.0,2.0,2.0,0,0.0,,,0,,0,,0
2017,2581,HAND PUMP WATER AT KILA GATE NEAR BHABHUA,Bihar,21.0,23.0,7.5,7.8,447.0,603.0,2.0,2.0,2.0,2.0,0.0,0.0,,,,,,,,,22.0,0,7.65,0,525.0,2.0,2.0,0,0.0,,,0,,0,,0
2017,2582,"HAND PUMP WATER AT DARBHANGA BUS STAND, RAMBAGH MITHILA UNIVERSITY, DARBHANGA",Bihar,21.0,22.0,7.4,7.6,640.0,651.0,2.0,2.0,2.0,2.0,0.0,0.0,,,,,,,,,21.5,0,7.5,0,645.5,2.0,2.0,0,0.0,,,0,,0,,0
2017,2583,"HAND PUMP WATER AT BUS STAND, GOPALGANJ DARBHANGA",Bihar,26.0,30.0,7.2,7.7,511.0,870.0,2.0,2.0,2.0,2.0,0.0,0.0,,,,,,,,,28.0,0,7.45,0,690.5,2.0,2.0,0,0.0,,,0,,0,,0
2017,2584,HAND PUMP WATER AT THAWAY MANDIR,Bihar,26.0,31.0,7.3,7.4,1040.0,1070.0,2.0,2.0,2.0,2.0,0.0,0.0,,,,,,,,,28.5,0,7.35,0,1055.0,2.0,2.0,0,0.0,,,0,,0,,0
2017,2585,"TAP WATER NEAR PANI TANKI AT JAHANABAD CAMPUS, GOPALGANJ",Bihar,26.0,26.0,6.9,7.4,410.0,1800.0,2.0,2.0,2.0,2.0,0.0,0.0,,,,,,,,,26.0,0,7.15,0,1105.0,2.0,2.0,0,0.0,,,0,,0,,0
2017,2586,"HAND PUMP WATER AT BUS STAND, KATIHAR COURT, JAHANABAD",Bihar,21.0,23.0,7.2,7.4,540.0,585.0,2.0,2.0,2.0,2.0,0.0,0.0,,,,,,,,,22.0,0,7.300000000000001,0,562.5,2.0,2.0,0,0.0,,,0,,0,,0
2017,2587,"HAND PUMP WATER NEAR SADAR HOSPITAL,",Bihar,28.0,28.0,7.4,7.4,624.0,624.0,7.0,7.0,12.0,12.0,0.0,0.0,,,,,,,,,28.0,0,7.4,0,624.0,7.0,12.0,0,0.0,,,0,,0,,0
2017,2588,"HAND PUMP WATER AT D.M OFFICE, KISHANGANJ KHAGARIA",Bihar,25.0,25.0,7.3,7.4,294.0,599.0,2.0,7.0,2.0,12.0,0.0,0.0,,,,,,,,,25.0,0,7.35,0,446.5,4.5,7.0,0,0.0,,,0,,0,,0
2017,2589,"HAND PUMP WATER NEAR D.M OFFICE,",Bihar,21.0,26.0,7.0,7.7,614.0,961.0,2.0,2.0,2.0,2.0,0.0,0.0,,,,,,,,,23.5,0,7.35,0,787.5,2.0,2.0,0,0.0,,,0,,0,,0
2017,2590,"HAND PUMP WATER AT COLLECTRIATE OFFICE, MADHEPURA",Bihar,22.0,24.0,7.4,7.5,604.0,635.0,2.0,2.0,2.0,2.0,0.0,0.0,,,,,,,,,23.0,0,7.45,0,619.5,2.0,2.0,0,0.0,,,0,,0,,0
2017,2591,TAP WATER INSIDE THE CAMPUS OF TOURIST MADHUBANI,Bihar,26.0,29.0,7.2,7.3,687.0,1200.0,2.0,2.0,2.0,2.0,0.0,0.0,,,,,,,,,27.5,0,7.25,0,943.5,2.0,2.0,0,0.0,,,0,,0,,0
2017,2592,"NALANDA-HAND PUMP WATER AT CIVIL COURT, CAFETERIA, NALANDA",Bihar,25.0,28.0,7.1,7.5,616.0,788.0,2.0,2.0,2.0,2.0,0.0,0.0,,,,,,,,,26.5,0,7.3,0,702.0,2.0,2.0,0,0.0,,,0,,0,,0
2017,2593,NAWADA-HAND PUMP WATER AT COLLECTRIATE BIHAR SARIF,Bihar,25.0,30.0,7.1,7.3,634.0,1450.0,2.0,2.0,2.0,2.0,0.0,0.0,,,,,,,,,27.5,0,7.199999999999999,0,1042.0,2.0,2.0,0,0.0,,,0,,0,,0
2017,2594,SAHARSA-HAND PUMP WATER NEAR SADAR CAMPUS,Bihar,24.0,27.0,7.0,7.6,610.0,774.0,2.0,2.0,2.0,2.0,0.0,0.0,,,,,,,,,25.5,0,7.3,0,692.0,2.0,2.0,0,0.0,,,0,,0,,0
2017,2595,SAMASTIPUR-HAND PUMP WATER HOSPITAL,Bihar,21.0,23.0,7.4,7.5,583.0,873.0,2.0,2.0,2.0,2.0,0.0,0.0,,,,,,,,,22.0,0,7.45,0,728.0,2.0,2.0,0,0.0,,,0,,0,,0
2017,2596,SITAMARHI-HAND PUMP WATER AT SHRI JANKI COLLEECTRIATE CAMPUS,Bihar,24.0,30.0,7.1,7.4,304.0,399.0,2.0,2.0,2.0,2.0,0.0,0.0,,,,,,,,,27.0,0,7.25,0,351.5,2.0,2.0,0,0.0,,,0,,0,,0
2017,2597,SIWAN-BOREWELL WATER AT COLLECTRIATE MANDIR,Bihar,27.0,34.0,7.3,7.4,563.0,1038.0,2.0,2.0,2.0,2.0,0.0,0.0,,,,,,,,,30.5,0,7.35,0,800.5,2.0,2.0,0,0.0,,,0,,0,,0
2017,2598,WELL-1 ROHTAS BOREWELL WATER FROM WATER CAMPUS,Bihar,27.0,31.0,6.9,7.4,395.0,1220.0,2.0,7.0,2.0,12.0,0.0,0.0,,,,,,,,,29.0,0,7.15,0,807.5,4.5,7.0,0,0.0,,,0,,0,,0
2017,2599,WELL-2 ROHTAS HANDPUMP WATER AT BUS TANK NEAR DHARAMSHALA SASARAM,Bihar,26.0,31.0,6.8,7.5,550.0,1200.0,2.0,2.0,2.0,2.0,0.0,0.0,,,,,,,,,28.5,0,7.15,0,875.0,2.0,2.0,0,0.0,,,0,,0,,0
2017,2600,VAISHALI TAP WATER AT RAILWAY STATION STAND SASARAM,Bihar,24.0,30.0,7.3,7.4,304.0,339.0,2.0,2.0,2.0,2.0,0.0,0.0,,,,,,,,,27.0,0,7.35,0,321.5,2.0,2.0,0,0.0,,,0,,0,,0
2017,3138,ARRAH(BHOJPUR)-BORE WELL WATER AT STATION CAMPUS HAJIPUR,Bihar,22.0,30.0,7.2,7.2,783.0,790.0,2.0,2.0,2.0,2.0,0.0,0.0,,,,,,,,,26.0,0,7.2,0,786.5,2.0,2.0,0,0.0,,,0,,0,,0
2017,3139,ARARIA-HANDPUMP WATER AT BUS STAND,Bihar,27.0,32.0,7.0,7.0,675.0,705.0,2.0,4.0,2.0,7.0,0.0,0.0,,,,,,,,,29.5,0,7.0,0,690.0,3.0,4.5,0,0.0,,,0,,0,,0
2017,3140,BETTIAH- HANDPUMP WATER AT RAILWAY,Bihar,26.0,31.0,7.1,7.4,1580.0,1589.0,2.0,7.0,2.0,12.0,0.0,0.0,,,,,,,,,28.5,0,7.25,0,1584.5,4.5,7.0,0,0.0,,,0,,0,,0
2017,3142,BIKRAMGANJ –HANDPUMP WATER AT BUS STAND LORD BUDH TEMPLE,Bihar,24.0,30.0,7.0,7.3,400.0,565.0,2.0,2.0,2.0,2.0,0.0,0.0,,,,,,,,,27.0,0,7.15,0,482.5,2.0,2.0,0,0.0,,,0,,0,,0
2017,3143,BAGAHA- HAND PUMP WATER AT BAGAHA BAZAR CHAWK,Bihar,26.0,31.0,7.0,7.3,523.0,560.0,2.0,2.0,2.0,2.0,0.0,0.0,,,,,,,,,28.5,0,7.15,0,541.5,2.0,2.0,0,0.0,,,0,,0,,0
2017,3144,BARH-HANDPUMP WATER NEAR A.N.S. COLLEGE,Bihar,25.0,26.0,7.5,7.6,525.0,796.0,2.0,2.0,2.0,2.0,0.0,0.0,,,,,,,,,25.5,0,7.55,0,660.5,2.0,2.0,0,0.0,,,0,,0,,0
2017,3145,DEHRI ON SONE-HAND PUMP WATER NEAR BARH,Bihar,23.0,25.0,6.8,7.3,642.0,785.0,2.0,2.0,2.0,2.0,0.0,0.0,,,,,,,,,24.0,0,7.05,0,713.5,2.0,2.0,0,0.0,,,0,,0,,0
2017,3146,"DUMRAON- BORE WELL WATER AT PANI TANKI, MUFFASIL THANA MORE",Bihar,22.0,28.0,7.2,7.3,820.0,896.0,2.0,2.0,2.0,2.0,0.0,0.0,,,,,,,,,25.0,0,7.25,0,858.0,2.0,2.0,0,0.0,,,0,,0,,0
2017,3147,JAYNAGAR-HANDPUMP WATER AT RAILWAY BUXAR,Bihar,20.0,21.0,7.6,7.8,315.0,620.0,2.0,2.0,2.0,2.0,0.0,0.0,,,,,,,,,20.5,0,7.699999999999999,0,467.5,2.0,2.0,0,0.0,,,0,,0,,0
2017,3148,JAMALPUR-HANPDUMP WATER AT POLICE STATION,Bihar,26.0,30.0,7.2,7.2,605.0,619.0,2.0,2.0,2.0,2.0,0.0,0.0,,,,,,,,,28.0,0,7.2,0,612.0,2.0,2.0,0,0.0,,,0,,0,,0
2017,3149,KUDRA-HANDPUMP WATER AT RAILWAY STATION STATION,Bihar,24.0,30.0,6.8,7.4,293.0,1090.0,2.0,2.0,2.0,2.0,0.0,0.0,,,,,,,,,27.0,0,7.1,0,691.5,2.0,2.0,0,0.0,,,0,,0,,0
2017,3150,MANER-HANDPUMP WATER AT MAIN ROAD NEAR,Bihar,22.0,28.0,7.3,7.6,360.0,377.0,2.0,2.0,2.0,2.0,0.0,0.0,,,,,,,,,25.0,0,7.449999999999999,0,368.5,2.0,2.0,0,0.0,,,0,,0,,0
2017,3151,MOHANIA-HANDPUMP WATER AT MOHANIA KALI MANDIR,Bihar,26.0,29.0,7.1,7.8,416.0,1150.0,2.0,2.0,2.0,2.0,0.0,0.0,,,,,,,,,27.5,0,7.449999999999999,0,783.0,2.0,2.0,0,0.0,,,0,,0,,0
2017,3152,NARKATIAGANJ-HANDPUMP WATER AT BUS GUEST HOUSE,Bihar,24.0,29.0,7.6,7.6,298.0,302.0,2.0,2.0,2.0,2.0,0.0,0.0,,,,,,,,,26.5,0,7.6,0,300.0,2.0,2.0,0,0.0,,,0,,0,,0
2017,3153,PIRO-HANDPUMP WATER AT CHURCH HIGH STAND,Bihar,23.0,29.0,6.9,7.2,515.0,914.0,2.0,7.0,2.0,12.0,0.0,0.0,,,,,,,,,26.0,0,7.050000000000001,0,714.5,4.5,7.0,0,0.0,,,0,,0,,0
2017,3154,GAYA TAPE WATER SAMPLE AT RAMKUND SCHOOL PIRO,Bihar,25.0,31.0,7.2,7.3,685.0,1800.0,2.0,7.0,2.0,12.0,0.0,0.0,,,,,,,,,28.0,0,7.25,0,1242.5,4.5,7.0,0,0.0,,,0,,0,,0
2017,3155,SUPUAL-HAND PUMP WATER AT BUS STAND,Bihar,23.0,30.0,7.4,7.5,594.0,605.0,2.0,2.0,2.0,2.0,0.0,0.0,,,,,,,,,26.5,0,7.45,0,599.5,2.0,2.0,0,0.0,,,0,,0,,0
2017,3156,SAMASTIPUR-HANDPUMP WATER AT BUS STAND,Bihar,21.0,23.0,7.6,7.7,682.0,1060.0,2.0,2.0,2.0,2.0,0.0,0.0,,,,,,,,,22.0,0,7.65,0,871.0,2.0,2.0,0,0.0,,,0,,0,,0
2017,3157,SULTANGANJ-HANDPUMP WATER AT,Bihar,30.0,30.0,7.4,7.4,305.0,305.0,2.0,2.0,2.0,2.0,0.0,0.0,,,,,,,,,30.0,0,7.4,0,305.0,2.0,2.0,0,0.0,,,0,,0,,0
2017,3158,SHERGHATI-BOREWELL WATER AT BUS STAND SULTANGANJ CHAWK,Bihar,24.0,30.0,6.8,7.2,633.0,1320.0,2.0,7.0,2.0,12.0,0.0,0.0,,,,,,,,,27.0,0,7.0,0,976.5,4.5,7.0,0,0.0,,,0,,0,,0
2017,3159,SHAHPUR-HANDPUMP WATER AT SHAHPUR HIGH,Bihar,21.0,28.0,7.1,7.2,640.0,688.0,2.0,2.0,2.0,2.0,0.0,0.0,,,,,,,,,24.5,0,7.15,0,664.0,2.0,2.0,0,0.0,,,0,,0,,0
2017,3160,RAXAUL-HAND PUMP WATER AT BUS STAND SCHOOL,Bihar,31.0,31.0,7.6,7.6,336.0,336.0,2.0,2.0,2.0,2.0,0.0,0.0,,,,,,,,,31.0,0,7.6,0,336.0,2.0,2.0,0,0.0,,,0,,0,,0
2017,3161,KATIHAR-HAND PUMP WATER AT BUS STAND,Bihar,21.0,23.0,7.2,7.3,259.0,585.0,2.0,2.0,2.0,2.0,0.0,0.0,,,,,,,,,22.0,0,7.25,0,422.0,2.0,2.0,0,0.0,,,0,,0,,0
2017,3162,VAISHALI-HANDPUMP WATER AT VAISHALI BLOCK,Bihar,24.0,34.0,7.2,7.4,759.0,794.0,2.0,2.0,2.0,2.0,0.0,0.0,,,,,,,,,29.0,0,7.300000000000001,0,776.5,2.0,2.0,0,0.0,,,0,,0,,0
2017,2039,"SECTOR 15, CHANDIGARH",Chandigarh,26.0,30.0,6.6,6.6,744.0,949.0,1.0,1.0,2.0,2.0,2.0,2.0,4.4,4.9,,,,,,,28.0,0,6.6,0,846.5,1.0,2.0,0,2.0,4.65,,0,,0,,0
2017,2040,"SECTOR 22, CHANDIGARH",Chandigarh,26.0,28.0,6.8,7.1,647.0,829.0,1.0,5.0,2.0,2.0,2.0,2.0,0.8,1.2,,,,,,,27.0,0,6.949999999999999,0,738.0,3.0,2.0,0,2.0,1.0,,0,,0,,0
2017,2043,"PALSORA VILLAGE, CHANDIGARH",Chandigarh,25.0,26.0,6.7,7.3,801.0,1171.0,1.0,7.0,2.0,2.0,2.0,4.0,0.7,1.0,,,,,,,25.5,0,7.0,0,986.0,4.0,2.0,0,3.0,0.85,,0,,0,,0
2017,2044,"DHANAS VILLAGE, CHANDIGARH",Chandigarh,26.0,26.0,6.9,7.4,553.0,669.0,1.0,5.0,2.0,13.0,2.0,21.0,0.7,1.0,,,,,,,26.0,0,7.15,0,611.0,3.0,7.5,0,11.5,0.85,,0,,0,,0
2017,2045,"DADU MAJRA, CHANDIGARH",Chandigarh,26.0,28.0,6.8,7.4,532.0,677.0,1.0,4.0,2.0,2.0,2.0,2.0,1.0,1.4,,,,,,,27.0,0,7.1,0,604.5,2.5,2.0,0,2.0,1.2,,0,,0,,0
2017,1620,"AT RAIPUR REGION, CHHATISGARH.",Chhattisgarh,23.0,30.0,7.4,7.9,522.0,664.0,0.2,0.4,2.0,6.0,0.2,2.3,,,,,,,,,26.5,0,7.65,0,593.0,0.30000000000000004,4.0,0,1.25,,,0,,0,,0
2017,1621,"AT RAIPUR REGION, CHHATISGARH.",Chhattisgarh,24.0,32.0,7.3,7.7,548.0,566.0,0.3,0.6,2.0,4.0,1.1,2.3,,,,,,,,,28.0,0,7.5,0,557.0,0.44999999999999996,3.0,0,1.7,,,0,,0,,0
2017,1622,"AT BILASPUR REGION, CHHATISGARH.",Chhattisgarh,30.0,30.0,7.5,7.5,360.0,378.0,0.1,0.1,2.0,2.0,0.4,0.4,,,,,,,,,30.0,0,7.5,0,369.0,0.1,2.0,0,0.4,,,0,,0,,0
2017,1623,"AT BILASPUR REGION, CHHATISGARH.",Chhattisgarh,29.0,30.0,7.2,7.5,432.0,449.0,0.1,0.1,2.0,2.0,0.4,0.5,,,,,,,,,29.5,0,7.35,0,440.5,0.1,2.0,0,0.45,,,0,,0,,0
2017,3171,"HAND PUMP WATER 17/10 NEPALI MOHLLA,",Chhattisgarh,,,7.4,7.5,,,,,,,0.0,0.0,,,,,,,,,,0,7.45,0,,,,0,0.0,,,0,,0,,0
2017,3172,"BOREWELL/ HANDPUMP IN ROGBAHRI VILLAGE, SHANKAR NAGAR, HEAVY INDUSTRIAL AREA, BHILAI, CHHATISGARH.",Chhattisgarh,26.1,27.7,7.2,7.2,,,0.2,0.2,,,0.0,0.0,,,,,,,,,26.9,0,7.2,0,,0.2,,0,0.0,,,0,,0,,0
2017,3173,"BOREWELL/ HANDPUMP IN PARSABHATA, KORBA, CHHATISGARH.",Chhattisgarh,26.3,27.6,7.2,7.2,,,0.4,3.4,,,0.0,0.0,,,,,,,,,26.950000000000003,0,7.2,0,,1.9,,0,0.0,,,0,,0,,0
2017,3174,"BOREWELL/ HANDPUMP IN DHANRAS, NTPC, BALCO, KORBA, CHHATISGARH.",Chhattisgarh,26.2,27.6,7.1,7.2,,,0.4,0.4,,,0.0,0.0,,,,,,,,,26.9,0,7.15,0,,0.4,,0,0.0,,,0,,0,,0
2017,2277,WELL AT VERNA INDI.ESTATE.(M/S CIPLA,Goa,31.5,32.0,6.2,6.8,277.0,341.0,0.5,1.2,2.0,2.0,2.0,5.0,0.01,0.16,,,,,,,31.75,0,6.5,0,309.0,0.85,2.0,0,3.5,0.085,,0,,0,,0
2017,2278,WELL AT SANCOALE INDL.ESTATE LIMITED),Goa,29.0,29.9,6.2,7.1,96.0,128.0,0.1,1.5,2.0,23.0,2.0,130.0,0.05,0.3,,,,,,,29.45,0,6.65,0,112.0,0.8,12.5,0,66.0,0.175,,0,,0,,0
2017,2279,"WELL AT ZUARI INDUSTRIES LTD, ZUARI NAGAR",Goa,,,,,,,,,,,,,0.0,0.0,,,,,,,,0,,0,,,,0,,0.0,,0,,0,,0
2017,2280,WELL AT KUDAI INDL. ESTATE(M/S CADILA,Goa,31.5,32.0,6.5,6.8,277.0,339.0,0.4,0.6,2.0,2.0,2.0,2.0,0.0,0.11,,,,,,,31.75,0,6.65,0,308.0,0.5,2.0,0,2.0,0.055,,0,,0,,0
2017,2281,WELL AT CORLIM INDL. ESTATE HEALTHCARE LIMITED),Goa,31.0,31.0,4.4,5.8,67.0,82.0,0.3,1.1,2.0,2.0,2.0,2.0,0.07,0.91,,,,,,,31.0,0,5.1,0,74.5,0.7000000000000001,2.0,0,2.0,0.49,,0,,0,,0
2017,2282,WELL AT PILERNE INDUSTRIAL ESTATE(M/S,Goa,30.0,34.0,7.6,7.6,262.0,291.0,1.1,1.4,2.0,17.0,2.0,33.0,0.0,0.02,,,,,,,32.0,0,7.6,0,276.5,1.25,9.5,0,17.5,0.01,,0,,0,,0
2017,3192,BORE WELL AT PILERNE INDUSTRIAL ESTATE UNICHEM ),Goa,30.0,34.0,7.6,7.6,262.0,291.0,1.1,1.4,2.0,17.0,2.0,33.0,0.0,0.02,,,,,,,32.0,0,7.6,0,276.5,1.25,9.5,0,17.5,0.01,,0,,0,,0
2017,3193,BORE WELL AT CUNCOLIM INDUSTRIAL ESTATE,Goa,32.0,32.0,5.8,6.5,385.0,749.0,1.3,2.2,2.0,2.0,2.0,2.0,0.06,1.12,,,,,,,32.0,0,6.15,0,567.0,1.75,2.0,0,2.0,0.5900000000000001,,0,,0,,0
2017,3194,BORE WELL AT BETHORA INDUSTRIAL ESTATE,Goa,31.0,33.0,5.4,5.6,95.0,100.0,0.2,0.6,2.0,2.0,2.0,2.0,0.05,2.5,,,,,,,32.0,0,5.5,0,97.5,0.4,2.0,0,2.0,1.275,,0,,0,,0
2017,3195,BORE WELL AT MADKAIM INDUSTRIAL ESTATE,Goa,32.0,33.5,5.8,5.9,66.0,69.0,0.1,0.5,2.0,2.0,2.0,2.0,0.02,1.9,,,,,,,32.75,0,5.85,0,67.5,0.3,2.0,0,2.0,0.96,,0,,0,,0
2017,3,"WELL AT AHMEDABAD,",Gujarat,30.0,30.0,7.7,8.0,,,1.5,1.7,2.0,2.0,2.0,2.0,2.07,2.69,,,,,,,30.0,0,7.85,0,,1.6,2.0,0,2.0,2.38,,0,,0,,0
2017,6,"WELL AT BARODA,",Gujarat,29.0,30.0,8.2,8.3,447.0,1752.0,0.2,0.2,2.0,2.0,2.0,2.0,0.39,0.8,,,,,,,29.5,0,8.25,0,1099.5,0.2,2.0,0,2.0,0.595,,0,,0,,0
2017,1226,"WELL AT NAROL, AHMEDABAD,",Gujarat,33.0,33.0,8.1,8.5,273.0,458.0,1.7,1.8,2.0,2.0,2.0,2.0,0.06,1.88,,,,,,,33.0,0,8.3,0,365.5,1.75,2.0,0,2.0,0.97,,0,,0,,0
2017,1948,BHAVNAGAR,Gujarat,30.0,31.0,6.4,8.1,1720.0,1720.0,1.4,1.6,2.0,2.0,2.0,2.0,0.2,0.25,,,,,,,30.5,0,7.25,0,1720.0,1.5,2.0,0,2.0,0.225,,0,,0,,0
2017,1949,AMRELI,Gujarat,29.0,33.0,8.0,8.0,1510.0,1530.0,1.4,1.6,2.0,2.0,2.0,4.0,0.15,0.18,,,,,,,31.0,0,8.0,0,1520.0,1.5,2.0,0,3.0,0.16499999999999998,,0,,0,,0
2017,1950,JUNAGADH,Gujarat,24.0,25.0,7.6,7.7,1180.0,1220.0,0.5,0.8,2.0,2.0,2.0,2.0,1.79,4.42,,,,,,,24.5,0,7.65,0,1200.0,0.65,2.0,0,2.0,3.105,,0,,0,,0
2017,1951,RAJKOT,Gujarat,26.0,27.0,7.4,7.7,855.0,1160.0,0.7,0.8,2.0,2.0,2.0,2.0,0.81,3.25,,,,,,,26.5,0,7.550000000000001,0,1007.5,0.75,2.0,0,2.0,2.0300000000000002,,0,,0,,0
2017,1952,SURENDRANAGAR,Gujarat,25.0,26.0,7.2,8.4,785.0,3120.0,0.0,0.6,2.0,2.0,2.0,2.0,0.82,1.21,,,,,,,25.5,0,7.800000000000001,0,1952.5,0.3,2.0,0,2.0,1.015,,0,,0,,0
2017,1953,JAMNAGAR,Gujarat,28.0,29.0,7.9,7.9,850.0,900.0,0.4,0.4,2.0,2.0,2.0,2.0,0.28,0.36,,,,,,,28.5,0,7.9,0,875.0,0.4,2.0,0,2.0,0.32,,0,,0,,0
2017,1954,BHUJ,Gujarat,29.0,29.0,7.7,8.5,3110.0,3150.0,1.3,1.3,2.0,2.0,2.0,2.0,0.4,1.2,,,,,,,29.0,0,8.1,0,3130.0,1.3,2.0,0,2.0,0.8,,0,,0,,0
2017,1955,PALANPUR,Gujarat,28.0,28.0,7.6,7.6,1441.0,1520.0,1.7,1.8,2.0,2.0,2.0,2.0,1.7,2.88,,,,,,,28.0,0,7.6,0,1480.5,1.75,2.0,0,2.0,2.29,,0,,0,,0
2017,1956,MEHASANA,Gujarat,26.0,29.0,7.2,8.3,2209.0,2323.0,1.2,2.0,2.0,2.0,2.0,2.0,2.64,3.44,,,,,,,27.5,0,7.75,0,2266.0,1.6,2.0,0,2.0,3.04,,0,,0,,0
2017,1957,SIDDHPUR (DIST.PATAN),Gujarat,30.0,37.0,7.7,7.7,1420.0,1838.0,1.5,2.0,2.0,2.0,2.0,2.0,2.98,4.13,,,,,,,33.5,0,7.7,0,1629.0,1.75,2.0,0,2.0,3.5549999999999997,,0,,0,,0
2017,1958,HIMATNAGAR,Gujarat,27.0,27.0,8.0,8.2,657.0,703.0,1.3,1.7,2.0,2.0,2.0,2.0,2.9,3.94,,,,,,,27.0,0,8.1,0,680.0,1.5,2.0,0,2.0,3.42,,0,,0,,0
2017,1959,NADIAD,Gujarat,31.0,31.0,7.7,8.2,1700.0,1864.0,0.5,0.9,2.0,2.0,2.0,2.0,0.26,0.47,,,,,,,31.0,0,7.949999999999999,0,1782.0,0.7,2.0,0,2.0,0.365,,0,,0,,0
2017,1960,DAHOD,Gujarat,30.0,30.0,7.7,7.9,8.0,905.0,0.3,0.5,2.0,2.0,2.0,2.0,0.63,0.86,,,,,,,30.0,0,7.800000000000001,0,456.5,0.4,2.0,0,2.0,0.745,,0,,0,,0
2017,1961,GODHARA,Gujarat,30.0,30.0,7.4,7.7,662.0,1018.0,0.3,0.6,2.0,2.0,2.0,2.0,0.4,0.47,,,,,,,30.0,0,7.550000000000001,0,840.0,0.44999999999999996,2.0,0,2.0,0.435,,0,,0,,0
2017,1962,VADODARA (INDUSTRIAL-NANDESARI),Gujarat,28.0,29.0,7.5,7.5,2840.0,3380.0,0.7,3.2,2.0,2.0,2.0,2.0,0.44,0.52,,,,,,,28.5,0,7.5,0,3110.0,1.9500000000000002,2.0,0,2.0,0.48,,0,,0,,0
2017,1964,PANDESARA (INDSTRIAL) SURAT,Gujarat,,,,,,,,,,,,,0.0,0.0,,,,,,,,0,,0,,,,0,,0.0,,0,,0,,0
2017,1965,"MORA-HAJIRA (INDUSTRIAL), HAJIRA",Gujarat,28.0,35.0,8.3,8.4,2994.0,3094.0,1.3,2.3,2.0,6.0,17.0,150.0,0.07,0.08,,,,,,,31.5,0,8.350000000000001,0,3044.0,1.7999999999999998,4.0,0,83.5,0.07500000000000001,,0,,0,,0
2017,1966,"GABHENI VILLAGE, SURAT (INDUSTRIAL)",Gujarat,29.0,35.0,8.0,8.2,808.0,1295.0,0.9,1.4,172.0,542.0,345.0,542.0,0.08,0.09,,,,,,,32.0,0,8.1,0,1051.5,1.15,357.0,1,443.5,0.08499999999999999,,0,,0,,0
2017,1967,"ATUL, VILLAGE G.W, (VALSAD)",Gujarat,26.0,27.0,7.5,8.2,946.0,996.0,2.1,2.1,2.0,2.0,2.0,2.0,0.19,0.29,,,,,,,26.5,0,7.85,0,971.0,2.1,2.0,0,2.0,0.24,,0,,0,,0
2017,1968,"VAPI INDUSTRIAL AREA IN D/S, VAPI",Gujarat,26.0,27.0,6.8,7.4,1989.0,5954.0,2.4,2.6,2.0,2.0,2.0,2.0,0.24,1.15,,,,,,,26.5,0,7.1,0,3971.5,2.5,2.0,0,2.0,0.695,,0,,0,,0
2017,1969,"SARIGAM VILLAGE (D/S OF INDUSTRIALAREA),",Gujarat,26.0,28.0,7.3,7.6,744.0,994.0,1.6,1.8,2.0,2.0,2.0,2.0,0.29,0.68,,,,,,,27.0,0,7.449999999999999,0,869.0,1.7000000000000002,2.0,0,2.0,0.485,,0,,0,,0
2017,1970,"BOREWELL D/S TSDF SITE, GIDC INDUSTRIAL VAPI",Gujarat,26.0,27.0,7.6,7.8,718.0,1680.0,2.1,2.3,2.0,2.0,2.0,2.0,0.26,0.72,,,,,,,26.5,0,7.699999999999999,0,1199.0,2.2,2.0,0,2.0,0.49,,0,,0,,0
2017,2083,"BORE WELL OF CHHATRAL GIDC. AREA, VAPI",Gujarat,22.0,30.0,7.2,8.4,2255.0,3004.0,1.0,2.2,2.0,2.0,2.0,2.0,1.7,3.74,,,,,,,26.0,0,7.800000000000001,0,2629.5,1.6,2.0,0,2.0,2.72,,0,,0,,0
2017,2084,BORE WELL OF PALSANA VILLAGE.,Gujarat,29.0,30.0,7.1,7.8,2791.0,2888.0,1.2,1.9,2.0,2.0,2.0,2.0,0.0,2.53,,,,,,,29.5,0,7.449999999999999,0,2839.5,1.5499999999999998,2.0,0,2.0,1.265,,0,,0,,0
2017,2085,BORE WELL OF SANTEJ VILLAGE.,Gujarat,28.0,30.0,7.6,7.9,1877.0,1930.0,1.3,1.9,2.0,2.0,2.0,2.0,0.0,2.43,,,,,,,29.0,0,7.75,0,1903.5,1.6,2.0,0,2.0,1.215,,0,,0,,0
2017,2086,BORE WELL AT MSW DISPOSAL SITE OF SURAT,Gujarat,,,,,,,,,,,,,0.0,0.0,,,,,,,,0,,0,,,,0,,0.0,,0,,0,,0
2017,2087,"B/W- HAZARDOUS W. DISPOSAL SITE (GUJ. MUNICIPAL CORPORATION AT VILL. KHAJOD, DIST. SURAT.",Gujarat,29.0,29.0,8.2,8.2,697.0,697.0,2.0,2.0,4.0,4.0,21.0,21.0,0.0,0.14,,,,,,,29.0,0,8.2,0,697.0,2.0,4.0,0,21.0,0.07,,0,,0,,0
2017,2088,BORE WELL OF SACHIN GIDC. ENVIRO P.& I. LTD. ),Gujarat,28.0,33.0,7.7,7.8,7548.0,11040.0,1.1,2.7,4.0,8.0,8.0,33.0,0.0,0.13,,,,,,,30.5,0,7.75,0,9294.0,1.9000000000000001,6.0,0,20.5,0.065,,0,,0,,0
2017,2089,B/W NEAR INDL. AREA BORASARA &,Gujarat,27.0,35.0,7.7,8.3,2924.0,3870.0,0.9,1.5,4.0,8.0,12.0,26.0,0.08,0.08,,,,,,,31.0,0,8.0,0,3397.0,1.2,6.0,0,19.0,0.08,,0,,0,,0
2017,2090,"WELL AT OLPAD. NAVAPURA, DIST. SURAT.",Gujarat,27.0,34.0,7.2,7.8,12930.0,13700.0,0.9,2.1,26.0,27.0,58.0,130.0,0.0,0.13,,,,,,,30.5,0,7.5,0,13315.0,1.5,26.5,0,94.0,0.065,,0,,0,,0
2017,2091,BORE WELL OF NAVSARI GIDC INDUSTRIES,Gujarat,27.0,31.0,7.6,7.7,2185.0,3236.0,1.0,1.6,27.0,33.0,63.0,84.0,0.0,0.09,,,,,,,29.0,0,7.65,0,2710.5,1.3,30.0,0,73.5,0.045,,0,,0,,0
2017,2092,WATER WORKS OF NAVSARI NEAR DHUDIA ASSOCIATION OFFICE.,Gujarat,,,,,,,,,,,,,0.0,0.0,,,,,,,,0,,0,,,,0,,0.0,,0,,0,,0
2017,2093,WELL OF BARDOLI AT REST HOUSE. TALAV.,Gujarat,27.0,35.0,7.9,8.0,1590.0,2304.0,0.9,1.9,172.0,212.0,426.0,426.0,0.07,0.1,,,,,,,31.0,0,7.95,0,1947.0,1.4,192.0,1,426.0,0.085,,0,,0,,0
2017,2094,WELL AT ANKLESHWAR INDUSTRIAL AREA,Gujarat,29.0,30.0,7.3,7.6,3520.0,4910.0,0.8,0.8,2.0,2.0,2.0,2.0,0.39,0.51,,,,,,,29.5,0,7.449999999999999,0,4215.0,0.8,2.0,0,2.0,0.45,,0,,0,,0
2017,2095,"BORE WELL AT STP MADHAPAR, DIST. RAJKOT. (BORE WELL OF M/S INDUSTRIAL CARBON AT ANKLESHWAR- RAJPIPLA ROAD.",Gujarat,26.0,27.0,7.5,7.6,1810.0,2160.0,0.7,1.1,2.0,2.0,2.0,2.0,0.84,0.91,,,,,,,26.5,0,7.55,0,1985.0,0.9,2.0,0,2.0,0.875,,0,,0,,0
2017,2096,"BORE WELL, SNR. VINAYAK JAL SUDDHIKARAN",Gujarat,28.0,29.0,7.5,7.5,4780.0,5518.0,1.4,1.9,2.0,2.0,2.0,2.0,2.69,2.75,,,,,,,28.5,0,7.5,0,5149.0,1.65,2.0,0,2.0,2.7199999999999998,,0,,0,,0
2017,2097,"BORE WELL OF SOMESHWAR RICE MILL, NR. SAHAKARI MANDALI LTD. (CETP ), VILL. BAVLA, DIST. AHMEDABAD.",Gujarat,28.0,29.0,8.1,8.2,4088.0,4706.0,0.5,1.5,2.0,2.0,2.0,2.0,3.09,3.36,,,,,,,28.5,0,8.149999999999999,0,4397.0,1.0,2.0,0,2.0,3.2249999999999996,,0,,0,,0
2017,2098,"BORE WELL OF PIRANA TERMINAL PUMPING BAVLA ECO PROJECT, (CETP ), VILL. BAVLA, DIST. AHMEDABAD.",Gujarat,28.0,30.0,7.5,7.5,2913.0,3028.0,1.1,1.8,2.0,2.0,2.0,2.0,2.14,3.88,,,,,,,29.0,0,7.5,0,2970.5,1.4500000000000002,2.0,0,2.0,3.01,,0,,0,,0
2017,3207,"BOREWELL OF GIDC, JHAGADIA STATION, PIRANA, NR. V. N. BRIDGE, AHMEDABAD.",Gujarat,30.0,32.0,7.2,7.6,1360.0,1520.0,0.8,0.9,2.0,2.0,2.0,2.0,0.44,0.75,,,,,,,31.0,0,7.4,0,1440.0,0.8500000000000001,2.0,0,2.0,0.595,,0,,0,,0
2017,3208,"JILLA PANCHAYAT SCHOOL, NEAR GRAM",Gujarat,25.0,27.0,7.0,8.0,698.0,1284.0,2.1,2.4,2.0,2.0,2.0,2.0,0.17,0.31,,,,,,,26.0,0,7.5,0,991.0,2.25,2.0,0,2.0,0.24,,0,,0,,0
2017,3209,"BOREWELL OF GAYATRI PRAGNA SCHOOL, PANCHAYAT KATA FALIA, VILLAGE NAMDHA, VALSAD",Gujarat,26.0,27.0,7.1,7.2,1088.0,1288.0,1.6,2.1,2.0,2.0,2.0,2.0,0.38,0.42,,,,,,,26.5,0,7.15,0,1188.0,1.85,2.0,0,2.0,0.4,,0,,0,,0
2017,3210,"BOREWELL AT PIRAMAL GLASS, VILLAGE BHADARWAD ROAD, BAZAR FALIA, SARIGAM, VALSAD",Gujarat,27.0,35.0,7.4,7.9,3786.0,4025.0,1.0,1.6,4.0,5.0,10.0,12.0,0.0,0.13,,,,,,,31.0,0,7.65,0,3905.5,1.3,4.5,0,11.0,0.065,,0,,0,,0
2017,3211,"BOREWELL AT PRIMARY HEALTH CENTER, TARSADI AT KOSAMBA INDUSTRIAL AREA, SURAT",Gujarat,27.0,35.0,7.2,8.3,1631.0,1844.0,1.0,1.8,6.0,17.0,43.0,212.0,0.09,0.11,,,,,,,31.0,0,7.75,0,1737.5,1.4,11.5,0,127.5,0.1,,0,,0,,0
2017,3212,"BOREWELL NEAR CENTER OF EXCELLENCE KADODARA, SURAT",Gujarat,30.0,34.0,7.9,8.0,2384.0,2683.0,1.6,2.1,2.0,2.0,2.0,2.0,2.25,3.19,,,,,,,32.0,0,7.95,0,2533.5,1.85,2.0,0,2.0,2.7199999999999998,,0,,0,,0
2017,3213,"BOREWELL, CETP-NARODA, GIDC, NARODA- BUILDING, GIDC, VATVA, AHMEDABAD",Gujarat,30.0,34.0,7.8,8.2,1499.0,1658.0,1.8,1.9,2.0,2.0,2.0,2.0,2.11,2.75,,,,,,,32.0,0,8.0,0,1578.5,1.85,2.0,0,2.0,2.4299999999999997,,0,,0,,0
2017,3214,BOREWELL NEAR GIDC ODHAV INDUSTRIAL,Gujarat,30.0,33.0,7.9,8.0,1680.0,1828.0,1.8,2.1,2.0,2.0,2.0,2.0,1.99,2.42,,,,,,,31.5,0,7.95,0,1754.0,1.9500000000000002,2.0,0,2.0,2.205,,0,,0,,0
2017,3215,"BOREWELL NEAR MUNICIPAL SOLID WASTE ASSOCIATION BUILDING, GIDC, ODHAV, AHMEDABAD",Gujarat,25.0,31.0,7.2,8.5,2288.0,5372.0,1.3,3.0,2.0,2.0,2.0,2.0,0.26,4.88,,,,,,,28.0,0,7.85,0,3830.0,2.15,2.0,0,2.0,2.57,,0,,0,,0
2017,3216,"BOREWELL NEAR TSDF SITE OF GREEN SITE- GYASPUR, NAROL, AHMEDABAD",Gujarat,33.0,34.0,7.8,7.9,2506.0,2833.0,2.0,2.0,2.0,2.0,2.0,2.0,2.17,4.91,,,,,,,33.5,0,7.85,0,2669.5,2.0,2.0,0,2.0,3.54,,0,,0,,0
2017,3217,"BOREWELL NEAR TSDF SITE OF NARODA ENVIRONMNET SERVICES CO. OP.LTD, VATVA, AHMEDABAD",Gujarat,32.0,34.0,8.1,8.1,1848.0,2250.0,1.4,2.6,2.0,2.0,2.0,2.0,2.56,3.48,,,,,,,33.0,0,8.1,0,2049.0,2.0,2.0,0,2.0,3.02,,0,,0,,0
2017,3218,"WELL OF MODASA, NAGAR PALIKA, VARIGRUH, ENVIRO PROJECT.LTD, ODHAVE, AHMEDABAD",Gujarat,27.0,27.0,7.7,7.8,916.0,1207.0,1.5,1.6,2.0,2.0,2.0,2.0,2.96,5.48,,,,,,,27.0,0,7.75,0,1061.5,1.55,2.0,0,2.0,4.220000000000001,,0,,0,,0
2017,3219,"WELL OF IDAR, NAGAR PALIKA, SAKARIA, IDAR MODASA",Gujarat,27.0,27.0,7.9,8.1,1243.0,1316.0,1.8,1.8,2.0,2.0,2.0,2.0,3.01,4.31,,,,,,,27.0,0,8.0,0,1279.5,1.8,2.0,0,2.0,3.6599999999999997,,0,,0,,0
2017,3220,"BOREWELL OF GIDC-NADIAD AT GIDC OFFICE,",Gujarat,28.0,31.0,7.8,8.0,2700.0,3110.0,0.3,0.9,2.0,2.0,2.0,2.0,0.15,0.37,,,,,,,29.5,0,7.9,0,2905.0,0.6,2.0,0,2.0,0.26,,0,,0,,0
2017,3221,"BOREWELL OF TOWN RAJPIPLA, DIST.NARMADA GIDC NADIAD, KHEDA",Gujarat,30.0,32.0,7.7,8.3,800.0,945.0,0.8,0.8,2.0,2.0,2.0,2.0,0.33,0.34,,,,,,,31.0,0,8.0,0,872.5,0.8,2.0,0,2.0,0.335,,0,,0,,0
2017,3222,"BOREWELL OF GIDC, PANOLI",Gujarat,31.0,33.0,7.7,8.4,4020.0,4350.0,0.9,0.9,2.0,2.0,2.0,2.0,0.16,0.33,,,,,,,32.0,0,8.05,0,4185.0,0.9,2.0,0,2.0,0.245,,0,,0,,0
2017,3223,BOREWELL KADI INDUSTRIAL AREA,Gujarat,27.0,30.0,7.7,8.1,1525.0,1792.0,1.6,1.9,2.0,2.0,2.0,2.0,2.64,3.69,,,,,,,28.5,0,7.9,0,1658.5,1.75,2.0,0,2.0,3.165,,0,,0,,0
2017,3224,DEESA BOREWELL,Gujarat,28.0,30.0,7.5,7.7,720.0,862.0,1.7,1.7,2.0,21.0,2.0,43.0,0.25,5.01,,,,,,,29.0,0,7.6,0,791.0,1.7,11.5,0,22.5,2.63,,0,,0,,0
2017,3225,VISNAGAR BOREWELL,Gujarat,27.0,30.0,7.7,8.2,818.0,2290.0,1.6,1.8,2.0,2.0,2.0,2.0,2.25,2.93,,,,,,,28.5,0,7.949999999999999,0,1554.0,1.7000000000000002,2.0,0,2.0,2.59,,0,,0,,0
2017,3226,PATAN BOREWELL,Gujarat,27.0,36.0,7.9,8.3,9.0,195.0,1.4,1.7,2.0,2.0,2.0,2.0,0.83,5.21,,,,,,,31.5,0,8.100000000000001,0,102.0,1.5499999999999998,2.0,0,2.0,3.02,,0,,0,,0
2017,3227,VIJAPUR (RANASAN) BOREWELL,Gujarat,27.0,32.0,7.1,7.1,5.0,1710.0,1.8,2.0,2.0,2.0,2.0,2.0,3.17,4.59,,,,,,,29.5,0,7.1,0,857.5,1.9,2.0,0,2.0,3.88,,0,,0,,0
2017,3228,"GIDC, HALOL, PANCHMAHAL",Gujarat,29.0,30.0,7.4,7.5,2900.0,2970.0,0.3,0.6,2.0,2.0,2.0,2.0,0.46,2.26,,,,,,,29.5,0,7.45,0,2935.0,0.44999999999999996,2.0,0,2.0,1.3599999999999999,,0,,0,,0
2017,3229,"GIDC, DAHOD, DAHOD",Gujarat,30.0,30.0,7.2,7.4,944.0,1379.0,0.3,0.3,2.0,2.0,2.0,2.0,0.44,0.46,,,,,,,30.0,0,7.300000000000001,0,1161.5,0.3,2.0,0,2.0,0.45,,0,,0,,0
2017,3230,"BOREWELL OF GIDC, JUNAGADH",Gujarat,24.0,25.0,7.1,7.2,1470.0,5310.0,0.6,0.9,2.0,2.0,2.0,2.0,1.67,1.68,,,,,,,24.5,0,7.15,0,3390.0,0.75,2.0,0,2.0,1.6749999999999998,,0,,0,,0
2017,3231,BOREWELL NEAR TSDF SITE OF SAURASHTRA,Gujarat,28.0,33.0,7.9,8.9,1767.0,2520.0,1.5,6.1,2.0,2.0,2.0,2.0,0.5,3.2,,,,,,,30.5,0,8.4,1,2143.5,3.8,2.0,0,2.0,1.85,,0,,0,,0
2017,3232,"BOREWELL OF GIDC, ANTALIA WATER SUPPLY, ENVIRO PROJECT LTD., JUNA KATARIYA, BHACHAU",Gujarat,27.0,31.0,7.8,7.9,12.0,2360.0,1.1,1.5,109.0,177.0,278.0,345.0,0.0,0.09,,,,,,,29.0,0,7.85,0,1186.0,1.3,143.0,1,311.5,0.045,,0,,0,,0
2017,3233,"BOREWELL OF KALIAWADI GRID ROAD, BILLIMORA, GANDEVI",Gujarat,27.0,31.0,7.7,8.0,2617.0,3768.0,1.0,1.5,2.0,2.0,2.0,2.0,0.0,0.11,,,,,,,29.0,0,7.85,0,3192.5,1.25,2.0,0,2.0,0.055,,0,,0,,0
2017,3234,BOREWELL NERA TSDF OF NANDESARI ENVIRO NAVSARI,Gujarat,28.0,29.0,7.0,7.0,7430.0,10140.0,3.2,12.3,2.0,2.0,2.0,2.0,0.56,3.24,,,,,,,28.5,0,7.0,0,8785.0,7.75,2.0,0,2.0,1.9000000000000001,,0,,0,,0
2017,3235,"BOREWELL OF GIDC KALOL, B/H GIDC OFFICE, CONTROL LIMITED, NADESARI, VADODARA",Gujarat,28.0,28.0,7.5,7.6,2837.0,3080.0,1.6,1.7,2.0,2.0,2.0,2.0,0.0,3.04,,,,,,,28.0,0,7.55,0,2958.5,1.65,2.0,0,2.0,1.52,,0,,0,,0
2017,3236,"BOREWELL OF M/S ALFA ECA (I) LTD., UNIT-1, GIDC, KALOL, GANDHINAGR",Gujarat,28.0,28.0,7.7,8.0,1915.0,2002.0,1.7,2.3,2.0,2.0,2.0,2.0,3.05,3.51,,,,,,,28.0,0,7.85,0,1958.5,2.0,2.0,0,2.0,3.28,,0,,0,,0
2017,3237,"BOREWELL OF L & T LTD., PLOT NO. 144/146, SR.NO. 249, UMA IND. ESTATE, VASNA , IYAVA, SANAND, AHMEDABAD",Gujarat,29.0,29.0,6.8,7.7,6460.0,6465.0,1.0,1.7,2.0,2.0,2.0,2.0,2.19,2.59,,,,,,,29.0,0,7.25,0,6462.5,1.35,2.0,0,2.0,2.3899999999999997,,0,,0,,0
2017,3238,BOREWELL OF GIDC KANSARI,Gujarat,28.0,28.0,8.0,8.3,4370.0,4510.0,0.4,0.4,2.0,2.0,2.0,2.0,0.4,0.42,,,,,,,28.0,0,8.15,0,4440.0,0.4,2.0,0,2.0,0.41000000000000003,,0,,0,,0
2017,3239,"BOREWELL OF GIDC, SOJITRA",Gujarat,28.0,30.0,7.9,8.3,3080.0,3180.0,0.6,0.7,2.0,2.0,2.0,2.0,0.4,0.46,,,,,,,29.0,0,8.100000000000001,0,3130.0,0.6499999999999999,2.0,0,2.0,0.43000000000000005,,0,,0,,0
2017,3240,"BOREWELL OF AJI GIDC, RAJKOT",Gujarat,26.0,27.0,7.6,7.7,1125.0,1920.0,0.8,0.9,2.0,2.0,2.0,2.0,0.86,0.97,,,,,,,26.5,0,7.65,0,1522.5,0.8500000000000001,2.0,0,2.0,0.915,,0,,0,,0
2017,3241,BOREWELL NEAR MUNICIPAL SOLID WASTE,Gujarat,26.0,26.0,7.3,7.4,1130.0,2620.0,0.9,1.1,2.0,2.0,2.0,2.0,0.91,0.91,,,,,,,26.0,0,7.35,0,1875.0,1.0,2.0,0,2.0,0.91,,0,,0,,0
2017,3242,"BOREWELL NEAR TSDF OF GUJARAT MARITIME SITE, NAKARWADI, RAJKOT",Gujarat,29.0,30.0,8.1,8.1,1320.0,1780.0,1.8,1.8,2.0,2.0,2.0,2.0,0.23,0.29,,,,,,,29.5,0,8.1,0,1550.0,1.8,2.0,0,2.0,0.26,,0,,0,,0
2017,3243,"BOREWELL OF GIDC, VARTEJ, BHAVNAGAR BOARD, ALANG, BHAVNAGAR",Gujarat,30.0,31.0,8.1,8.3,1998.0,3070.0,1.6,1.8,2.0,2.0,2.0,2.0,0.03,0.34,,,,,,,30.5,0,8.2,0,2534.0,1.7000000000000002,2.0,0,2.0,0.185,,0,,0,,0
2017,3244,BOREWELL NEAR TSDF OF BHARUCH ENVIRO,Gujarat,29.0,30.0,7.1,7.3,3010.0,4630.0,0.9,1.0,2.0,2.0,2.0,2.0,0.48,0.5,,,,,,,29.5,0,7.199999999999999,0,3820.0,0.95,2.0,0,2.0,0.49,,0,,0,,0
2017,3245,"BOREWELL AT DHANGADHRA NEAR INFRASTRUCTURE LIMITED, ANKLESHWAR, BHARUCH",Gujarat,27.0,27.0,8.2,8.2,1.0,2440.0,0.6,0.9,2.0,2.0,2.0,2.0,0.0,1.89,,,,,,,27.0,0,8.2,0,1220.5,0.75,2.0,0,2.0,0.945,,0,,0,,0
2017,3246,"BOREWELL OF GIDC OFFICE, SHANKAR TEKRI, DHANGADHRA CHEMICALS",Gujarat,28.0,28.0,7.7,7.8,1440.0,2050.0,0.4,0.4,2.0,2.0,2.0,2.0,0.3,0.31,,,,,,,28.0,0,7.75,0,1745.0,0.4,2.0,0,2.0,0.305,,0,,0,,0
2017,3247,"BOREWELL OF SHRI MAHAVIR METAL CRAFT UDHYOGNAGAR, JAMNANGAR",Gujarat,28.0,28.0,7.8,7.8,2540.0,4200.0,0.4,0.4,2.0,2.0,2.0,2.0,0.28,1.13,,,,,,,28.0,0,7.8,0,3370.0,0.4,2.0,0,2.0,0.705,,0,,0,,0
2017,1555,"AT KALA AMB,",Himachal Pradesh,18.0,18.0,8.0,8.0,711.0,1108.0,0.1,0.1,2.0,2.0,2.0,2.0,2.48,2.48,,,,,,,18.0,0,8.0,0,909.5,0.1,2.0,0,2.0,2.48,,0,,0,,0
2017,1556,AT PAONTA SAHIB,Himachal Pradesh,17.0,17.0,7.3,7.7,827.0,982.0,0.1,0.1,2.0,2.0,2.0,2.0,2.89,2.91,,,,,,,17.0,0,7.5,0,904.5,0.1,2.0,0,2.0,2.9000000000000004,,0,,0,,0
2017,1557,AT PARWANOO,Himachal Pradesh,,,7.2,7.2,695.0,695.0,0.4,0.4,2.0,2.0,2.0,2.0,9.46,9.46,,,,,,,,0,7.2,0,695.0,0.4,2.0,0,2.0,9.46,,0,,0,,0
2017,1558,AT BADDI,Himachal Pradesh,15.3,24.3,7.3,8.4,500.0,1009.0,0.2,0.8,2.0,2.0,2.0,2.0,0.1,10.43,,,,,,,19.8,0,7.85,0,754.5,0.5,2.0,0,2.0,5.265,,0,,0,,0
2017,1559,AT BAROTIWALA,Himachal Pradesh,15.4,25.5,7.3,8.2,355.0,1070.0,0.2,0.4,2.0,2.0,2.0,2.0,0.0,8.41,,,,,,,20.45,0,7.75,0,712.5,0.30000000000000004,2.0,0,2.0,4.205,,0,,0,,0
2017,1560,AT NALAGARH,Himachal Pradesh,15.6,25.4,7.2,7.7,983.0,1579.0,0.1,1.0,2.0,2.0,2.0,2.0,0.54,15.42,,,,,,,20.5,0,7.45,0,1281.0,0.55,2.0,0,2.0,7.98,,0,,0,,0
2017,1561,AT DAMTA,Himachal Pradesh,16.0,16.0,7.7,7.8,772.0,855.0,0.1,0.2,2.0,2.0,2.0,2.0,0.0,0.04,,,,,,,16.0,0,7.75,0,813.5,0.15000000000000002,2.0,0,2.0,0.02,,0,,0,,0
2017,1562,AT UNA,Himachal Pradesh,17.0,20.0,7.9,8.4,523.0,946.0,0.1,0.1,,,,,0.0,0.04,,,,,,,18.5,0,8.15,0,734.5,0.1,,0,,0.02,,0,,0,,0
2017,1872,SHIMLA D/S OF MSW DUMPING SIOT,Himachal Pradesh,9.0,20.0,6.4,7.9,245.0,902.0,4.0,16.0,14.0,94.0,26.0,920.0,0.52,12.34,,,,,,,14.5,0,7.15,0,573.5,10.0,54.0,1,473.0,6.43,,0,,0,,0
2017,1873,DHARAMSHALA KANGRA D/S OF MSW DUMPING,Himachal Pradesh,13.0,18.0,6.5,6.7,409.0,417.0,0.2,0.2,2.0,2.0,2.0,2.0,0.02,0.13,,,,,,,15.5,0,6.6,0,413.0,0.2,2.0,0,2.0,0.075,,0,,0,,0
2017,1874,SOLAN-D/S OF MSW DUMPING SIOT- SIOT,Himachal Pradesh,,,7.5,8.9,308.0,664.0,0.1,1.8,2.0,2.0,2.0,4.0,0.43,1.12,,,,,,,,0,8.2,1,486.0,0.9500000000000001,2.0,0,3.0,0.775,,0,,0,,0
2017,1877,BADDI INDUSTRIAL AREA,Himachal Pradesh,14.3,22.5,7.3,8.5,349.0,973.0,0.1,0.8,2.0,2.0,2.0,2.0,0.0,13.78,,,,,,,18.4,0,7.9,0,661.0,0.45,2.0,0,2.0,6.89,,0,,0,,0
2017,1878,BAROTIWALA INDUSTRIAL AREA,Himachal Pradesh,14.8,24.0,7.3,8.0,775.0,1222.0,0.1,0.4,2.0,2.0,2.0,2.0,12.67,14.67,,,,,,,19.4,0,7.65,0,998.5,0.25,2.0,0,2.0,13.67,,0,,0,,0
2017,1879,NALAGARH INDUSTRIAL AREA,Himachal Pradesh,15.6,24.0,7.2,8.0,445.0,1579.0,0.1,0.8,2.0,2.0,2.0,2.0,0.0,15.42,,,,,,,19.8,0,7.6,0,1012.0,0.45,2.0,0,2.0,7.71,,0,,0,,0
2017,1880,KALA AMB INDUSTRIAL AREA,Himachal Pradesh,19.0,19.0,7.7,7.9,784.0,918.0,0.2,0.2,2.0,2.0,2.0,4.0,2.04,2.04,,,,,,,19.0,0,7.800000000000001,0,851.0,0.2,2.0,0,3.0,2.04,,0,,0,,0
2017,1881,PAONTA SAHIB INDUSTRIAL AREA,Himachal Pradesh,18.0,18.0,8.0,8.2,718.0,978.0,0.1,0.1,2.0,2.0,2.0,4.0,2.14,2.21,,,,,,,18.0,0,8.1,0,848.0,0.1,2.0,0,3.0,2.175,,0,,0,,0
2017,1882,MEHATPUR INDUSTRIAL AREA,Himachal Pradesh,13.0,19.0,7.8,8.1,901.0,1065.0,0.1,0.1,,,,,0.0,0.03,,,,,,,16.0,0,7.949999999999999,0,983.0,0.1,,0,,0.015,,0,,0,,0
2017,1883,UNA INDUSTRIAL AREA,Himachal Pradesh,19.0,19.0,7.6,8.2,936.0,946.0,0.2,0.2,,,,,0.0,0.04,,,,,,,19.0,0,7.8999999999999995,0,941.0,0.2,,0,,0.02,,0,,0,,0
2017,2628,HAND PUMP AT SHAMSHI,Himachal Pradesh,19.0,20.0,6.1,8.1,446.0,813.0,0.0,0.0,2.0,2.0,2.0,2.0,0.0,0.67,,,,,,,19.5,0,7.1,0,629.5,0.0,2.0,0,2.0,0.335,,0,,0,,0
2017,2630,HAND PUMP AT HAMIRPUR TOWN,Himachal Pradesh,19.0,19.0,7.5,7.9,1075.0,1546.0,0.1,0.1,,,,,0.02,0.12,,,,,,,19.0,0,7.7,0,1310.5,0.1,,0,,0.06999999999999999,,0,,0,,0
2017,2631,HAND PUMP AT NADAUN TOWN,Himachal Pradesh,18.0,19.0,7.8,8.2,926.0,967.0,0.2,2.0,,,,,0.0,0.04,,,,,,,18.5,0,8.0,0,946.5,1.1,,0,,0.02,,0,,0,,0
2017,2632,HAND PUMP AT BILASPUR TOWN,Himachal Pradesh,18.0,24.0,7.3,7.9,580.0,1032.0,0.0,0.0,2.0,2.0,2.0,2.0,0.0,3.63,,,,,,,21.0,0,7.6,0,806.0,0.0,2.0,0,2.0,1.815,,0,,0,,0
2017,2633,HAND PUMP AT RECONGPEO,Himachal Pradesh,,,7.3,7.3,364.0,364.0,0.1,0.1,,,,,0.32,0.32,,,,,,,,0,7.3,0,364.0,0.1,,0,,0.32,,0,,0,,0
2017,2634,HAND PUMP AT SHIMLA,Himachal Pradesh,13.0,13.0,7.3,8.1,253.0,355.0,0.1,0.4,2.0,2.0,2.0,2.0,0.42,0.59,,,,,,,13.0,0,7.699999999999999,0,304.0,0.25,2.0,0,2.0,0.505,,0,,0,,0
2017,2635,HAND PUMP AT RAMPUR,Himachal Pradesh,,,7.3,7.3,368.0,368.0,0.1,0.1,,,,,0.52,0.52,,,,,,,,0,7.3,0,368.0,0.1,,0,,0.52,,0,,0,,0
2017,2636,HAND PUMP AT KANGRA TEMPLE/ TOWN,Himachal Pradesh,14.0,14.0,7.1,7.4,883.0,984.0,0.2,0.3,2.0,2.0,2.0,2.0,0.07,0.09,,,,,,,14.0,0,7.25,0,933.5,0.25,2.0,0,2.0,0.08,,0,,0,,0
2017,2637,HAND PUMP AT JWALAJI TEMPLE,Himachal Pradesh,13.0,13.0,7.3,8.0,1429.0,1430.0,0.1,0.1,2.0,2.0,2.0,2.0,0.0,0.09,,,,,,,13.0,0,7.65,0,1429.5,0.1,2.0,0,2.0,0.045,,0,,0,,0
2017,2638,HAND PUMP AT CHINTPURNI TEMPLE/ TOWN,Himachal Pradesh,5.0,15.0,7.6,7.9,640.0,1337.0,0.1,0.2,2.0,2.0,2.0,2.0,0.0,0.09,,,,,,,10.0,0,7.75,0,988.5,0.15000000000000002,2.0,0,2.0,0.045,,0,,0,,0
2017,2639,HAND PUMP AT CHAMUNDA DEVI TEMPLE/,Himachal Pradesh,16.0,18.0,7.8,8.4,116.0,217.0,0.1,0.1,,,,,0.03,0.04,,,,,,,17.0,0,8.1,0,166.5,0.1,,0,,0.035,,0,,0,,0
2017,2640,HAND PUMP AT SANSARPUR TERRACE IA TOWN,Himachal Pradesh,13.0,13.0,8.1,8.3,461.0,524.0,0.1,0.1,2.0,2.0,2.0,2.0,0.0,0.09,,,,,,,13.0,0,8.2,0,492.5,0.1,2.0,0,2.0,0.045,,0,,0,,0
2017,2641,HAND PUMP AT CHAMBA TOWN,Himachal Pradesh,14.3,14.3,7.6,7.7,317.0,838.0,0.1,0.1,15.0,15.0,280.0,280.0,0.0,0.12,,,,,,,14.3,0,7.65,0,577.5,0.1,15.0,0,280.0,0.06,,0,,0,,0
2017,2642,HAND PUMP AT DALHOUSIE TOWN,Himachal Pradesh,14.4,14.6,7.9,8.2,553.0,730.0,0.1,0.1,2.0,2.0,2.0,2.0,0.02,0.02,,,,,,,14.5,0,8.05,0,641.5,0.1,2.0,0,2.0,0.02,,0,,0,,0
2017,2645,HAND PUMP AT NAHAN,Himachal Pradesh,18.0,18.0,7.7,7.8,986.0,1352.0,0.1,0.1,2.0,2.0,2.0,4.0,3.37,6.38,,,,,,,18.0,0,7.75,0,1169.0,0.1,2.0,0,3.0,4.875,,0,,0,,0
2017,2646,HAND PUMP AT KALA AMB,Himachal Pradesh,19.0,19.0,7.5,8.0,1090.0,1831.0,0.3,0.3,2.0,4.0,2.0,6.0,4.38,4.38,,,,,,,19.0,0,7.75,0,1460.5,0.3,3.0,0,4.0,4.38,,0,,0,,0
2017,2647,HAND PUMP AT TAHLIWAL IA,Himachal Pradesh,19.0,19.0,7.8,8.3,903.0,927.0,0.1,0.1,,,,,0.0,0.06,,,,,,,19.0,0,8.05,0,915.0,0.1,,0,,0.03,,0,,0,,0
2017,2648,HAND PUMP AT KEYLONG,Himachal Pradesh,,,7.7,7.7,449.0,449.0,0.1,0.1,2.0,2.0,2.0,2.0,0.0,0.0,,,,,,,,0,7.7,0,449.0,0.1,2.0,0,2.0,0.0,,0,,0,,0
2017,3564,BOREWELL WATER NEAR MANGALIJYOTHI,Karnataka,27.0,29.0,6.7,7.7,128.0,302.0,1.0,37.0,2.0,11.0,2.0,60.0,0.08,2.4,,,,,,,28.0,0,7.2,0,215.0,19.0,6.5,0,31.0,1.24,,0,,0,,0
2017,19,"WELL AT ELOOR, KERALA",Kerala,27.0,27.8,5.7,5.8,100.0,135.0,1.0,1.4,100.0,350.0,1500.0,4800.0,0.54,1.48,,,,,,,27.4,0,5.75,0,117.5,1.2,225.0,1,3150.0,1.01,,0,,0,,0
2017,22,"WELL AT CHUNGAPALLY, KERALA",Kerala,28.0,28.0,6.5,8.0,130.0,141.0,0.5,1.1,30.0,280.0,40.0,350.0,0.0,2.5,,,,,,,28.0,0,7.25,0,135.5,0.8,155.0,1,195.0,1.25,,0,,0,,0
2017,35,"WELL AT PUNALUR, KERALA",Kerala,24.0,27.5,6.3,6.8,231.0,240.0,1.0,2.2,10.0,40.0,40.0,120.0,0.12,0.89,,,,,,,25.75,0,6.55,0,235.5,1.6,25.0,0,80.0,0.505,,0,,0,,0
2017,1581,"PAPPANAMKODE, THIRUVANANTHAPURAM,",Kerala,30.0,33.0,6.0,6.3,500.0,580.0,0.6,1.2,65.0,80.0,120.0,125.0,0.0,0.0,,,,,,,31.5,0,6.15,0,540.0,0.8999999999999999,72.5,1,122.5,0.0,,0,,0,,0
2017,1582,"NEDUMANGAD, THIRUVANANTHAPURAM,",Kerala,30.0,33.0,6.3,7.0,200.0,500.0,0.6,2.0,32.0,80.0,81.0,120.0,0.0,0.0,,,,,,,31.5,0,6.65,0,350.0,1.3,56.0,1,100.5,0.0,,0,,0,,0
2017,1583,"KUNDARA, KOLLAM DISTT. , KERALA",Kerala,23.0,27.5,6.8,6.8,148.0,210.0,0.8,0.8,10.0,10.0,30.0,40.0,0.1,0.68,,,,,,,25.25,0,6.8,0,179.0,0.8,10.0,0,35.0,0.39,,0,,0,,0
2017,1584,"CHERTHALA, ALLEPPY, KERALA",Kerala,29.0,29.0,7.3,7.8,248.0,428.0,1.2,3.0,0.0,200.0,2.0,400.0,0.08,0.15,,,,,,,29.0,0,7.55,0,338.0,2.1,100.0,1,201.0,0.11499999999999999,,0,,0,,0
2017,1585,"VYTTILA, ERNAKULAM DISTT. , KERALA",Kerala,28.0,30.1,7.1,7.4,315.0,560.0,2.3,2.4,700.0,1000.0,2800.0,4900.0,0.35,5.9,,,,,,,29.05,0,7.25,0,437.5,2.3499999999999996,850.0,1,3850.0,3.125,,0,,0,,0
2017,1586,"EDAYAR ERNAKULAM DISTT., KERALA",Kerala,27.0,27.9,5.6,5.8,158.0,172.0,1.3,3.0,12.0,20.0,31.0,270.0,0.53,0.82,,,,,,,27.45,0,5.699999999999999,0,165.0,2.15,16.0,0,150.5,0.675,,0,,0,,0
2017,1587,"KALAMASSERY ERNAKULAM DISTT. , KERALA",Kerala,27.0,28.0,5.6,6.2,294.0,327.0,1.4,3.0,20.0,350.0,79.0,540.0,0.57,6.46,,,,,,,27.5,0,5.9,0,310.5,2.2,185.0,1,309.5,3.515,,0,,0,,0
2017,1588,"PUNKUNNAM TRISSUR DISTT. , KERALA",Kerala,30.0,30.0,7.2,8.2,299.0,360.0,0.3,0.7,20.0,220.0,190.0,350.0,2.1,3.1,,,,,,,30.0,0,7.699999999999999,0,329.5,0.5,120.0,1,270.0,2.6,,0,,0,,0
2017,1589,"MALAPURAM , KERALA",Kerala,30.5,31.5,7.5,7.8,260.0,335.0,0.9,2.1,28.0,32.0,56.0,68.0,0.22,5.3,,,,,,,31.0,0,7.65,0,297.5,1.5,30.0,0,62.0,2.76,,0,,0,,0
2017,1590,"MAVOOR, KOZHIKKODE DISTT. , KERALA",Kerala,27.0,29.0,6.6,7.9,83.0,126.0,0.5,0.5,52.0,100.0,58.0,190.0,2.4,3.0,,,,,,,28.0,0,7.25,0,104.5,0.5,76.0,1,124.0,2.7,,0,,0,,0
2017,1591,"KANNUR (MUNICIPALITY) KANNUR DISTTM ,",Kerala,27.0,27.0,3.9,5.4,98.0,100.0,0.8,1.2,12.0,480.0,750.0,2570.0,1.99,3.91,,,,,,,27.0,0,4.65,0,99.0,1.0,246.0,1,1660.0,2.95,,0,,0,,0
2017,1592,"PAYYANNUR, KANNUR DISTT. , KERALA",Kerala,28.0,29.0,5.6,6.7,272.0,340.0,0.4,1.3,0.0,350.0,2.0,550.0,1.87,5.86,,,,,,,28.5,0,6.15,0,306.0,0.8500000000000001,175.0,1,276.0,3.865,,0,,0,,0
2017,2308,FATHIMAPURAM (CHANGANASSERY),Kerala,27.0,28.0,6.2,6.2,142.0,213.0,0.1,0.3,200.0,400.0,1000.0,1100.0,1.07,5.22,,,,,,,27.5,0,6.2,0,177.5,0.2,300.0,1,1050.0,3.145,,0,,0,,0
2017,2309,KAROOR (PALA),Kerala,27.0,27.5,5.6,6.2,56.0,84.0,0.2,1.2,0.0,800.0,100.0,2000.0,0.05,3.81,,,,,,,27.25,0,5.9,0,70.0,0.7,400.0,1,1050.0,1.93,,0,,0,,0
2017,2310,VAIKOM,Kerala,28.0,29.0,6.5,7.9,202.0,204.0,0.4,3.5,0.0,0.0,2.0,2.0,2.08,3.13,,,,,,,28.5,0,7.2,0,203.0,1.95,0.0,0,2.0,2.605,,0,,0,,0
2017,2311,VADAVATHOOR (KOTTAYAM),Kerala,27.0,28.0,5.8,5.9,103.0,224.0,0.3,3.2,200.0,400.0,800.0,1000.0,1.11,3.54,,,,,,,27.5,0,5.85,0,163.5,1.75,300.0,1,900.0,2.325,,0,,0,,0
2017,2313,"SARVODAPURAM, ALAPPUZHA",Kerala,29.0,29.0,7.2,7.7,450.0,750.0,0.9,2.1,0.0,300.0,2.0,540.0,0.09,0.15,,,,,,,29.0,0,7.45,0,600.0,1.5,150.0,1,271.0,0.12,,0,,0,,0
2017,2314,KUREEPUZHA (KOLLAM),Kerala,24.0,28.0,6.3,7.6,158.0,269.0,1.3,2.7,60.0,120.0,150.0,380.0,0.09,0.92,,,,,,,26.0,0,6.949999999999999,0,213.5,2.0,90.0,1,265.0,0.505,,0,,0,,0
2017,2315,K.M.M.L. (KOLLAM),Kerala,24.0,27.5,8.0,8.1,380.0,600.0,1.1,3.4,30.0,160.0,80.0,500.0,0.02,1.1,,,,,,,25.75,0,8.05,0,490.0,2.25,95.0,1,290.0,0.56,,0,,0,,0
2017,2316,CHELLORA TRENCHING GROUND (KANNUR),Kerala,27.0,28.0,3.7,5.7,36.0,183.0,1.2,1.3,12.0,480.0,130.0,540.0,0.03,1.46,,,,,,,27.5,0,4.7,0,109.5,1.25,246.0,1,335.0,0.745,,0,,0,,0
2017,2317,PUNNALPETTIPPALAM (TELLICHERRY,Kerala,27.0,28.0,5.6,6.1,100.0,411.0,0.2,1.3,72.0,90.0,130.0,820.0,0.24,13.09,,,,,,,27.5,0,5.85,0,255.5,0.75,81.0,1,475.0,6.665,,0,,0,,0
2017,2320,MANJERI MUNICIPALITY,Kerala,30.0,31.5,6.5,7.2,170.0,207.0,2.7,4.5,20.0,24.0,38.0,48.0,0.15,1.8,,,,,,,30.75,0,6.85,0,188.5,3.6,22.0,0,43.0,0.975,,0,,0,,0
2017,2321,LALOOR (THRISSUR),Kerala,29.0,30.0,6.3,7.4,101.0,252.0,1.1,1.5,180.0,200.0,320.0,600.0,1.4,4.3,,,,,,,29.5,0,6.85,0,176.5,1.3,190.0,1,460.0,2.8499999999999996,,0,,0,,0
2017,2322,OLLUR (THRISSUR),Kerala,30.0,30.0,5.5,6.6,227.0,290.0,0.5,2.6,10.0,120.0,280.0,450.0,3.0,5.8,,,,,,,30.0,0,6.05,0,258.5,1.55,65.0,1,365.0,4.4,,0,,0,,0
2017,2323,BRAHMAPURAM M.S.W. DUMPARK,Kerala,26.0,27.1,6.1,6.2,275.0,300.0,1.5,3.2,200.0,540.0,1300.0,2200.0,0.58,2.04,,,,,,,26.55,0,6.15,0,287.5,2.35,370.0,1,1750.0,1.31,,0,,0,,0
2017,2324,HAZARDOUS WASTE DUMP (AMBALAMUGHAL) (ERNAKULAM),Kerala,29.8,31.0,6.0,6.7,135.0,215.0,1.3,1.4,0.0,40.0,12.0,790.0,0.4,5.31,,,,,,,30.4,0,6.35,0,175.0,1.35,20.0,0,401.0,2.855,,0,,0,,0
2017,2327,KARUKAMANI,Kerala,29.0,29.0,7.6,8.0,780.0,795.0,0.8,2.4,278.0,290.0,410.0,420.0,0.0,0.7,,,,,,,29.0,0,7.8,0,787.5,1.6,284.0,1,415.0,0.35,,0,,0,,0
2017,3463,"WELL AT VELLIPARAMBA, KOZHEKODE",Kerala,27.0,27.0,6.7,7.5,120.0,127.0,0.5,1.0,30.0,730.0,38.0,1400.0,0.73,2.1,,,,,,,27.0,0,7.1,0,123.5,0.75,380.0,1,719.0,1.415,,0,,0,,0
2017,3472,"WELL OF TEMPLE PARASSINIKADAVU, KANNUR",Kerala,27.0,27.0,7.1,7.1,575.0,968.0,0.5,2.7,32.0,250.0,320.0,450.0,2.15,2.7,,,,,,,27.0,0,7.1,0,771.5,1.6,141.0,1,385.0,2.425,,0,,0,,0
2017,3474,"WELL AT PAYANOOR, KANNUR",Kerala,27.0,28.0,6.8,7.1,190.0,245.0,0.3,0.5,172.0,250.0,320.0,670.0,0.8,1.73,,,,,,,27.5,0,6.949999999999999,0,217.5,0.4,211.0,1,495.0,1.2650000000000001,,0,,0,,0
2017,3475,"WELL AT KARIMBAM, KANNUR",Kerala,26.0,27.0,4.2,6.3,53.0,153.0,0.9,1.3,4.0,70.0,40.0,80.0,1.05,6.08,,,,,,,26.5,0,5.25,0,103.0,1.1,37.0,1,60.0,3.565,,0,,0,,0
2017,52,"WELL, SHRI RAO PRAJAPATI WELL , M. P.",Madhya Pradesh,22.5,31.0,7.4,8.7,92.0,454.0,0.8,1.4,1.0,2.0,30.0,40.0,0.0,0.9,,,,,,,26.75,0,8.05,1,273.0,1.1,1.5,0,35.0,0.45,,0,,0,,0
2017,1616,"OPEN WELL/TUBE WELL INDUSTRIAL AREA,",Madhya Pradesh,6.0,6.0,7.9,7.9,278.0,278.0,1.3,1.3,2.0,2.0,,,0.0,0.0,,,,,,,6.0,0,7.9,0,278.0,1.3,2.0,0,,0.0,,0,,0,,0
2017,1617,"OPEN WELL/TUBE WELL INDUSTRIAL AREA GOVINDPURA, BHOPAL, M.P",Madhya Pradesh,28.0,28.0,6.7,7.5,342.0,384.0,0.9,0.9,2.0,2.0,130.0,130.0,0.0,0.0,,,,,,,28.0,0,7.1,0,363.0,0.9,2.0,0,130.0,0.0,,0,,0,,0
2017,1618,"GROUND WATER SAMPLING AT TWO MANDIDEEP, DISTT. RAISEN, M.P",Madhya Pradesh,24.0,26.0,7.2,7.6,700.0,785.0,1.2,1.4,,,33.0,34.0,0.0,1.38,,,,,,,25.0,0,7.4,0,742.5,1.2999999999999998,,0,33.5,0.69,,0,,0,,0
2017,1619,"GROUND WATER SAMPLING AT TWO POINTS IN INDUSTRIAL AREA MALANPUR, M.P",Madhya Pradesh,24.0,26.0,7.5,7.7,675.0,880.0,1.2,1.3,,,22.0,34.0,0.0,1.4,,,,,,,25.0,0,7.6,0,777.5,1.25,,0,28.0,0.7,,0,,0,,0
2017,1897,"TUBE WELL AT JAINABAD, NEAR TAPTI POINTS IN INDUSTRIAL AREA MALANPUR, M.P",Madhya Pradesh,23.0,29.0,7.2,7.5,698.0,986.0,0.6,7.7,1.0,1.0,4.0,7.0,0.0,2.68,,,,,,,26.0,0,7.35,0,842.0,4.15,1.0,0,5.5,1.34,,0,,0,,0
2017,2143,"KATHODA, JABALPUR RIVER BRIDGE, PUMPING STN. BURHANPUR, M.P.",Madhya Pradesh,18.0,19.0,7.7,8.3,386.0,450.0,1.2,1.2,2.0,2.0,2.0,2.0,0.2,0.8,,,,,,,18.5,0,8.0,0,418.0,1.2,2.0,0,2.0,0.5,,0,,0,,0
2017,2144,"MADAI GRAM, JABALPUR",Madhya Pradesh,17.0,19.0,7.7,8.4,416.0,435.0,1.1,1.1,2.0,2.0,2.0,2.0,0.2,0.5,,,,,,,18.0,0,8.05,0,425.5,1.1,2.0,0,2.0,0.35,,0,,0,,0
2017,2145,"MEHATWAS, NAGDA",Madhya Pradesh,,,7.9,7.9,1523.0,2462.0,1.4,2.0,,,,,5.28,6.17,,,,,,,,0,7.9,0,1992.5,1.7,,0,,5.725,,0,,0,,0
2017,2146,"BHAGATPURI VILLAGE, NAGDA",Madhya Pradesh,27.0,27.0,7.8,8.2,2068.0,2173.0,1.8,2.8,,,,,3.69,8.15,,,,,,,27.0,0,8.0,0,2120.5,2.3,,0,,5.92,,0,,0,,0
2017,2148,"DOSIGAON, RATLAM",Madhya Pradesh,,,7.3,7.4,2174.0,3532.0,1.8,3.2,7.0,7.0,90.0,90.0,7.63,8.27,,,,,,,,0,7.35,0,2853.0,2.5,7.0,0,90.0,7.949999999999999,,0,,0,,0
2017,2149,"CULVERT ON A.B. ROAD, MAKSI",Madhya Pradesh,,,7.8,7.8,1514.0,1514.0,2.0,2.0,,,,,2.26,2.26,,,,,,,,0,7.8,0,1514.0,2.0,,0,,2.26,,0,,0,,0
2017,2150,"TRENCHING GROUND, NEAR GARDEN, DEV",Madhya Pradesh,23.0,29.0,7.4,7.6,1135.0,4581.0,0.8,1.5,1.0,1.0,4.0,6.0,0.0,8.13,,,,,,,26.0,0,7.5,0,2858.0,1.15,1.0,0,5.0,4.065,,0,,0,,0
2017,2151,"TRENCHING GROUND IN THE PREMISES OF GURADIYA ROAD, INDORE",Madhya Pradesh,23.0,29.0,7.2,7.4,2778.0,4581.0,1.5,2.8,1.0,1.0,6.0,12.0,0.0,9.48,,,,,,,26.0,0,7.300000000000001,0,3679.5,2.15,1.0,0,9.0,4.74,,0,,0,,0
2017,2152,"TRENCHING GROUND IN THE PREMISES OF M/S RISHABH MASALA UDYOG, INDORE",Madhya Pradesh,23.0,29.0,7.4,7.8,1290.0,3076.0,0.8,1.6,1.0,1.0,4.0,7.0,0.0,7.86,,,,,,,26.0,0,7.6,0,2183.0,1.2000000000000002,1.0,0,5.5,3.93,,0,,0,,0
2017,2153,"IBRAHIMGANJ NEAR BUS STAND, BHOPAL M/S LAKHANI FOOT WEAR, INDORE",Madhya Pradesh,26.0,26.0,7.8,7.8,338.0,338.0,1.2,1.2,2.0,2.0,90.0,90.0,0.0,0.0,,,,,,,26.0,0,7.8,0,338.0,1.2,2.0,0,90.0,0.0,,0,,0,,0
2017,2154,"NEAR PRIMARY SCHOOL, PILUKHEDI,",Madhya Pradesh,21.0,27.0,8.0,8.6,1612.0,1800.0,2.0,2.8,,,,,0.0,0.0,,,,,,,24.0,0,8.3,1,1706.0,2.4,,0,,0.0,,0,,0,,0
2017,3333,"HAND PUMP WATER AT BANSKHEDI, RAJGARH.",Madhya Pradesh,26.0,26.0,7.9,7.9,282.0,282.0,1.4,1.4,2.0,2.0,90.0,90.0,0.0,0.0,,,,,,,26.0,0,7.9,0,282.0,1.4,2.0,0,90.0,0.0,,0,,0,,0
2017,3334,TUBE WELL NEAR BUS STAND AT BETUL BHOPAL,Madhya Pradesh,25.0,26.0,7.6,7.7,312.0,338.0,1.2,1.4,2.0,2.0,110.0,110.0,0.0,19.2,,,,,,,25.5,0,7.65,0,325.0,1.2999999999999998,2.0,0,110.0,9.6,,0,,0,,0
2017,3335,TUBE WELL/ HAND PUMP AT INDUSTRIAL,Madhya Pradesh,18.0,18.0,7.5,7.5,432.0,460.0,1.2,1.2,2.0,2.0,2.0,2.0,0.1,0.7,,,,,,,18.0,0,7.5,0,446.0,1.2,2.0,0,2.0,0.39999999999999997,,0,,0,,0
2017,3336,TUBE WELL/ HAND PUMP AT INDUSTRIAL,Madhya Pradesh,30.0,30.0,8.2,8.2,,,1.2,1.2,3.0,3.0,11.0,11.0,0.8,0.8,,,,,,,30.0,0,8.2,0,,1.2,3.0,0,11.0,0.8,,0,,0,,0
2017,3336,"TUBE WELL/ HAND PUMP AT INDUSTRIAL AREA, CHHINDWAR",Madhya Pradesh,20.0,36.0,7.4,8.2,639.0,860.0,1.2,3.2,2.0,15.0,11.0,43.0,2.0,2.6,,,,,,,28.0,0,7.8,0,749.5,2.2,8.5,0,27.0,2.3,,0,,0,,0
2017,3337,"TUBE WELL/ HAND PUMP AT INDL AREA AREA, CHHINDWARA",Madhya Pradesh,19.0,19.0,7.6,8.6,363.0,441.0,0.8,0.8,2.0,2.0,2.0,2.0,0.1,0.63,,,,,,,19.0,0,8.1,1,402.0,0.8,2.0,0,2.0,0.365,,0,,0,,0
2017,3338,"HAND PUMP NEAR PANCHAYAT BHAWAN, SEONI NEAR BARAPATTHAR",Madhya Pradesh,24.0,32.0,7.2,7.5,580.0,630.0,1.1,1.2,2.0,2.0,13.0,34.0,1.2,1.32,,,,,,,28.0,0,7.35,0,605.0,1.15,2.0,0,23.5,1.26,,0,,0,,0
2017,3339,TUBE WELL/ HAND PUMP NEAR MANGLIA VILLAGE TINAWALI RAIRU,Madhya Pradesh,21.0,31.0,6.9,7.4,1321.0,2510.0,0.0,1.0,1.0,2.0,3.0,50.0,0.0,10.01,,,,,,,26.0,0,7.15,0,1915.5,0.5,1.5,0,26.5,5.005,,0,,0,,0
2017,3340,"TUBE WELL AT NEAR TRENCHING GROUND, INDUSTRIAL AREA , INDORE",Madhya Pradesh,23.0,29.0,7.3,8.6,619.0,2090.0,0.6,0.8,1.0,1.0,5.0,8.0,0.0,10.65,,,,,,,26.0,0,7.949999999999999,1,1354.5,0.7,1.0,0,6.5,5.325,,0,,0,,0
2017,3341,"TUBE WELL AT SECTOR-III, PITHAMPUR INDORE",Madhya Pradesh,24.0,24.0,7.7,7.7,2012.0,2012.0,0.7,0.7,1.0,1.0,4.0,4.0,0.0,3.03,,,,,,,24.0,0,7.7,0,2012.0,0.7,1.0,0,4.0,1.515,,0,,0,,0
2017,3342,"BOREWELL WATER AT VILLAGE TARPUR, INDUSTRIAL AREA",Madhya Pradesh,24.0,24.0,7.3,8.0,378.0,534.0,0.8,0.8,1.0,1.0,4.0,4.0,0.0,2.01,,,,,,,24.0,0,7.65,0,456.0,0.8,1.0,0,4.0,1.005,,0,,0,,0
2017,3343,"TUBE WELL NEAR INDUSTRIAL AREA UDYOG SECTOR-II, PITHAMPUR, IDUSTRIAL AREA",Madhya Pradesh,30.0,30.0,7.1,7.1,1.0,1.0,1.1,1.1,2.0,2.0,4.0,6.0,2.69,5.7,,,,,,,30.0,0,7.1,0,1.0,1.1,2.0,0,5.0,4.195,,0,,0,,0
2017,3344,"TUBEWELL AT INDL AREA, SHAHDOL VIHAR , CHURAT, REWA",Madhya Pradesh,20.2,35.0,8.0,8.2,522.0,1214.0,0.3,0.5,2.0,2.0,2.0,2.0,1.2,2.4,,,,,,,27.6,0,8.1,0,868.0,0.4,2.0,0,2.0,1.7999999999999998,,0,,0,,0
2017,3345,"TUBEWELL AT INDL AREA, ANUPPUR",Madhya Pradesh,28.0,29.0,7.9,8.1,461.0,683.0,0.1,0.4,2.0,2.0,2.0,2.0,0.0,1.24,,,,,,,28.5,0,8.0,0,572.0,0.25,2.0,0,2.0,0.62,,0,,0,,0
2017,3822,"GROUND WATER NEAR BUS STAND, DIST",Madhya Pradesh,19.0,20.0,7.2,7.4,374.0,1047.0,0.6,0.6,2.0,2.0,4.0,4.0,0.1,0.1,,,,,,,19.5,0,7.300000000000001,0,710.5,0.6,2.0,0,4.0,0.1,,0,,0,,0
2017,3823,"GROUND WATER NEAR BUS STAND, DIST NARSINGPUR",Madhya Pradesh,18.0,19.0,7.3,7.4,526.0,536.0,0.2,0.2,2.0,2.0,2.0,2.0,0.1,0.7,,,,,,,18.5,0,7.35,0,531.0,0.2,2.0,0,2.0,0.39999999999999997,,0,,0,,0
2017,3824,"GROUND WATER VILL BHEEMJORI, BALAGHAT",Madhya Pradesh,19.0,19.0,7.2,7.7,374.0,463.0,0.1,0.1,2.0,2.0,2.0,2.0,0.1,0.2,,,,,,,19.0,0,7.45,0,418.5,0.1,2.0,0,2.0,0.15000000000000002,,0,,0,,0
2017,3825,"GROUND WATER NEAR BUS STAND, DIST MALAJKH, DIST BALAGHAT",Madhya Pradesh,19.0,19.0,7.5,8.2,329.0,426.0,0.1,0.1,2.0,2.0,2.0,2.0,0.1,0.8,,,,,,,19.0,0,7.85,0,377.5,0.1,2.0,0,2.0,0.45,,0,,0,,0
2017,3826,"GROUND WATER NEAR BUS STAND, DIST MANDLA",Madhya Pradesh,18.0,18.0,7.6,8.3,343.0,448.0,0.1,0.1,2.0,2.0,2.0,2.0,0.1,0.76,,,,,,,18.0,0,7.95,0,395.5,0.1,2.0,0,2.0,0.43,,0,,0,,0
2017,3827,"GROUND WATER VILL IMALIA, DIST SEONI",Madhya Pradesh,19.0,20.0,8.1,8.1,311.0,419.0,0.3,0.3,2.0,2.0,2.0,2.0,0.1,0.84,,,,,,,19.5,0,8.1,0,365.0,0.3,2.0,0,2.0,0.47,,0,,0,,0
2017,3837,GROUND WATER PRIMARY SCHOOL DHOBI JABALPUR,Madhya Pradesh,20.0,20.0,7.4,7.6,281.0,410.0,1.1,1.4,2.0,2.0,2.0,2.0,0.84,2.14,,,,,,,20.0,0,7.5,0,345.5,1.25,2.0,0,2.0,1.49,,0,,0,,0
2017,3838,"GROUND WATER NCL, JINGURDHA, QSHF- GHAT, DIST SINGROULI",Madhya Pradesh,20.0,22.0,7.6,7.7,276.0,378.0,1.1,1.7,2.0,2.0,2.0,2.0,0.06,0.84,,,,,,,21.0,0,7.65,0,327.0,1.4,2.0,0,2.0,0.44999999999999996,,0,,0,,0
2017,3839,"GROUND WATER NEAR SHIV MANDIR, 176 METENCE OFF, DIST SINGROULI",Madhya Pradesh,19.0,22.0,7.4,7.5,274.0,386.0,1.1,1.7,2.0,2.0,2.0,2.0,0.86,1.43,,,,,,,20.5,0,7.45,0,330.0,1.4,2.0,0,2.0,1.145,,0,,0,,0
2017,3840,GROUND WATER NEAR SUBJEE MANDI NCL,Madhya Pradesh,18.0,22.0,7.6,7.6,282.0,348.0,1.2,1.4,2.0,2.0,2.0,2.0,0.09,0.86,,,,,,,20.0,0,7.6,0,315.0,1.2999999999999998,2.0,0,2.0,0.475,,0,,0,,0
2017,3841,"GROUND WATER SARVESWAR RAJA JAYANT (BESIDE POLICE STATION), SINGROULI",Madhya Pradesh,19.0,22.0,7.4,7.6,278.0,386.0,1.2,1.4,2.0,2.0,2.0,2.0,0.84,1.18,,,,,,,20.5,0,7.5,0,332.0,1.2999999999999998,2.0,0,2.0,1.01,,0,,0,,0
2017,3842,"GROUND WATER NEAR SUB STATION COLONY JAYANT, SINGROULI",Madhya Pradesh,18.0,21.0,7.5,7.6,387.0,476.0,1.0,1.6,2.0,2.0,2.0,2.0,0.05,0.86,,,,,,,19.5,0,7.55,0,431.5,1.3,2.0,0,2.0,0.455,,0,,0,,0
2017,3843,"GROUND WATER NEAR ENTRANCE GAGE OF SECTOR-B, DUDHICHUA NCL PROJECT, SINGROULI",Madhya Pradesh,19.0,23.0,7.4,7.5,365.0,394.0,1.0,1.7,2.0,2.0,2.0,2.0,0.84,1.02,,,,,,,21.0,0,7.45,0,379.5,1.35,2.0,0,2.0,0.9299999999999999,,0,,0,,0
2017,3844,"GROUND WATER NEAR COMMERCIAL AUTO VIVEKANANAD STATUE, NIGAHI, SINGROULI",Madhya Pradesh,19.0,22.0,7.4,7.6,275.0,387.0,1.2,1.7,2.0,2.0,2.0,2.0,0.55,0.86,,,,,,,20.5,0,7.5,0,331.0,1.45,2.0,0,2.0,0.7050000000000001,,0,,0,,0
2017,3854,"TUBE WELL WATER SAMPLE OF SIDHI CITY MOBILE NEAR BHARAT PETROL PUMP, VINDHYA NAGAR, SINGROULI",Madhya Pradesh,28.5,30.0,7.1,7.4,0.0,1.0,0.8,1.0,2.0,2.0,4.0,6.0,5.2,6.36,,,,,,,29.25,0,7.25,0,0.5,0.9,2.0,0,5.0,5.78,,0,,0,,0
2017,1985,MIRA-BHAYANDER,Maharashtra,28.0,33.0,7.6,7.8,2774.0,5760.0,3.0,5.0,17.0,17.0,46.0,130.0,0.4,1.3,,,,,,,30.5,0,7.699999999999999,0,4267.0,4.0,17.0,0,88.0,0.8500000000000001,,0,,0,,0
2017,1986,DAHANU,Maharashtra,30.0,30.0,7.1,7.1,735.0,735.0,3.0,3.0,22.0,22.0,120.0,120.0,0.5,0.5,,,,,,,30.0,0,7.1,0,735.0,3.0,22.0,0,120.0,0.5,,0,,0,,0
2017,1987,VASAI,Maharashtra,28.0,33.0,7.0,7.4,2182.0,2680.0,3.2,3.4,11.0,26.0,31.0,70.0,0.6,1.6,,,,,,,30.5,0,7.2,0,2431.0,3.3,18.5,0,50.5,1.1,,0,,0,,0
2017,1988,PALGHAR,Maharashtra,30.0,30.0,7.0,7.0,1648.0,1648.0,3.2,3.2,63.0,63.0,140.0,140.0,1.7,1.7,,,,,,,30.0,0,7.0,0,1648.0,3.2,63.0,1,140.0,1.7,,0,,0,,0
2017,1989,"MSW SITE, TALOJA, RAIGAD",Maharashtra,28.0,28.0,7.1,7.1,1133.0,1133.0,4.0,4.0,11.0,11.0,70.0,70.0,0.9,0.9,,,,,,,28.0,0,7.1,0,1133.0,4.0,11.0,0,70.0,0.9,,0,,0,,0
2017,1992,"MSW SITE, PIMPRI-CHINCHWAD, PUNE",Maharashtra,27.0,30.0,7.8,8.0,1010.0,1591.0,4.2,6.0,20.0,20.0,200.0,200.0,1.7,3.9,,,,,,,28.5,0,7.9,0,1300.5,5.1,20.0,0,200.0,2.8,,0,,0,,0
2017,1993,"PHANDARPUR, GANGAPUR, AURANGABAD",Maharashtra,24.0,24.0,8.2,8.2,1320.0,1320.0,3.2,3.2,2.0,2.0,110.0,110.0,0.98,0.98,,,,,,,24.0,0,8.2,0,1320.0,3.2,2.0,0,110.0,0.98,,0,,0,,0
2017,1994,"TPS-DURGAPUR, CHANDRAPUR",Maharashtra,26.0,26.0,8.2,8.2,1192.0,1192.0,4.8,4.8,,,,,0.46,0.46,,,,,,,26.0,0,8.2,0,1192.0,4.8,,0,,0.46,,0,,0,,0
2017,1995,"KHAPERKHEDA, NAGPUR",Maharashtra,27.0,29.0,7.5,8.5,950.0,998.0,3.2,5.0,49.0,49.0,130.0,130.0,0.22,4.4,,,,,,,28.0,0,8.0,0,974.0,4.1,49.0,1,130.0,2.31,,0,,0,,0
2017,1996,"KORADI, NAGPUR",Maharashtra,27.0,29.0,7.4,8.4,1002.0,1166.0,5.8,7.0,17.0,17.0,70.0,70.0,0.3,3.8,,,,,,,28.0,0,7.9,0,1084.0,6.4,17.0,0,70.0,2.05,,0,,0,,0
2017,1997,"RAIPUR, NAGPUR",Maharashtra,32.0,42.0,7.6,8.0,316.0,980.0,3.8,5.2,,,,,0.22,0.4,,,,,,,37.0,0,7.8,0,648.0,4.5,,0,,0.31,,0,,0,,0
2017,1998,"BHAHMNI, KALMESHWAR, NAGPUR",Maharashtra,27.0,29.0,7.1,8.4,982.0,2558.0,3.0,3.8,31.0,31.0,58.0,58.0,0.36,0.36,,,,,,,28.0,0,7.75,0,1770.0,3.4,31.0,0,58.0,0.36,,0,,0,,0
2017,1999,SANGERA GONDIA,Maharashtra,32.0,32.0,7.7,8.2,640.0,1080.0,3.1,3.2,,,,,0.3,0.33,,,,,,,32.0,0,7.949999999999999,0,860.0,3.1500000000000004,,0,,0.315,,0,,0,,0
2017,2001,"SUKALI, AMRAVATI",Maharashtra,23.0,26.0,7.9,7.9,654.0,1636.0,4.6,5.4,13.0,23.0,58.0,79.0,0.72,4.5,,,,,,,24.5,0,7.9,0,1145.0,5.0,18.0,0,68.5,2.61,,0,,0,,0
2017,2002,"AKOT, AKOLA",Maharashtra,23.5,31.0,7.3,8.0,656.0,1602.0,3.0,4.2,17.0,17.0,94.0,94.0,0.22,0.33,,,,,,,27.25,0,7.65,0,1129.0,3.6,17.0,0,94.0,0.275,,0,,0,,0
2017,2003,"SAWARGAON, YAVATMAL",Maharashtra,27.0,27.0,8.3,8.3,1022.0,1022.0,3.0,3.0,,,,,0.32,0.32,,,,,,,27.0,0,8.3,0,1022.0,3.0,,0,,0.32,,0,,0,,0
2017,2004,"PARVATI INDL. ESTATE, YADRAV, SHIROL",Maharashtra,,,7.4,7.6,1395.0,1607.0,3.2,3.4,8.0,8.0,23.0,23.0,1.12,1.58,,,,,,,,0,7.5,0,1501.0,3.3,8.0,0,23.0,1.35,,0,,0,,0
2017,2005,"KHANJIRENAGAR, ICHALKARANJI",Maharashtra,,,7.2,7.4,789.0,1555.0,3.0,3.2,21.0,21.0,84.0,84.0,1.1,1.41,,,,,,,,0,7.300000000000001,0,1172.0,3.1,21.0,0,84.0,1.255,,0,,0,,0
2017,2006,"MIDC, SHINOLI, CHENDGAD",Maharashtra,,,7.5,7.8,296.0,670.0,2.0,3.0,13.0,13.0,46.0,46.0,0.48,1.15,,,,,,,,0,7.65,0,483.0,2.5,13.0,0,46.0,0.815,,0,,0,,0
2017,2007,"SAVALI, SANGLI",Maharashtra,20.0,21.0,7.2,7.3,1787.0,2686.0,2.4,3.4,8.0,8.0,23.0,23.0,1.07,1.4,,,,,,,20.5,0,7.25,0,2236.5,2.9,8.0,0,23.0,1.2349999999999999,,0,,0,,0
2017,2008,"RASULWADI-SAMBARWADI, SANGLI",Maharashtra,21.0,21.0,7.5,7.6,2389.0,2584.0,2.6,3.2,4.0,4.0,31.0,31.0,0.94,2.11,,,,,,,21.0,0,7.55,0,2486.5,2.9000000000000004,4.0,0,31.0,1.525,,0,,0,,0
2017,2200,"BORE WELL AT KATPUR, NEAR Z.P SCHOOL.",Maharashtra,23.0,24.0,8.0,8.5,489.0,1265.0,3.0,4.0,2.0,4.0,140.0,170.0,0.2,0.9,,,,,,,23.5,0,8.25,0,877.0,3.5,3.0,0,155.0,0.55,,0,,0,,0
2017,2202,"DUG WELL AT GHANE KUNT, NEAR AWASTHI,",Maharashtra,23.0,24.0,7.2,7.5,79.0,480.0,2.4,2.4,4.0,4.0,13.0,13.0,0.46,0.62,,,,,,,23.5,0,7.35,0,279.5,2.4,4.0,0,13.0,0.54,,0,,0,,0
2017,2203,HAND PUMP IN THE PREMISES OF ZILLA OWNED BY SHRI RAJENDRA AMRE,Maharashtra,32.0,42.2,6.9,8.0,315.0,1210.0,4.2,5.4,,,,,0.42,0.43,,,,,,,37.1,0,7.45,0,762.5,4.800000000000001,,0,,0.425,,0,,0,,0
2017,2819,"DUG WELL OWNED BY SHRI DESHMUKH, PARISHAD PRIMARY SCHOOL",Maharashtra,27.0,30.0,7.6,7.7,1990.0,4995.0,4.8,7.0,25.0,250.0,225.0,1800.0,1.6,21.0,,,,,,,28.5,0,7.65,0,3492.5,5.9,137.5,1,1012.5,11.3,,0,,0,,0
2017,2820,"DUG WELL OWNED BY SHRI SHIVAJI BABAN MALEGAON, BARAMATI, PUNE",Maharashtra,26.0,30.0,7.8,8.2,695.0,2011.0,5.4,6.0,40.0,40.0,350.0,350.0,1.5,4.5,,,,,,,28.0,0,8.0,0,1353.0,5.7,40.0,0,350.0,3.0,,0,,0,,0
2017,2821,BORE WELL AT BALE RAILWAY STATION,Maharashtra,26.0,30.0,7.6,7.8,93.0,775.0,5.5,8.8,17.0,45.0,130.0,550.0,0.2,4.0,,,,,,,28.0,0,7.699999999999999,0,434.0,7.15,31.0,0,340.0,2.1,,0,,0,,0
2017,2822,"BORE WELL NEAR CHINCHOLI, MOHOL, PREMISES OWNED BY SHRI DIGAMBAR JOSHI, DAHEGAON, NORTH SOLAPUR",Maharashtra,28.0,30.0,7.5,7.9,2550.0,5107.0,6.0,9.5,20.0,40.0,140.0,425.0,4.7,7.4,,,,,,,29.0,0,7.7,0,3828.5,7.75,30.0,0,282.5,6.050000000000001,,0,,0,,0
2017,2823,BORE WELL AT SHETE VASTI NEAR OLD SOLAPUR,Maharashtra,23.0,33.0,7.9,8.0,1194.0,1500.0,4.4,5.0,11.0,20.0,110.0,350.0,4.2,5.9,,,,,,,28.0,0,7.95,0,1347.0,4.7,15.5,0,230.0,5.050000000000001,,0,,0,,0
2017,2825,"BORE WELL AT WAHEGAON NEAR ZILLA TULJAPUR ROA, TULJPUR NAKA, SOLAPUR",Maharashtra,23.0,24.0,7.7,8.4,1050.0,1922.0,4.4,5.0,4.0,6.0,170.0,180.0,0.86,1.0,,,,,,,23.5,0,8.05,0,1486.0,4.7,5.0,0,175.0,0.9299999999999999,,0,,0,,0
2017,2826,"DUG WELL NEAR RAILWAY STATION, COTTON PARISHET SCHOOL, PAITHAN, AURANGABAD",Maharashtra,32.0,42.0,7.0,8.0,320.0,1492.0,3.2,6.4,,,,,0.42,0.56,,,,,,,37.0,0,7.5,0,906.0,4.800000000000001,,0,,0.49,,0,,0,,0
2017,2828,"DUG WELL NEAR JILLA PARISHET PRIMARY MARKET, WARDHA",Maharashtra,28.0,28.0,8.1,8.1,998.0,998.0,5.2,5.2,,,,,0.62,0.62,,,,,,,28.0,0,8.1,0,998.0,5.2,,0,,0.62,,0,,0,,0
2017,2829,"BORE WELL AT MIDC SHIROLI NEAR M/S SCHOOL, VISAPUR, BALLARPUR, CHANDRAPUR",Maharashtra,,,7.1,7.7,509.0,530.0,2.6,3.2,21.0,21.0,110.0,110.0,0.57,1.5,,,,,,,,0,7.4,0,519.5,2.9000000000000004,21.0,0,110.0,1.035,,0,,0,,0
2017,2830,"BORE WELL AT MIDC GOKUL-SHIRGAON, PRATIBHA ENTERPRISES, HATKANANGALE, KOLHAPUR",Maharashtra,,,7.6,8.2,806.0,1367.0,3.2,3.4,17.0,17.0,94.0,94.0,0.96,1.39,,,,,,,,0,7.8999999999999995,0,1086.5,3.3,17.0,0,94.0,1.1749999999999998,,0,,0,,0
2017,2831,"DUG WELL AT SAKHARALI NEAR MIDC KARVIR, KOLHAPUR",Maharashtra,22.0,22.0,7.1,7.1,1412.0,1412.0,2.6,2.6,5.0,5.0,46.0,46.0,0.84,0.84,,,,,,,22.0,0,7.1,0,1412.0,2.6,5.0,0,46.0,0.84,,0,,0,,0
2017,2832,"DUG WELL NO-1 AT BRAHMANWADI ISLAMPUR NEAR KRISHNA MILK INDUSTRY, WALWA, SANGLI",Maharashtra,22.0,23.0,7.8,8.3,75.0,285.0,2.6,3.2,13.0,13.0,34.0,34.0,0.49,1.11,,,,,,,22.5,0,8.05,0,180.0,2.9000000000000004,13.0,0,34.0,0.8,,0,,0,,0
2017,2833,"DUG WELL NO-1 AT GROUP GRAM PANCHAYAT ANJANWEL OWNED BY SHRI VAIDYA, GUHAGAR, RATNAGIRI",Maharashtra,23.0,24.0,7.4,7.5,164.0,287.0,2.6,3.2,5.0,5.0,14.0,14.0,0.36,0.66,,,,,,,23.5,0,7.45,0,225.5,2.9000000000000004,5.0,0,14.0,0.51,,0,,0,,0
2017,2834,"DUG WELL NO-2 AT ARKETWADI, KHED, AT ARKETWADI NEAR MASJID, KHED, RATNAGIRI",Maharashtra,23.0,24.0,6.5,7.4,170.0,2210.0,2.8,3.4,7.0,7.0,14.0,14.0,0.48,0.69,,,,,,,23.5,0,6.95,0,1190.0,3.0999999999999996,7.0,0,14.0,0.585,,0,,0,,0
2017,2835,DUG WELL NO-2 OWNED BY GROUP GRAM RATNAGIRI,Maharashtra,22.0,23.0,7.7,8.0,65.0,170.0,2.4,2.8,17.0,17.0,31.0,31.0,0.45,0.65,,,,,,,22.5,0,7.85,0,117.5,2.5999999999999996,17.0,0,31.0,0.55,,0,,0,,0
2017,1923,MOREH,Manipur,23.1,23.1,7.2,7.2,290.0,290.0,3.0,3.0,93.0,93.0,0.0,0.0,,,,,,,,,23.1,0,7.2,0,290.0,3.0,93.0,1,0.0,,,0,,0,,0
2017,1634,"POLICE BAZAR, SHILLONG",Meghalaya,18.0,19.0,5.2,6.6,280.0,327.0,1.8,2.0,10.0,12.0,30.0,45.0,9.5,14.6,,,,,,,18.5,0,5.9,0,303.5,1.9,11.0,0,37.5,12.05,,0,,0,,0
2017,1635,"MAWLAI, SHILLONG",Meghalaya,18.0,18.0,5.8,6.7,289.0,312.0,1.8,1.9,12.0,20.0,48.0,60.0,8.74,16.28,,,,,,,18.0,0,6.25,0,300.5,1.85,16.0,0,54.0,12.510000000000002,,0,,0,,0
2017,1636,"INDUSTRIAL ESTATE, BYRNIHAT",Meghalaya,25.0,25.0,6.0,6.5,112.0,115.0,1.0,2.0,12.0,20.0,60.0,120.0,0.68,2.54,,,,,,,25.0,0,6.25,0,113.5,1.5,16.0,0,90.0,1.61,,0,,0,,0
2017,1637,"SOHRA, CHERRAPUNJEE",Meghalaya,15.0,19.0,5.5,6.6,110.0,117.0,1.2,2.1,6.0,8.0,24.0,28.0,1.2,5.0,,,,,,,17.0,0,6.05,0,113.5,1.65,7.0,0,26.0,3.1,,0,,0,,0
2017,1638,SHANGPUNG,Meghalaya,18.0,23.0,5.8,7.1,130.0,155.0,1.0,1.2,2.0,4.0,22.0,28.0,8.2,9.34,,,,,,,20.5,0,6.449999999999999,0,142.5,1.1,3.0,0,25.0,8.77,,0,,0,,0
2017,3385,MAWTHADRISHAN WELL AT MARKASA,Meghalaya,14.0,16.0,6.7,6.9,47.0,50.0,2.0,2.0,8.0,8.0,22.0,30.0,0.27,0.4,,,,,,,15.0,0,6.800000000000001,0,48.5,2.0,8.0,0,26.0,0.335,,0,,0,,0
2017,3386,JAKREM HOT SPRING AT JAKREM,Meghalaya,42.0,45.0,9.4,9.6,340.0,345.0,1.0,1.0,2.0,2.0,17.0,20.0,0.41,0.45,,,,,,,43.5,0,9.5,1,342.5,1.0,2.0,0,18.5,0.43,,0,,0,,0
2017,2054,RAMHLUM (NORTHERN PART),Mizoram,18.0,25.0,7.2,7.9,104.0,277.0,0.6,2.2,0.0,0.0,93.0,1100.0,0.02,0.09,,,,,,,21.5,0,7.550000000000001,0,190.5,1.4000000000000001,0.0,0,596.5,0.055,,0,,0,,0
2017,2055,MISSION VENGTHLANG (SOUTHERN PART),Mizoram,12.0,22.0,6.6,7.8,147.0,351.0,0.4,5.7,0.0,0.0,1100.0,1100.0,0.04,0.09,,,,,,,17.0,0,7.199999999999999,0,249.0,3.0500000000000003,0.0,0,1100.0,0.065,,0,,0,,0
2017,3725,"LUNGLI TUIKHUR, REPUBLIC VENG",Mizoram,18.0,22.0,7.2,7.6,105.0,276.0,0.8,1.7,9.0,9.0,2400.0,2400.0,0.02,0.06,,,,,,,20.0,0,7.4,0,190.5,1.25,9.0,0,2400.0,0.04,,0,,0,,0
2017,3726,"RAMHLUN S TUIKHUR, NEAR COMMUNITY",Mizoram,18.0,24.0,7.0,7.7,127.0,237.0,0.3,2.4,0.0,0.0,460.0,460.0,0.0,0.08,,,,,,,21.0,0,7.35,0,182.0,1.3499999999999999,0.0,0,460.0,0.04,,0,,0,,0
2017,3727,"TUITHANG VENG, TUIKHUR HALL",Mizoram,18.0,22.5,6.9,7.5,112.0,261.0,0.6,1.6,0.0,0.0,2400.0,2400.0,0.04,0.57,,,,,,,20.25,0,7.2,0,186.5,1.1,0.0,0,2400.0,0.305,,0,,0,,0
2017,3728,"KHURPUI TUIKHUR, S HLIMEN",Mizoram,15.0,22.0,6.2,7.4,156.0,944.0,0.9,2.1,0.0,0.0,2400.0,2400.0,0.02,0.06,,,,,,,18.5,0,6.800000000000001,0,550.0,1.5,0.0,0,2400.0,0.04,,0,,0,,0
2017,3729,"BAWNGKAWN HAND PUMP,NEAR HPPETROL",Mizoram,18.0,25.0,7.0,7.5,144.0,404.0,0.3,2.3,,,,,0.03,0.1,,,,,,,21.5,0,7.25,0,274.0,1.2999999999999998,,0,,0.065,,0,,0,,0
2017,3730,SELESIH HAND PUMP PUMP,Mizoram,17.0,23.0,2.8,7.5,124.0,420.0,0.4,2.5,,,,,0.02,0.1,,,,,,,20.0,0,5.15,0,272.0,1.45,,0,,0.060000000000000005,,0,,0,,0
2017,3731,TUIKUAL HAND PUMP,Mizoram,17.0,24.0,6.4,7.5,117.0,429.0,0.2,2.7,,,,,0.03,0.1,,,,,,,20.5,0,6.95,0,273.0,1.4500000000000002,,0,,0.065,,0,,0,,0
2017,3732,"CHALTLANG HAND PUMP, NEAR REMI TYRE",Mizoram,18.0,23.0,6.0,7.6,133.0,566.0,0.3,2.5,,,,,0.02,0.08,,,,,,,20.5,0,6.8,0,349.5,1.4,,0,,0.05,,0,,0,,0
2017,3733,S HLIMEN HAND PUMP WORKS,Mizoram,18.0,22.0,6.2,7.7,144.0,917.0,0.5,2.3,,,,,0.02,0.07,,,,,,,20.0,0,6.95,0,530.5,1.4,,0,,0.045000000000000005,,0,,0,,0
2017,3737,"VAITUI TUIKHUR,THEIRIAT, LUNGLEI",Mizoram,15.0,24.0,6.6,7.5,120.0,310.0,0.7,2.2,,,,,0.02,0.07,,,,,,,19.5,0,7.05,0,215.0,1.4500000000000002,,0,,0.045000000000000005,,0,,0,,0
2017,3738,"SAP TUIKHUR, SERKAWN NEARBY",Mizoram,13.0,23.0,7.1,7.4,114.0,278.0,0.9,4.0,,,,,0.02,0.06,,,,,,,18.0,0,7.25,0,196.0,2.45,,0,,0.04,,0,,0,,0
2017,3739,"ZOBAWK VENG HAND PUMP, LUNGLEI",Mizoram,18.0,24.0,6.9,7.9,111.0,310.0,0.1,5.1,,,,,0.04,0.11,,,,,,,21.0,0,7.4,0,210.5,2.5999999999999996,,0,,0.075,,0,,0,,0
2017,3741,"KHUPUI TUIKHUR, LAWNGTLAI",Mizoram,18.0,26.0,6.5,7.6,92.0,361.0,1.0,2.6,,,,,0.02,0.08,,,,,,,22.0,0,7.05,0,226.5,1.8,,0,,0.05,,0,,0,,0
2017,3742,"CHANMARI HAND PUMP, LAWNGTLAI",Mizoram,19.0,25.0,6.9,7.7,84.0,364.0,0.3,4.0,,,,,0.02,0.13,,,,,,,22.0,0,7.300000000000001,0,224.0,2.15,,0,,0.075,,0,,0,,0
2017,3745,"CHHOCHHOPA TUIKHUR, SAIHA",Mizoram,14.0,23.0,7.2,8.3,97.0,302.0,1.1,2.1,,,,,0.02,0.09,,,,,,,18.5,0,7.75,0,199.5,1.6,,0,,0.055,,0,,0,,0
2017,3748,"PROJECT VENG HAND PUMP,SERCHHIP",Mizoram,15.0,22.0,7.2,7.5,104.0,333.0,1.1,2.1,,,,,0.03,0.1,,,,,,,18.5,0,7.35,0,218.5,1.6,,0,,0.065,,0,,0,,0
2017,3753,"HMAG VENG TUIKHUR, KOLASIB",Mizoram,10.0,25.0,6.2,7.4,142.0,400.0,1.0,2.5,,,,,0.02,0.09,,,,,,,17.5,0,6.800000000000001,0,271.0,1.75,,0,,0.055,,0,,0,,0
2017,3758,"BETHEL VENG HAND PUMP, CHAMPHAI",Mizoram,15.0,23.0,6.7,7.3,152.0,324.0,0.5,2.3,,,,,0.04,0.11,,,,,,,19.0,0,7.0,0,238.0,1.4,,0,,0.075,,0,,0,,0
2017,1644,"JAGATPUR INDUSTRIAL AREA, CUTTACK",Odisha,23.0,29.0,7.1,8.4,405.0,541.0,0.1,0.5,2.0,2.0,2.0,2.0,0.23,0.95,,,,,,,26.0,0,7.75,0,473.0,0.3,2.0,0,2.0,0.59,,0,,0,,0
2017,1645,"MADHUPATNA- KALYAN NAGAR AREA,",Odisha,29.0,29.0,8.3,8.3,576.0,576.0,0.4,0.4,2.0,2.0,2.0,2.0,0.17,0.17,,,,,,,29.0,0,8.3,0,576.0,0.4,2.0,0,2.0,0.17,,0,,0,,0
2017,1646,"BIDANASHI - TULASIPUR AREA, CUTTACK CUTTACK",Odisha,23.0,29.0,7.7,8.3,147.0,207.0,0.2,0.5,2.0,2.0,2.0,2.0,0.47,2.73,,,,,,,26.0,0,8.0,0,177.0,0.35,2.0,0,2.0,1.6,,0,,0,,0
2017,1647,"BADAMBARI AREA, CUTTACK",Odisha,22.0,29.0,7.6,8.4,327.0,639.0,0.7,1.3,2.0,2.0,2.0,2.0,0.28,1.03,,,,,,,25.5,0,8.0,0,483.0,1.0,2.0,0,2.0,0.655,,0,,0,,0
2017,1648,"RANIHAT- MANGALABAGH AREA, CUTTACK",Odisha,24.0,29.0,7.9,8.3,362.0,393.0,0.1,0.6,2.0,4.0,2.0,4.0,4.34,6.52,,,,,,,26.5,0,8.100000000000001,0,377.5,0.35,3.0,0,3.0,5.43,,0,,0,,0
2017,1649,"KHANDAGIRI AREA, BHUBANESWAR",Odisha,29.0,29.0,7.0,7.6,236.0,904.0,1.4,1.6,2.0,2.0,2.0,2.0,0.13,6.57,,,,,,,29.0,0,7.3,0,570.0,1.5,2.0,0,2.0,3.35,,0,,0,,0
2017,1650,"CAPITAL HOSPITAL AREA, BHUBANESWAR",Odisha,29.0,30.0,6.7,7.6,254.0,267.0,0.1,0.3,2.0,2.0,2.0,2.0,0.37,6.25,,,,,,,29.5,0,7.15,0,260.5,0.2,2.0,0,2.0,3.31,,0,,0,,0
2017,1651,"OLD TOWN- SAMANTARAAIPUR AREA,",Odisha,28.0,29.0,7.4,7.5,550.0,660.0,0.7,1.1,26.0,1400.0,110.0,3500.0,2.09,3.27,,,,,,,28.5,0,7.45,0,605.0,0.9,713.0,1,1805.0,2.6799999999999997,,0,,0,,0
2017,1652,"KALPNA - LAXMINAGAR AREA, BHUBANESWAR BHUBANESWAR",Odisha,28.0,30.0,5.3,6.3,65.0,140.0,0.2,0.7,2.0,2.0,2.0,2.0,2.26,7.2,,,,,,,29.0,0,5.8,0,102.5,0.44999999999999996,2.0,0,2.0,4.73,,0,,0,,0
2017,1654,SECRETARIAT- GOVERNOR HOUSE- OLDBUS,Odisha,26.0,26.0,6.9,6.9,209.0,209.0,0.3,0.3,2.0,2.0,2.0,2.0,3.27,3.27,,,,,,,26.0,0,6.9,0,209.0,0.3,2.0,0,2.0,3.27,,0,,0,,0
2017,1655,"NEAR SEA BEACH, PURI STAND AREA, BHUBANESWAR",Odisha,26.0,29.0,7.1,7.9,1247.0,19840.0,0.2,0.5,2.0,2.0,2.0,23.0,0.11,0.61,,,,,,,27.5,0,7.5,0,10543.5,0.35,2.0,0,12.5,0.36,,0,,0,,0
2017,1656,"NEAR JAGANNATH TEMPLE, PURI",Odisha,25.0,29.0,7.5,7.9,1138.0,1257.0,0.3,1.2,2.0,2.0,2.0,130.0,3.93,10.62,,,,,,,27.0,0,7.7,0,1197.5,0.75,2.0,0,66.0,7.2749999999999995,,0,,0,,0
2017,1657,HOSPITAL - BUS STAND- MAUSHIMA TEMPLE,Odisha,21.0,29.0,7.5,7.9,1020.0,1205.0,1.5,1.9,2.0,130.0,2.0,330.0,4.08,6.42,,,,,,,25.0,0,7.7,0,1112.5,1.7,66.0,1,166.0,5.25,,0,,0,,0
2017,1658,"NEAR RIVER KUSHABHADRA, PURI, ORISSA AREA, PURI",Odisha,26.0,30.0,7.9,8.4,286.0,486.0,0.2,3.4,2.0,5400.0,2.0,9200.0,0.31,1.55,,,,,,,28.0,0,8.15,0,386.0,1.8,2701.0,1,4601.0,0.93,,0,,0,,0
2017,3964,"NEAR MKCG MEDICAL COLLEGE, BERHAMPUR",Odisha,23.0,30.0,8.0,8.1,548.0,780.0,0.4,0.8,2.0,280.0,33.0,1600.0,0.23,0.36,,,,,,,26.5,0,8.05,0,664.0,0.6000000000000001,141.0,1,816.5,0.295,,0,,0,,0
2017,3965,"NEAR BUS STAND, BERHAMPUR",Odisha,23.0,30.0,7.9,8.1,1068.0,1155.0,0.6,0.6,2.0,17.0,2.0,350.0,0.37,3.96,,,,,,,26.5,0,8.0,0,1111.5,0.6,9.5,0,176.0,2.165,,0,,0,,0
2017,3966,"NEAR BADABAZAR, BERHAMPUR",Odisha,26.0,30.0,7.5,7.6,982.0,1467.0,0.1,0.7,2.0,11.0,11.0,79.0,3.45,10.68,,,,,,,28.0,0,7.55,0,1224.5,0.39999999999999997,6.5,0,45.0,7.0649999999999995,,0,,0,,0
2017,3967,"NEAR RAILWAY STATION STAND, BERHAMPUR",Odisha,23.0,30.0,7.6,7.7,1022.0,1867.0,0.3,1.1,2.0,140.0,2.0,140.0,9.52,18.01,,,,,,,26.5,0,7.65,0,1444.5,0.7000000000000001,71.0,1,71.0,13.765,,0,,0,,0
2017,3968,"NEAR VSS MEDICAL COLLEGE, BURLA,",Odisha,28.0,32.0,7.7,7.8,507.0,657.0,0.2,0.9,2.0,130.0,49.0,540.0,0.72,0.9,,,,,,,30.0,0,7.75,0,582.0,0.55,66.0,1,294.5,0.81,,0,,0,,0
2017,3969,"NEAR RAILWAY STATION, SAMBALPUR SAMBALPUR",Odisha,30.0,30.0,7.8,7.8,359.0,359.0,0.4,0.4,2.0,2.0,2.0,2.0,3.78,3.78,,,,,,,30.0,0,7.8,0,359.0,0.4,2.0,0,2.0,3.78,,0,,0,,0
2017,3970,"NEAR PANTHANIVAS, SAMBALPUR",Odisha,29.0,30.0,7.7,8.1,379.0,687.0,0.5,0.5,17.0,49.0,130.0,350.0,1.59,4.45,,,,,,,29.5,0,7.9,0,533.0,0.5,33.0,1,240.0,3.02,,0,,0,,0
2017,3971,ANGUL TOWNSHIP,Odisha,27.0,28.0,7.5,7.7,1369.0,1373.0,0.1,0.8,2.0,5.0,2.0,5.0,11.25,19.24,,,,,,,27.5,0,7.6,0,1371.0,0.45,3.5,0,3.5,15.245,,0,,0,,0
2017,3972,"NALCO TOWNSHIP, TALCHER",Odisha,28.0,28.0,7.9,8.2,363.0,483.0,0.2,0.5,2.0,2.0,2.0,2.0,0.33,1.04,,,,,,,28.0,0,8.05,0,423.0,0.35,2.0,0,2.0,0.685,,0,,0,,0
2017,3973,"MAHANADI COAL FIELD AREA, TALCHER",Odisha,27.0,27.0,7.6,7.8,642.0,648.0,1.0,1.6,2.0,2.0,2.0,2.0,1.75,7.5,,,,,,,27.0,0,7.699999999999999,0,645.0,1.3,2.0,0,2.0,4.625,,0,,0,,0
2017,3974,"KANIHA, TALCHER",Odisha,27.0,28.0,7.9,8.2,271.0,503.0,0.5,0.6,2.0,2.0,2.0,2.0,0.2,0.27,,,,,,,27.5,0,8.05,0,387.0,0.55,2.0,0,2.0,0.23500000000000001,,0,,0,,0
2017,3975,TALCHER TOWN,Odisha,28.0,28.0,7.7,7.9,690.0,834.0,0.1,1.2,2.0,2.0,2.0,2.0,0.37,10.21,,,,,,,28.0,0,7.800000000000001,0,762.0,0.65,2.0,0,2.0,5.29,,0,,0,,0
2017,3976,"MERAMUNDALI AREA, TALCHER",Odisha,28.0,28.0,7.9,8.7,699.0,776.0,0.1,0.6,2.0,2.0,2.0,79.0,1.8,3.8,,,,,,,28.0,0,8.3,1,737.5,0.35,2.0,0,40.5,2.8,,0,,0,,0
2017,3977,TALCHER THERMAL AREA,Odisha,28.0,28.0,7.7,7.7,1246.0,1562.0,0.1,0.6,2.0,2.0,2.0,2.0,0.15,0.2,,,,,,,28.0,0,7.7,0,1404.0,0.35,2.0,0,2.0,0.175,,0,,0,,0
2017,3978,"BANARPAL, TALCHER",Odisha,28.0,29.0,7.5,8.3,713.0,803.0,0.1,0.7,2.0,2.0,2.0,2.0,3.45,5.93,,,,,,,28.5,0,7.9,0,758.0,0.39999999999999997,2.0,0,2.0,4.6899999999999995,,0,,0,,0
2017,3979,"KULAD, TALCHER",Odisha,28.0,28.0,8.1,8.7,647.0,1141.0,0.1,0.2,2.0,2.0,2.0,2.0,4.84,7.68,,,,,,,28.0,0,8.399999999999999,1,894.0,0.15000000000000002,2.0,0,2.0,6.26,,0,,0,,0
2017,3981,"BURKHAMUNDA, JHARSUGUDA",Odisha,20.0,30.0,7.7,7.9,142.0,180.0,0.4,1.0,2.0,2.0,2.0,2.0,2.09,4.53,,,,,,,25.0,0,7.800000000000001,0,161.0,0.7,2.0,0,2.0,3.31,,0,,0,,0
2017,3982,"BADAMANI INDUSTRIAL ESTATE, JHARSUGUDA",Odisha,20.0,32.0,7.3,7.7,133.0,143.0,0.5,1.5,2.0,2.0,2.0,2.0,0.4,4.1,,,,,,,26.0,0,7.5,0,138.0,1.0,2.0,0,2.0,2.25,,0,,0,,0
2017,3983,"BUDHIPADAR, JHARSUGUDA",Odisha,19.0,35.0,7.3,7.6,114.0,143.0,0.5,0.6,2.0,2.0,2.0,2.0,2.55,3.07,,,,,,,27.0,0,7.449999999999999,0,128.5,0.55,2.0,0,2.0,2.8099999999999996,,0,,0,,0
2017,3984,"BRAJARAJ NAGAR MINING BELT, JHARSUGUDA",Odisha,20.0,37.0,7.1,7.5,146.0,351.0,1.5,1.6,2.0,2.0,2.0,2.0,0.26,0.82,,,,,,,28.5,0,7.3,0,248.5,1.55,2.0,0,2.0,0.54,,0,,0,,0
2017,3985,"RAMPUR AREA (WATER TANK), JHARSUGUDA",Odisha,19.0,38.0,7.8,8.2,307.0,330.0,0.1,1.2,2.0,330.0,2.0,1300.0,0.54,2.45,,,,,,,28.5,0,8.0,0,318.5,0.65,166.0,1,651.0,1.495,,0,,0,,0
2017,3986,"IB THERMAL POWER STATION, JHARSUGUDA",Odisha,21.0,39.0,7.1,7.9,269.0,315.0,0.1,0.8,2.0,5400.0,2.0,92000.0,0.4,3.81,,,,,,,30.0,0,7.5,0,292.0,0.45,2701.0,1,46001.0,2.105,,0,,0,,0
2017,3987,"BELPAHAR AREA, JHARSUGUDA",Odisha,20.0,40.0,7.4,8.6,414.0,526.0,0.8,1.5,2.0,9200.0,2.0,16000.0,0.85,1.13,,,,,,,30.0,0,8.0,1,470.0,1.15,4601.0,1,8001.0,0.99,,0,,0,,0
2017,3988,"BADA PADIA MARKET COMPLEX, PARADEEP",Odisha,22.0,29.0,8.2,8.3,1824.0,1925.0,1.6,1.7,2.0,2.0,2.0,5.0,1.64,2.2,,,,,,,25.5,0,8.25,0,1874.5,1.65,2.0,0,3.5,1.92,,0,,0,,0
2017,3989,"MUSADIHA, PARADEEP",Odisha,22.0,27.0,8.3,8.3,2491.0,3543.0,0.5,0.7,2.0,540.0,70.0,1600.0,2.5,2.85,,,,,,,24.5,0,8.3,0,3017.0,0.6,271.0,1,835.0,2.675,,0,,0,,0
2017,3990,"TISCO, SUKINDA",Odisha,26.0,28.0,7.8,8.1,245.0,332.0,0.1,0.8,2.0,2.0,2.0,2.0,2.78,3.4,,,,,,,27.0,0,7.949999999999999,0,288.5,0.45,2.0,0,2.0,3.09,,0,,0,,0
2017,3991,"SARUABIL, SUKINDA",Odisha,26.0,27.0,7.4,7.6,270.0,317.0,0.1,0.4,2.0,2.0,2.0,2.0,4.18,4.35,,,,,,,26.5,0,7.5,0,293.5,0.25,2.0,0,2.0,4.265,,0,,0,,0
2017,3992,"KALIAPANI, SUKINDA",Odisha,26.0,28.0,7.5,7.6,166.0,193.0,0.1,0.7,2.0,2.0,2.0,2.0,0.32,0.34,,,,,,,27.0,0,7.55,0,179.5,0.39999999999999997,2.0,0,2.0,0.33,,0,,0,,0
2017,3993,"KAMARDA, SUKINDA",Odisha,25.0,26.0,8.4,8.5,115.0,381.0,0.1,0.7,2.0,2.0,2.0,2.0,0.23,3.06,,,,,,,25.5,0,8.45,0,248.0,0.39999999999999997,2.0,0,2.0,1.645,,0,,0,,0
2017,3994,"CHAKULIA, BALASORE",Odisha,22.0,26.0,6.0,7.9,510.0,1045.0,0.1,0.6,2.0,2.0,2.0,2.0,3.17,10.03,,,,,,,24.0,0,6.95,0,777.5,0.35,2.0,0,2.0,6.6,,0,,0,,0
2017,3995,"KUANRPUR, BALASORE",Odisha,22.0,25.0,7.0,8.4,376.0,1203.0,0.4,0.6,2.0,2.0,2.0,2.0,0.24,1.43,,,,,,,23.5,0,7.7,0,789.5,0.5,2.0,0,2.0,0.835,,0,,0,,0
2017,3996,"NAIGOPALPUR, BALASORE",Odisha,22.0,26.0,6.1,8.0,105.0,1125.0,0.2,0.4,2.0,2.0,2.0,2.0,0.21,8.97,,,,,,,24.0,0,7.05,0,615.0,0.30000000000000004,2.0,0,2.0,4.590000000000001,,0,,0,,0
2017,1397,WELL AT MUTHIALPET AREA(I) RAMAKRISHNA,Puducherry,32.0,32.0,6.2,6.4,418.0,431.0,0.0,0.0,2.0,2.0,2.0,2.0,7.45,15.76,,,,,,,32.0,0,6.300000000000001,0,424.5,0.0,2.0,0,2.0,11.605,,0,,0,,0
2017,1398,"WELL AT THENGAITHITTU AREA, (II) NAGAR/ KRISHNA NAGAR",Puducherry,33.0,33.0,6.5,7.8,1380.0,1380.0,0.0,0.0,2.0,2.0,2.0,2.0,0.04,0.06,,,,,,,33.0,0,7.15,0,1380.0,0.0,2.0,0,2.0,0.05,,0,,0,,0
2017,1453,WELL AT MUTHIRAPPALAYAM (PWD),Puducherry,30.0,32.0,6.9,7.0,616.0,621.0,0.0,0.0,2.0,2.0,2.0,2.0,2.08,5.39,,,,,,,31.0,0,6.95,0,618.5,0.0,2.0,0,2.0,3.735,,0,,0,,0
2017,1454,"WELL AT KALAPET, PONDI. UNIVERSITY ADMN.",Puducherry,30.0,33.0,6.3,7.0,258.0,270.0,0.0,0.0,2.0,2.0,2.0,2.0,1.21,1.53,,,,,,,31.5,0,6.65,0,264.0,0.0,2.0,0,2.0,1.37,,0,,0,,0
2017,1687,WELL AT NEHRU STATUE MISSION ST. - CHETTY BLOCK,Puducherry,30.0,31.0,7.4,8.3,1755.0,1757.0,0.0,0.0,2.0,280.0,13.0,1600.0,1.66,1.79,,,,,,,30.5,0,7.8500000000000005,0,1756.0,0.0,141.0,1,806.5,1.725,,0,,0,,0
2017,1688,WELL AT KATTERIKUPPAM KOIL,Puducherry,30.0,30.0,7.5,8.2,668.0,686.0,0.0,0.0,2.0,140.0,2.0,280.0,0.69,1.32,,,,,,,30.0,0,7.85,0,677.0,0.0,71.0,1,141.0,1.005,,0,,0,,0
2017,2009,WELL AT KURUMBAPET,Puducherry,32.0,32.0,6.5,6.8,618.0,624.0,0.0,0.0,2.0,280.0,14.0,300.0,0.06,3.29,,,,,,,32.0,0,6.65,0,621.0,0.0,141.0,1,157.0,1.675,,0,,0,,0
2017,2010,WELL AT METTUPALAYAM,Puducherry,30.0,32.0,6.7,6.9,884.0,1379.0,0.0,0.0,2.0,140.0,2.0,170.0,0.65,1.21,,,,,,,31.0,0,6.800000000000001,0,1131.5,0.0,71.0,1,86.0,0.9299999999999999,,0,,0,,0
2017,2011,WELL AT URUVAIYAR,Puducherry,32.0,33.0,7.6,8.4,4950.0,5150.0,0.0,0.0,2.0,2.0,2.0,2.0,0.02,0.07,,,,,,,32.5,0,8.0,0,5050.0,0.0,2.0,0,2.0,0.045000000000000005,,0,,0,,0
2017,2012,"WELL AT MARUTHI SCHOOL,",Puducherry,30.0,32.0,6.8,7.2,1148.0,2200.0,0.0,0.0,2.0,90.0,4.0,280.0,0.36,1.02,,,,,,,31.0,0,7.0,0,1674.0,0.0,46.0,1,142.0,0.69,,0,,0,,0
2017,2013,"WELL AT T.R.PATTINAM, KARAIKAL KARUVADIKUPPAM",Puducherry,25.0,34.0,8.1,8.5,1915.0,1952.0,0.0,0.0,,,,,0.37,0.52,,,,,,,29.5,0,8.3,0,1933.5,0.0,,0,,0.445,,0,,0,,0
2017,2014,"WELL AT VADAMATTAM, KARAIKAL",Puducherry,26.5,30.0,8.2,8.6,1465.0,1575.0,0.0,0.0,,,,,0.16,0.21,,,,,,,28.25,0,8.399999999999999,1,1520.0,0.0,,0,,0.185,,0,,0,,0
2017,2446,WELL AT PALLUR,Puducherry,28.0,28.0,7.0,7.0,195.0,195.0,0.0,0.0,,,,,7.15,7.15,,,,,,,28.0,0,7.0,0,195.0,0.0,,0,,7.15,,0,,0,,0
2017,2447,WELL AT PANTHAKKAL,Puducherry,28.0,28.0,7.0,7.0,120.0,120.0,0.0,0.0,,,,,2.2,2.2,,,,,,,28.0,0,7.0,0,120.0,0.0,,0,,2.2,,0,,0,,0
2017,3882,"WELL AT ECHANKADU, KIRUMAMBAKKAM",Puducherry,33.0,33.0,7.5,7.5,440.0,440.0,0.0,0.0,2.0,2.0,2.0,2.0,0.05,0.05,,,,,,,33.0,0,7.5,0,440.0,0.0,2.0,0,2.0,0.05,,0,,0,,0
2017,3883,WELL NEAR BY LAKE BAHOUR,Puducherry,33.0,33.0,8.4,8.4,345.0,345.0,0.0,0.0,2.0,2.0,2.0,2.0,0.03,0.03,,,,,,,33.0,0,8.4,0,345.0,0.0,2.0,0,2.0,0.03,,0,,0,,0
2017,3884,WELL AT CHEVALIER SELLANE GOVERNMENT,Puducherry,34.0,34.0,7.4,7.4,665.0,665.0,0.0,0.0,2.0,2.0,2.0,2.0,4.85,4.85,,,,,,,34.0,0,7.4,0,665.0,0.0,2.0,0,2.0,4.85,,0,,0,,0
2017,3885,"WELL AT DHANDERAR KULAM, SEDARAPET HIGH SECONDARY SCHOOL, KALAPET",Puducherry,32.0,32.0,7.7,7.7,1710.0,1710.0,0.0,0.0,2.0,2.0,2.0,2.0,1.84,1.84,,,,,,,32.0,0,7.7,0,1710.0,0.0,2.0,0,2.0,1.84,,0,,0,,0
2017,3886,"WELL AT KOTHAPURINATHAM,",Puducherry,32.0,32.0,8.4,8.4,1138.0,1138.0,0.0,0.0,2.0,2.0,2.0,2.0,2.6,2.6,,,,,,,32.0,0,8.4,0,1138.0,0.0,2.0,0,2.0,2.6,,0,,0,,0
2017,1898,"PETROL PUMP OPP. HERO CYCLE, LUDHIANA",Punjab,17.0,17.0,7.1,7.5,1115.0,1164.0,0.0,0.0,2.0,2.0,2.0,2.0,4.4,12.6,,,,,,,17.0,0,7.3,0,1139.5,0.0,2.0,0,2.0,8.5,,0,,0,,0
2017,1899,"BHAGWAN SINGH, H.NO.907, DASMESH",Punjab,,,7.3,7.8,736.0,770.0,0.0,0.0,2.0,2.0,2.0,2.0,2.37,13.2,,,,,,,,0,7.55,0,753.0,0.0,2.0,0,2.0,7.785,,0,,0,,0
2017,1900,"GURCHAARAN SINGH HAIBOWAL DAIRY NAGAR, GALI NO. 6, LUDHIANA",Punjab,,,7.2,7.8,741.0,753.0,0.0,0.0,2.0,2.0,2.0,2.0,1.3,3.0,,,,,,,,0,7.5,0,747.0,0.0,2.0,0,2.0,2.15,,0,,0,,0
2017,1901,"DUSSHERA GROUND INDUSTRIAL ESTATE, COMPLEX, LUDHIANA",Punjab,30.0,30.0,7.7,8.0,744.0,789.0,0.0,0.0,2.0,2.0,2.0,2.0,6.0,13.7,,,,,,,30.0,0,7.85,0,766.5,0.0,2.0,0,2.0,9.85,,0,,0,,0
2017,1902,"SHUKLA TEA STAL POINT, LUDHIANA LUDHIANA",Punjab,16.0,16.0,6.4,6.9,1411.0,1455.0,0.0,0.0,2.0,2.0,2.0,2.0,0.32,7.2,,,,,,,16.0,0,6.65,0,1433.0,0.0,2.0,0,2.0,3.7600000000000002,,0,,0,,0
2017,1903,"PUNJAB AGRICULTUREAL UNIVERSITY,",Punjab,,,7.4,7.5,645.0,810.0,0.0,0.0,2.0,2.0,2.0,2.0,1.6,6.2,,,,,,,,0,7.45,0,727.5,0.0,2.0,0,2.0,3.9000000000000004,,0,,0,,0
2017,2916,"NEAR LANDFILL SITE, AMRITSAR, PUNJAB LUDHIANA",Punjab,,,7.3,7.4,823.0,897.0,0.0,0.0,2.0,2.0,2.0,2.0,0.5,3.9,,,,,,,,0,7.35,0,860.0,0.0,2.0,0,2.0,2.2,,0,,0,,0
2017,2917,"NEAR HARMANDIR SAHEB, AMRITSAR, PUNJAB",Punjab,,,7.2,7.4,1202.0,1276.0,0.0,0.0,2.0,2.0,2.0,2.0,3.9,7.4,,,,,,,,0,7.300000000000001,0,1239.0,0.0,2.0,0,2.0,5.65,,0,,0,,0
2017,2918,"DERA BASSI, PUNJAB",Punjab,,,7.1,7.2,2654.0,2904.0,0.0,0.0,2.0,2.0,2.0,2.0,8.9,12.0,,,,,,,,0,7.15,0,2779.0,0.0,2.0,0,2.0,10.45,,0,,0,,0
2017,2919,"DERA BASSI, PUNJAB",Punjab,,,7.2,7.2,2694.0,2899.0,0.0,0.0,2.0,2.0,2.0,2.0,9.1,15.0,,,,,,,,0,7.2,0,2796.5,0.0,2.0,0,2.0,12.05,,0,,0,,0
2017,2920,"HAMIRA VILLAGE, PUNJAB",Punjab,,,7.2,7.4,672.0,1256.0,0.0,0.0,2.0,2.0,2.0,2.0,0.7,2.7,,,,,,,,0,7.300000000000001,0,964.0,0.0,2.0,0,2.0,1.7000000000000002,,0,,0,,0
2017,2921,"HAMIRA VILLAGE, PUNJAB",Punjab,,,7.5,7.8,452.0,620.0,0.0,0.0,2.0,2.0,2.0,2.0,0.2,7.4,,,,,,,,0,7.65,0,536.0,0.0,2.0,0,2.0,3.8000000000000003,,0,,0,,0
2017,2922,"LEATHER COMPLEX, JALANDHAR, PUNJAB",Punjab,,,7.3,7.5,1823.0,2066.0,0.0,0.0,2.0,2.0,2.0,2.0,2.3,7.3,,,,,,,,0,7.4,0,1944.5,0.0,2.0,0,2.0,4.8,,0,,0,,0
2017,2923,"LEATHER COMPLEX, JALANDHAR, PUNJAB",Punjab,,,7.2,7.2,1534.0,1985.0,0.0,0.0,2.0,2.0,2.0,2.0,2.7,7.6,,,,,,,,0,7.2,0,1759.5,0.0,2.0,0,2.0,5.15,,0,,0,,0
2017,2924,"MANDI GOBINDGARH, PUNJAB",Punjab,23.0,23.0,7.6,8.4,866.0,984.0,0.0,0.0,2.0,2.0,2.0,2.0,1.4,8.7,,,,,,,23.0,0,8.0,0,925.0,0.0,2.0,0,2.0,5.05,,0,,0,,0
2017,2925,"MANDI GOBINDGARH, PUNJAB",Punjab,23.0,23.0,7.6,7.6,1664.0,1940.0,0.0,0.0,2.0,2.0,2.0,2.0,3.0,3.3,,,,,,,23.0,0,7.6,0,1802.0,0.0,2.0,0,2.0,3.15,,0,,0,,0
2017,2926,"NANGAL, PUNJAB",Punjab,29.0,29.0,7.0,7.1,1076.0,1399.0,0.0,0.0,2.0,2.0,2.0,2.0,6.4,12.0,,,,,,,29.0,0,7.05,0,1237.5,0.0,2.0,0,2.0,9.2,,0,,0,,0
2017,2927,"NANGAL, PUNJAB",Punjab,29.0,29.0,7.0,7.1,1155.0,1418.0,0.0,0.0,2.0,2.0,2.0,2.0,6.8,14.0,,,,,,,29.0,0,7.05,0,1286.5,0.0,2.0,0,2.0,10.4,,0,,0,,0
2017,2928,"ROPAR, PUNJAB",Punjab,29.0,29.0,7.1,7.2,656.0,714.0,0.0,0.0,2.0,2.0,2.0,2.0,2.5,2.8,,,,,,,29.0,0,7.15,0,685.0,0.0,2.0,0,2.0,2.65,,0,,0,,0
2017,2929,"ROPAR, PUNJAB",Punjab,29.0,29.0,7.3,7.5,512.0,544.0,0.0,0.0,2.0,2.0,2.0,2.0,0.2,4.2,,,,,,,29.0,0,7.4,0,528.0,0.0,2.0,0,2.0,2.2,,0,,0,,0
2017,2930,"TOANSA, PUNJAB",Punjab,32.0,32.0,7.4,7.5,1224.0,1719.0,0.0,0.0,2.0,2.0,2.0,2.0,3.1,3.5,,,,,,,32.0,0,7.45,0,1471.5,0.0,2.0,0,2.0,3.3,,0,,0,,0
2017,2931,"TOANSA, PUNJAB",Punjab,32.0,32.0,7.3,7.4,11.0,1203.0,0.0,0.0,2.0,2.0,2.0,2.0,1.0,24.4,,,,,,,32.0,0,7.35,0,607.0,0.0,2.0,0,2.0,12.7,,0,,0,,0
2017,1415,"WELL OF LOOMJI, CHAUDHARY, NEAR",Rajasthan,22.0,22.0,8.5,8.5,1880.0,1880.0,2.0,2.0,3.0,3.0,3.0,3.0,0.0,2.46,,,,,,,22.0,0,8.5,0,1880.0,2.0,3.0,0,3.0,1.23,,0,,0,,0
2017,1416,"WELL OF BHOPAL SINGH, 24 KM. FROM PALI NAYAGAON, PALI, (U/S 1 KM. FROM PALI TOWN), RAJASTHAN",Rajasthan,23.0,25.0,8.6,8.9,6900.0,12900.0,1.8,1.9,3.0,3.0,3.0,3.0,3.15,3.16,,,,,,,24.0,0,8.75,1,9900.0,1.85,3.0,0,3.0,3.1550000000000002,,0,,0,,0
2017,1706,"RIICO PUMP HOUSE NEAR MONTO MOTORS, TOWN, RAJASTHAN",Rajasthan,29.0,31.0,7.2,7.7,810.0,1130.0,1.8,1.8,3.0,3.0,3.0,3.0,2.74,2.74,,,,,,,30.0,0,7.45,0,970.0,1.8,3.0,0,3.0,2.74,,0,,0,,0
2017,1707,"BORE WELL IN MODI ALKALIS & CHEMICALS, MIA, ALWAR, RAJASTHAN",Rajasthan,30.0,32.0,7.3,7.6,1580.0,1640.0,2.1,2.2,3.0,3.0,3.0,3.0,2.62,3.1,,,,,,,31.0,0,7.449999999999999,0,1610.0,2.1500000000000004,3.0,0,3.0,2.8600000000000003,,0,,0,,0
2017,1708,"WELL KOTHI IN VILLAGE BAGAR RAJPUT, MIA, ALWAR, RAJASTHAN",Rajasthan,27.0,28.0,7.4,7.4,1270.0,1320.0,2.0,2.1,3.0,3.0,4.0,4.0,0.0,2.1,,,,,,,27.5,0,7.4,0,1295.0,2.05,3.0,0,4.0,1.05,,0,,0,,0
2017,1709,"WELL AT VILLAGE SANTHLA VERY NEAR ALWAR, RAJASTHAN",Rajasthan,28.0,29.0,7.4,7.5,1190.0,1480.0,2.1,2.4,3.0,3.0,3.0,3.0,2.8,3.07,,,,,,,28.5,0,7.45,0,1335.0,2.25,3.0,0,3.0,2.9349999999999996,,0,,0,,0
2017,1710,"WELL AT VILLAGE ALUPUR, VERY NEAR",Rajasthan,28.0,29.0,7.2,7.3,1670.0,1900.0,2.1,2.2,3.0,3.0,3.0,3.0,2.8,3.07,,,,,,,28.5,0,7.25,0,1785.0,2.1500000000000004,3.0,0,3.0,2.9349999999999996,,0,,0,,0
2017,1711,"WELL AT VILLAGE HARCHANDPUR, VERY NEAR,",Rajasthan,27.0,27.0,7.2,7.3,1410.0,1900.0,2.2,2.2,3.0,3.0,3.0,3.0,2.8,3.1,,,,,,,27.0,0,7.25,0,1655.0,2.2,3.0,0,3.0,2.95,,0,,0,,0
2017,1712,"WELL AT VILLAGE BHIWADI , VERY NEAR, BHIWADI TO BHIWADI INDUSTRIAL AREA, BHIWADI, RAJASTHAN",Rajasthan,28.0,28.0,7.3,7.4,1160.0,1460.0,2.0,2.2,3.0,3.0,3.0,3.0,2.46,2.74,,,,,,,28.0,0,7.35,0,1310.0,2.1,3.0,0,3.0,2.6,,0,,0,,0
2017,1713,"WELL AT VILLAGE GATTAL, NEAR, BHIWADI TO BHIWADI TO BHIWADI INDUSTRIAL AREA, BHIWADI, RAJASTHAN",Rajasthan,28.0,29.0,7.2,7.2,800.0,1250.0,1.4,1.4,3.0,3.0,3.0,3.0,1.84,2.2,,,,,,,28.5,0,7.2,0,1025.0,1.4,3.0,0,3.0,2.02,,0,,0,,0
2017,1715,HAND PUMP NEAR SECONDARY SCHOOL,Rajasthan,25.0,27.0,7.2,8.4,1000.0,1240.0,1.7,1.8,3.0,3.0,3.0,3.0,1.7,2.1,,,,,,,26.0,0,7.800000000000001,0,1120.0,1.75,3.0,0,3.0,1.9,,0,,0,,0
2017,1720,"CHAUDHARY KA WELL VILLAGE PANIALA,",Rajasthan,28.0,29.0,8.3,8.3,1120.0,1120.0,2.7,2.7,3.0,3.0,3.0,3.0,2.1,2.1,,,,,,,28.5,0,8.3,0,1120.0,2.7,3.0,0,3.0,2.1,,0,,0,,0
2017,1721,"PHED WELL NEAR RAILWAY LINE JHOTAWARA, KOTAPUTALI NEAR ASSOCIATED ALCOHOL BREVERIES LTD JAIPUR, RAJASTH",Rajasthan,27.0,29.0,8.3,8.4,530.0,570.0,1.3,1.3,3.0,3.0,3.0,3.0,1.6,2.74,,,,,,,28.0,0,8.350000000000001,0,550.0,1.3,3.0,0,3.0,2.17,,0,,0,,0
2017,1723,"HAND PUMP OF VIDHANI VILLAGE GONER JAIPUR, RAJASTHAN",Rajasthan,28.0,28.0,8.2,8.3,2900.0,3600.0,3.2,3.3,3.0,3.0,3.0,3.0,2.8,3.14,,,,,,,28.0,0,8.25,0,3250.0,3.25,3.0,0,3.0,2.9699999999999998,,0,,0,,0
2017,1724,"WELL OF GOOJARON KI TALAI, MOHANA ROAD ROAD JAIPUR, RAJASTHAN",Rajasthan,30.0,31.0,8.2,8.4,550.0,1230.0,2.1,2.2,3.0,3.0,3.0,3.0,3.16,3.16,,,,,,,30.5,0,8.3,0,890.0,2.1500000000000004,3.0,0,3.0,3.16,,0,,0,,0
2017,1725,"PUBLIC HAND PUMP BEFORE SANGANER PULIA, SANGANER JAIPUR, RAJASTHAN",Rajasthan,28.0,29.0,7.8,8.0,1690.0,1700.0,2.1,2.2,3.0,3.0,3.0,3.0,2.74,3.1,,,,,,,28.5,0,7.9,0,1695.0,2.1500000000000004,3.0,0,3.0,2.92,,0,,0,,0
2017,2015,"PABUPURA ROAD NEAR CIVIL AIR PORT,",Rajasthan,28.0,31.4,7.5,7.6,5200.0,6300.0,2.2,2.6,3.0,3.0,4.0,4.0,4.2,4.72,,,,,,,29.7,0,7.55,0,5750.0,2.4000000000000004,3.0,0,4.0,4.46,,0,,0,,0
2017,2016,"VILLAGE VINAYAKIA, JODHPUR (HIRALAL JODHPUR (MANGILAL RATHOR)",Rajasthan,29.5,30.5,7.6,7.8,1900.0,2400.0,2.7,2.8,3.0,3.0,4.0,4.0,1.2,1.66,,,,,,,30.0,0,7.699999999999999,0,2150.0,2.75,3.0,0,4.0,1.43,,0,,0,,0
2017,2017,"VILLAGE VINAYAKIA, JODHPUR (BADRI",Rajasthan,29.8,30.8,7.7,7.7,2700.0,2700.0,1.2,1.2,3.0,3.0,4.0,4.0,1.84,2.28,,,,,,,30.3,0,7.7,0,2700.0,1.2,3.0,0,4.0,2.06,,0,,0,,0
2017,2018,"VILLAGE VINAYAKIA, JODHPUR (HUKUM SINGH KUMHAR)",Rajasthan,29.9,32.0,7.4,7.5,6800.0,9200.0,3.0,3.0,3.0,3.0,4.0,4.0,7.7,8.3,,,,,,,30.95,0,7.45,0,8000.0,3.0,3.0,0,4.0,8.0,,0,,0,,0
2017,2019,"NEAR UIT BRIDGE, UDAIPUR RATHORE)",Rajasthan,16.0,22.0,7.1,7.2,1160.0,1800.0,1.3,1.4,3.0,3.0,3.0,3.0,1.84,2.1,,,,,,,19.0,0,7.15,0,1480.0,1.35,3.0,0,3.0,1.9700000000000002,,0,,0,,0
2017,2020,"NEW FATEHPURA, 200 FT.FROM PANCHWATI",Rajasthan,16.0,22.0,7.1,7.2,1600.0,1770.0,1.4,1.6,3.0,3.0,3.0,3.0,2.1,2.1,,,,,,,19.0,0,7.15,0,1685.0,1.5,3.0,0,3.0,2.1,,0,,0,,0
2017,2021,"NEAR ARVIND GENERAL STORE, ALOO FACTORY, NALLAH, UDAIPUR",Rajasthan,16.0,22.0,6.8,7.0,1340.0,1900.0,1.3,1.6,3.0,3.0,3.0,3.0,1.6,2.1,,,,,,,19.0,0,6.9,0,1620.0,1.4500000000000002,3.0,0,3.0,1.85,,0,,0,,0
2017,2022,"NEAR RANA PRATAP NAGAR, RAILWAY KACCHI BASTI, SARDARPURA, UDAIPUR",Rajasthan,16.0,24.0,6.8,6.9,1650.0,1700.0,0.6,1.7,3.0,3.0,3.0,3.0,2.47,3.07,,,,,,,20.0,0,6.85,0,1675.0,1.15,3.0,0,3.0,2.77,,0,,0,,0
2017,2023,"HOTEL ORIENT PLACE, SUBHAS NAGAR, STATION, UDAIPUR",Rajasthan,18.0,24.0,6.9,7.2,1380.0,1800.0,1.8,1.9,3.0,3.0,4.0,4.0,2.74,2.8,,,,,,,21.0,0,7.050000000000001,0,1590.0,1.85,3.0,0,4.0,2.77,,0,,0,,0
2017,2024,IN SIDE SHIV TEMPLE NEAR AIR FORCE STATION UDAIPUR,Rajasthan,25.0,27.0,8.3,8.3,2100.0,2600.0,1.3,1.4,3.0,3.0,4.0,4.0,1.4,2.06,,,,,,,26.0,0,8.3,0,2350.0,1.35,3.0,0,4.0,1.73,,0,,0,,0
2017,2025,"NEAR SHREE KALYANESHWAR MAHADEV AMER ROAD, JAIPUR",Rajasthan,27.0,27.0,8.2,8.3,1550.0,1760.0,1.2,1.2,3.0,3.0,3.0,3.0,2.74,3.0,,,,,,,27.0,0,8.25,0,1655.0,1.2,3.0,0,3.0,2.87,,0,,0,,0
2017,2026,"NEAR FOJI NAGAR, KACCHI BASTI, AMBABARI, TEMPLE, JAI SINGH PURA KHURD, JAIPUR.",Rajasthan,28.0,28.0,8.1,8.3,810.0,910.0,1.2,1.2,3.0,3.0,3.0,3.0,1.84,2.1,,,,,,,28.0,0,8.2,0,860.0,1.2,3.0,0,3.0,1.9700000000000002,,0,,0,,0
2017,2027,"NEAR ABN CENTRAL ACADEMY, SUSILPURA, JAIPUR.",Rajasthan,26.0,28.0,8.1,8.4,1480.0,1900.0,2.1,2.2,3.0,3.0,3.0,3.0,3.14,3.16,,,,,,,27.0,0,8.25,0,1690.0,2.1500000000000004,3.0,0,3.0,3.1500000000000004,,0,,0,,0
2017,2028,"NEAR SAMSHAN VISHWAKARMA NAGAR, SODALA, JAIPUR.",Rajasthan,28.0,28.0,8.0,8.2,810.0,900.0,1.8,1.9,3.0,3.0,3.0,3.0,2.8,3.1,,,,,,,28.0,0,8.1,0,855.0,1.85,3.0,0,3.0,2.95,,0,,0,,0
2017,2029,"NEAR GANDHI BHWAN, AJMER MAHARANIFARM, JAIPUR",Rajasthan,27.0,27.0,8.0,8.6,880.0,950.0,1.9,2.1,3.0,3.0,3.0,3.0,1.84,2.1,,,,,,,27.0,0,8.3,1,915.0,2.0,3.0,0,3.0,1.9700000000000002,,0,,0,,0
2017,2030,"OPPOSITE PRIVATE BUS STAND, AJMER",Rajasthan,27.0,28.0,7.9,8.5,2000.0,3400.0,1.5,1.6,3.0,3.0,3.0,3.0,2.8,3.15,,,,,,,27.5,0,8.2,0,2700.0,1.55,3.0,0,3.0,2.9749999999999996,,0,,0,,0
2017,2031,"NEAR 9 NO. PETROL PUMP, NEAR ADARSH",Rajasthan,27.0,27.0,7.7,8.3,950.0,960.0,2.0,2.2,3.0,3.0,4.0,4.0,2.74,3.1,,,,,,,27.0,0,8.0,0,955.0,2.1,3.0,0,4.0,2.92,,0,,0,,0
2017,2032,"NEAR KHANPURA TALAB, AJMER NAGAR GATE, AJMER",Rajasthan,27.0,27.0,7.5,8.3,340.0,400.0,1.5,1.6,3.0,3.0,3.0,3.0,1.6,1.84,,,,,,,27.0,0,7.9,0,370.0,1.55,3.0,0,3.0,1.7200000000000002,,0,,0,,0
2017,2960,"WELL INFRONT OF SINGHANA POLICE STATION,",Rajasthan,30.0,30.0,7.2,8.4,3000.0,4300.0,2.1,2.4,3.0,3.0,4.0,4.0,3.1,3.4,,,,,,,30.0,0,7.800000000000001,0,3650.0,2.25,3.0,0,4.0,3.25,,0,,0,,0
2017,2961,"WELL OF SH MNAGAL CHAND MEENA, MANPUR SINGHANA, JHUNJHUNU, RAJASTHAN",Rajasthan,25.0,26.0,8.3,8.7,540.0,590.0,1.7,1.8,3.0,3.0,3.0,3.0,2.36,3.07,,,,,,,25.5,0,8.5,1,565.0,1.75,3.0,0,3.0,2.715,,0,,0,,0
2017,2962,"WELL OF SH MOOL CHAND RAIGER, MANPUR MACHERI, JAIPUR, RAJASTHAN",Rajasthan,25.0,26.0,8.4,8.8,590.0,640.0,1.2,1.3,3.0,3.0,4.0,4.0,2.62,2.8,,,,,,,25.5,0,8.600000000000001,1,615.0,1.25,3.0,0,4.0,2.71,,0,,0,,0
2017,2963,"WELL OF RIICO AT LEATHER COMPLEX, MACHERI, JAIPUR, RAJASTHAN",Rajasthan,27.0,27.0,8.3,8.4,1580.0,1700.0,1.5,1.6,3.0,3.0,3.0,3.0,2.46,3.1,,,,,,,27.0,0,8.350000000000001,0,1640.0,1.55,3.0,0,3.0,2.7800000000000002,,0,,0,,0
2017,2964,"WELL AT INDIA PUBLIC SCHOOL, MANPUR MANPUR MACHERI, JAIPUR, RAJASTHAN",Rajasthan,27.0,27.0,8.2,8.3,1900.0,2100.0,1.5,1.5,3.0,3.0,3.0,3.0,1.6,2.62,,,,,,,27.0,0,8.25,0,2000.0,1.5,3.0,0,3.0,2.1100000000000003,,0,,0,,0
2017,2965,"SHRI GIRDHARI SINGH CHOUDHARY NEAR MACHERI, JAIPUR, RAJASTHAN",Rajasthan,22.0,22.0,8.3,8.3,1580.0,1580.0,1.3,1.3,3.0,3.0,3.0,3.0,0.0,2.1,,,,,,,22.0,0,8.3,0,1580.0,1.3,3.0,0,3.0,1.05,,0,,0,,0
2017,2966,"SHRI GIRDHARI SINGH RAJPUROHIT NEAR BANDI RIVER BRIDGE, PALI BYE PASS ROAD, PALI, RAJASTHAN",Rajasthan,22.5,22.5,8.5,8.5,3300.0,3300.0,1.8,1.8,3.0,3.0,3.0,3.0,0.0,3.04,,,,,,,22.5,0,8.5,0,3300.0,1.8,3.0,0,3.0,1.52,,0,,0,,0
2017,2967,"SH. POL SINGH PUROHIT, VILLAGE PUNAYATA,",Rajasthan,23.0,25.5,7.6,8.3,1620.0,3100.0,2.4,2.5,3.0,3.0,3.0,3.0,2.8,3.15,,,,,,,24.25,0,7.95,0,2360.0,2.45,3.0,0,3.0,2.9749999999999996,,0,,0,,0
2017,2968,"SH. BHANA RAM KALAL, DHARU NAGAR, NEAR PALI, RAJASTHAN",Rajasthan,23.5,24.0,8.4,8.6,1900.0,3200.0,2.3,2.4,3.0,3.0,3.0,3.0,0.0,3.1,,,,,,,23.75,0,8.5,1,2550.0,2.3499999999999996,3.0,0,3.0,1.55,,0,,0,,0
2017,2969,"M/S SPECIALTY SILICA LTD., MIA ALWAR AGRO MAIN MANDIA ROAD, OPP. VILLAGE MANDIA, PALI, RAJASTHAN",Rajasthan,28.0,29.0,7.1,7.4,760.0,770.0,1.9,1.9,3.0,3.0,3.0,3.0,2.8,3.0,,,,,,,28.5,0,7.25,0,765.0,1.9,3.0,0,3.0,2.9,,0,,0,,0
2017,2970,"RIICO TUBE WELL, RIA, BEHROR, RAJASTHAN FOOD PARK, ALWAR, RAJASTHAN",Rajasthan,29.0,31.0,7.3,7.4,1570.0,1650.0,2.2,2.3,3.0,3.0,3.0,3.0,3.15,3.15,,,,,,,30.0,0,7.35,0,1610.0,2.25,3.0,0,3.0,3.15,,0,,0,,0
2017,2971,"RIICO TUBE WELL, RIA, NEEMRANA, RAJASTHAN",Rajasthan,28.0,28.0,7.4,7.4,2100.0,2100.0,1.7,1.7,3.0,3.0,3.0,3.0,0.0,2.2,,,,,,,28.0,0,7.4,0,2100.0,1.7,3.0,0,3.0,1.1,,0,,0,,0
2017,2972,"RIICO TUBE WELL, RIA, SOTANALA, RAJASTHAN",Rajasthan,28.0,28.0,7.3,7.3,2700.0,2700.0,2.1,2.1,3.0,3.0,3.0,3.0,0.0,3.07,,,,,,,28.0,0,7.3,0,2700.0,2.1,3.0,0,3.0,1.535,,0,,0,,0
2017,2973,"RIICO TUBE WELL, RIA, SHAHJAHANPUR,",Rajasthan,28.0,30.0,7.2,7.3,3700.0,4900.0,2.2,2.3,3.0,3.0,3.0,3.0,2.8,3.14,,,,,,,29.0,0,7.25,0,4300.0,2.25,3.0,0,3.0,2.9699999999999998,,0,,0,,0
2017,2974,"VILLAGE AGYARA, TEHSIL- RAMGARH, ALWAR,",Rajasthan,28.0,29.0,7.8,8.1,1420.0,1480.0,1.5,1.6,3.0,3.0,3.0,3.0,2.8,3.1,,,,,,,28.5,0,7.949999999999999,0,1450.0,1.55,3.0,0,3.0,2.95,,0,,0,,0
2017,2975,"VILLAGE BAGER MEO, TEHSIL- RAMGARH,",Rajasthan,28.0,29.0,7.1,7.3,3200.0,3300.0,1.3,1.4,3.0,3.0,3.0,3.0,3.15,3.16,,,,,,,28.5,0,7.199999999999999,0,3250.0,1.35,3.0,0,3.0,3.1550000000000002,,0,,0,,0
2017,2976,"SUJAN GANGA, BHARATPUR, RAJASTHAN ALWAR, RAJASTHAN",Rajasthan,28.0,31.0,8.0,8.4,7100.0,7900.0,25.0,25.5,150.0,460.0,1100.0,1100.0,13.1,15.35,,,,,,,29.5,0,8.2,0,7500.0,25.25,305.0,1,1100.0,14.225,,0,,0,,0
2017,2977,"WELL OF RAM CHANDRA DEWRA, VILLAGE-",Rajasthan,25.9,30.0,8.0,8.0,21000.0,21000.0,3.4,3.7,3.0,3.0,4.0,4.0,7.4,11.0,,,,,,,27.95,0,8.0,0,21000.0,3.55,3.0,0,4.0,9.2,,0,,0,,0
2017,2982,"WELL OF BIRMA RAM PATEL, SALAWAS, SANGARIA, JODHPUR, RAJASTHAN",Rajasthan,26.0,30.0,8.0,8.0,1690.0,11000.0,3.5,3.6,3.0,3.0,4.0,4.0,3.04,3.16,,,,,,,28.0,0,8.0,0,6345.0,3.55,3.0,0,4.0,3.1,,0,,0,,0
2017,2985,"WELL OF GIRDHARI RAM MEGHWAL, VILLAGE- JODHPUR, RAJASTHAN",Rajasthan,27.8,32.8,7.2,7.6,15000.0,15100.0,2.6,4.3,3.0,3.0,4.0,4.0,15.35,15.8,,,,,,,30.299999999999997,0,7.4,0,15050.0,3.45,3.0,0,4.0,15.575,,0,,0,,0
2017,2986,"TUBE WELL OF GIRDHARI LAL, BHITUJA, NANDWAN, JODHPUR, RAJASTHAN",Rajasthan,24.0,32.0,7.5,8.0,9100.0,12600.0,2.9,3.0,3.0,3.0,3.0,3.0,2.8,3.07,,,,,,,28.0,0,7.75,0,10850.0,2.95,3.0,0,3.0,2.9349999999999996,,0,,0,,0
2017,2987,"CWR OF PHED, BHITUJA, RAJASTHAN",Rajasthan,24.0,32.0,7.3,8.0,8600.0,9800.0,2.3,2.3,3.0,3.0,3.0,3.0,3.04,3.16,,,,,,,28.0,0,7.65,0,9200.0,2.3,3.0,0,3.0,3.1,,0,,0,,0
2017,2988,"WELL OF PEMA RAM MALI, BHITUJA,",Rajasthan,24.0,32.0,7.6,8.1,5400.0,8200.0,2.5,2.6,3.0,3.0,3.0,3.0,3.04,3.1,,,,,,,28.0,0,7.85,0,6800.0,2.55,3.0,0,3.0,3.0700000000000003,,0,,0,,0
2017,2989,"WELL OF BABULAL UKKAD JI MALI, SAKARNA",Rajasthan,24.0,32.0,7.7,8.2,6000.0,13200.0,3.0,3.1,3.0,3.0,4.0,4.0,3.1,3.1,,,,,,,28.0,0,7.949999999999999,0,9600.0,3.05,3.0,0,4.0,3.1,,0,,0,,0
2017,2990,"WELL OF BHIKSINGH S/O AMAR SINGH BERA, BALOTRA, , JODHPUR, RAJASTHAN",Rajasthan,24.0,32.0,7.4,8.1,10000.0,18300.0,2.4,2.7,3.0,3.0,4.0,4.0,2.74,3.07,,,,,,,28.0,0,7.75,0,14150.0,2.55,3.0,0,4.0,2.9050000000000002,,0,,0,,0
2017,2991,"WELL OF BHAG JI LAXMAN RAM MALI,",Rajasthan,24.0,32.0,7.5,8.3,11200.0,11300.0,3.3,3.5,3.0,3.0,4.0,4.0,3.15,3.15,,,,,,,28.0,0,7.9,0,11250.0,3.4,3.0,0,4.0,3.15,,0,,0,,0
2017,2993,"WELL OF CHOUTHA RAM PUSA PAM, LEFT SIDE",Rajasthan,24.0,32.0,8.3,8.6,4900.0,12000.0,3.0,3.0,3.0,3.0,4.0,4.0,2.74,3.12,,,,,,,28.0,0,8.45,1,8450.0,3.0,3.0,0,4.0,2.93,,0,,0,,0
2017,2999,"BORE WELL SH. PREM CHAND, VILLAGE OF BRIDGE LUNI, BALOTRA, RAJASTHAN",Rajasthan,26.0,26.0,7.0,7.0,1350.0,1350.0,2.1,2.1,3.0,3.0,3.0,3.0,1.6,1.6,,,,,,,26.0,0,7.0,0,1350.0,2.1,3.0,0,3.0,1.6,,0,,0,,0
2017,3000,"BORE WELL SH. UMESH KUMAR S/O SH. PHALSHA MODE RIA CHOPNADI, RAJASTHAN",Rajasthan,26.0,27.0,6.9,7.4,1750.0,2100.0,2.0,2.3,3.0,3.0,3.0,3.0,2.74,3.07,,,,,,,26.5,0,7.15,0,1925.0,2.15,3.0,0,3.0,2.9050000000000002,,0,,0,,0
2017,3001,"BORE WELL SH. BHRAM JEET SERVICE STATION,",Rajasthan,27.0,29.0,6.9,6.9,2100.0,2700.0,1.9,2.0,3.0,3.0,3.0,3.0,2.74,3.07,,,,,,,28.0,0,6.9,0,2400.0,1.95,3.0,0,3.0,2.9050000000000002,,0,,0,,0
2017,3002,"BORE WELL M/S R.C. PALACE HOTEL, BHIWADI, BHIWADI, RAJASTHAN",Rajasthan,29.0,29.0,7.1,7.3,1120.0,1260.0,2.2,2.4,3.0,3.0,3.0,3.0,2.8,3.0,,,,,,,29.0,0,7.199999999999999,0,1190.0,2.3,3.0,0,3.0,2.9,,0,,0,,0
2017,3003,"BORE WELL OFFICE OF RAJ. HOUSING BOARD,",Rajasthan,28.0,29.0,7.3,7.3,1700.0,2700.0,2.0,2.0,3.0,3.0,3.0,3.0,1.84,2.06,,,,,,,28.5,0,7.3,0,2200.0,2.0,3.0,0,3.0,1.9500000000000002,,0,,0,,0
2017,3004,"BORE WELL OF M/S MODERN PUBLIC SCHOOL, BHIWADI, RAJASTHAN",Rajasthan,28.0,29.0,7.8,7.8,1900.0,2500.0,2.3,2.3,3.0,3.0,3.0,3.0,1.84,2.1,,,,,,,28.5,0,7.8,0,2200.0,2.3,3.0,0,3.0,1.9700000000000002,,0,,0,,0
2017,3005,"BORE WELL OF M/S KUNDAN EDIBLE FOOD BHIWADI, RAJASTHAN",Rajasthan,27.0,27.0,6.9,6.9,870.0,870.0,2.2,2.2,3.0,3.0,3.0,3.0,1.6,1.6,,,,,,,27.0,0,6.9,0,870.0,2.2,3.0,0,3.0,1.6,,0,,0,,0
2017,3006,"HAND PUMP NEAR NEVTA TIRAHA, NEVTA PRODUCT, KHUSKHERA, RAJASTHAN",Rajasthan,27.0,29.0,8.3,8.4,2100.0,2600.0,1.9,2.1,3.0,3.0,3.0,3.0,2.46,2.74,,,,,,,28.0,0,8.350000000000001,0,2350.0,2.0,3.0,0,3.0,2.6,,0,,0,,0
2017,32,"WELL AT MUSIRI, TAMIL NADU",Tamil Nadu,26.0,28.0,7.1,7.5,317.0,1366.0,1.4,1.8,2.0,78.0,4.0,250.0,1.0,1.0,,,,,,,27.0,0,7.3,0,841.5,1.6,40.0,1,127.0,1.0,,0,,0,,0
2017,1449,COLLECTOR WELL AT THIRUPUVANAM FOR,Tamil Nadu,,,,,,,,,,,,,0.0,0.0,,,,,,,,0,,0,,,,0,,0.0,,0,,0,,0
2017,15,WELL AT KUYYURA,Telangana,29.0,29.0,7.0,7.0,261.0,261.0,0.0,0.0,,,2.0,2.0,0.3,0.3,,,,,,,29.0,0,7.0,0,261.0,0.0,,0,2.0,0.3,,0,,0,,0
2017,16,WELL AT TADAVAI A.P.,Telangana,29.0,29.0,7.6,7.6,1244.0,1244.0,3.0,3.0,,,4.0,4.0,0.5,0.5,,,,,,,29.0,0,7.6,0,1244.0,3.0,,0,4.0,0.5,,0,,0,,0
2017,27,WELL AT PEDDAVOORA,Telangana,,,,,,,,,,,,,0.0,0.0,,,,,,,,0,,0,,,,0,,0.0,,0,,0,,0
2017,1515,"B/W. - NAGARAM(V), PALVONCHA, KHAMMAM",Telangana,32.0,32.0,7.6,7.6,2689.0,2689.0,3.0,3.0,,,2.0,2.0,6.3,6.3,,,,,,,32.0,0,7.6,0,2689.0,3.0,,0,2.0,6.3,,0,,0,,0
2017,1525,"B/W - IDA , NEAR CHAITANYA CHLORIDES , DIST.",Telangana,26.0,26.0,7.2,7.2,3330.0,3330.0,,,4.0,4.0,15.0,15.0,20.68,20.68,,,,,,,26.0,0,7.2,0,3330.0,,4.0,0,15.0,20.68,,0,,0,,0
2017,1791,"B/W. - EAST OF SAICHERUVU , PAIDIPALLY (V), PASHAMAYLAM , MEDAK DIST.",Telangana,30.0,30.0,7.5,7.5,1230.0,1230.0,3.0,3.0,,,12.0,12.0,3.7,3.7,,,,,,,30.0,0,7.5,0,1230.0,3.0,,0,12.0,3.7,,0,,0,,0
2017,1792,"B/W -NEAR CKM COLLEGE , ENUMAMULA (V) , WARANGAL DIST.",Telangana,30.0,30.0,8.4,8.4,2199.0,2199.0,2.0,2.0,,,10.0,10.0,7.9,7.9,,,,,,,30.0,0,8.4,0,2199.0,2.0,,0,10.0,7.9,,0,,0,,0
2017,1793,"O/W - BHOOMAIAH NEAR ASHPONDS OF NTPC , WARANGAL DIST.",Telangana,26.0,26.0,7.7,7.7,1678.0,1678.0,2.0,2.0,,,4.0,4.0,0.3,0.3,,,,,,,26.0,0,7.7,0,1678.0,2.0,,0,4.0,0.3,,0,,0,,0
2017,1794,"B/W - MANAKONDUR (V) , KARIMNAGAR DIST. KUNDANPALLY (V) , RAMAGUNDAM , KARIMNAGAR",Telangana,26.0,26.0,8.1,8.1,912.0,912.0,3.0,3.0,,,6.0,6.0,0.5,0.5,,,,,,,26.0,0,8.1,0,912.0,3.0,,0,6.0,0.5,,0,,0,,0
2017,1795,"B/W. - PANCHAYAT OFFICE , , BOLLARAM (V)",Telangana,26.0,26.0,7.1,7.1,4640.0,4640.0,,,4.0,4.0,15.0,15.0,35.7,35.7,,,,,,,26.0,0,7.1,0,4640.0,,4.0,0,15.0,35.7,,0,,0,,0
2017,1810,"B/W - SRI RAMNAGAR COLONY, SAKKAR MEDAK DIST.",Telangana,26.0,26.0,7.5,7.5,2875.0,2875.0,3.0,3.0,4.0,4.0,15.0,15.0,25.4,25.4,,,,,,,26.0,0,7.5,0,2875.0,3.0,4.0,0,15.0,25.4,,0,,0,,0
2017,1811,"B/W. - PRIMARY SCHOOL - RUDRAVELLI (V) ,",Telangana,,,,,,,,,,,,,0.0,0.0,,,,,,,,0,,0,,,,0,,0.0,,0,,0,,0
2017,3088,"B/W AT J.NARASIMHA RAO’S HOUSE, 14NOS. BIBINAGAR (M), NALGONDA DIST.",Telangana,33.0,33.0,7.0,7.0,1808.0,1808.0,6.0,6.0,,,2.0,2.0,4.8,4.8,,,,,,,33.0,0,7.0,0,1808.0,6.0,,0,2.0,4.8,,0,,0,,0
2017,3094,"B/W AT AKBARNAGAR, RAMAGUNDAM, AREA, RAMAVARAM, NEAR MWS DUMPSITE, KOTHAGUDEM, KHAMMAM",Telangana,29.0,29.0,8.4,8.4,866.0,866.0,2.0,2.0,,,2.0,2.0,1.3,1.3,,,,,,,29.0,0,8.4,0,866.0,2.0,,0,2.0,1.3,,0,,0,,0
2017,1405,"WELL AT UDAIPUR (TUBEWELL), TRIPURA",Tripura,24.5,27.0,7.7,8.6,93.0,199.0,0.0,0.0,2.0,2.0,2.0,2.0,0.41,1.17,,,,,,,25.75,0,8.15,1,146.0,0.0,2.0,0,2.0,0.7899999999999999,,0,,0,,0
2017,1406,"WELL AROUND UDAIPUR (TUBEWELL),",Tripura,25.0,27.0,6.5,7.7,173.0,289.0,0.0,0.0,2.0,2.0,2.0,2.0,0.0,0.47,,,,,,,26.0,0,7.1,0,231.0,0.0,2.0,0,2.0,0.235,,0,,0,,0
2017,1730,"KUNJBAN, AGARTALA, TRIPURA",Tripura,25.0,27.0,6.1,7.4,127.0,198.0,0.0,0.0,2.0,2.0,2.0,2.0,0.11,0.42,,,,,,,26.0,0,6.75,0,162.5,0.0,2.0,0,2.0,0.265,,0,,0,,0
2017,1731,"LANKAMURA, TRIPURA",Tripura,25.0,27.0,6.4,7.6,88.0,165.0,0.0,0.0,2.0,2.0,2.0,2.0,0.0,0.26,,,,,,,26.0,0,7.0,0,126.5,0.0,2.0,0,2.0,0.13,,0,,0,,0
2017,1732,"A.D.NAGAR, AGARTALA, TRIPURA",Tripura,25.0,27.0,5.9,7.3,89.0,194.0,0.0,0.0,2.0,2.0,2.0,2.0,0.0,0.27,,,,,,,26.0,0,6.6,0,141.5,0.0,2.0,0,2.0,0.135,,0,,0,,0
2017,1733,"SHIBNAGAR, AGARTALA, TRIPURA",Tripura,25.0,27.0,5.8,7.0,121.0,212.0,0.0,0.0,2.0,2.0,2.0,2.0,0.0,0.2,,,,,,,26.0,0,6.4,0,166.5,0.0,2.0,0,2.0,0.1,,0,,0,,0
2017,1734,"GANDHIGRAM, AGARTALA, TRIPURA",Tripura,25.0,27.0,6.8,7.8,113.0,197.0,0.0,0.0,2.0,2.0,2.0,2.0,0.0,0.26,,,,,,,26.0,0,7.3,0,155.0,0.0,2.0,0,2.0,0.13,,0,,0,,0
2017,3423,"TUBE WELL AT HAPANIA, WEST TRIPURA",Tripura,25.0,27.0,5.3,6.5,80.0,157.0,0.0,0.0,2.0,2.0,2.0,2.0,0.0,0.35,,,,,,,26.0,0,5.9,0,118.5,0.0,2.0,0,2.0,0.175,,0,,0,,0
2017,3424,"TUBE WELL AT NAGICHERRA, WEST TRIPURA",Tripura,25.0,27.0,5.4,6.3,72.0,149.0,0.0,0.0,2.0,2.0,2.0,2.0,0.0,0.25,,,,,,,26.0,0,5.85,0,110.5,0.0,2.0,0,2.0,0.125,,0,,0,,0
2017,3426,"TUBE WELL AT B.C.MANU, SOUTH TRIPURA",Tripura,25.0,27.0,5.4,6.4,54.0,163.0,0.0,0.0,2.0,2.0,2.0,2.0,0.0,0.31,,,,,,,26.0,0,5.9,0,108.5,0.0,2.0,0,2.0,0.155,,0,,0,,0
2017,3427,"TUBE WELL AT SHANTIR BAZAR, SOUTH",Tripura,25.0,27.0,6.1,7.2,72.0,165.0,0.0,0.0,2.0,2.0,2.0,2.0,0.0,0.24,,,,,,,26.0,0,6.65,0,118.5,0.0,2.0,0,2.0,0.12,,0,,0,,0
2017,3428,"TUBE WELL AT BAGAFA, SOUTH TRIPURA",Tripura,25.0,27.0,5.8,6.8,54.0,167.0,0.0,0.0,2.0,2.0,2.0,2.0,0.0,0.23,,,,,,,26.0,0,6.3,0,110.5,0.0,2.0,0,2.0,0.115,,0,,0,,0
2017,3429,"TUBE WELL AT 82 MILE, DHALAI",Tripura,25.0,27.0,5.4,6.6,112.0,195.0,0.0,0.0,2.0,2.0,2.0,2.0,0.0,0.22,,,,,,,26.0,0,6.0,0,153.5,0.0,2.0,0,2.0,0.11,,0,,0,,0
2017,3430,"TUBE WELL AT JAWAHANAGAR, DHALAI",Tripura,25.0,27.0,6.1,7.2,64.0,159.0,0.0,0.0,2.0,2.0,2.0,2.0,0.0,0.21,,,,,,,26.0,0,6.65,0,111.5,0.0,2.0,0,2.0,0.105,,0,,0,,0
2017,3431,"TUBE WELL AT KULAI, DHALAI",Tripura,25.0,27.0,5.4,6.5,72.0,153.0,0.0,0.0,2.0,2.0,2.0,2.0,0.0,0.26,,,,,,,26.0,0,5.95,0,112.5,0.0,2.0,0,2.0,0.13,,0,,0,,0
2017,3432,TUBE WELL AT CHURAIBARI (INTERSTATE,Tripura,25.0,27.0,6.1,7.2,82.0,169.0,0.0,0.0,2.0,2.0,2.0,2.0,0.0,0.33,,,,,,,26.0,0,6.65,0,125.5,0.0,2.0,0,2.0,0.165,,0,,0,,0
2017,3433,"TUBE WELL AT KAMESWAR, INDUSTRIAL BOUNDRY), NORTH TRIPURA",Tripura,25.0,27.0,6.7,8.1,141.0,228.0,0.0,0.0,2.0,2.0,2.0,2.0,0.0,0.29,,,,,,,26.0,0,7.4,0,184.5,0.0,2.0,0,2.0,0.145,,0,,0,,0
2017,3434,"TUBE WELL AT KUMARGHAT, INDUSTRIAL ESTATE AREA, NORTH TRIPURA",Tripura,25.0,27.0,5.2,6.6,147.0,212.0,0.0,0.0,2.0,2.0,2.0,2.0,0.0,0.27,,,,,,,26.0,0,5.9,0,179.5,0.0,2.0,0,2.0,0.135,,0,,0,,0
2017,3435,"TUBE WELL AT GOUR NAGAR, NORTH ESTATE AREA, NORTH TRIPURA",Tripura,25.0,27.0,7.0,8.2,201.0,279.0,0.0,0.0,2.0,2.0,2.0,2.0,0.0,0.28,,,,,,,26.0,0,7.6,0,240.0,0.0,2.0,0,2.0,0.14,,0,,0,,0
2017,3436,"TUBE WELL AT KAILASHAHAR, NORTH",Tripura,25.0,27.0,6.4,7.2,206.0,293.0,0.0,0.0,2.0,2.0,2.0,2.0,0.0,0.26,,,,,,,26.0,0,6.800000000000001,0,249.5,0.0,2.0,0,2.0,0.13,,0,,0,,0
2017,1736,GROUND WATER QUALITY STATION,Uttar Pradesh,20.0,28.0,6.9,6.9,988.0,1104.0,3.6,3.8,26.0,100.0,70.0,340.0,0.0,2.6,,,,,,,24.0,0,6.9,0,1046.0,3.7,63.0,1,205.0,1.3,,0,,0,,0
2017,1737,"GROUND WATER QUALITY STATION SARDARNAGAR, U.P",Uttar Pradesh,24.0,27.0,6.9,6.9,738.0,796.0,2.9,3.2,26.0,80.0,40.0,230.0,0.0,1.6,,,,,,,25.5,0,6.9,0,767.0,3.05,53.0,1,135.0,0.8,,0,,0,,0
2017,1738,"SITE 1, INDUSTRIAL AREA NEAR M/S CAPTANGANJ, U.P",Uttar Pradesh,26.0,26.0,7.1,7.6,757.0,877.0,,,2.0,2.0,2.0,2.0,0.0,0.0,,,,,,,26.0,0,7.35,0,817.0,,2.0,0,2.0,0.0,,0,,0,,0
2017,1739,"SITE 2, INDUSTRIAL AREA NEAR M/S AMIN WOODWARM CHEMICAL LTD., UNNAO, U.P",Uttar Pradesh,26.0,26.0,6.8,7.3,1610.0,1905.0,,,2.0,2.0,2.0,2.0,0.0,0.0,,,,,,,26.0,0,7.05,0,1757.5,,2.0,0,2.0,0.0,,0,,0,,0
2017,1740,"AT ROADWAYS BUS STATION, UNNAO, U.P SONS, UNNAO, U.P",Uttar Pradesh,26.0,26.0,7.3,7.4,1889.0,2117.0,,,2.0,2.0,2.0,2.0,0.0,0.0,,,,,,,26.0,0,7.35,0,2003.0,,2.0,0,2.0,0.0,,0,,0,,0
2017,1741,MAGAWARA INDUSTRIAL AREA NEAR M/S,Uttar Pradesh,26.0,26.0,7.2,7.5,668.0,776.0,,,2.0,2.0,2.0,2.0,0.0,0.0,,,,,,,26.0,0,7.35,0,722.0,,2.0,0,2.0,0.0,,0,,0,,0
2017,1744,"JAJMAU INDUSTRIAL AREA NO. 6 KANPUR, U.P JAMJAM TANNERS, UNNAO, U.P",Uttar Pradesh,28.0,34.0,7.1,7.8,1800.0,2112.0,,,2.0,2.0,2.0,2.0,3.4,3.8,,,,,,,31.0,0,7.449999999999999,0,1956.0,,2.0,0,2.0,3.5999999999999996,,0,,0,,0
2017,1745,PANKI INDUSTRIAL AREA NEAR INDUSTRY OF,Uttar Pradesh,28.0,33.0,7.5,7.8,1392.0,1644.0,,,2.0,2.0,2.0,2.0,4.8,5.4,,,,,,,30.5,0,7.65,0,1518.0,,2.0,0,2.0,5.1,,0,,0,,0
2017,1746,"NAGAR PALIKA TUBE WELL, SULTANPUR, U.P AMMONIA FERTIZER KANPUR, U.P",Uttar Pradesh,19.0,20.0,7.7,7.7,871.0,901.0,,,2.0,2.0,2.0,2.0,0.11,0.12,,,,,,,19.5,0,7.7,0,886.0,,2.0,0,2.0,0.11499999999999999,,0,,0,,0
2017,1747,INDIA MARKA HAND PUMP IN SAROWNI BLOCK,Uttar Pradesh,19.0,21.0,7.8,7.8,901.0,922.0,,,2.0,2.0,2.0,2.0,0.18,0.2,,,,,,,20.0,0,7.8,0,911.5,,2.0,0,2.0,0.19,,0,,0,,0
2017,1749,"TUBE WELL AT MEERUT CITY, U.P AT RAIBAREILLY, U.P",Uttar Pradesh,18.0,19.0,7.2,7.5,670.0,710.0,,,2.0,2.0,2.0,2.0,2.9,3.4,,,,,,,18.5,0,7.35,0,690.0,,2.0,0,2.0,3.15,,0,,0,,0
2017,1750,"TUBE WELL AT BAGPAT CITY, U.P",Uttar Pradesh,18.0,19.0,7.5,7.7,690.0,740.0,,,2.0,2.0,2.0,2.0,2.6,3.3,,,,,,,18.5,0,7.6,0,715.0,,2.0,0,2.0,2.95,,0,,0,,0
2017,1751,"TUBE WELL IN INDUSTRIAL AREA AT GAJRAULA,",Uttar Pradesh,,,7.5,7.5,889.0,889.0,,,,,,,0.0,0.0,,,,,,,,0,7.5,0,889.0,,,0,,0.0,,0,,0,,0
2017,1752,"SAHIBABAD INDUSTRIAL AREA, GHAZIABAD, U.P MORADABAD, U.P",Uttar Pradesh,23.0,25.0,7.0,7.2,1587.0,1636.0,0.2,1.2,2.0,2.0,2.0,2.0,0.4,0.45,,,,,,,24.0,0,7.1,0,1611.5,0.7,2.0,0,2.0,0.42500000000000004,,0,,0,,0
2017,1753,"MEERUT ROAD INDUSTRIAL AREA GHAZIABAD,",Uttar Pradesh,23.0,25.0,7.3,7.5,554.0,586.0,0.4,0.5,2.0,2.0,2.0,2.0,0.38,0.48,,,,,,,24.0,0,7.4,0,570.0,0.45,2.0,0,2.0,0.43,,0,,0,,0
2017,1754,"HAPUR ROAD INDUSTRIAL AREA GHAZIABAD, U.P",Uttar Pradesh,23.0,25.0,7.0,7.2,954.0,1043.0,0.5,0.6,2.0,2.0,2.0,2.0,0.4,0.45,,,,,,,24.0,0,7.1,0,998.5,0.55,2.0,0,2.0,0.42500000000000004,,0,,0,,0
2017,1755,"PILKHUA INDUSTRIAL AREA GHAZIABAD, U.P U.P",Uttar Pradesh,23.0,23.0,7.1,7.5,1578.0,1712.0,0.3,0.3,2.0,2.0,2.0,2.0,0.48,0.48,,,,,,,23.0,0,7.3,0,1645.0,0.3,2.0,0,2.0,0.48,,0,,0,,0
2017,1756,"GOPIGANJ INDUSTRIAL AREA BHADOHI,",Uttar Pradesh,20.0,25.2,7.5,7.7,438.0,468.0,1.4,1.4,2.0,2.0,,,1.5,1.8,,,,,,,22.6,0,7.6,0,453.0,1.4,2.0,0,,1.65,,0,,0,,0
2017,1757,"MIRZAPUR INDUSTRIAL AREA, U.P VARANASI, U.P",Uttar Pradesh,24.6,24.6,7.1,7.1,885.0,885.0,0.3,0.3,,,,,0.08,1.18,,,,,,,24.6,0,7.1,0,885.0,0.3,,0,,0.63,,0,,0,,0
2017,1758,"GROUND AROUND STP DINAPUR, VARANASI,",Uttar Pradesh,21.0,25.8,7.6,7.8,496.0,522.0,0.8,0.8,,,,,1.9,2.2,,,,,,,23.4,0,7.699999999999999,0,509.0,0.8,,0,,2.05,,0,,0,,0
2017,1759,"IFFCO, PHOOLPUR, ALLAHABAD, U.P U.P",Uttar Pradesh,24.6,24.8,7.2,7.2,758.0,762.0,0.3,0.4,,,,,1.22,1.31,,,,,,,24.700000000000003,0,7.2,0,760.0,0.35,,0,,1.2650000000000001,,0,,0,,0
2017,1760,"M/S KANORIA CHEMICAL SONBHADRA, U.P",Uttar Pradesh,24.0,24.0,7.2,7.2,1136.0,1136.0,0.4,0.4,,,,,1.42,1.42,,,,,,,24.0,0,7.2,0,1136.0,0.4,,0,,1.42,,0,,0,,0
2017,1761,"TUBE WELL IN SINGRAULI INDUSTRIAL AREA,",Uttar Pradesh,24.3,24.3,7.2,7.2,1193.0,1193.0,0.3,0.3,,,,,1.48,1.48,,,,,,,24.3,0,7.2,0,1193.0,0.3,,0,,1.48,,0,,0,,0
2017,2467,"CHANDPUR INDUSTRIAL AREA, LAHARTARA, U.P",Uttar Pradesh,20.6,25.4,7.5,7.6,492.0,530.0,0.8,0.8,,,,,2.2,2.5,,,,,,,23.0,0,7.55,0,511.0,0.8,,0,,2.35,,0,,0,,0
2017,2468,"BHADOHI INDUSTRIAL AREA, DEVELOPMENT",Uttar Pradesh,20.0,25.5,7.4,7.6,464.0,490.0,1.2,1.2,,,,,1.4,1.6,,,,,,,22.75,0,7.5,0,477.0,1.2,,0,,1.5,,0,,0,,0
2017,2469,"AT INDUSTRIAL AREA. NAINI, ALLAHABAD AUTHORITY, SANT RAVIDAS NAGAR",Uttar Pradesh,24.3,24.5,7.1,7.2,1197.0,1248.0,0.2,0.3,,,,,1.38,1.44,,,,,,,24.4,0,7.15,0,1222.5,0.25,,0,,1.41,,0,,0,,0
2017,2470,"AT INDUSTRIAL AREA, FATEHPUR",Uttar Pradesh,24.6,24.7,7.2,7.3,1578.0,1686.0,0.3,0.4,,,,,1.41,1.56,,,,,,,24.65,0,7.25,0,1632.0,0.35,,0,,1.4849999999999999,,0,,0,,0
2017,2471,GORAKHPUR INDUSTRIAL DEVELOPMENT,Uttar Pradesh,22.0,28.0,6.9,8.1,496.0,1104.0,2.4,3.6,26.0,40.0,70.0,80.0,0.0,0.22,,,,,,,25.0,0,7.5,0,800.0,3.0,33.0,0,75.0,0.11,,0,,0,,0
2017,2472,"VILLAGE DAURALA, MEERUT AUTHORITY AREA (GIDA), GORAKHPUR",Uttar Pradesh,18.0,19.0,7.2,7.5,710.0,740.0,,,2.0,2.0,2.0,2.0,2.8,3.8,,,,,,,18.5,0,7.35,0,725.0,,2.0,0,2.0,3.3,,0,,0,,0
2017,2473,"KHEKRA, BAGHPAT",Uttar Pradesh,16.0,18.0,7.4,7.7,760.0,780.0,,,2.0,2.0,2.0,2.0,3.2,3.5,,,,,,,17.0,0,7.550000000000001,0,770.0,,2.0,0,2.0,3.35,,0,,0,,0
2017,2474,UNCHAHAAR (NEAR THERMAL POWER PLANT),Uttar Pradesh,18.0,21.0,4.8,7.8,852.0,891.0,,,2.0,2.0,2.0,2.0,0.16,0.18,,,,,,,19.5,0,6.3,0,871.5,,2.0,0,2.0,0.16999999999999998,,0,,0,,0
2017,2475,"INDUSTRIAL AREA, SULTANPUR ROAD",Uttar Pradesh,20.0,22.0,8.0,8.0,759.0,971.0,,,2.0,2.0,2.0,2.0,0.2,0.24,,,,,,,21.0,0,8.0,0,865.0,,2.0,0,2.0,0.22,,0,,0,,0
2017,2479,NEAR M/S KUMAR INTER NATIONAL LAKDI,Uttar Pradesh,24.0,28.0,7.0,7.2,266.0,282.0,0.2,0.5,2.0,2.0,50.0,90.0,0.05,0.08,,,,,,,26.0,0,7.1,0,274.0,0.35,2.0,0,70.0,0.065,,0,,0,,0
2017,2480,"NEAR BRAHMAN MAJRA, PILKHANI FAZALPUR, DELHI ROAD, MORADABAD",Uttar Pradesh,21.0,22.0,7.1,7.4,375.0,450.0,0.0,0.0,,,,,0.0,0.0,,,,,,,21.5,0,7.25,0,412.5,0.0,,0,,0.0,,0,,0,,0
2017,2481,"NEAR PEER BEGRAJ INDSTRIAL AREA,",Uttar Pradesh,17.0,19.0,7.3,7.5,540.0,612.0,0.0,0.0,2.0,2.0,2.0,2.0,0.0,0.0,,,,,,,18.0,0,7.4,0,576.0,0.0,2.0,0,2.0,0.0,,0,,0,,0
2017,1766,"MINE PIT WATER ASSANSOL, WEST BENGAL",West Bengal,34.0,34.0,8.4,8.5,729.0,804.0,0.4,0.6,2.0,2.0,2.0,2.0,0.19,0.86,,,,,,,34.0,0,8.45,0,766.5,0.5,2.0,0,2.0,0.525,,0,,0,,0
2017,1767,"DURGAPUR TOWN, NEAR IISCO, BURDWAN,",West Bengal,26.0,26.0,7.2,8.0,327.0,1108.0,0.7,1.0,2.0,2.0,2.0,2.0,0.71,0.78,,,,,,,26.0,0,7.6,0,717.5,0.85,2.0,0,2.0,0.745,,0,,0,,0
2017,1768,"DURGAPUR TOWN, BURDWAN, WEST BENGAL",West Bengal,24.0,26.0,7.3,7.8,665.0,864.0,0.7,1.2,2.0,17.0,2.0,33.0,0.91,0.99,,,,,,,25.0,0,7.55,0,764.5,0.95,9.5,0,17.5,0.95,,0,,0,,0
2017,1769,"INSIDE HINDUSTAN LIVER FACTORY, HALDIA,",West Bengal,34.0,34.0,7.5,7.8,1830.0,1870.0,0.7,0.8,2.0,2.0,2.0,2.0,0.03,0.07,,,,,,,34.0,0,7.65,0,1850.0,0.75,2.0,0,2.0,0.05,,0,,0,,0
2017,1770,"NEAR IOC REFINERY HALDIA, WEST BENGAL",West Bengal,34.0,34.0,7.5,7.7,1890.0,2000.0,0.5,0.5,2.0,2.0,2.0,2.0,0.18,0.24,,,,,,,34.0,0,7.6,0,1945.0,0.5,2.0,0,2.0,0.21,,0,,0,,0
2017,1771,"KALYANI INDUSTRIAL AREA, NADIA, WEST",West Bengal,27.0,28.0,7.4,7.5,791.0,804.0,0.0,1.1,2.0,2.0,2.0,2.0,1.23,1.32,,,,,,,27.5,0,7.45,0,797.5,0.55,2.0,0,2.0,1.275,,0,,0,,0
2017,1772,"BENGAL BARSAT MUNICIPALITY NORTH 24-P, WEST",West Bengal,28.0,29.0,7.1,7.9,368.0,947.0,1.2,1.9,2.0,2.0,2.0,2.0,0.72,2.55,,,,,,,28.5,0,7.5,0,657.5,1.5499999999999998,2.0,0,2.0,1.6349999999999998,,0,,0,,0
2017,1773,"TANGRA, CALCUTTA , WEST BENGAL BENGAL",West Bengal,27.0,29.0,7.2,7.6,1890.0,1928.0,1.7,4.7,2.0,170.0,2.0,300.0,0.17,0.25,,,,,,,28.0,0,7.4,0,1909.0,3.2,86.0,1,151.0,0.21000000000000002,,0,,0,,0
2017,1774,"TOPSIA CALCUTTA, WEST BENGAL",West Bengal,28.0,28.0,7.2,7.3,1691.0,1846.0,1.4,4.9,2.0,2.0,2.0,2.0,0.16,0.18,,,,,,,28.0,0,7.25,0,1768.5,3.1500000000000004,2.0,0,2.0,0.16999999999999998,,0,,0,,0
2017,1775,"DHAPA CALCUTTA, WEST BENGAL",West Bengal,28.0,29.0,7.3,7.4,1861.0,2113.0,1.8,2.0,2.0,2.0,2.0,4.0,0.1,0.17,,,,,,,28.5,0,7.35,0,1987.0,1.9,2.0,0,3.0,0.135,,0,,0,,0
2017,1776,"GARIA CALCUTTA, WEST BENGAL",West Bengal,28.0,30.0,7.2,7.8,1263.0,1991.0,1.9,2.0,2.0,2.0,2.0,2.0,0.08,0.11,,,,,,,29.0,0,7.5,0,1627.0,1.95,2.0,0,2.0,0.095,,0,,0,,0
2017,1777,"BEHALA CALCUTTA, WEST BENGAL",West Bengal,28.0,28.0,7.6,8.3,917.0,1023.0,1.0,4.7,2.0,2.0,2.0,2.0,0.25,0.3,,,,,,,28.0,0,7.95,0,970.0,2.85,2.0,0,2.0,0.275,,0,,0,,0
2017,1778,"DOMJUR HOWRAH, WEST BENGAL",West Bengal,29.0,29.0,7.7,8.0,676.0,786.0,0.4,1.6,2.0,2.0,2.0,2.0,0.2,0.24,,,,,,,29.0,0,7.85,0,731.0,1.0,2.0,0,2.0,0.22,,0,,0,,0
2017,1779,"DANKUNI (NEAR COAL COMPLEX), WEST",West Bengal,27.0,28.0,7.6,7.7,1077.0,1096.0,2.1,2.3,2.0,2.0,2.0,2.0,0.03,0.06,,,,,,,27.5,0,7.65,0,1086.5,2.2,2.0,0,2.0,0.045,,0,,0,,0
2017,1813,"RISHRA, WEST BENGAL BENGAL",West Bengal,27.5,28.0,7.2,8.2,758.0,778.0,0.4,0.8,2.0,2.0,2.0,2.0,0.03,0.13,,,,,,,27.75,0,7.699999999999999,0,768.0,0.6000000000000001,2.0,0,2.0,0.08,,0,,0,,0
2017,1931,COSSIPORE - NORTH KOLKATA,West Bengal,28.0,29.0,7.6,7.6,1474.0,2336.0,1.3,1.6,2.0,130.0,2.0,500.0,0.32,0.38,,,,,,,28.5,0,7.6,0,1905.0,1.4500000000000002,66.0,1,251.0,0.35,,0,,0,,0
2017,1932,CENTRAL KOLKATA,West Bengal,28.0,28.0,7.6,7.8,621.0,1112.0,0.4,0.9,2.0,80.0,2.0,240.0,0.18,0.3,,,,,,,28.0,0,7.699999999999999,0,866.5,0.65,41.0,1,121.0,0.24,,0,,0,,0
2017,1933,"NEAR GALVANISATION UNIT, HOWRAH",West Bengal,27.0,28.5,7.5,7.5,1161.0,1256.0,0.9,1.3,4.0,8.0,8.0,13.0,0.14,0.2,,,,,,,27.75,0,7.5,0,1208.5,1.1,6.0,0,10.5,0.17,,0,,0,,0
2017,1934,CENTRAL HOWRAH-RESIDENTAIL AREA,West Bengal,27.0,28.5,7.4,7.7,2255.0,2390.0,0.5,2.6,2.0,2.0,2.0,2.0,0.14,0.23,,,,,,,27.75,0,7.550000000000001,0,2322.5,1.55,2.0,0,2.0,0.185,,0,,0,,0
2017,1935,INSIDE KOLKATA LEATHER COMPLEX,West Bengal,29.0,30.0,7.6,7.9,1421.0,1576.0,0.6,1.3,2.0,2.0,2.0,9.0,0.11,0.14,,,,,,,29.5,0,7.75,0,1498.5,0.95,2.0,0,5.5,0.125,,0,,0,,0
2017,1936,RESIDENTIAL AREA - SONARPUR,West Bengal,28.0,31.0,7.5,8.0,880.0,1496.0,1.4,1.9,2.0,2.0,2.0,2.0,0.11,0.26,,,,,,,29.5,0,7.75,0,1188.0,1.65,2.0,0,2.0,0.185,,0,,0,,0
2017,1937,RAJARHAT - NEW TOWNSHIP,West Bengal,28.0,28.0,7.4,7.5,2219.0,2457.0,1.7,4.7,2.0,2.0,2.0,2.0,0.22,0.3,,,,,,,28.0,0,7.45,0,2338.0,3.2,2.0,0,2.0,0.26,,0,,0,,0
2017,1938,BSIRHAT MUNICIPALITY,West Bengal,28.0,32.0,8.0,8.3,1774.0,1791.0,0.3,1.7,2.0,2.0,2.0,2.0,4.05,7.72,,,,,,,30.0,0,8.15,0,1782.5,1.0,2.0,0,2.0,5.885,,0,,0,,0
2017,1939,BARRAKPORE MUNICIPALITY,West Bengal,28.0,29.0,7.5,7.8,363.0,374.0,0.7,1.7,2.0,2.0,2.0,2.0,0.12,0.13,,,,,,,28.5,0,7.65,0,368.5,1.2,2.0,0,2.0,0.125,,0,,0,,0
2017,1940,NEAR THE PHOSPHATE COMPANY-RISHRA,West Bengal,28.0,28.0,7.5,7.7,524.0,547.0,0.7,1.0,2.0,2.0,2.0,2.0,0.08,0.14,,,,,,,28.0,0,7.6,0,535.5,0.85,2.0,0,2.0,0.11000000000000001,,0,,0,,0
2017,1941,"NEAR FLY ASH DUMPING SITE-KUNTIGHAT,",West Bengal,27.0,27.5,7.3,7.3,305.0,397.0,0.6,1.0,2.0,2.0,2.0,2.0,0.36,0.49,,,,,,,27.25,0,7.3,0,351.0,0.8,2.0,0,2.0,0.425,,0,,0,,0
2017,1942,NEAR EXIDE INDUSTRIES-HALDIA BANDEL,West Bengal,32.0,34.0,7.7,7.9,1355.0,1390.0,0.2,0.3,2.0,2.0,2.0,2.0,0.09,0.45,,,,,,,33.0,0,7.800000000000001,0,1372.5,0.25,2.0,0,2.0,0.27,,0,,0,,0
2017,1943,"INSIDE TATA METALIKS, KHARAGPUR",West Bengal,30.5,32.0,7.2,7.2,433.0,487.0,0.6,0.9,2.0,2.0,2.0,2.0,0.04,0.05,,,,,,,31.25,0,7.2,0,460.0,0.75,2.0,0,2.0,0.045,,0,,0,,0
2017,1944,KHARAGPUR INDUSTRIAL AREA,West Bengal,30.0,30.0,6.5,6.9,113.0,117.0,0.4,0.9,2.0,2.0,2.0,2.0,0.62,0.79,,,,,,,30.0,0,6.7,0,115.0,0.65,2.0,0,2.0,0.7050000000000001,,0,,0,,0
2017,1945,ENGLISH BAZAR- MALDAH,West Bengal,22.0,24.0,7.2,7.4,598.0,599.0,0.7,0.8,2.0,2.0,2.0,2.0,0.12,0.22,,,,,,,23.0,0,7.300000000000001,0,598.5,0.75,2.0,0,2.0,0.16999999999999998,,0,,0,,0
2017,2510,GEOKHALI BUNGLOW MIDNAPUR-EAST,West Bengal,28.0,28.5,7.7,8.1,990.0,1061.0,0.2,0.7,2.0,2.0,2.0,2.0,0.03,0.1,,,,,,,28.25,0,7.9,0,1025.5,0.44999999999999996,2.0,0,2.0,0.065,,0,,0,,0
2017,2515,"SDO OFFICE, RANAGHAT",West Bengal,28.0,28.0,7.7,7.9,577.0,596.0,1.1,1.6,2.0,2.0,2.0,2.0,0.04,0.75,,,,,,,28.0,0,7.800000000000001,0,586.5,1.35,2.0,0,2.0,0.395,,0,,0,,0
2017,2516,"SDO OFFICE, KRISHNANAGAR",West Bengal,28.0,28.0,7.7,7.7,744.0,759.0,0.8,2.9,2.0,2.0,2.0,2.0,0.12,0.76,,,,,,,28.0,0,7.7,0,751.5,1.85,2.0,0,2.0,0.44,,0,,0,,0
2017,2526,FULBARI BARRAGE,West Bengal,24.0,27.0,6.1,6.4,100.0,126.0,1.1,1.4,60.0,170.0,140.0,350.0,0.42,0.46,,,,,,,25.5,0,6.25,0,113.0,1.25,115.0,1,245.0,0.44,,0,,0,,0
2017,2528,GROUND WATER POINT INSIDE BURDWAN,West Bengal,28.0,29.5,7.4,7.5,419.0,465.0,1.3,2.2,2.0,7.0,2.0,12.0,0.65,0.87,,,,,,,28.75,0,7.45,0,442.0,1.75,4.5,0,7.0,0.76,,0,,0,,0
2017,2529,UNIVERSITY GROUND WATER POINT NEAR BURDWAN,West Bengal,28.0,28.5,7.1,7.1,908.0,1072.0,0.9,1.4,2.0,4.0,2.0,6.0,0.26,0.42,,,,,,,28.25,0,7.1,0,990.0,1.15,3.0,0,4.0,0.33999999999999997,,0,,0,,0
2017,2530,HOT SPRING AT BAKRESHWAR STATION,West Bengal,65.0,68.0,9.0,9.4,537.0,568.0,1.1,1.1,2.0,2.0,2.0,2.0,0.41,0.6,,,,,,,66.5,1,9.2,1,552.5,1.1,2.0,0,2.0,0.505,,0,,0,,0
2017,2533,SURI TOWN NEAR BUS STAND,West Bengal,29.0,29.0,7.2,7.3,709.0,841.0,0.9,0.9,6.0,21.0,11.0,33.0,0.35,0.81,,,,,,,29.0,0,7.25,0,775.0,0.9,13.5,0,22.0,0.5800000000000001,,0,,0,,0
2017,2535,VISVA BHARATI,West Bengal,29.0,35.0,7.3,7.3,484.0,538.0,1.2,1.6,2.0,2.0,2.0,2.0,0.26,0.93,,,,,,,32.0,0,7.3,0,511.0,1.4,2.0,0,2.0,0.595,,0,,0,,0
2017,2536,NALHATI RAILWAY STATION OF BIRBHUM,West Bengal,28.0,28.5,6.9,6.9,860.0,932.0,1.3,1.9,2.0,4.0,2.0,9.0,0.67,1.1,,,,,,,28.25,0,6.9,0,896.0,1.6,3.0,0,5.5,0.885,,0,,0,,0
2017,2537,BOLPUR NEAR RAILWAY STATION,West Bengal,27.0,29.0,6.1,6.5,528.0,824.0,0.9,1.5,2.0,2.0,2.0,2.0,0.31,1.18,,,,,,,28.0,0,6.3,0,676.0,1.2,2.0,0,2.0,0.745,,0,,0,,0
2017,2538,MOREGRAM CROSSING,West Bengal,28.0,28.0,7.0,7.1,334.0,418.0,1.2,1.8,2.0,6.0,2.0,11.0,0.45,1.1,,,,,,,28.0,0,7.05,0,376.0,1.5,4.0,0,6.5,0.775,,0,,0,,0
2017,2540,SATI GHAT AT BANKURA TOWN,West Bengal,30.0,31.0,7.1,7.1,1336.0,2019.0,0.9,1.2,2.0,2.0,2.0,2.0,0.05,0.55,,,,,,,30.5,0,7.1,0,1677.5,1.05,2.0,0,2.0,0.30000000000000004,,0,,0,,0
2017,2542,DWARIKA AT BISHNUPUR TOWN,West Bengal,30.0,32.0,6.5,7.0,1021.0,1284.0,1.1,1.3,2.0,4.0,2.0,7.0,0.67,0.96,,,,,,,31.0,0,6.75,0,1152.5,1.2000000000000002,3.0,0,4.5,0.815,,0,,0,,0
2017,2543,SDO OFFICE AT BISHNUPUR TOWN,West Bengal,30.0,30.0,7.5,7.9,171.0,178.0,0.7,1.0,2.0,2.0,2.0,2.0,0.89,0.96,,,,,,,30.0,0,7.7,0,174.5,0.85,2.0,0,2.0,0.925,,0,,0,,0
2017,2545,GROUND WATER POINT AT PURULIA RK,West Bengal,29.0,34.0,7.0,7.1,1457.0,1703.0,0.9,1.6,2.0,2.0,2.0,2.0,0.59,1.28,,,,,,,31.5,0,7.05,0,1580.0,1.25,2.0,0,2.0,0.935,,0,,0,,0
2017,2546,ULUBERIA COLLEGE AT HOWRAH MISSION,West Bengal,29.0,34.0,7.6,8.2,928.0,1066.0,0.6,2.2,2.0,2.0,2.0,4.0,0.07,0.1,,,,,,,31.5,0,7.8999999999999995,0,997.0,1.4000000000000001,2.0,0,3.0,0.085,,0,,0,,0
2017,2547,"AMTOLA ON DIAMOND HARBOUR ROAD, 24",West Bengal,27.0,27.0,7.4,8.2,1906.0,10380.0,1.0,6.3,2.0,8.0,2.0,14.0,0.51,0.64,,,,,,,27.0,0,7.8,0,6143.0,3.65,5.0,0,8.0,0.575,,0,,0,,0
2017,2548,"HIDCO OFFICE, RAJARHAT PARGANAS (S)",West Bengal,29.0,29.0,7.9,8.7,356.0,2250.0,1.4,2.6,2.0,22.0,2.0,80.0,0.07,0.17,,,,,,,29.0,0,8.3,1,1303.0,2.0,12.0,0,41.0,0.12000000000000001,,0,,0,,0
