Year,STN_Code,Monitoring_Location,State,Temp_Min_C,Temp_Max_C,pH_Min,pH_Max,Conductivity_Min,Conductivity_Max,BOD_Min,BOD_Max,NitrateN_NitriteN_Min,NitrateN_NitriteN_Max,Fecal_Coliform_Min,Fecal_Coliform_Max,Total_Coliform_Min,Total_Coliform_Max,TDS_Min,TDS_Max,Fluoride_Min,Fluoride_Max,Arsenic_Min,Arsenic_Max,Temp_Mean,Temp_Exceeds_BIS,pH_Mean,pH_Exceeds_BIS,Conductivity_Mean,BOD_Mean,NitrateN_NitriteN_Mean,NitrateN_NitriteN_Exceeds_BIS,Fecal_Coliform_Mean,Total_Coliform_Mean,TDS_Mean,TDS_Exceeds_BIS,Fluoride_Mean,Fluoride_Exceeds_BIS,Arsenic_Mean,Arsenic_Exceeds_BIS
2018,26,"WELL AT GRAM PANCHAYAT OFFICE, KAANURU,",Andhra Pradesh,25.0,25.0,7.4,7.8,1440.0,1808.0,1.0,1.2,3.6,3.7,2.0,2.0,400.0,400.0,,,,,,,25.0,0,7.6,0,1624.0,1.1,3.6500000000000004,0,2.0,400.0,,0,,0,,0
2018,1513,"VIJAYWADA BOREWELL KRISHNA MURTHY, D.NO. 48-16-43",Andhra Pradesh,26.0,26.0,7.6,8.1,1614.0,1751.0,1.0,1.2,2.7,3.6,2.0,2.0,400.0,800.0,,,,,,,26.0,0,7.85,0,1682.5,1.1,3.1500000000000004,0,2.0,600.0,,0,,0,,0
2018,1514,AUTONAGAR VIJJAYAWADA BOREWELL VIJAY KUMAR AUTONAGAR,Andhra Pradesh,25.0,25.0,7.3,7.5,1685.0,2039.0,1.0,1.6,0.9,3.9,2.0,2.0,400.0,400.0,,,,,,,25.0,0,7.4,0,1862.0,1.3,2.4,0,2.0,400.0,,0,,0,,0
2018,1516,"BOREWELL OF NAVLOK GARDENS, NELLORE VIJAYAWADA",Andhra Pradesh,25.0,25.0,7.6,8.7,845.0,2160.0,1.0,1.2,2.2,30.0,2.0,2.0,400.0,800.0,,,,,,,25.0,0,8.149999999999999,1,1502.5,1.1,16.1,0,2.0,600.0,,0,,0,,0
2018,1517,BOREWELL NEAR TUNGBHADRA KURNOOL,Andhra Pradesh,22.0,26.0,7.4,7.4,4340.0,5500.0,0.5,2.0,3.7,15.2,2.0,2.0,2.0,2.0,,,,,,,24.0,0,7.4,0,4920.0,1.25,9.45,0,2.0,2.0,,0,,0,,0
2018,1518,BOREWELL AT NANDYAL (KUNDU),Andhra Pradesh,22.0,27.0,7.1,7.5,6140.0,6180.0,0.8,2.0,3.0,34.2,2.0,2.0,2.0,2.0,,,,,,,24.5,0,7.3,0,6160.0,1.4,18.6,0,2.0,2.0,,0,,0,,0
2018,1519,BOREWELL AT NAGIRI,Andhra Pradesh,28.0,29.0,7.3,7.6,2120.0,2180.0,0.5,2.0,4.7,24.8,2.0,2.0,2.0,2.0,,,,,,,28.5,0,7.449999999999999,0,2150.0,1.25,14.75,0,2.0,2.0,,0,,0,,0
2018,1520,BOREWELL NEAR SWARNAMUKHI AT,Andhra Pradesh,28.0,28.0,7.3,7.6,762.0,928.0,0.5,2.0,2.4,19.0,2.0,2.0,2.0,2.0,,,,,,,28.0,0,7.449999999999999,0,845.0,1.25,10.7,0,2.0,2.0,,0,,0,,0
2018,1521,"SRIKALAHASTI OPEN WELL NEAR RAMA TEMPLE , WARD NO.2 ,",Andhra Pradesh,25.0,28.0,7.0,8.0,1938.0,2355.0,1.2,1.4,6.5,10.6,15.0,21.0,460.0,460.0,,,,,,,26.5,0,7.5,0,2146.5,1.2999999999999998,8.55,0,18.0,460.0,,0,,0,,0
2018,1522,"OPEN WELL PEDDANUVVI - VIZIANAGARAM MINDI , VISAKHAPATNAM",Andhra Pradesh,27.0,27.0,7.0,8.0,529.0,560.0,1.4,1.7,0.6,0.7,9.0,15.0,150.0,210.0,,,,,,,27.0,0,7.5,0,544.5,1.5499999999999998,0.6499999999999999,0,12.0,180.0,,0,,0,,0
2018,1523,"BOREWELL NEAR M/S ANDHRA SUGARS LTD. ,",Andhra Pradesh,25.0,27.0,7.0,8.0,391.0,434.0,1.2,1.4,0.6,3.4,7.0,11.0,75.0,150.0,,,,,,,26.0,0,7.5,0,412.5,1.2999999999999998,2.0,0,9.0,112.5,,0,,0,,0
2018,1524,KOVVUR OPEN WELL NEAR PARTAP NAGAR BRIDGE -,Andhra Pradesh,27.0,29.0,7.0,8.0,1057.0,1817.0,1.3,1.4,2.3,3.6,9.0,11.0,110.0,150.0,,,,,,,28.0,0,7.5,0,1437.0,1.35,2.95,0,10.0,130.0,,0,,0,,0
2018,3087,"KAKINADA BORE WELL NEAR VILLAGE SECRETARIAT,",Andhra Pradesh,26.0,26.0,7.6,7.9,1360.0,2164.0,1.0,1.8,3.0,8.1,2.0,2.0,800.0,800.0,,,,,,,26.0,0,7.75,0,1762.0,1.4,5.55,0,2.0,800.0,,0,,0,,0
2018,3089,"PATHAPADU (V) HAND PUMP AT TANAM VILL.,",Andhra Pradesh,27.0,30.0,7.8,8.0,2238.0,2431.0,1.0,1.3,10.7,12.2,15.0,21.0,240.0,460.0,,,,,,,28.5,0,7.9,0,2334.5,1.15,11.45,0,18.0,350.0,,0,,0,,0
2018,3090,"VISHAKHAPATNAM HAND PUMP AT PITTAVANIPALEM,",Andhra Pradesh,28.0,29.0,7.0,7.2,2277.0,2710.0,1.2,2.0,4.8,17.3,11.0,15.0,110.0,210.0,,,,,,,28.5,0,7.1,0,2493.5,1.6,11.05,0,13.0,160.0,,0,,0,,0
2018,3091,"VISHAKHAPATNAM BORE WELL AT KAPULUPPADA DUMPSITE,",Andhra Pradesh,28.0,29.0,7.0,8.0,3100.0,4369.0,1.4,2.2,2.9,11.2,9.0,11.0,350.0,350.0,,,,,,,28.5,0,7.5,0,3734.5,1.8,7.05,0,10.0,350.0,,0,,0,,0
2018,3092,"VISHAKHAPATNAM BORE WELL AT ARINAMA AKKIVALASA,",Andhra Pradesh,28.0,28.0,7.0,8.0,862.0,1191.0,1.3,1.7,5.7,7.3,11.0,15.0,150.0,150.0,,,,,,,28.0,0,7.5,0,1026.5,1.5,6.5,0,13.0,150.0,,0,,0,,0
2018,3093,"SRIKAKULAM BORE WELL AT ALLADAPALEM VILLAGE,",Andhra Pradesh,30.0,30.0,7.0,7.0,1710.0,1935.0,0.8,1.4,7.2,12.1,9.0,11.0,75.0,210.0,,,,,,,30.0,0,7.0,0,1822.5,1.1,9.65,0,10.0,142.5,,0,,0,,0
2018,1533,"DIGBOI, TINSUKIA DISTT., ASSAM",Assam,18.0,22.0,6.0,6.1,45.0,448.0,1.1,2.5,0.3,0.4,2.0,2.0,2.0,2.0,,,,,,,20.0,0,6.05,0,246.5,1.8,0.35,0,2.0,2.0,,0,,0,,0
2018,1534,"KARBI ANGLONG DISTT., ASSAM",Assam,26.0,26.0,5.4,6.4,105.0,1240.0,1.9,2.5,0.4,0.4,2.0,2.0,2.0,2.0,,,,,,,26.0,0,5.9,0,672.5,2.2,0.4,0,2.0,2.0,,0,,0,,0
2018,1535,"SIBSAGAR GOVT ME SCHOOL WARD 6, RED",Assam,24.0,25.0,6.7,7.5,212.0,217.0,1.1,1.6,0.1,2.4,,,,,,,,,,,24.5,0,7.1,0,214.5,1.35,1.25,0,,,,0,,0,,0
2018,1536,"CROSS ROAD , ASSAM NEAR BPMS H.S. SCHOOL SONARI TOWN DIST",Assam,22.0,25.0,6.7,7.0,217.0,228.0,1.5,1.6,0.1,0.6,2.0,2.0,2.0,2.0,,,,,,,23.5,0,6.85,0,222.5,1.55,0.35,0,2.0,2.0,,0,,0,,0
2018,1537,"*(JORHAT, ASSAM CHARAIDEO",Assam,27.0,29.0,6.7,7.7,225.0,416.0,1.5,2.6,0.2,1.6,2.0,2.0,2.0,2.0,,,,,,,28.0,0,7.2,0,320.5,2.05,0.9,0,2.0,2.0,,0,,0,,0
2018,1538,"*SILCHAR, ASSAM",Assam,24.0,24.0,5.5,6.5,95.0,120.0,0.7,1.8,2.4,3.7,2.0,2.0,2.0,2.0,,,,,,,24.0,0,6.0,0,107.5,1.25,3.05,0,2.0,2.0,,0,,0,,0
2018,1539,"*BARPETA, ASSAM",Assam,28.0,28.0,6.9,7.4,222.0,580.0,1.0,1.5,0.2,0.7,2.0,2.0,2.0,2.0,,,,,,,28.0,0,7.15,0,401.0,1.25,0.44999999999999996,0,2.0,2.0,,0,,0,,0
2018,1540,"*BONAIGAON, ASSAM",Assam,27.0,27.0,7.0,7.4,96.0,139.0,1.1,1.2,0.1,5.0,2.0,2.0,2.0,2.0,,,,,,,27.0,0,7.2,0,117.5,1.15,2.55,0,2.0,2.0,,0,,0,,0
2018,1541,"NOONMATI GUWAHATI, ASSAM",Assam,26.0,29.0,6.4,6.8,238.0,265.0,1.5,1.5,0.7,1.1,2.0,2.0,2.0,2.0,,,,,,,27.5,0,6.6,0,251.5,1.5,0.9,0,2.0,2.0,,0,,0,,0
2018,1542,"NEAR SIJUBARI MAZAR, NATBOMA HATIGAON",Assam,26.0,30.0,6.6,7.9,256.0,565.0,1.2,1.6,0.2,0.4,2.0,2.0,2.0,2.0,,,,,,,28.0,0,7.25,0,410.5,1.4,0.30000000000000004,0,2.0,2.0,,0,,0,,0
2018,2243,"GROUND WATER FROM LEDO, MARGHERITA,",Assam,18.0,22.0,5.2,5.7,153.0,227.0,1.0,2.0,0.4,0.5,2.0,2.0,2.0,2.0,,,,,,,20.0,0,5.45,0,190.0,1.5,0.45,0,2.0,2.0,,0,,0,,0
2018,2244,"GROUND WATER FROM NAZIRA, ASSAM",Assam,22.0,25.0,6.7,7.8,246.0,254.0,0.9,1.5,0.2,2.1,2.0,2.0,2.0,2.0,,,,,,,23.5,0,7.25,0,250.0,1.2,1.1500000000000001,0,2.0,2.0,,0,,0,,0
2018,2245,GROUND WATER FROM NUMALIGARH (NEAR,Assam,27.0,28.0,5.6,5.7,72.0,198.0,1.7,2.2,0.2,0.4,2.0,2.0,2.0,2.0,,,,,,,27.5,0,5.65,0,135.0,1.9500000000000002,0.30000000000000004,0,2.0,2.0,,0,,0,,0
2018,2246,"GROUND WATER FROM SEMENCHAPARI, ASSAM NRL TE LABOR COLONY), ASSAM",Assam,15.0,22.0,6.9,7.0,110.0,152.0,1.0,1.3,0.3,0.7,2.0,2.0,2.0,2.0,,,,,,,18.5,0,6.95,0,131.0,1.15,0.5,0,2.0,2.0,,0,,0,,0
2018,2247,"GROUND WATER FROM SILAPATHAR, ASSAM",Assam,15.0,24.0,6.3,6.4,234.0,250.0,4.6,4.8,0.6,1.9,2.0,2.0,2.0,2.0,,,,,,,19.5,0,6.35,0,242.0,4.699999999999999,1.25,0,2.0,2.0,,0,,0,,0
2018,2248,"GROUND WATER FROM LAKHIMPUR TOWN,",Assam,26.0,26.0,5.8,6.1,124.0,242.0,1.6,3.4,0.6,9.2,2.0,2.0,2.0,2.0,,,,,,,26.0,0,5.949999999999999,0,183.0,2.5,4.8999999999999995,0,2.0,2.0,,0,,0,,0
2018,2249,GROUND WATER FROM TEZPUR (MISSION,Assam,25.0,25.0,6.6,6.7,179.0,208.0,1.0,1.8,0.7,1.3,2.0,2.0,2.0,2.0,,,,,,,25.0,0,6.65,0,193.5,1.4,1.0,0,2.0,2.0,,0,,0,,0
2018,2250,"CHARIALI), ASSAM GROUND WATER FROM NAGAON (PANIGAON),",Assam,26.0,28.0,6.3,7.1,256.0,287.0,1.4,2.0,0.6,0.7,2.0,2.0,2.0,2.0,,,,,,,27.0,0,6.699999999999999,0,271.5,1.7,0.6499999999999999,0,2.0,2.0,,0,,0,,0
2018,2251,GROUND WATER FROM JAGIROAD NEAR HPC,Assam,26.0,30.0,5.7,5.8,271.0,685.0,2.7,4.0,0.6,5.8,2.0,2.0,2.0,2.0,,,,,,,28.0,0,5.75,0,478.0,3.35,3.1999999999999997,0,2.0,2.0,,0,,0,,0
2018,2252,"EFFLUENT DISCHARGE POINT, ASSAM GROUND WATER NEAR MSW DUMPING SITE AT",Assam,26.0,29.0,6.6,7.0,169.0,170.0,1.4,1.9,0.2,0.4,2.0,2.0,2.0,2.0,,,,,,,27.5,0,6.8,0,169.5,1.65,0.30000000000000004,0,2.0,2.0,,0,,0,,0
2018,2253,"GROUND WATER FROM NALBARI, ASSAM GARCHUK-GUWAHATI, ASSAM",Assam,29.0,30.0,6.3,6.8,188.0,195.0,1.0,1.5,0.2,2.3,2.0,2.0,2.0,2.0,,,,,,,29.5,0,6.55,0,191.5,1.25,1.25,0,2.0,2.0,,0,,0,,0
2018,2254,GROUND WATER FROM BARPETA ROAD(RLY,Assam,29.0,29.0,7.4,7.8,362.0,480.0,1.1,1.4,0.6,0.7,2.0,2.0,2.0,2.0,,,,,,,29.0,0,7.6,0,421.0,1.25,0.6499999999999999,0,2.0,2.0,,0,,0,,0
2018,2255,"STATION), ASSAM GROUND WATER NEAR BPRL, DHALIGAON,",Assam,25.0,30.0,7.2,7.5,80.0,140.0,1.2,1.2,0.2,4.1,2.0,2.0,2.0,2.0,,,,,,,27.5,0,7.35,0,110.0,1.2,2.15,0,2.0,2.0,,0,,0,,0
2018,2256,GROUND WATER FROM KOKRAJHAR DISTRICT,Assam,29.0,29.0,6.1,6.8,101.0,336.0,1.2,1.2,0.1,0.6,2.0,2.0,2.0,2.0,,,,,,,29.0,0,6.449999999999999,0,218.5,1.2,0.35,0,2.0,2.0,,0,,0,,0
2018,2257,"(HS SCHOOL ), ASSAM GROUND WATER FROM DHUBRI DISTRICT",Assam,30.0,32.0,6.7,6.8,330.0,422.0,1.3,1.6,0.3,0.5,2.0,2.0,2.0,2.0,,,,,,,31.0,0,6.75,0,376.0,1.4500000000000002,0.4,0,2.0,2.0,,0,,0,,0
2018,2258,"(COLLEGE NAGAR ), ASSAM GROUND WATER FROM GOALPARA DIST.",Assam,28.0,29.0,6.6,7.2,324.0,333.0,1.3,1.8,0.3,3.3,2.0,2.0,2.0,2.0,,,,,,,28.5,0,6.9,0,328.5,1.55,1.7999999999999998,0,2.0,2.0,,0,,0,,0
2018,2259,"(GOALPARA COLLEGE ), ASSAM GROUND WATER FROM DIPHU (GOVT. COLLEGE),",Assam,27.0,27.0,6.9,7.0,716.0,785.0,2.0,2.0,0.3,0.5,2.0,2.0,2.0,2.0,,,,,,,27.0,0,6.95,0,750.5,2.0,0.4,0,2.0,2.0,,0,,0,,0
2018,2260,"GROUND WATER FROM HAMREN, ASSAM",Assam,28.0,28.0,6.8,6.9,33.0,265.0,1.5,2.1,0.2,0.7,2.0,2.0,2.0,2.0,,,,,,,28.0,0,6.85,0,149.0,1.8,0.44999999999999996,0,2.0,2.0,,0,,0,,0
2018,2261,"GROUND WATER FROM HAFLONG, ASSAM",Assam,21.0,23.0,5.7,7.3,120.0,120.0,1.0,1.4,0.1,0.1,2.0,2.0,2.0,2.0,,,,,,,22.0,0,6.5,0,120.0,1.2,0.1,0,2.0,2.0,,0,,0,,0
2018,2262,"GROUND WATER FROM KARIMGANJ (COLLEGE),",Assam,24.0,24.0,5.7,6.8,120.0,138.0,1.0,1.0,0.3,0.6,2.0,2.0,2.0,2.0,,,,,,,24.0,0,6.25,0,129.0,1.0,0.44999999999999996,0,2.0,2.0,,0,,0,,0
2018,2263,GROUND WATER FROM HIALAKANDI (NEAR ASTC,Assam,24.0,25.0,6.6,7.3,192.0,192.0,1.0,1.2,0.3,0.4,2.0,2.0,2.0,2.0,,,,,,,24.5,0,6.949999999999999,0,192.0,1.1,0.35,0,2.0,2.0,,0,,0,,0
2018,2264,"BUS STAND ), ASSAM GROUND WATER IN PANCHGRAM MARKET NEAR",Assam,24.0,25.0,6.6,7.2,142.0,162.0,4.0,4.8,0.3,1.7,2.0,2.0,2.0,2.0,,,,,,,24.5,0,6.9,0,152.0,4.4,1.0,0,2.0,2.0,,0,,0,,0
2018,3761,"BISWANATH CHARIALI TOWN CACHAR PAPER MILL, ASSAM",Assam,25.0,25.0,6.4,7.2,181.0,258.0,1.1,2.4,0.1,0.5,2.0,2.0,2.0,2.0,,,,,,,25.0,0,6.800000000000001,0,219.5,1.75,0.3,0,2.0,2.0,,0,,0,,0
2018,3762,"MUNICIPAL WASTE PROCESSING FACILITY,",Assam,26.0,26.0,6.5,6.7,260.0,370.0,1.4,1.6,0.6,2.3,2.0,2.0,2.0,2.0,,,,,,,26.0,0,6.6,0,315.0,1.5,1.45,0,2.0,2.0,,0,,0,,0
2018,3766,"MANGALDOI TOWN MORABHARLI, TEZPUR",Assam,24.0,30.0,6.3,7.3,113.0,159.0,1.5,2.1,0.8,1.0,2.0,2.0,2.0,2.0,,,,,,,27.0,0,6.8,0,136.0,1.8,0.9,0,2.0,2.0,,0,,0,,0
2018,3770,GROUND WATER NEAR GARMUR RECREATION,Assam,27.0,29.0,6.8,7.6,226.0,227.0,1.7,2.5,0.1,4.7,2.0,2.0,2.0,2.0,,,,,,,28.0,0,7.199999999999999,0,226.5,2.1,2.4,0,2.0,2.0,,0,,0,,0
2018,3771,"GROUND, JORHAT GROUND WATER FROM TITABAR URBAN WATER",Assam,26.0,28.0,7.2,7.6,316.0,316.0,1.8,2.3,0.3,2.1,2.0,2.0,2.0,2.0,,,,,,,27.0,0,7.4,0,316.0,2.05,1.2,0,2.0,2.0,,0,,0,,0
2018,3779,"GROUND WATER FROM GARMUR, MAJULI SUPPLY, TITABAR",Assam,24.0,28.0,5.7,7.5,165.0,297.0,1.6,1.8,0.4,2.4,2.0,2.0,2.0,2.0,,,,,,,26.0,0,6.6,0,231.0,1.7000000000000002,1.4,0,2.0,2.0,,0,,0,,0
2018,3790,"GOGAMUKH PUBLIC WATER SUPPLY SCHEME,",Assam,15.0,23.0,5.9,6.7,151.0,265.0,1.1,1.8,0.8,1.0,2.0,2.0,2.0,2.0,,,,,,,19.0,0,6.300000000000001,0,208.0,1.4500000000000002,0.9,0,2.0,2.0,,0,,0,,0
2018,3793,"RUPJYOTI COLONY (NAGABALI) MUNICIPALITY GOGAMUKH, DHEMAJI TUBE WELL AT R/O SRI TANKESWAR DAS,",Assam,27.0,27.0,5.6,7.1,157.0,458.0,2.4,5.9,0.5,0.5,2.0,2.0,2.0,2.0,,,,,,,27.0,0,6.35,0,307.5,4.15,0.5,0,2.0,2.0,,0,,0,,0
2018,3794,"BOSAGAON NEAR BY THE ATHKHALIA, DUMPING SITE, GOLAGHAT TUBE WELL AT R/O SRI ANIL BAORA AT",Assam,27.0,27.0,6.9,7.2,456.0,478.0,2.0,14.0,0.4,0.4,2.0,2.0,2.0,2.0,,,,,,,27.0,0,7.050000000000001,0,467.0,8.0,0.4,0,2.0,2.0,,0,,0,,0
2018,3795,TUBE WELL OF WOKHA GORONGA GIRLS ME,Assam,27.0,27.0,7.3,7.6,346.0,357.0,1.7,1.9,0.3,0.3,2.0,2.0,2.0,2.0,,,,,,,27.0,0,7.449999999999999,0,351.5,1.7999999999999998,0.3,0,2.0,2.0,,0,,0,,0
2018,3801,"SCHOOL, GOROUNGA TINIALI, FURKATING GROUND WATER FROM MEHEPUR TRENCHING",Assam,24.0,25.0,6.7,7.4,336.0,450.0,4.2,4.4,0.4,1.0,2.0,2.0,2.0,2.0,,,,,,,24.5,0,7.050000000000001,0,393.0,4.300000000000001,0.7,0,2.0,2.0,,0,,0,,0
2018,3802,"CLUSTER OF NURSING HOME & DIAGNOSTIC GROUND, MEHERPUR, CACHAR GROUND WATER FROM MEHEPUR NEAR A",Assam,24.0,25.0,7.1,7.2,321.0,336.0,2.2,2.6,0.2,1.3,2.0,2.0,2.0,2.0,,,,,,,24.5,0,7.15,0,328.5,2.4000000000000004,0.75,0,2.0,2.0,,0,,0,,0
2018,3805,"CENTRE, MEHERPUR, CACHAR GROUND WATER NEAR BADARPUR INDUSTRIAL",Assam,24.0,25.0,6.5,6.7,164.0,168.0,2.2,3.2,0.4,1.3,2.0,2.0,2.0,2.0,,,,,,,24.5,0,6.6,0,166.0,2.7,0.8500000000000001,0,2.0,2.0,,0,,0,,0
2018,3813,"GROUND WATER FROM BONDA, GUWAHATI AREA AT BADARPUR GHAT, KARIMGANJ",Assam,26.0,28.0,6.2,6.3,266.0,273.0,1.4,2.1,0.8,1.1,2.0,2.0,2.0,2.0,,,,,,,27.0,0,6.25,0,269.5,1.75,0.9500000000000001,0,2.0,2.0,,0,,0,,0
2018,3815,"GROUND WATER FROM KHANAPARA,",Assam,27.0,28.0,6.8,6.9,220.0,606.0,1.5,1.6,0.8,3.5,2.0,2.0,2.0,2.0,,,,,,,27.5,0,6.85,0,413.0,1.55,2.15,0,2.0,2.0,,0,,0,,0
2018,3816,"GROUND WATER FROM BASISTHA, GUWAHATI GUWAHATI",Assam,26.0,27.0,6.2,6.7,196.0,256.0,1.4,1.8,1.0,2.8,2.0,2.0,2.0,2.0,,,,,,,26.5,0,6.45,0,226.0,1.6,1.9,0,2.0,2.0,,0,,0,,0
2018,3817,"GROUND WATER FROM KAHILIPARA, GUWAHATI",Assam,25.0,27.0,6.4,6.8,266.0,391.0,0.8,1.3,0.3,1.1,2.0,2.0,2.0,2.0,,,,,,,26.0,0,6.6,0,328.5,1.05,0.7000000000000001,0,2.0,2.0,,0,,0,,0
2018,3818,"GROUND WATER FROM MALIGAON, GUWAHATI",Assam,25.0,25.0,6.9,7.2,281.0,290.0,1.7,1.8,0.1,0.8,2.0,2.0,2.0,2.0,,,,,,,25.0,0,7.050000000000001,0,285.5,1.75,0.45,0,2.0,2.0,,0,,0,,0
2018,4001,GROUND WATER FROM PANJABARI,Assam,21.0,27.0,6.6,6.9,341.0,362.0,1.0,1.3,0.4,3.0,2.0,2.0,2.0,2.0,,,,,,,24.0,0,6.75,0,351.5,1.15,1.7,0,2.0,2.0,,0,,0,,0
2018,4002,GROUND WATER FROM SANTIPUR,Assam,25.0,28.0,6.7,6.9,207.0,253.0,1.0,1.0,0.5,0.7,2.0,2.0,2.0,2.0,,,,,,,26.5,0,6.800000000000001,0,230.0,1.0,0.6,0,2.0,2.0,,0,,0,,0
2018,4003,GROUND WATER FROM TEZPUR COLLEGIATE,Assam,23.0,30.0,7.4,7.5,131.0,131.0,1.0,1.7,0.3,1.0,2.0,2.0,2.0,2.0,,,,,,,26.5,0,7.45,0,131.0,1.35,0.65,0,2.0,2.0,,0,,0,,0
2018,4007,GROUND WATER FROM LAKWAH HIGH SCHOOL,Assam,23.0,25.0,6.5,7.4,166.0,323.0,1.5,2.7,0.3,0.8,2.0,2.0,2.0,2.0,,,,,,,24.0,0,6.95,0,244.5,2.1,0.55,0,2.0,2.0,,0,,0,,0
2018,4008,GROUND WATER FROM GELEKY,Assam,23.0,27.0,7.2,7.3,249.0,272.0,1.1,1.8,0.3,3.1,2.0,2.0,2.0,2.0,,,,,,,25.0,0,7.25,0,260.5,1.4500000000000002,1.7,0,2.0,2.0,,0,,0,,0
2018,4303,GROUND WATER FROM SATGAON,Assam,26.0,26.0,6.2,7.2,103.0,322.0,1.0,1.8,0.7,2.1,2.0,2.0,2.0,2.0,,,,,,,26.0,0,6.7,0,212.5,1.4,1.4,0,2.0,2.0,,0,,0,,0
2018,1825,BORE WELL WATER AT KATRA BAZAR WATER,Bihar,24.0,26.0,7.3,7.8,487.0,519.0,0.1,0.4,2.0,2.0,2.0,2.0,,,,,,,,,25.0,0,7.55,0,503.0,0.25,2.0,0,2.0,,,0,,0,,0
2018,1826,"TANK, MALSALAMI, PATNA BORE WELL WATER AT BHUT NATH ROAD WATER",Bihar,23.0,24.0,7.4,7.6,463.0,516.0,0.0,0.1,2.0,2.0,2.0,2.0,,,,,,,,,23.5,0,7.5,0,489.5,0.05,2.0,0,2.0,,,0,,0,,0
2018,1827,"TANK SEC-3, KANKARBAGH,PATNA TAP WATER COMING FROM OVER HEAD TANK",Bihar,24.0,24.0,7.4,7.4,465.0,539.0,0.0,0.2,2.0,2.0,2.0,2.0,,,,,,,,,24.0,0,7.4,0,502.0,0.1,2.0,0,2.0,,,0,,0,,0
2018,1828,"WATER BOARD HEAD OFFICE, NEAR HIGH COURT, PMCH CAMPUS, PATNA BORE WELL WATER IN CAMPUS OF PATNA",Bihar,23.0,26.0,7.3,7.5,514.0,570.0,0.0,0.3,2.0,2.0,2.0,2.0,,,,,,,,,24.5,0,7.4,0,542.0,0.15,2.0,0,2.0,,,0,,0,,0
2018,1829,"PATNA BORE WELL WATER FROM IGIMS CAMPUS,",Bihar,22.0,24.0,7.0,7.2,477.0,555.0,0.0,0.1,2.0,2.0,2.0,2.0,,,,,,,,,23.0,0,7.1,0,516.0,0.05,2.0,0,2.0,,,0,,0,,0
2018,1830,PATNA BORE WELL WATER (PHED PUMP HOUSE) SADAR,Bihar,21.0,22.0,7.0,7.1,868.0,1190.0,0.0,0.1,2.0,2.0,2.0,2.0,,,,,,,,,21.5,0,7.05,0,1029.0,0.05,2.0,0,2.0,,,0,,0,,0
2018,1831,"HOSPITAL CAMPUS, MUZAFFARPUR BORE WELL WATER MMC PUMP HOUSE",Bihar,22.0,22.0,7.4,7.4,682.0,682.0,,,2.0,2.0,2.0,2.0,,,,,,,,,22.0,0,7.4,0,682.0,,2.0,0,2.0,,,0,,0,,0
2018,1832,"BRAHMPURA NAKA, MUZAFFARPUR TAP WATER IN CAMPUS OF KALI ASTHAN,",Bihar,25.0,29.0,7.1,7.7,683.0,928.0,,,2.0,2.0,2.0,2.0,,,,,,,,,27.0,0,7.4,0,805.5,,2.0,0,2.0,,,0,,0,,0
2018,1833,"BEGUSARAI TAP WATER IN CAMPUS OF S.P OOFICE,",Bihar,27.0,29.0,7.0,7.1,797.0,810.0,,,2.0,2.0,2.0,2.0,,,,,,,,,28.0,0,7.05,0,803.5,,2.0,0,2.0,,,0,,0,,0
2018,1834,"POKHARIA, BEGUSARAI HAND PUMP WATER NEAR GOVT. HOSPITAL,",Bihar,27.0,28.0,6.9,7.8,246.0,306.0,0.0,0.2,2.0,2.0,2.0,2.0,,,,,,,,,27.5,0,7.35,0,276.0,0.1,2.0,0,2.0,,,0,,0,,0
2018,1835,PURNEA HAND PUMP WATER NEAR COURT LOWER,Bihar,27.0,27.0,6.7,7.6,283.0,798.0,0.0,7.3,2.0,2.0,2.0,2.0,,,,,,,,,27.0,0,7.15,0,540.5,3.65,2.0,0,2.0,,,0,,0,,0
2018,1836,"COURT, PURNEA HAND PUMP WATER NEAR BUS STAND TILKS",Bihar,27.0,30.0,6.9,7.1,886.0,952.0,0.1,0.9,2.0,2.0,2.0,2.0,,,,,,,,,28.5,0,7.0,0,919.0,0.5,2.0,0,2.0,,,0,,0,,0
2018,1837,"MANJHI CHOWK, BEGUSARAI BHAGALPUR TAP WATER NEAR RAILWAY",Bihar,27.0,31.0,7.2,7.7,667.0,706.0,0.1,0.6,2.0,2.0,2.0,2.0,,,,,,,,,29.0,0,7.45,0,686.5,0.35,2.0,0,2.0,,,0,,0,,0
2018,1838,"STATION TAP WATER NEAR VEER KUWAR SINGH CHOWK,",Bihar,26.0,26.0,6.9,6.9,907.0,907.0,0.1,0.1,,,,,,,,,,,,,26.0,0,6.9,0,907.0,0.1,,0,,,,0,,0,,0
2018,1839,MUNGER HAND PUMP WATER IN CAMPUS OF KASTURBA,Bihar,26.0,28.0,7.4,8.0,338.0,338.0,0.0,0.2,2.0,2.0,2.0,2.0,,,,,,,,,27.0,0,7.7,0,338.0,0.1,2.0,0,2.0,,,0,,0,,0
2018,1840,"WATER WORKS, MUNGER TAP WATER PHED PUMP HOUSE MAIN ROAD,",Bihar,24.0,27.0,8.0,8.1,418.0,727.0,,,2.0,2.0,2.0,2.0,,,,,,,,,25.5,0,8.05,0,572.5,,2.0,0,2.0,,,0,,0,,0
2018,1841,MOTIHARI TAP WELL WATER FROM T. MODAL INTER,Bihar,28.0,28.0,7.0,7.2,461.0,716.0,0.1,0.2,2.0,2.0,2.0,2.0,,,,,,,,,28.0,0,7.1,0,588.5,0.15000000000000002,2.0,0,2.0,,,0,,0,,0
2018,1842,"TAP WATER SAMPLE AT RAMKUND, GAYA SCHOOL, G.B ROAD, GAYA",Bihar,27.0,27.0,7.0,7.0,478.0,710.0,0.1,0.3,2.0,2.0,2.0,2.0,,,,,,,,,27.0,0,7.0,0,594.0,0.2,2.0,0,2.0,,,0,,0,,0
2018,1843,"PHED WATER SUPPLY NEAR BUS STAND, RAJGIR",Bihar,23.0,28.0,6.9,7.0,510.0,911.0,0.5,0.5,2.0,2.0,2.0,2.0,,,,,,,,,25.5,0,6.95,0,710.5,0.5,2.0,0,2.0,,,0,,0,,0
2018,1844,BORE WELL WATER NEAR COMMISSIONARY,Bihar,23.0,25.0,6.6,7.0,1350.0,1460.0,6.7,9.8,2.0,2.0,2.0,2.0,,,,,,,,,24.0,0,6.8,0,1405.0,8.25,2.0,0,2.0,,,0,,0,,0
2018,2576,"OFFICE, CHAPRA HAND PUMP WATER AT CIVIL COURT,",Bihar,25.0,28.0,7.0,7.0,610.0,906.0,0.1,0.3,2.0,2.0,2.0,2.0,,,,,,,,,26.5,0,7.0,0,758.0,0.2,2.0,0,2.0,,,0,,0,,0
2018,2577,"AURANGABAD HAND PUMP WATER AT COURT CAMPOUND,",Bihar,27.0,30.0,6.7,8.2,189.0,198.0,0.1,0.2,2.0,2.0,2.0,2.0,,,,,,,,,28.5,0,7.449999999999999,0,193.5,0.15000000000000002,2.0,0,2.0,,,0,,0,,0
2018,2578,ARARIA HAND PUMP WATER AT SARDAR PATEL BUS,Bihar,20.0,24.0,7.2,7.3,518.0,725.0,0.1,3.2,2.0,2.0,2.0,2.0,,,,,,,,,22.0,0,7.25,0,621.5,1.6500000000000001,2.0,0,2.0,,,0,,0,,0
2018,2579,"STAND, BHOJPUR TUBE WELL WATER AT COLLECTRIATE CAMPUS,",Bihar,24.0,28.0,7.1,7.2,512.0,745.0,0.1,1.8,2.0,2.0,2.0,2.0,,,,,,,,,26.0,0,7.15,0,628.5,0.9500000000000001,2.0,0,2.0,,,0,,0,,0
2018,2580,"BUXAR HAND PUMP WATER FROM NAGAR PARISHAD,",Bihar,27.0,30.0,7.1,7.1,498.0,889.0,,,2.0,2.0,2.0,2.0,,,,,,,,,28.5,0,7.1,0,693.5,,2.0,0,2.0,,,0,,0,,0
2018,2581,BHABHUA HAND PUMP WATER AT KILA GATE NEAR,Bihar,28.0,28.0,7.4,7.4,186.0,186.0,0.0,0.0,,,,,,,,,,,,,28.0,0,7.4,0,186.0,0.0,,0,,,,0,,0,,0
2018,2582,"RAMBAGH MITHILA UNIVERSITY, DARBHANGA HAND PUMP WATER AT DARBHANGA BUS",Bihar,29.0,29.0,7.5,7.5,401.0,401.0,,,,,,,,,,,,,,,29.0,0,7.5,0,401.0,,,0,,,,0,,0,,0
2018,2583,"HAND PUMP WATER AT BUS STAND, GOPALGANJ STAND, DARBHANGA",Bihar,22.0,25.0,6.7,6.8,1430.0,1680.0,0.0,0.2,2.0,2.0,2.0,2.0,,,,,,,,,23.5,0,6.75,0,1555.0,0.1,2.0,0,2.0,,,0,,0,,0
2018,2584,HAND PUMP WATER AT THAWAY MANDIR,Bihar,24.0,25.0,7.1,7.3,577.0,1000.0,0.0,0.4,2.0,2.0,2.0,2.0,,,,,,,,,24.5,0,7.199999999999999,0,788.5,0.2,2.0,0,2.0,,,0,,0,,0
2018,2585,"CAMPUS, GOPALGANJ TAP WATER NEAR PANI TANKI AT JAHANABAD",Bihar,22.0,28.0,6.9,7.4,432.0,891.0,0.0,0.4,2.0,2.0,2.0,2.0,,,,,,,,,25.0,0,7.15,0,661.5,0.2,2.0,0,2.0,,,0,,0,,0
2018,2586,"HAND PUMP WATER AT BUS STAND, KATIHAR COURT, JAHANABAD",Bihar,27.0,29.0,6.9,7.3,278.0,402.0,0.1,1.1,2.0,2.0,2.0,2.0,,,,,,,,,28.0,0,7.1,0,340.0,0.6000000000000001,2.0,0,2.0,,,0,,0,,0
2018,2587,"HAND PUMP WATER NEAR SADAR HOSPITAL,",Bihar,29.0,29.0,6.7,6.7,867.0,867.0,0.5,0.5,,,,,,,,,,,,,29.0,0,6.7,0,867.0,0.5,,0,,,,0,,0,,0
2018,2588,"KHAGARIA HAND PUMP WATER AT D.M OFFICE,",Bihar,27.0,31.0,6.7,7.5,204.0,336.0,0.0,0.3,2.0,2.0,2.0,2.0,,,,,,,,,29.0,0,7.1,0,270.0,0.15,2.0,0,2.0,,,0,,0,,0
2018,2589,"KISHANGANJ HAND PUMP WATER NEAR D.M OFFICE,",Bihar,27.0,28.0,6.7,7.3,209.0,914.0,0.0,10.3,2.0,2.0,2.0,2.0,,,,,,,,,27.5,0,7.0,0,561.5,5.15,2.0,0,2.0,,,0,,0,,0
2018,2590,"MADHEPURA HAND PUMP WATER AT COLLECTRIATE OFFICE,",Bihar,29.0,29.0,7.1,7.1,545.0,545.0,0.2,0.2,,,,,,,,,,,,,29.0,0,7.1,0,545.0,0.2,,0,,,,0,,0,,0
2018,2591,MADHUBANI TAP WATER INSIDE THE CAMPUS OF TOURIST,Bihar,24.0,27.0,6.9,7.1,448.0,891.0,1.6,2.1,2.0,2.0,2.0,2.0,,,,,,,,,25.5,0,7.0,0,669.5,1.85,2.0,0,2.0,,,0,,0,,0
2018,2592,"CAFETERIA, NALANDA NALANDA -HAND PUMP WATER AT CIVIL COURT",Bihar,25.0,27.0,6.8,6.9,501.0,917.0,0.1,0.3,2.0,2.0,2.0,2.0,,,,,,,,,26.0,0,6.85,0,709.0,0.2,2.0,0,2.0,,,0,,0,,0
2018,2593,BIHAR SARIF NAWADAH- HAND PUMP WATER AT,Bihar,25.0,27.0,7.0,7.0,445.0,926.0,0.1,0.2,2.0,2.0,2.0,2.0,,,,,,,,,26.0,0,7.0,0,685.5,0.15000000000000002,2.0,0,2.0,,,0,,0,,0
2018,2594,COLLECTRIATE CAMPUS. SAHARSA HAND PUMP WATER NEAR SADAR,Bihar,28.0,28.0,7.1,7.2,207.0,278.0,0.0,0.4,2.0,2.0,2.0,2.0,,,,,,,,,28.0,0,7.15,0,242.5,0.2,2.0,0,2.0,,,0,,0,,0
2018,2595,SAMASTIPUR HAND PUMP WATER AT,Bihar,30.0,30.0,7.2,7.2,821.0,821.0,0.0,0.0,,,,,,,,,,,,,30.0,0,7.2,0,821.0,0.0,,0,,,,0,,0,,0
2018,2596,COLLECTRIATE CAMPUS SITAMARHI HAND PUMP WATER AT SRI JANKI,Bihar,22.0,25.0,7.5,8.1,318.0,697.0,,,2.0,2.0,2.0,2.0,,,,,,,,,23.5,0,7.8,0,507.5,,2.0,0,2.0,,,0,,0,,0
2018,2597,MANDIR SIWAN BORE WELL WATER AT COLLECTRIATE,Bihar,24.0,26.0,6.9,7.1,660.0,1560.0,0.1,0.3,2.0,2.0,2.0,2.0,,,,,,,,,25.0,0,7.0,0,1110.0,0.2,2.0,0,2.0,,,0,,0,,0
2018,2598,CAMPUS ROHTAS BORE WELL WATER FROM WATER TANK,Bihar,27.0,29.0,7.0,7.3,521.0,843.0,0.0,1.3,2.0,2.0,2.0,2.0,,,,,,,,,28.0,0,7.15,0,682.0,0.65,2.0,0,2.0,,,0,,0,,0
2018,2599,NEAR DHARMA SHALA SASARAM. ROHTAS HAND PUMP WATER AT BUS STAND,Bihar,27.0,29.0,7.0,7.5,465.0,854.0,0.0,2.1,2.0,2.0,2.0,2.0,,,,,,,,,28.0,0,7.25,0,659.5,1.05,2.0,0,2.0,,,0,,0,,0
2018,2600,SASARAM VAISHALI TAP WATER AT RAILWAY STATION,Bihar,21.0,24.0,7.0,7.9,986.0,1200.0,5.9,9.2,2.0,2.0,2.0,2.0,,,,,,,,,22.5,0,7.45,0,1093.0,7.55,2.0,0,2.0,,,0,,0,,0
2018,3138,CAMPUS HAZIPUR ARA (BHOJPUR) BORE WELL WATER AT STATION,Bihar,21.0,24.0,7.1,7.1,576.0,1160.0,0.1,8.7,2.0,2.0,2.0,2.0,,,,,,,,,22.5,0,7.1,0,868.0,4.3999999999999995,2.0,0,2.0,,,0,,0,,0
2018,3139,ARARIA HAND PUMP WATER AT BUS STAND ROAD NEAR RLY STATION,Bihar,28.0,30.0,6.8,7.8,140.0,212.0,0.1,0.1,2.0,2.0,2.0,2.0,,,,,,,,,29.0,0,7.3,0,176.0,0.1,2.0,0,2.0,,,0,,0,,0
2018,3140,BETTIAH HAND PUMP WATER AT RAILWAY,Bihar,24.0,26.0,7.1,7.2,604.0,890.0,0.0,0.6,2.0,2.0,2.0,2.0,,,,,,,,,25.0,0,7.15,0,747.0,0.3,2.0,0,2.0,,,0,,0,,0
2018,3141,,Bihar,26.0,27.0,6.8,7.2,605.0,702.0,,,2.0,2.0,2.0,2.0,,,,,,,,,26.5,0,7.0,0,653.5,,2.0,0,2.0,,,0,,0,,0
2018,3142,LORD BUDHA TAMPLE BIKRAMGANJ HAND PUMP WATER AT BUS,Bihar,28.0,29.0,7.0,7.4,520.0,544.0,0.0,2.6,2.0,2.0,2.0,2.0,,,,,,,,,28.5,0,7.2,0,532.0,1.3,2.0,0,2.0,,,0,,0,,0
2018,3143,BAGAHA HAND PUMP WATER AT BAGAHA BAZAR STAND CHAWK,Bihar,22.0,24.0,7.2,7.4,410.0,573.0,0.0,0.3,2.0,2.0,2.0,2.0,,,,,,,,,23.0,0,7.300000000000001,0,491.5,0.15,2.0,0,2.0,,,0,,0,,0
2018,3144,BARH HAND PUMP WATER NEAR A.N.S. COLLEGE,Bihar,26.0,32.0,6.9,7.4,780.0,1007.0,,,2.0,2.0,2.0,2.0,,,,,,,,,29.0,0,7.15,0,893.5,,2.0,0,2.0,,,0,,0,,0
2018,3145,BARH DEHRI ON SONE HAND PUMP WATER NEAR,Bihar,25.0,28.0,7.0,7.1,256.0,502.0,0.1,0.5,2.0,2.0,2.0,2.0,,,,,,,,,26.5,0,7.05,0,379.0,0.3,2.0,0,2.0,,,0,,0,,0
2018,3146,DUMRAON BORE WELL WATER AT PANI MUFFASIL THANA MORE,Bihar,25.0,26.0,7.2,7.4,540.0,844.0,0.1,0.5,2.0,2.0,2.0,2.0,,,,,,,,,25.5,0,7.300000000000001,0,692.0,0.3,2.0,0,2.0,,,0,,0,,0
2018,3147,JAYNAGAR HAND PUMP WATER AT RAILWAY,Bihar,30.0,30.0,7.7,7.7,323.0,323.0,0.3,0.3,,,,,,,,,,,,,30.0,0,7.7,0,323.0,0.3,,0,,,,0,,0,,0
2018,3148,STATION JAMALPUR HAND PUMP WATER POLICE STATION,Bihar,29.0,29.0,8.6,8.6,1190.0,1190.0,,,2.0,2.0,2.0,2.0,,,,,,,,,29.0,0,8.6,1,1190.0,,2.0,0,2.0,,,0,,0,,0
2018,3149,JAMALPUR KUDRA HAND PUMP WATER AT RAILWAY,Bihar,26.0,30.0,7.0,7.0,505.0,766.0,0.0,0.2,2.0,2.0,2.0,2.0,,,,,,,,,28.0,0,7.0,0,635.5,0.1,2.0,0,2.0,,,0,,0,,0
2018,3150,STATION MANER HAND PUMP WATER AT MAIN ROAD,Bihar,23.0,24.0,7.2,7.8,559.0,600.0,0.1,3.7,2.0,2.0,2.0,2.0,,,,,,,,,23.5,0,7.5,0,579.5,1.9000000000000001,2.0,0,2.0,,,0,,0,,0
2018,3151,NEAR KALI MANDIR MOHANIA HAND PUMP WATER AT MOHANIA,Bihar,23.0,29.0,7.0,7.5,464.0,511.0,0.1,0.2,2.0,2.0,2.0,2.0,,,,,,,,,26.0,0,7.25,0,487.5,0.15000000000000002,2.0,0,2.0,,,0,,0,,0
2018,3152,NARKATIAGANJ HAND PUMP WATER AT BUS,Bihar,23.0,28.0,7.4,7.5,464.0,480.0,0.0,0.2,2.0,2.0,2.0,2.0,,,,,,,,,25.5,0,7.45,0,472.0,0.1,2.0,0,2.0,,,0,,0,,0
2018,3153,STAND PIRO HAND PUMP WATER AT CHURCH HIGH,Bihar,27.0,28.0,7.0,7.2,478.0,601.0,0.0,0.5,2.0,2.0,2.0,2.0,,,,,,,,,27.5,0,7.1,0,539.5,0.25,2.0,0,2.0,,,0,,0,,0
2018,3154,"GAYA TAP WATER SAMPLE AT RAMKUND, GAYA SCHOOL PIRO",Bihar,26.0,27.0,7.0,7.0,504.0,841.0,0.1,0.3,2.0,2.0,2.0,2.0,,,,,,,,,26.5,0,7.0,0,672.5,0.2,2.0,0,2.0,,,0,,0,,0
2018,3155,SUPUAL HAND PUMP WATER AT BUS STAND,Bihar,29.0,29.0,7.0,7.2,198.0,303.0,0.0,1.0,2.0,2.0,2.0,2.0,,,,,,,,,29.0,0,7.1,0,250.5,0.5,2.0,0,2.0,,,0,,0,,0
2018,3156,SAMASTIPUR HAND PUMP WATER AT BUS STAND,Bihar,30.0,30.0,7.2,7.2,736.0,736.0,,,,,,,,,,,,,,,30.0,0,7.2,0,736.0,,,0,,,,0,,0,,0
2018,3157,SULTANGANJ HAND PUMP WATER AT,Bihar,28.0,29.0,7.0,7.1,717.0,872.0,0.0,6.3,2.0,2.0,2.0,2.0,,,,,,,,,28.5,0,7.05,0,794.5,3.15,2.0,0,2.0,,,0,,0,,0
2018,3158,SHERGHATI BORE WELL WATER AT BUS STAND SULTANGANJ CHAWK,Bihar,26.0,29.0,7.0,7.0,598.0,889.0,0.1,0.2,2.0,2.0,2.0,2.0,,,,,,,,,27.5,0,7.0,0,743.5,0.15000000000000002,2.0,0,2.0,,,0,,0,,0
2018,3159,SHAHPUR HAND PUMP WATER AT SHAHPUR,Bihar,22.0,23.0,7.2,7.2,780.0,1460.0,0.1,8.6,2.0,2.0,2.0,2.0,,,,,,,,,22.5,0,7.2,0,1120.0,4.35,2.0,0,2.0,,,0,,0,,0
2018,3161,KATIHAR HAND PUMP WATER AT BUS STAND HIGH SCHOOL,Bihar,28.0,28.0,6.9,7.5,256.0,264.0,0.0,2.7,2.0,2.0,2.0,2.0,,,,,,,,,28.0,0,7.2,0,260.0,1.35,2.0,0,2.0,,,0,,0,,0
2018,3162,VAISHALI HAND PUMP WATER AT VAISHALI,Bihar,21.0,22.0,7.1,7.2,804.0,822.0,0.0,0.2,2.0,2.0,2.0,2.0,,,,,,,,,21.5,0,7.15,0,813.0,0.1,2.0,0,2.0,,,0,,0,,0
2018,2039,"SECTOR 15, CHANDIGARH",Chandigarh,22.0,25.0,7.0,7.6,878.0,938.0,1.0,1.0,1.7,5.9,2.0,2.0,7.0,7.0,,,,,,,23.5,0,7.3,0,908.0,1.0,3.8000000000000003,0,2.0,7.0,,0,,0,,0
2018,2040,"SECTOR 22, CHANDIGARH",Chandigarh,22.0,22.0,7.0,7.0,853.0,853.0,1.0,1.0,1.6,1.6,22.0,22.0,26.0,26.0,,,,,,,22.0,0,7.0,0,853.0,1.0,1.6,0,22.0,26.0,,0,,0,,0
2018,2041,"SECTOR 34, CHANDIGARH",Chandigarh,22.0,24.0,7.0,7.3,863.0,905.0,1.0,1.0,4.7,5.2,2.0,2.0,2.0,2.0,,,,,,,23.0,0,7.15,0,884.0,1.0,4.95,0,2.0,2.0,,0,,0,,0
2018,2042,"SECTOR 47, CHANDIGARH",Chandigarh,21.0,24.0,7.2,7.4,662.0,721.0,1.0,1.0,4.6,4.9,2.0,2.0,2.0,2.0,,,,,,,22.5,0,7.300000000000001,0,691.5,1.0,4.75,0,2.0,2.0,,0,,0,,0
2018,2043,"PALSORA VILLAGE, CHANDIGARH",Chandigarh,22.0,24.0,7.0,7.2,1181.0,1210.0,1.0,2.0,0.4,1.0,11.0,11.0,32.0,32.0,,,,,,,23.0,0,7.1,0,1195.5,1.5,0.7,0,11.0,32.0,,0,,0,,0
2018,2044,"DHANAS VILLAGE, CHANDIGARH",Chandigarh,23.0,24.0,7.2,7.3,664.0,1210.0,1.0,2.0,1.0,2.6,11.0,84.0,32.0,94.0,,,,,,,23.5,0,7.25,0,937.0,1.5,1.8,0,47.5,63.0,,0,,0,,0
2018,2045,"DADU MAJRA, CHANDIGARH",Chandigarh,22.0,24.0,7.6,7.6,746.0,753.0,1.0,1.0,2.5,2.8,2.0,34.0,2.0,39.0,,,,,,,23.0,0,7.6,0,749.5,1.0,2.65,0,18.0,20.5,,0,,0,,0
2018,1620,"AT RAIPUR REGION, CHHATISGARH.",Chhattisgarh,24.0,30.0,7.4,7.5,446.0,456.0,,,,,2.0,2.0,,,,,,,,,27.0,0,7.45,0,451.0,,,0,2.0,,,0,,0,,0
2018,1621,"AT RAIPUR REGION, CHHATISGARH.",Chhattisgarh,25.0,28.0,7.3,7.4,436.0,458.0,,,,,2.0,2.0,,,,,,,,,26.5,0,7.35,0,447.0,,,0,2.0,,,0,,0,,0
2018,1622,"AT BILASPUR REGION, CHHATISGARH.",Chhattisgarh,30.0,33.0,7.5,7.5,412.0,430.0,0.1,0.1,0.3,0.5,2.0,2.0,,,,,,,,,31.5,0,7.5,0,421.0,0.1,0.4,0,2.0,,,0,,0,,0
2018,1623,"AT BILASPUR REGION, CHHATISGARH.",Chhattisgarh,27.0,30.0,7.5,7.5,432.0,451.0,0.1,0.2,0.3,0.3,2.0,2.0,,,,,,,,,28.5,0,7.5,0,441.5,0.15000000000000002,0.3,0,2.0,,,0,,0,,0
2018,3171,"SHANKAR NAGAR, HEAVY INDUSTRIAL AREA, HAND PUMP WATER 17/10 NEPALI MOHLLA,",Chhattisgarh,23.0,23.0,7.2,7.4,,,,,,,,,,,,,,,,,23.0,0,7.300000000000001,0,,,,0,,,,0,,0,,0
2018,3172,"BHILAI, CHHATISGARH. BOREWELL/ HANDPUMP IN ROGBAHRI VILLAGE,",Chhattisgarh,7.0,27.0,7.1,7.2,0.0,0.0,0.4,0.6,,,,,,,,,,,,,17.0,0,7.15,0,0.0,0.5,,0,,,,0,,0,,0
2018,3173,"KORBA, CHHATISGARH. BOREWELL/ HANDPUMP IN PARSABHATA,",Chhattisgarh,26.0,27.0,7.2,7.2,,,0.4,0.4,0.0,1.0,,,,,,,,,,,26.5,0,7.2,0,,0.4,0.5,0,,,,0,,0,,0
2018,3174,"BALCO, KORBA, CHHATISGARH. BOREWELL/ HANDPUMP IN DHANRAS, NTPC,",Chhattisgarh,26.0,27.0,7.2,26.2,,,0.2,0.4,,,,,,,,,,,,,26.5,0,16.7,1,,0.30000000000000004,,0,,,,0,,0,,0
2018,3477,"WELL AT ALIPUR, DELHI",Delhi,7.8,7.8,2870.0,2870.0,,,,,2.0,2.0,2.0,2.0,,,,,,,,,7.8,0,2870.0,1,,,2.0,0,2.0,,,0,,0,,0
2018,3479,"WELL AT AURBINDO MARG, DELHI",Delhi,7.6,7.8,1717.0,2730.0,,,37.0,551.3,23.0,46.0,46.0,110.0,,,,,,,,,7.699999999999999,0,2223.5,1,,294.15,34.5,1,78.0,,,0,,0,,0
2018,3480,"WELL AT BAWANA, DELHI",Delhi,8.0,8.0,3390.0,3390.0,,,,,2.0,2.0,11.0,11.0,,,,,,,,,8.0,0,3390.0,1,,,2.0,0,11.0,,,0,,0,,0
2018,3483,"WELL AT BURARI, DELHI",Delhi,7.6,7.6,2040.0,2040.0,,,2.4,2.4,2.0,2.0,2.0,2.0,,,,,,,,,7.6,0,2040.0,1,,2.4,2.0,0,2.0,,,0,,0,,0
2018,3485,"WELL AT DEFENCE COLONY, DELHI",Delhi,7.9,7.9,1350.0,1350.0,,,24.8,24.8,2.0,2.0,4.0,4.0,,,,,,,,,7.9,0,1350.0,1,,24.8,2.0,0,4.0,,,0,,0,,0
2018,3488,"WELL AT DILSHAD GARDEN, DELHI",Delhi,7.1,7.7,1220.0,1260.0,,,58.0,78.0,2.0,49.0,33.0,49.0,,,,,,,,,7.4,0,1240.0,1,,68.0,25.5,1,41.0,,,0,,0,,0
2018,3489,"WELL AT DWARKA, DELHI",Delhi,,,6230.0,6230.0,,,3.3,3.3,2.0,2.0,510.0,510.0,,,,,,,,,,0,6230.0,1,,3.3,2.0,0,510.0,,,0,,0,,0
2018,3490,"WELL AT FATEH PUR BERI, DELHI",Delhi,7.2,7.5,473.0,724.0,,,38.4,67.5,2.0,5.0,5.0,17.0,,,,,,,,,7.35,0,598.5,1,,52.95,3.5,0,11.0,,,0,,0,,0
2018,3492,"WELL AT GAJIPUR, DELHI",Delhi,,,6150.0,6150.0,,,,,2.0,2.0,2.0,2.0,,,,,,,,,,0,6150.0,1,,,2.0,0,2.0,,,0,,0,,0
2018,3493,"WELL AT GANDHI NAGAR, DELHI",Delhi,,,1608.0,1608.0,,,,,2.0,2.0,2.0,2.0,,,,,,,,,,0,1608.0,1,,,2.0,0,2.0,,,0,,0,,0
2018,3494,"WELL AT HAIDERPUR, DELHI",Delhi,7.7,7.7,787.0,816.0,,,0.0,6.1,130.0,200.0,240.0,330.0,,,,,,,,,7.7,0,801.5,1,,3.05,165.0,1,285.0,,,0,,0,,0
2018,3496,"WELL AT ISBT, DELHI",Delhi,7.5,7.5,1200.0,1200.0,,,7.8,7.8,2.0,2.0,6.0,6.0,,,,,,,,,7.5,0,1200.0,1,,7.8,2.0,0,6.0,,,0,,0,,0
2018,3498,"WELL AT KALKA JI, DELHI",Delhi,7.5,7.5,936.0,936.0,1.0,1.0,27.8,27.8,2.0,2.0,130.0,130.0,,,,,,,,,7.5,0,936.0,1,1.0,27.8,2.0,0,130.0,,,0,,0,,0
2018,3500,"WELL AT KAMLA NAGAR, DELHI",Delhi,7.8,7.8,1140.0,1140.0,,,,,4900.0,4900.0,17000.0,17000.0,,,,,,,,,7.8,0,1140.0,1,,,4900.0,1,17000.0,,,0,,0,,0
2018,3503,"WELL AT KAROL BAGH, DELHI",Delhi,7.4,7.4,792.0,792.0,,,3.8,3.8,4.0,4.0,13.0,13.0,,,,,,,,,7.4,0,792.0,1,,3.8,4.0,0,13.0,,,0,,0,,0
2018,3514,"WELL AT MATIALA, DELHI",Delhi,,,1150.0,1150.0,,,21.8,21.8,27.0,27.0,170.0,170.0,,,,,,,,,,0,1150.0,1,,21.8,27.0,0,170.0,,,0,,0,,0
2018,3515,"WELL AT MAYA PURI, DELHI",Delhi,7.6,7.6,2530.0,2530.0,,,38.6,38.6,9.0,9.0,79.0,79.0,,,,,,,,,7.6,0,2530.0,1,,38.6,9.0,0,79.0,,,0,,0,,0
2018,3516,"WELL AT MAYUR VIHAR, DELHI",Delhi,,,1825.0,1825.0,,,,,920.0,920.0,1600.0,1600.0,,,,,,,,,,0,1825.0,1,,,920.0,1,1600.0,,,0,,0,,0
2018,3517,"WELL AT NAJAFGARH, DELHI",Delhi,,,2890.0,2890.0,,,258.9,258.9,39.0,39.0,920.0,920.0,,,,,,,,,,0,2890.0,1,,258.9,39.0,0,920.0,,,0,,0,,0
2018,3518,"WELL AT NARAINA INDL AREA, DELHI",Delhi,7.7,7.7,1375.0,1375.0,,,73.0,73.0,2.0,2.0,2.0,2.0,,,,,,,,,7.7,0,1375.0,1,,73.0,2.0,0,2.0,,,0,,0,,0
2018,3520,"WELL AT OKHLA, DELHI",Delhi,6.8,6.8,1450.0,1450.0,,,51.1,51.1,2.0,2.0,2.0,2.0,,,,,,,,,6.8,0,1450.0,1,,51.1,2.0,0,2.0,,,0,,0,,0
2018,3523,"WELL AT PARIVESH BHAWAN, DELHI",Delhi,7.1,7.9,2900.0,3060.0,,,6.0,7.0,2.0,2.0,2.0,2.0,,,,,,,,,7.5,0,2980.0,1,,6.5,2.0,0,2.0,,,0,,0,,0
2018,3525,"WELL AT PATEL NAGAR, DELHI",Delhi,7.4,7.4,3690.0,3690.0,,,67.6,67.6,2.0,2.0,5.0,5.0,,,,,,,,,7.4,0,3690.0,1,,67.6,2.0,0,5.0,,,0,,0,,0
2018,3526,"WELL AT PATPAR GANJ, DELHI",Delhi,,,1141.0,1141.0,,,,,2.0,2.0,2.0,2.0,,,,,,,,,,0,1141.0,1,,,2.0,0,2.0,,,0,,0,,0
2018,2277,WELL AT VERNA INDI.ESTATE.(M/S CIPLA,Goa,29.0,30.0,6.7,6.8,292.0,522.0,0.5,2.6,0.5,1.7,2.0,2.0,2.0,2.0,,,,,,,29.5,0,6.75,0,407.0,1.55,1.1,0,2.0,2.0,,0,,0,,0
2018,2278,WELL AT SANCOALE INDL.ESTATE LIMITED),Goa,29.0,29.0,6.5,7.1,84.0,106.0,1.4,2.0,1.3,1.4,2.0,2.0,2.0,2.0,,,,,,,29.0,0,6.8,0,95.0,1.7,1.35,0,2.0,2.0,,0,,0,,0
2018,2280,WELL AT KUDAI INDL. ESTATE(M/S CADILA,Goa,29.0,31.0,6.7,6.7,279.0,290.0,0.1,0.6,0.1,0.3,,,2.0,2.0,,,,,,,30.0,0,6.7,0,284.5,0.35,0.2,0,,2.0,,0,,0,,0
2018,2281,WELL AT CORLIM INDL. ESTATE HEALTHCARE LIMITED),Goa,30.0,30.0,5.5,6.0,69.0,119.0,0.4,0.8,0.1,1.2,13.0,790.0,23.0,2400.0,,,,,,,30.0,0,5.75,0,94.0,0.6000000000000001,0.65,0,401.5,1211.5,,0,,0,,0
2018,2282,WELL AT PILERNE INDUSTRIAL ESTATE(M/S,Goa,28.0,32.0,6.6,8.3,247.0,363.0,1.1,2.0,0.0,0.1,5.0,5.0,2.0,13.0,,,,,,,30.0,0,7.45,0,305.0,1.55,0.05,0,5.0,7.5,,0,,0,,0
2018,3192,BORE WELL AT PILERNE INDUSTRIAL ESTATE UNICHEM ),Goa,32.0,32.0,6.6,6.6,247.0,247.0,2.0,2.0,0.1,0.1,,,2.0,2.0,,,,,,,32.0,0,6.6,0,247.0,2.0,0.1,0,,2.0,,0,,0,,0
2018,3193,BORE WELL AT CUNCOLIM INDUSTRIAL ESTATE,Goa,28.0,32.0,6.8,7.0,419.0,436.0,0.6,5.4,0.0,0.6,2.0,2.0,2.0,2.0,,,,,,,30.0,0,6.9,0,427.5,3.0,0.3,0,2.0,2.0,,0,,0,,0
2018,3194,BORE WELL AT BETHORA INDUSTRIAL ESTATE,Goa,30.0,31.0,5.9,6.6,97.0,179.0,0.7,2.7,1.8,2.1,2.0,130.0,4.0,220.0,,,,,,,30.5,0,6.25,0,138.0,1.7000000000000002,1.9500000000000002,0,66.0,112.0,,0,,0,,0
2018,3195,BORE WELL AT MADKAIM INDUSTRIAL ESTATE,Goa,29.0,30.0,6.2,6.4,70.0,95.0,0.9,1.7,0.7,0.9,2.0,2.0,2.0,2.0,,,,,,,29.5,0,6.300000000000001,0,82.5,1.3,0.8,0,2.0,2.0,,0,,0,,0
2018,3,WELL AT AHMEDABAD,Gujarat,18.0,30.0,7.7,8.0,1330.0,1336.0,1.3,1.8,1.4,2.3,2.0,2.0,2.0,2.0,,,,,,,24.0,0,7.85,0,1333.0,1.55,1.8499999999999999,0,2.0,2.0,,0,,0,,0
2018,6,WELL AT BARODA,Gujarat,0.0,29.0,8.2,8.5,471.0,484.0,0.0,0.3,0.5,0.6,2.0,2.0,2.0,2.0,,,,,,,14.5,0,8.35,0,477.5,0.15,0.55,0,2.0,2.0,,0,,0,,0
2018,1226,"WELL AT NAROL, AHMEDABAD,",Gujarat,33.0,33.0,8.1,8.6,320.0,390.0,1.3,1.5,0.4,0.6,2.0,2.0,2.0,2.0,,,,,,,33.0,0,8.35,1,355.0,1.4,0.5,0,2.0,2.0,,0,,0,,0
2018,1948,BHAVNAGAR,Gujarat,28.0,30.0,8.0,8.1,1460.0,1650.0,1.6,1.6,0.2,0.2,2.0,2.0,2.0,2.0,,,,,,,29.0,0,8.05,0,1555.0,1.6,0.2,0,2.0,2.0,,0,,0,,0
2018,1949,AMRELI,Gujarat,28.0,31.0,8.0,8.1,1200.0,1320.0,1.4,1.8,0.2,0.4,2.0,2.0,2.0,2.0,,,,,,,29.5,0,8.05,0,1260.0,1.6,0.30000000000000004,0,2.0,2.0,,0,,0,,0
2018,1950,JUNAGADH,Gujarat,23.0,26.0,7.6,8.0,1190.0,1530.0,0.4,0.4,0.9,1.6,2.0,2.0,2.0,2.0,,,,,,,24.5,0,7.8,0,1360.0,0.4,1.25,0,2.0,2.0,,0,,0,,0
2018,1951,RAJKOT,Gujarat,28.0,28.0,7.9,7.9,1210.0,1210.0,0.5,0.5,0.0,1.8,2.0,2.0,2.0,2.0,,,,,,,28.0,0,7.9,0,1210.0,0.5,0.9,0,2.0,2.0,,0,,0,,0
2018,1953,JAMNAGAR,Gujarat,26.0,26.0,7.8,7.8,1020.0,1020.0,0.4,0.4,0.0,0.3,2.0,2.0,2.0,2.0,,,,,,,26.0,0,7.8,0,1020.0,0.4,0.15,0,2.0,2.0,,0,,0,,0
2018,1954,BHUJ,Gujarat,29.0,29.0,7.6,7.6,3740.0,3740.0,1.3,1.3,3.1,3.1,2.0,2.0,2.0,2.0,,,,,,,29.0,0,7.6,0,3740.0,1.3,3.1,0,2.0,2.0,,0,,0,,0
2018,1955,PALANPUR,Gujarat,30.0,30.0,7.4,7.7,1365.0,1395.0,1.4,1.6,1.4,2.0,2.0,2.0,2.0,2.0,,,,,,,30.0,0,7.550000000000001,0,1380.0,1.5,1.7,0,2.0,2.0,,0,,0,,0
2018,1956,MEHASANA,Gujarat,28.0,30.0,7.4,8.0,605.0,2873.0,1.2,1.6,1.0,4.2,2.0,2.0,2.0,2.0,,,,,,,29.0,0,7.7,0,1739.0,1.4,2.6,0,2.0,2.0,,0,,0,,0
2018,1957,SIDDHPUR (DIST.PATAN),Gujarat,27.0,27.0,7.5,8.6,1628.0,1818.0,1.6,1.7,0.5,1.3,2.0,2.0,2.0,2.0,,,,,,,27.0,0,8.05,1,1723.0,1.65,0.9,0,2.0,2.0,,0,,0,,0
2018,1958,HIMATNAGAR,Gujarat,28.0,28.0,8.1,8.1,814.0,814.0,1.4,1.4,2.2,2.2,2.0,2.0,2.0,2.0,,,,,,,28.0,0,8.1,0,814.0,1.4,2.2,0,2.0,2.0,,0,,0,,0
2018,1959,NADIAD,Gujarat,25.0,25.0,7.8,8.2,1728.0,1768.0,0.3,0.4,0.4,0.7,2.0,2.0,2.0,2.0,,,,,,,25.0,0,8.0,0,1748.0,0.35,0.55,0,2.0,2.0,,0,,0,,0
2018,1960,DAHOD,Gujarat,30.0,30.0,8.0,8.4,817.0,977.0,0.3,0.4,0.4,0.7,2.0,2.0,2.0,2.0,,,,,,,30.0,0,8.2,0,897.0,0.35,0.55,0,2.0,2.0,,0,,0,,0
2018,1961,GODHARA,Gujarat,30.0,30.0,7.2,8.1,1051.0,1098.0,0.4,0.4,0.5,0.6,2.0,2.0,2.0,2.0,,,,,,,30.0,0,7.65,0,1074.5,0.4,0.55,0,2.0,2.0,,0,,0,,0
2018,1962,VADODARA (INDUSTRIAL-NANDESARI),Gujarat,28.0,29.0,7.1,7.3,3520.0,3760.0,0.9,5.0,0.1,0.7,2.0,2.0,2.0,2.0,,,,,,,28.5,0,7.199999999999999,0,3640.0,2.95,0.39999999999999997,0,2.0,2.0,,0,,0,,0
2018,1963,ANKLESHWAR (INDUSTRIAL AREA),Gujarat,31.0,32.0,7.3,7.5,3890.0,4230.0,0.4,5.0,0.3,0.5,2.0,2.0,2.0,2.0,,,,,,,31.5,0,7.4,0,4060.0,2.7,0.4,0,2.0,2.0,,0,,0,,0
2018,1965,"MORA-HAJIRA (INDUSTRIAL), HAJIRA",Gujarat,32.0,32.0,8.1,8.5,1377.0,2328.0,0.8,1.2,0.0,0.1,2.0,9.0,8.0,45.0,,,,,,,32.0,0,8.3,0,1852.5,1.0,0.05,0,5.5,26.5,,0,,0,,0
2018,1966,"GABHENI VILLAGE, SURAT (INDUSTRIAL)",Gujarat,32.0,32.0,7.3,8.2,835.0,2178.0,0.8,1.4,0.1,0.1,3.0,120.0,42.0,348.0,,,,,,,32.0,0,7.75,0,1506.5,1.1,0.1,0,61.5,195.0,,0,,0,,0
2018,1967,"ATUL, VILLAGE G.W, (VALSAD)",Gujarat,26.0,27.0,7.1,7.2,335.0,1636.0,2.3,2.3,0.3,0.5,2.0,2.0,2.0,2.0,,,,,,,26.5,0,7.15,0,985.5,2.3,0.4,0,2.0,2.0,,0,,0,,0
2018,1968,"VAPI INDUSTRIAL AREA IN D/S, VAPI",Gujarat,26.0,27.0,7.3,7.8,671.0,1593.0,1.9,2.9,0.1,0.4,2.0,2.0,2.0,2.0,,,,,,,26.5,0,7.55,0,1132.0,2.4,0.25,0,2.0,2.0,,0,,0,,0
2018,1969,"SARIGAM VILLAGE (D/S OF INDUSTRIALAREA),",Gujarat,28.0,29.0,7.2,7.6,772.0,907.0,2.0,2.7,0.5,1.0,2.0,2.0,2.0,2.0,,,,,,,28.5,0,7.4,0,839.5,2.35,0.75,0,2.0,2.0,,0,,0,,0
2018,1970,"VAPI BOREWELL D/S TSDF SITE, GIDC INDUSTRIAL",Gujarat,27.0,27.0,7.4,7.8,620.0,754.0,2.0,2.3,0.2,0.3,2.0,2.0,2.0,2.0,,,,,,,27.0,0,7.6,0,687.0,2.15,0.25,0,2.0,2.0,,0,,0,,0
2018,2083,BORE WELL OF CHHATRAL GIDC.,Gujarat,26.0,30.0,7.1,8.9,2417.0,3026.0,1.1,1.9,0.2,8.4,2.0,2.0,2.0,2.0,,,,,,,28.0,0,8.0,1,2721.5,1.5,4.3,0,2.0,2.0,,0,,0,,0
2018,2084,BORE WELL OF PALSANA VILLAGE.,Gujarat,28.0,32.0,8.1,8.3,1187.0,2858.0,1.2,2.1,0.0,0.7,2.0,12.0,2.0,22.0,,,,,,,30.0,0,8.2,0,2022.5,1.65,0.35,0,7.0,12.0,,0,,0,,0
2018,2085,BORE WELL OF SANTEJ VILLAGE.,Gujarat,28.0,28.0,7.7,7.7,1987.0,1987.0,1.5,1.5,0.0,1.1,2.0,2.0,2.0,2.0,,,,,,,28.0,0,7.7,0,1987.0,1.5,0.55,0,2.0,2.0,,0,,0,,0
2018,2087,B/W- HAZARDOUS W. DISPOSAL SITE (GUJ.,Gujarat,32.0,32.0,7.5,8.1,508.0,4555.0,0.9,2.2,0.0,0.2,8.0,9.0,2.0,64.0,,,,,,,32.0,0,7.8,0,2531.5,1.55,0.1,0,8.5,33.0,,0,,0,,0
2018,2088,BORE WELL OF SACHIN GIDC. ENVIRO P.& I. LTD. ),Gujarat,32.0,32.0,7.4,7.5,8571.0,9018.0,0.9,2.2,0.1,0.1,2.0,13.0,8.0,83.0,,,,,,,32.0,0,7.45,0,8794.5,1.55,0.1,0,7.5,45.5,,0,,0,,0
2018,2089,"B/W NEAR INDL. AREA BORASARA & NAVAPURA,",Gujarat,30.0,30.0,8.1,8.1,2780.0,2780.0,1.5,1.5,0.1,0.1,9.0,9.0,34.0,34.0,,,,,,,30.0,0,8.1,0,2780.0,1.5,0.1,0,9.0,34.0,,0,,0,,0
2018,2090,WELL AT OLPAD. DIST. SURAT.,Gujarat,31.0,32.0,7.3,7.5,10580.0,15260.0,0.9,2.2,0.1,0.2,9.0,14.0,48.0,66.0,,,,,,,31.5,0,7.4,0,12920.0,1.55,0.15000000000000002,0,11.5,57.0,,0,,0,,0
2018,2091,BORE WELL OF NAVSARI GIDC INDUSTRIES,Gujarat,30.0,31.0,8.1,8.1,607.0,1792.0,0.9,1.2,0.1,0.1,2.0,9.0,2.0,63.0,,,,,,,30.5,0,8.1,0,1199.5,1.05,0.1,0,5.5,32.5,,0,,0,,0
2018,2093,WELL OF BARDOLI AT REST HOUSE. ASSOCIATION OFFICE.,Gujarat,32.0,32.0,7.6,8.1,1619.0,1668.0,0.8,2.0,0.1,0.1,6.0,120.0,42.0,346.0,,,,,,,32.0,0,7.85,0,1643.5,1.4,0.1,0,63.0,194.0,,0,,0,,0
2018,2094,WELL OF M/S INDUSTRIAL CARBON AT WELL AT ANKLESHWAR INDUSTRIAL AREA (BORE,Gujarat,32.0,32.0,7.2,7.4,4360.0,6420.0,0.3,0.9,0.2,0.5,2.0,2.0,2.0,2.0,,,,,,,32.0,0,7.300000000000001,0,5390.0,0.6,0.35,0,2.0,2.0,,0,,0,,0
2018,2095,"BORE WELL AT STP MADHAPAR, DIST. RAJKOT. ANKLESHWAR- RAJPIPLA ROAD.",Gujarat,27.0,28.0,7.1,7.3,1900.0,2067.0,0.2,0.5,1.1,1.5,2.0,2.0,2.0,2.0,,,,,,,27.5,0,7.199999999999999,0,1983.5,0.35,1.3,0,2.0,2.0,,0,,0,,0
2018,2096,"SAHAKARI MANDALI LTD. (CETP ), VILL. BAVLA, BORE WELL, SNR. VINAYAK JAL SUDDHIKARAN",Gujarat,28.0,29.0,7.3,7.5,4563.0,4572.0,1.2,1.5,0.7,2.4,2.0,2.0,2.0,2.0,,,,,,,28.5,0,7.4,0,4567.5,1.35,1.5499999999999998,0,2.0,2.0,,0,,0,,0
2018,2097,"BAVLA ECO PROJECT, (CETP ), VILL. BAVLA, DIST. DIST. AHMEDABAD. BORE WELL OF SOMESHWAR RICE MILL, NR.",Gujarat,28.0,29.0,7.8,7.9,3990.0,4634.0,1.1,1.4,1.2,2.3,2.0,2.0,2.0,2.0,,,,,,,28.5,0,7.85,0,4312.0,1.25,1.75,0,2.0,2.0,,0,,0,,0
2018,2098,"STATION, PIRANA, NR. V. N. BRIDGE, AHMEDABAD. BORE WELL OF PIRANA TERMINAL PUMPING",Gujarat,18.0,30.0,7.3,7.7,2889.0,3123.0,1.2,1.5,1.5,2.1,2.0,2.0,2.0,2.0,,,,,,,24.0,0,7.5,0,3006.0,1.35,1.8,0,2.0,2.0,,0,,0,,0
2018,3207,"BOREWELL OF GIDC, JHAGADIA AHMEDABAD.",Gujarat,33.0,33.0,7.2,7.8,1610.0,1610.0,0.2,0.3,0.4,0.4,2.0,2.0,2.0,2.0,,,,,,,33.0,0,7.5,0,1610.0,0.25,0.4,0,2.0,2.0,,0,,0,,0
2018,3208,"PANCHAYAT KATA FALIA, VILLAGE NAMDHA, JILLA PANCHAYAT SCHOOL, NEAR GRAM",Gujarat,26.0,26.0,7.2,7.4,7.0,634.0,2.3,2.3,0.3,0.5,2.0,2.0,2.0,2.0,,,,,,,26.0,0,7.300000000000001,0,320.5,2.3,0.4,0,2.0,2.0,,0,,0,,0
2018,3209,"BHADARWAD ROAD, BAZAR FALIA, SARIGAM, VALSAD BOREWELL OF GAYATRI PRAGNA SCHOOL,",Gujarat,28.0,29.0,7.3,7.4,971.0,1378.0,1.9,2.6,0.3,0.3,2.0,2.0,2.0,2.0,,,,,,,28.5,0,7.35,0,1174.5,2.25,0.3,0,2.0,2.0,,0,,0,,0
2018,3210,"VALSAD BOREWELL AT PIRAMAL GLASS, VILLAGE TARSADI",Gujarat,32.0,33.0,7.6,7.7,3366.0,3532.0,1.1,1.8,0.1,0.2,2.0,9.0,6.0,84.0,,,,,,,32.5,0,7.65,0,3449.0,1.4500000000000002,0.15000000000000002,0,5.5,45.0,,0,,0,,0
2018,3211,"AT KOSAMBA INDUSTRIAL AREA, SURAT BOREWELL AT PRIMARY HEALTH CENTER,",Gujarat,32.0,32.0,8.1,8.3,1599.0,1672.0,0.9,1.2,0.1,0.2,2.0,3.0,11.0,64.0,,,,,,,32.0,0,8.2,0,1635.5,1.05,0.15000000000000002,0,2.5,37.5,,0,,0,,0
2018,3212,BOREWELL NEAR CENTER OF EXCELLENCE,Gujarat,33.0,33.0,7.4,7.7,2432.0,3267.0,1.1,1.6,1.3,2.3,2.0,2.0,2.0,2.0,,,,,,,33.0,0,7.550000000000001,0,2849.5,1.35,1.7999999999999998,0,2.0,2.0,,0,,0,,0
2018,3213,"BUILDING, GIDC, VATVA, AHMEDABAD BOREWELL, CETP-NARODA, GIDC, NARODA-",Gujarat,34.0,34.0,7.5,7.8,1525.0,1554.0,1.2,1.4,1.3,1.8,2.0,2.0,2.0,2.0,,,,,,,34.0,0,7.65,0,1539.5,1.2999999999999998,1.55,0,2.0,2.0,,0,,0,,0
2018,3214,"ASSOCIATION BUILDING, GIDC, ODHAV, AHMEDABAD BOREWELL NEAR GIDC ODHAV INDUSTRIAL",Gujarat,33.0,33.0,7.5,7.5,1674.0,1735.0,1.3,1.8,0.6,1.9,2.0,2.0,2.0,2.0,,,,,,,33.0,0,7.5,0,1704.5,1.55,1.25,0,2.0,2.0,,0,,0,,0
2018,3215,AHMEDABAD BOREWELL NEAR MUNICIPAL SOLID WASTE SITE-,Gujarat,18.0,32.0,7.3,8.7,5267.0,6251.0,1.1,1.6,0.0,2.7,2.0,2.0,2.0,2.0,,,,,,,25.0,0,8.0,1,5759.0,1.35,1.35,0,2.0,2.0,,0,,0,,0
2018,3216,"ENVIRONMNET SERVICES CO. OP.LTD, VATVA, GYASPUR, NAROL, AHMEDABAD BOREWELL NEAR TSDF SITE OF GREEN",Gujarat,33.0,34.0,7.3,7.4,2521.0,2883.0,1.6,1.7,1.2,2.1,2.0,2.0,2.0,2.0,,,,,,,33.5,0,7.35,0,2702.0,1.65,1.65,0,2.0,2.0,,0,,0,,0
2018,3217,AHMEDABAD BOREWELL NEAR TSDF SITE OF NARODA ENVIRO,Gujarat,33.0,33.0,7.5,7.9,1930.0,2011.0,1.3,1.4,1.6,2.1,2.0,2.0,2.0,2.0,,,,,,,33.0,0,7.7,0,1970.5,1.35,1.85,0,2.0,2.0,,0,,0,,0
2018,3218,"PROJECT.LTD, ODHAVE, AHMEDABAD WELL OF MODASA, NAGAR PALIKA, VARIGRUH,",Gujarat,28.0,28.0,7.6,7.6,1508.0,1508.0,1.3,1.3,3.1,3.1,2.0,2.0,2.0,2.0,,,,,,,28.0,0,7.6,0,1508.0,1.3,3.1,0,2.0,2.0,,0,,0,,0
2018,3219,"WELL OF IDAR, NAGAR PALIKA, SAKARIA, IDAR MODASA",Gujarat,27.0,27.0,7.3,7.3,1768.0,1768.0,1.2,1.2,2.9,2.9,2.0,2.0,2.0,2.0,,,,,,,27.0,0,7.3,0,1768.0,1.2,2.9,0,2.0,2.0,,0,,0,,0
2018,3220,"BOREWELL OF GIDC-NADIAD AT GIDC OFFICE,",Gujarat,25.0,25.0,7.6,8.4,2880.0,2880.0,0.3,0.4,0.5,0.8,2.0,2.0,2.0,2.0,,,,,,,25.0,0,8.0,0,2880.0,0.35,0.65,0,2.0,2.0,,0,,0,,0
2018,3221,"BOREWELL OF TOWN RAJPIPLA, DIST.NARMADA GIDC NADIAD, KHEDA",Gujarat,31.0,32.0,7.7,7.7,814.0,844.0,0.3,0.9,0.3,0.3,2.0,2.0,2.0,2.0,,,,,,,31.5,0,7.7,0,829.0,0.6,0.3,0,2.0,2.0,,0,,0,,0
2018,3222,"BOREWELL OF GIDC, PANOLI",Gujarat,31.0,32.0,7.6,7.6,4340.0,4660.0,0.3,0.4,0.2,0.5,2.0,2.0,2.0,2.0,,,,,,,31.5,0,7.6,0,4500.0,0.35,0.35,0,2.0,2.0,,0,,0,,0
2018,3223,BOREWELL KADI INDUSTRIAL AREA,Gujarat,27.0,30.0,7.8,8.1,1667.0,1840.0,1.0,1.7,0.8,3.4,2.0,2.0,2.0,2.0,,,,,,,28.5,0,7.949999999999999,0,1753.5,1.35,2.1,0,2.0,2.0,,0,,0,,0
2018,3224,DEESA BOREWELL,Gujarat,32.0,32.0,7.6,7.8,781.0,985.0,1.5,1.8,1.3,1.8,2.0,2.0,2.0,2.0,,,,,,,32.0,0,7.699999999999999,0,883.0,1.65,1.55,0,2.0,2.0,,0,,0,,0
2018,3225,VISNAGAR BOREWELL,Gujarat,28.0,30.0,7.1,8.1,1786.0,1890.0,1.4,1.5,0.7,2.4,2.0,2.0,2.0,2.0,,,,,,,29.0,0,7.6,0,1838.0,1.45,1.5499999999999998,0,2.0,2.0,,0,,0,,0
2018,3226,PATAN BOREWELL,Gujarat,27.0,27.0,7.6,8.6,1628.0,1882.0,1.0,1.3,1.9,2.3,2.0,2.0,2.0,2.0,,,,,,,27.0,0,8.1,1,1755.0,1.15,2.0999999999999996,0,2.0,2.0,,0,,0,,0
2018,3227,VIJAPUR (RANASAN) BOREWELL,Gujarat,28.0,30.0,6.9,8.0,1755.0,2037.0,1.2,1.4,0.7,1.5,2.0,2.0,2.0,2.0,,,,,,,29.0,0,7.45,0,1896.0,1.2999999999999998,1.1,0,2.0,2.0,,0,,0,,0
2018,3228,"GIDC, HALOL, PANCHMAHAL",Gujarat,30.0,30.0,7.6,8.0,983.0,2870.0,0.3,0.3,0.7,0.7,2.0,2.0,2.0,2.0,,,,,,,30.0,0,7.8,0,1926.5,0.3,0.7,0,2.0,2.0,,0,,0,,0
2018,3229,"GIDC, DAHOD, DAHOD",Gujarat,30.0,30.0,7.1,8.0,1027.0,1450.0,0.3,0.3,0.6,0.7,2.0,2.0,2.0,2.0,,,,,,,30.0,0,7.55,0,1238.5,0.3,0.6499999999999999,0,2.0,2.0,,0,,0,,0
2018,3230,"BOREWELL OF GIDC, JUNAGADH",Gujarat,26.0,26.0,7.1,7.5,4750.0,5569.0,0.3,0.4,0.9,1.6,2.0,2.0,2.0,2.0,,,,,,,26.0,0,7.3,0,5159.5,0.35,1.25,0,2.0,2.0,,0,,0,,0
2018,3231,"ENVIRO PROJECT LTD., JUNA KATARIYA, BOREWELL NEAR TSDF SITE OF SAURASHTRA",Gujarat,30.0,32.0,7.3,8.3,2310.0,3690.0,3.4,3.7,2.8,2.9,2.0,2.0,2.0,2.0,,,,,,,31.0,0,7.800000000000001,0,3000.0,3.55,2.8499999999999996,0,2.0,2.0,,0,,0,,0
2018,3232,"BHACHAU BOREWELL OF GIDC, ANTALIA WATER SUPPLY,",Gujarat,31.0,33.0,7.9,8.1,1794.0,2513.0,0.8,1.2,0.1,0.1,4.0,6.0,6.0,42.0,,,,,,,32.0,0,8.0,0,2153.5,1.0,0.1,0,5.0,24.0,,0,,0,,0
2018,3233,"BOREWELL OF KALIAWADI GRID ROAD, NAVSARI",Gujarat,30.0,31.0,8.1,8.3,2046.0,2649.0,0.8,1.2,0.1,0.1,2.0,21.0,4.0,102.0,,,,,,,30.5,0,8.2,0,2347.5,1.0,0.1,0,11.5,53.0,,0,,0,,0
2018,3234,BOREWELL NERA TSDF OF NANDESARI ENVIRO,Gujarat,29.0,29.0,7.0,7.1,8980.0,11360.0,14.0,45.0,0.8,1.0,2.0,2.0,2.0,2.0,,,,,,,29.0,0,7.05,0,10170.0,29.5,0.9,0,2.0,2.0,,0,,0,,0
2018,3235,"CONTROL LIMITED, NADESARI, VADODARA BOREWELL OF GIDC KALOL, B/H GIDC OFFICE,",Gujarat,29.0,29.0,7.1,7.8,2814.0,3238.0,1.3,1.3,0.0,2.0,2.0,2.0,2.0,2.0,,,,,,,29.0,0,7.449999999999999,0,3026.0,1.3,1.0,0,2.0,2.0,,0,,0,,0
2018,3236,"SR.NO. 249, UMA IND. ESTATE, VASNA , IYAVA, GIDC, KALOL, GANDHINAGAR BOREWELL OF M/S ALFA ECA (I) LTD., UNIT-1,",Gujarat,28.0,29.0,7.4,7.6,2015.0,2319.0,1.1,1.2,1.1,2.2,2.0,2.0,2.0,2.0,,,,,,,28.5,0,7.5,0,2167.0,1.15,1.6500000000000001,0,2.0,2.0,,0,,0,,0
2018,3237,"SANAND, AHMEDABAD BOREWELL OF L & T LTD., PLOT NO. 144/146,",Gujarat,28.0,29.0,7.1,7.3,5777.0,6412.0,1.6,2.2,0.1,2.7,2.0,2.0,12.0,12.0,,,,,,,28.5,0,7.199999999999999,0,6094.5,1.9000000000000001,1.4000000000000001,0,2.0,12.0,,0,,0,,0
2018,3238,"BOREWELL OF GIDC KANSARI SARKHEJ-BAVLA ROAD, SANAND, AHMEDABAD",Gujarat,30.0,30.0,7.8,8.4,4290.0,4490.0,0.3,0.5,0.5,0.5,2.0,2.0,2.0,2.0,,,,,,,30.0,0,8.1,0,4390.0,0.4,0.5,0,2.0,2.0,,0,,0,,0
2018,3239,"BOREWELL OF GIDC, SOJITRA",Gujarat,29.0,31.0,8.0,8.1,3090.0,3150.0,0.0,0.4,0.5,0.6,2.0,2.0,2.0,2.0,,,,,,,30.0,0,8.05,0,3120.0,0.2,0.55,0,2.0,2.0,,0,,0,,0
2018,3240,"BOREWELL OF AJI GIDC, RAJKOT",Gujarat,28.0,28.0,7.3,8.1,2205.0,2540.0,0.1,0.3,1.0,1.7,2.0,2.0,2.0,2.0,,,,,,,28.0,0,7.699999999999999,0,2372.5,0.2,1.35,0,2.0,2.0,,0,,0,,0
2018,3242,BOREWELL NEAR TSDF OF GUJARAT MARITIME,Gujarat,28.0,29.0,7.7,8.0,1790.0,1980.0,1.6,2.2,0.2,0.3,2.0,2.0,2.0,2.0,,,,,,,28.5,0,7.85,0,1885.0,1.9000000000000001,0.25,0,2.0,2.0,,0,,0,,0
2018,3243,"BOREWELL OF GIDC, VARTEJ, BHAVNAGAR BOARD, ALANG, BHAVNAGAR",Gujarat,28.0,30.0,8.1,8.2,2740.0,3120.0,2.2,2.2,0.3,0.3,2.0,2.0,2.0,2.0,,,,,,,29.0,0,8.149999999999999,0,2930.0,2.2,0.3,0,2.0,2.0,,0,,0,,0
2018,3244,"INFRASTRUCTURE LIMITED, ANKLESHWAR, BOREWELL NEAR TSDF OF BHARUCH ENVIRO",Gujarat,30.0,33.0,7.0,7.1,3750.0,4510.0,0.8,5.0,0.1,0.6,2.0,2.0,2.0,2.0,,,,,,,31.5,0,7.05,0,4130.0,2.9,0.35,0,2.0,2.0,,0,,0,,0
2018,3246,"BHARUCH BOREWELL OF GIDC OFFICE, SHANKAR TEKRI,",Gujarat,27.0,29.0,7.5,7.9,1850.0,1850.0,0.4,0.4,0.3,0.3,2.0,2.0,2.0,2.0,,,,,,,28.0,0,7.7,0,1850.0,0.4,0.3,0,2.0,2.0,,0,,0,,0
2018,3247,"LTD., PLOT NO. 3059, ROAD NO.6, NR. MAHAVIR UDHYOGNAGAR, JAMNANGAR BOREWELL OF SHRI MAHAVIR METAL CRAFT PVT.",Gujarat,27.0,28.0,7.3,8.3,1700.0,2410.0,0.4,0.4,0.2,0.3,2.0,2.0,2.0,2.0,,,,,,,27.5,0,7.800000000000001,0,2055.0,0.4,0.25,0,2.0,2.0,,0,,0,,0
2018,1555,"AT KALA AMB,",Himachal Pradesh,,,8.3,8.3,535.0,669.0,0.1,0.2,1.1,2.5,2.0,2.0,2.0,2.0,,,,,,,,0,8.3,0,602.0,0.15000000000000002,1.8,0,2.0,2.0,,0,,0,,0
2018,1556,AT PAONTA SAHIB,Himachal Pradesh,,,7.8,8.1,543.0,562.0,0.1,0.2,1.9,2.8,2.0,2.0,2.0,2.0,,,,,,,,0,7.949999999999999,0,552.5,0.15000000000000002,2.3499999999999996,0,2.0,2.0,,0,,0,,0
2018,1557,AT PARWANOO,Himachal Pradesh,,,7.3,7.3,707.0,707.0,0.2,0.2,0.0,0.8,2.0,2.0,2.0,2.0,,,,,,,,0,7.3,0,707.0,0.2,0.4,0,2.0,2.0,,0,,0,,0
2018,1558,AT BADDI,Himachal Pradesh,21.0,21.0,7.5,7.5,1262.0,1262.0,0.5,0.5,0.0,0.1,2.0,2.0,2.0,2.0,,,,,,,21.0,0,7.5,0,1262.0,0.5,0.05,0,2.0,2.0,,0,,0,,0
2018,1559,AT BAROTIWALA,Himachal Pradesh,21.0,21.0,7.6,7.6,454.0,454.0,0.6,0.6,0.0,0.1,2.0,2.0,2.0,2.0,,,,,,,21.0,0,7.6,0,454.0,0.6,0.05,0,2.0,2.0,,0,,0,,0
2018,1560,AT NALAGARH,Himachal Pradesh,23.0,23.0,7.4,8.0,540.0,718.0,0.2,0.4,0.5,0.5,2.0,2.0,2.0,2.0,,,,,,,23.0,0,7.7,0,629.0,0.30000000000000004,0.5,0,2.0,2.0,,0,,0,,0
2018,1561,AT DAMTAL,Himachal Pradesh,16.0,17.0,7.1,7.8,188.0,626.0,0.1,0.1,0.2,0.5,,,,,,,,,,,16.5,0,7.449999999999999,0,407.0,0.1,0.35,0,,,,0,,0,,0
2018,1562,AT UNA,Himachal Pradesh,14.0,18.0,7.1,8.2,328.0,768.0,0.1,0.2,0.3,2.9,2.0,2.0,49.0,49.0,,,,,,,16.0,0,7.6499999999999995,0,548.0,0.15000000000000002,1.5999999999999999,0,2.0,49.0,,0,,0,,0
2018,1872,SHIMLA D/S OF MSW DUMPING SITE,Himachal Pradesh,10.0,19.0,6.8,8.5,98.0,1137.0,1.0,15.0,0.8,30.9,22.0,170.0,70.0,540.0,,,,,,,14.5,0,7.65,0,617.5,8.0,15.85,0,96.0,305.0,,0,,0,,0
2018,1873,DHARAMSHALA KANGRA D/S OF MSW DUMPING,Himachal Pradesh,16.0,17.0,6.6,6.8,319.0,324.0,0.1,0.2,1.4,2.5,4.0,4.0,94.0,94.0,,,,,,,16.5,0,6.699999999999999,0,321.5,0.15000000000000002,1.95,0,4.0,94.0,,0,,0,,0
2018,1874,SOLAN-D/S OF MSW DUMPING SITE SALOGRA SITE,Himachal Pradesh,,,7.7,8.3,264.0,537.0,0.4,6.4,0.3,8.5,2.0,17.0,2.0,43.0,,,,,,,,0,8.0,0,400.5,3.4000000000000004,4.4,0,9.5,22.5,,0,,0,,0
2018,1875,MANDI-D/S OF MSW DUMPING SITE,Himachal Pradesh,22.0,22.0,8.1,8.5,270.0,323.0,1.8,6.0,0.7,0.7,2.0,120.0,5.0,920.0,,,,,,,22.0,0,8.3,0,296.5,3.9,0.7,0,61.0,462.5,,0,,0,,0
2018,1877,BADDI INDUSTRIAL AREA,Himachal Pradesh,22.0,22.0,7.4,8.2,664.0,952.0,0.2,0.4,0.3,0.5,2.0,2.0,2.0,2.0,,,,,,,22.0,0,7.8,0,808.0,0.30000000000000004,0.4,0,2.0,2.0,,0,,0,,0
2018,1878,BAROTIWALA INDUSTRIAL AREA,Himachal Pradesh,22.0,22.0,7.4,8.0,557.0,628.0,0.2,0.5,0.3,0.3,2.0,2.0,2.0,2.0,,,,,,,22.0,0,7.7,0,592.5,0.35,0.3,0,2.0,2.0,,0,,0,,0
2018,1879,NALAGARH INDUSTRIAL AREA,Himachal Pradesh,23.0,23.0,7.6,8.3,967.0,994.0,0.2,0.5,0.2,0.2,2.0,2.0,2.0,2.0,,,,,,,23.0,0,7.95,0,980.5,0.35,0.2,0,2.0,2.0,,0,,0,,0
2018,1880,KALA AMB INDUSTRIAL AREA,Himachal Pradesh,,,7.7,8.3,505.0,639.0,0.1,0.2,1.2,2.2,2.0,2.0,2.0,3.0,,,,,,,,0,8.0,0,572.0,0.15000000000000002,1.7000000000000002,0,2.0,2.5,,0,,0,,0
2018,1881,PAONTA SAHIB INDUSTRIAL AREA,Himachal Pradesh,,,7.9,8.0,657.0,686.0,0.2,0.2,1.9,2.2,2.0,2.0,2.0,4.0,,,,,,,,0,7.95,0,671.5,0.2,2.05,0,2.0,3.0,,0,,0,,0
2018,1882,MEHATPUR INDUSTRIAL AREA,Himachal Pradesh,14.0,14.0,7.4,8.3,304.0,796.0,0.1,0.2,0.2,0.4,2.0,2.0,70.0,70.0,,,,,,,14.0,0,7.8500000000000005,0,550.0,0.15000000000000002,0.30000000000000004,0,2.0,70.0,,0,,0,,0
2018,1883,UNA INDUSTRIAL AREA,Himachal Pradesh,13.0,13.0,8.2,8.2,533.0,690.0,0.1,0.1,0.3,0.5,,,,,,,,,,,13.0,0,8.2,0,611.5,0.1,0.4,0,,,,0,,0,,0
2018,2628,HAND PUMP AT SHAMSHI,Himachal Pradesh,15.0,19.0,7.8,8.5,432.0,626.0,0.0,0.1,0.0,2.1,2.0,2.0,2.0,2.0,,,,,,,17.0,0,8.15,0,529.0,0.05,1.05,0,2.0,2.0,,0,,0,,0
2018,2629,HAND PUMP AT MANDI TOWN,Himachal Pradesh,24.0,25.0,8.2,8.2,362.0,456.0,0.0,0.1,,,2.0,2.0,2.0,2.0,,,,,,,24.5,0,8.2,0,409.0,0.05,,0,2.0,2.0,,0,,0,,0
2018,2630,HAND PUMP AT HAMIRPUR TOWN,Himachal Pradesh,13.0,18.0,7.1,8.2,306.0,796.0,0.1,0.1,0.3,2.3,2.0,2.0,46.0,46.0,,,,,,,15.5,0,7.6499999999999995,0,551.0,0.1,1.2999999999999998,0,2.0,46.0,,0,,0,,0
2018,2631,HAND PUMP AT NADAUN TOWN,Himachal Pradesh,13.0,17.0,7.2,8.1,284.0,788.0,0.1,1.0,0.4,2.7,2.0,2.0,63.0,63.0,,,,,,,15.0,0,7.65,0,536.0,0.55,1.55,0,2.0,63.0,,0,,0,,0
2018,2632,HAND PUMP AT BILASPUR TOWN,Himachal Pradesh,17.0,24.0,8.0,8.4,77.0,908.0,0.0,0.1,0.0,0.4,2.0,13.0,2.0,79.0,,,,,,,20.5,0,8.2,0,492.5,0.05,0.2,0,7.5,40.5,,0,,0,,0
2018,2633,HAND PUMP AT RECONGPEO,Himachal Pradesh,,,7.3,8.1,100.0,342.0,0.1,1.0,0.0,1.0,,,,,,,,,,,,0,7.699999999999999,0,221.0,0.55,0.5,0,,,,0,,0,,0
2018,2634,HAND PUMP AT SHIMLA,Himachal Pradesh,13.0,14.0,7.4,8.0,99.0,326.0,0.5,0.5,0.2,0.6,2.0,2.0,2.0,2.0,,,,,,,13.5,0,7.7,0,212.5,0.5,0.4,0,2.0,2.0,,0,,0,,0
2018,2635,HAND PUMP AT RAMPUR,Himachal Pradesh,,,7.5,7.7,97.0,101.0,0.3,0.6,0.5,1.0,,,,,,,,,,,,0,7.6,0,99.0,0.44999999999999996,0.75,0,,,,0,,0,,0
2018,2636,HAND PUMP AT KANGRA TEMPLE/ TOWN,Himachal Pradesh,15.0,16.0,8.1,8.2,484.0,780.0,0.1,0.2,0.2,0.5,,,,,,,,,,,15.5,0,8.149999999999999,0,632.0,0.15000000000000002,0.35,0,,,,0,,0,,0
2018,2637,HAND PUMP AT JWALAJI TEMPLE,Himachal Pradesh,13.0,13.0,7.1,7.1,1125.0,1125.0,0.1,0.1,2.0,2.0,,,,,,,,,,,13.0,0,7.1,0,1125.0,0.1,2.0,0,,,,0,,0,,0
2018,2638,HAND PUMP AT CHINTPURNI TEMPLE/ TOWN,Himachal Pradesh,,,7.4,7.4,151.0,151.0,0.1,0.1,0.4,0.4,2.0,2.0,70.0,70.0,,,,,,,,0,7.4,0,151.0,0.1,0.4,0,2.0,70.0,,0,,0,,0
2018,2639,HAND PUMP AT CHAMUNDA DEVI TEMPLE/,Himachal Pradesh,14.0,14.0,7.2,7.8,94.0,134.0,0.1,0.1,0.3,0.3,2.0,2.0,63.0,63.0,,,,,,,14.0,0,7.5,0,114.0,0.1,0.3,0,2.0,63.0,,0,,0,,0
2018,2640,HAND PUMP AT SANSARPUR TERRACE IA TOWN,Himachal Pradesh,15.0,15.0,7.5,8.0,369.0,617.0,0.1,0.1,0.4,0.5,4.0,4.0,70.0,70.0,,,,,,,15.0,0,7.75,0,493.0,0.1,0.45,0,4.0,70.0,,0,,0,,0
2018,2645,HAND PUMP AT NAHAN,Himachal Pradesh,,,7.7,7.9,582.0,1240.0,0.1,0.1,2.2,7.1,2.0,2.0,2.0,2.0,,,,,,,,0,7.800000000000001,0,911.0,0.1,4.65,0,2.0,2.0,,0,,0,,0
2018,2646,HAND PUMP AT KALA AMB,Himachal Pradesh,,,7.5,7.8,853.0,1373.0,0.2,0.2,2.2,5.2,2.0,2.0,2.0,4.0,,,,,,,,0,7.65,0,1113.0,0.2,3.7,0,2.0,3.0,,0,,0,,0
2018,2647,HAND PUMP AT TAHLIWAL IA,Himachal Pradesh,13.0,14.0,8.2,8.4,639.0,643.0,0.1,0.1,0.2,0.5,2.0,2.0,63.0,63.0,,,,,,,13.5,0,8.3,0,641.0,0.1,0.35,0,2.0,63.0,,0,,0,,0
2018,2648,HAND PUMP AT KEYLONG,Himachal Pradesh,15.0,15.0,8.3,8.3,383.0,383.0,0.0,0.0,,,2.0,2.0,2.0,2.0,,,,,,,15.0,0,8.3,0,383.0,0.0,,0,2.0,2.0,,0,,0,,0
2018,19,"WELL AT ALWAYE, KERALA",Kerala,27.0,28.0,5.6,5.8,142.0,181.0,0.9,1.6,0.0,4.1,2.0,400.0,2.0,1200.0,,,,,,,27.5,0,5.699999999999999,0,161.5,1.25,2.05,0,201.0,601.0,,0,,0,,0
2018,22,"WELL AT CHUNGAPALLY, KERALA",Kerala,25.0,28.0,6.5,7.3,74.0,120.0,0.5,1.0,0.4,0.7,40.0,310.0,130.0,490.0,,,,,,,26.5,0,6.9,0,97.0,0.75,0.55,0,175.0,310.0,,0,,0,,0
2018,35,"WELL AT PUNALUR, KERALA",Kerala,24.0,25.0,6.1,6.7,190.0,228.0,1.1,1.2,0.7,0.8,20.0,31.0,120.0,140.0,,,,,,,24.5,0,6.4,0,209.0,1.15,0.75,0,25.5,130.0,,0,,0,,0
2018,1581,"PAPPANAMKODE, THIRUVANANTHAPURAM,",Kerala,31.0,32.0,6.2,6.9,140.0,180.0,0.7,1.8,0.0,10.0,10.0,13.0,34.0,40.0,,,,,,,31.5,0,6.550000000000001,0,160.0,1.25,5.0,0,11.5,37.0,,0,,0,,0
2018,1582,"NEDUMANGAD, THIRUVANANTHAPURAM,",Kerala,31.0,31.0,6.7,7.1,170.0,300.0,0.6,1.1,0.0,15.0,10.0,12.0,35.0,40.0,,,,,,,31.0,0,6.9,0,235.0,0.8500000000000001,7.5,0,11.0,37.5,,0,,0,,0
2018,1583,"KUNDARA, KOLLAM DISTT. , KERALA",Kerala,26.0,27.0,6.6,6.9,148.0,160.0,1.0,1.1,0.6,0.6,10.0,20.0,58.0,79.0,,,,,,,26.5,0,6.75,0,154.0,1.05,0.6,0,15.0,68.5,,0,,0,,0
2018,1584,"CHERTHALA, ALLEPPY, KERALA",Kerala,28.0,29.0,7.5,8.2,259.0,350.0,0.5,1.3,0.0,0.1,2.0,200.0,10.0,310.0,,,,,,,28.5,0,7.85,0,304.5,0.9,0.05,0,101.0,160.0,,0,,0,,0
2018,1585,"VYTTILA, ERNAKULAM DISTT. , KERALA",Kerala,28.0,30.0,6.9,7.0,250.0,420.0,2.0,2.4,4.4,10.1,200.0,1100.0,1200.0,2000.0,,,,,,,29.0,0,6.95,0,335.0,2.2,7.25,0,650.0,1600.0,,0,,0,,0
2018,1586,"EDAYAR ERNAKULAM DISTT., KERALA",Kerala,28.0,28.0,5.6,5.6,197.0,197.0,3.0,3.0,0.8,0.8,2.0,2.0,20.0,20.0,,,,,,,28.0,0,5.6,0,197.0,3.0,0.8,0,2.0,20.0,,0,,0,,0
2018,1587,"KALAMASSERY ERNAKULAM DISTT. , KERALA",Kerala,26.0,28.0,6.3,7.0,334.0,354.0,0.5,0.6,6.1,7.4,2.0,2100.0,4.0,5400.0,,,,,,,27.0,0,6.65,0,344.0,0.55,6.75,0,1051.0,2702.0,,0,,0,,0
2018,1588,"PUNKUNNAM TRISSUR DISTT. , KERALA",Kerala,26.0,29.0,6.2,6.4,210.0,302.0,0.6,0.8,0.3,2.6,250.0,1700.0,490.0,2000.0,,,,,,,27.5,0,6.300000000000001,0,256.0,0.7,1.45,0,975.0,1245.0,,0,,0,,0
2018,1589,"MALAPURAM , KERALA",Kerala,30.0,32.0,6.2,6.3,270.0,398.0,1.2,3.0,0.8,11.0,15.0,23.0,46.0,60.0,,,,,,,31.0,0,6.25,0,334.0,2.1,5.9,0,19.0,53.0,,0,,0,,0
2018,1590,"MAVOOR, KOZHIKKODE DISTT. , KERALA",Kerala,27.0,27.0,6.3,7.7,75.0,92.0,0.5,0.5,0.1,2.0,70.0,140.0,120.0,220.0,,,,,,,27.0,0,7.0,0,83.5,0.5,1.05,0,105.0,170.0,,0,,0,,0
2018,1591,"KANNUR (MUNICIPALITY) KANNUR DISTTM ,",Kerala,27.0,30.0,5.1,6.7,90.0,100.0,0.5,2.1,0.7,4.9,84.0,310.0,100.0,490.0,,,,,,,28.5,0,5.9,0,95.0,1.3,2.8000000000000003,0,197.0,295.0,,0,,0,,0
2018,1592,"PAYYANNUR, KANNUR DISTT. , KERALA",Kerala,28.0,28.0,6.8,7.9,200.0,320.0,0.5,0.5,1.1,4.0,120.0,1300.0,150.0,1500.0,,,,,,,28.0,0,7.35,0,260.0,0.5,2.55,0,710.0,825.0,,0,,0,,0
2018,2308,FATHIMAPURAM (CHANGANASSERY),Kerala,27.0,28.0,6.8,7.0,174.0,199.0,0.5,0.5,2.4,5.0,2.0,810.0,2.0,1600.0,,,,,,,27.5,0,6.9,0,186.5,0.5,3.7,0,406.0,801.0,,0,,0,,0
2018,2309,KAROOR (PALA),Kerala,27.0,28.0,6.3,7.5,73.0,87.0,0.5,0.5,0.0,3.2,1000.0,1700.0,2000.0,2600.0,,,,,,,27.5,0,6.9,0,80.0,0.5,1.6,0,1350.0,2300.0,,0,,0,,0
2018,2310,VAIKOM,Kerala,28.0,28.0,6.7,7.5,146.0,184.0,0.5,0.5,0.0,3.5,2.0,2.0,2.0,2.0,,,,,,,28.0,0,7.1,0,165.0,0.5,1.75,0,2.0,2.0,,0,,0,,0
2018,2311,VADAVATHOOR (KOTTAYAM),Kerala,27.0,29.0,6.5,7.1,80.0,126.0,0.5,0.5,2.0,3.1,400.0,1200.0,790.0,2000.0,,,,,,,28.0,0,6.8,0,103.0,0.5,2.55,0,800.0,1395.0,,0,,0,,0
2018,2313,"SARVODAPURAM, ALAPPUZHA",Kerala,29.0,29.0,7.4,8.3,199.0,311.0,2.6,3.0,0.0,0.1,2.0,170.0,20.0,320.0,,,,,,,29.0,0,7.8500000000000005,0,255.0,2.8,0.05,0,86.0,170.0,,0,,0,,0
2018,2314,KUREEPUZHA (KOLLAM),Kerala,23.0,28.0,6.4,6.6,168.0,185.0,1.2,1.3,0.8,1.0,100.0,100.0,280.0,350.0,,,,,,,25.5,0,6.5,0,176.5,1.25,0.9,0,100.0,315.0,,0,,0,,0
2018,2315,K.M.M.L. (KOLLAM),Kerala,22.0,28.0,7.6,7.8,250.0,262.0,0.0,1.0,0.8,0.9,110.0,120.0,320.0,400.0,,,,,,,25.0,0,7.699999999999999,0,256.0,0.5,0.8500000000000001,0,115.0,360.0,,0,,0,,0
2018,2316,CHELLORA TRENCHING GROUND (KANNUR),Kerala,26.0,28.0,6.7,7.5,40.0,306.0,0.5,0.6,0.0,8.7,400.0,1200.0,430.0,1400.0,,,,,,,27.0,0,7.1,0,173.0,0.55,4.35,0,800.0,915.0,,0,,0,,0
2018,2317,PUNNALPETTIPPALAM (TELLICHERRY,Kerala,28.0,28.0,6.1,7.4,132.0,330.0,0.5,0.5,1.9,2.0,480.0,1100.0,1200.0,1300.0,,,,,,,28.0,0,6.75,0,231.0,0.5,1.95,0,790.0,1250.0,,0,,0,,0
2018,2320,MANJERI MUNICIPALITY,Kerala,30.0,31.0,6.0,6.4,200.0,269.0,0.8,1.2,0.8,11.0,4.0,31.0,20.0,60.0,,,,,,,30.5,0,6.2,0,234.5,1.0,5.9,0,17.5,40.0,,0,,0,,0
2018,2321,LALOOR (THRISSUR),Kerala,27.0,30.0,4.7,5.8,200.0,250.0,0.5,0.5,0.4,1.8,310.0,600.0,790.0,920.0,,,,,,,28.5,0,5.25,0,225.0,0.5,1.1,0,455.0,855.0,,0,,0,,0
2018,2322,OLLUR (THRISSUR),Kerala,29.0,30.0,4.6,5.0,187.0,200.0,0.7,1.6,4.9,11.5,2.0,250.0,2.0,460.0,,,,,,,29.5,0,4.8,0,193.5,1.15,8.2,0,126.0,231.0,,0,,0,,0
2018,2323,BRAHMAPURAM M.S.W. DUMPARK,Kerala,26.0,30.0,6.5,6.5,224.0,335.0,0.9,1.2,1.4,3.5,30.0,250.0,790.0,1100.0,,,,,,,28.0,0,6.5,0,279.5,1.05,2.45,0,140.0,945.0,,0,,0,,0
2018,2324,HAZARDOUS WASTE DUMP (AMBALAMUGHAL) (ERNAKULAM),Kerala,28.0,30.0,5.4,6.0,125.0,142.0,2.1,4.8,2.4,5.0,2.0,8.0,4.0,12.0,,,,,,,29.0,0,5.7,0,133.5,3.45,3.7,0,5.0,8.0,,0,,0,,0
2018,2327,KARUKAMANI,Kerala,28.0,33.0,6.2,7.5,420.0,670.0,0.5,1.6,0.8,2.8,2.0,20.0,40.0,100.0,,,,,,,30.5,0,6.85,0,545.0,1.05,1.7999999999999998,0,11.0,70.0,,0,,0,,0
2018,3463,"WELL AT VELLIPARAMBA, KOZHEKODE",Kerala,27.0,29.0,6.4,7.0,76.0,81.0,0.5,0.6,1.3,1.4,60.0,250.0,150.0,350.0,,,,,,,28.0,0,6.7,0,78.5,0.55,1.35,0,155.0,250.0,,0,,0,,0
2018,3472,"WELL OF TEMPLE PARASSINIKADAVU, KANNUR",Kerala,26.0,28.0,7.4,8.0,800.0,1000.0,0.5,2.5,1.0,1.2,200.0,280.0,310.0,310.0,,,,,,,27.0,0,7.7,0,900.0,1.5,1.1,0,240.0,310.0,,0,,0,,0
2018,3474,"WELL AT PAYANOOR, KANNUR",Kerala,27.0,28.0,7.3,7.8,90.0,200.0,1.0,1.3,0.7,3.5,100.0,140.0,170.0,200.0,,,,,,,27.5,0,7.55,0,145.0,1.15,2.1,0,120.0,185.0,,0,,0,,0
2018,3475,"WELL AT KARIMBAM, KANNUR",Kerala,24.0,27.0,5.8,7.4,97.0,110.0,1.5,1.8,1.0,3.1,100.0,140.0,170.0,200.0,,,,,,,25.5,0,6.6,0,103.5,1.65,2.05,0,120.0,185.0,,0,,0,,0
2018,52,"HANIF KHAN S/O JABBAR KHAN, AMRAWATI WELL, SHRI RAO PRAJAPATI WELL , M. P.(T/W OF",Madhya Pradesh,25.0,27.0,7.9,8.3,1156.0,1447.0,0.6,0.9,2.2,4.9,2.0,2.0,7.0,10.0,,,,,,,26.0,0,8.100000000000001,0,1301.5,0.75,3.5500000000000003,0,2.0,8.5,,0,,0,,0
2018,1616,"ROAD, BURHANPUR ) OPEN WELL/TUBE WELL INDUSTRIAL AREA,",Madhya Pradesh,29.0,30.0,7.2,7.8,625.0,2500.0,0.9,1.0,1.6,46.9,2.0,2.0,34.0,43.0,,,,,,,29.5,0,7.5,0,1562.5,0.95,24.25,1,2.0,38.5,,0,,0,,0
2018,1617,"GOVINDPURA, BHOPAL, M.P OPEN WELL/TUBE WELL INDUSTRIAL AREA",Madhya Pradesh,25.0,26.0,7.7,8.1,286.0,1201.0,0.5,0.9,1.1,1.3,2.0,2.0,39.0,43.0,,,,,,,25.5,0,7.9,0,743.5,0.7,1.2000000000000002,0,2.0,41.0,,0,,0,,0
2018,1618,"MANDIDEEP, DISTT. RAISEN, M.P GROUND WATER SAMPLING AT TWO POINTS IN",Madhya Pradesh,26.0,27.0,7.5,8.1,830.0,1203.0,1.3,1.6,0.8,1.3,2.0,2.0,14.0,15.0,,,,,,,26.5,0,7.8,0,1016.5,1.4500000000000002,1.05,0,2.0,14.5,,0,,0,,0
2018,1619,"INDUSTRIAL AREA MALANPUR, M.P GROUND WATER SAMPLING AT TWO POINTS IN",Madhya Pradesh,26.0,26.0,7.5,8.1,716.0,1280.0,1.2,1.7,0.8,1.0,2.0,2.0,15.0,17.0,,,,,,,26.0,0,7.8,0,998.0,1.45,0.9,0,2.0,16.0,,0,,0,,0
2018,1897,"INDUSTRIAL AREA MALANPUR, M.P TUBE WELL AT JAINABAD, NEAR TAPTI RIVER",Madhya Pradesh,25.0,28.0,7.8,7.9,1083.0,1230.0,0.8,0.8,1.1,3.1,2.0,2.0,7.0,8.0,,,,,,,26.5,0,7.85,0,1156.5,0.8,2.1,0,2.0,7.5,,0,,0,,0
2018,2143,"KATHODA, JABALPUR BRIDGE, PUMPING STN. BURHANPUR, M.P.",Madhya Pradesh,21.0,21.0,7.5,7.6,360.0,440.0,0.2,0.4,0.3,0.6,2.0,18.0,2.0,18.0,,,,,,,21.0,0,7.55,0,400.0,0.30000000000000004,0.44999999999999996,0,10.0,10.0,,0,,0,,0
2018,2144,"MADAI GRAM, JABALPUR",Madhya Pradesh,22.0,22.0,7.2,7.6,368.0,460.0,0.2,0.3,0.3,1.1,2.0,18.0,2.0,18.0,,,,,,,22.0,0,7.4,0,414.0,0.25,0.7000000000000001,0,10.0,10.0,,0,,0,,0
2018,2145,"MEHATWAS, NAGDA",Madhya Pradesh,26.0,26.0,7.9,7.9,1516.0,1516.0,1.0,1.0,4.1,4.1,,,,,,,,,,,26.0,0,7.9,0,1516.0,1.0,4.1,0,,,,0,,0,,0
2018,2146,"BHAGATPURI VILLAGE, NAGDA",Madhya Pradesh,26.0,26.0,7.4,7.8,1733.0,1812.0,1.6,2.0,3.2,4.9,,,,,,,,,,,26.0,0,7.6,0,1772.5,1.8,4.050000000000001,0,,,,0,,0,,0
2018,2147,"PRATAL NAGAR, DEWAS",Madhya Pradesh,21.0,21.0,7.7,7.9,2662.0,2662.0,1.2,2.0,0.5,4.9,,,,,,,,,,,21.0,0,7.800000000000001,0,2662.0,1.6,2.7,0,,,,0,,0,,0
2018,2148,"DOSIGAON, RATLAM",Madhya Pradesh,27.0,27.0,7.0,7.0,1860.0,1860.0,1.8,1.8,5.0,5.0,2.0,2.0,25.0,25.0,,,,,,,27.0,0,7.0,0,1860.0,1.8,5.0,0,2.0,25.0,,0,,0,,0
2018,2149,"CULVERT ON A.B. ROAD, MAKSI",Madhya Pradesh,,,7.9,7.9,1530.0,1530.0,2.0,2.0,2.6,2.6,,,,,,,,,,,,0,7.9,0,1530.0,2.0,2.6,0,,,,0,,0,,0
2018,2150,"TRENCHING GROUND, NEAR GARDEN, DEV",Madhya Pradesh,25.0,30.0,7.8,7.8,1444.0,1669.0,0.5,0.6,0.8,4.5,2.0,2.0,6.0,7.0,,,,,,,27.5,0,7.8,0,1556.5,0.55,2.65,0,2.0,6.5,,0,,0,,0
2018,2151,"GURADIYA ROAD, INDORE TRENCHING GROUND IN THE PREMISES OF M/S",Madhya Pradesh,25.0,30.0,7.4,7.8,1760.0,3118.0,0.9,1.2,8.3,8.4,2.0,2.0,7.0,17.0,,,,,,,27.5,0,7.6,0,2439.0,1.05,8.350000000000001,0,2.0,12.0,,0,,0,,0
2018,2152,"RISHABH MASALA UDYOG, INDORE TRENCHING GROUND IN THE PREMISES OF M/S",Madhya Pradesh,25.0,29.0,7.6,7.9,1655.0,2419.0,0.9,1.4,4.4,9.0,2.0,2.0,6.0,7.0,,,,,,,27.0,0,7.75,0,2037.0,1.15,6.7,0,2.0,6.5,,0,,0,,0
2018,2153,"IBRAHIMGANJ NEAR BUS STAND, BHOPAL LAKHANI FOOT WEAR, INDORE",Madhya Pradesh,25.0,28.0,7.2,8.1,510.0,547.0,0.7,0.8,3.1,5.7,2.0,2.0,26.0,70.0,,,,,,,26.5,0,7.65,0,528.5,0.75,4.4,0,2.0,48.0,,0,,0,,0
2018,2154,"NEAR PRIMARY SCHOOL, PILUKHEDI, RAJGARH.",Madhya Pradesh,22.0,29.0,7.6,8.7,291.0,2100.0,1.4,2.2,0.0,3.2,,,,,,,,,,,25.5,0,8.149999999999999,1,1195.5,1.8,1.6,0,,,,0,,0,,0
2018,3332,"TUBE WELL/ HAND PUMP AT INDUSTRIAL AREA,",Madhya Pradesh,,,7.8,7.8,2495.0,2495.0,1.0,1.0,5.1,5.1,,,,,,,,,,,,0,7.8,0,2495.0,1.0,5.1,0,,,,0,,0,,0
2018,3333,"HAND PUMP WATER AT BANSKHEDI, BHOPAL DEWAS",Madhya Pradesh,25.0,29.0,7.3,7.8,434.0,497.0,0.7,0.9,2.0,4.2,2.0,2.0,34.0,40.0,,,,,,,27.0,0,7.55,0,465.5,0.8,3.1,0,2.0,37.0,,0,,0,,0
2018,3334,TUBE WELL NEAR BUS STAND AT BETUL,Madhya Pradesh,29.0,29.0,7.4,7.7,326.0,330.0,1.0,1.0,1.0,1.3,2.0,2.0,130.0,220.0,,,,,,,29.0,0,7.550000000000001,0,328.0,1.0,1.15,0,2.0,175.0,,0,,0,,0
2018,3335,TUBE WELL/ HAND PUMP AT INDUSTRIAL AREA,Madhya Pradesh,21.0,21.0,7.3,7.5,430.0,680.0,0.2,0.4,0.2,0.3,2.0,18.0,2.0,18.0,,,,,,,21.0,0,7.4,0,555.0,0.30000000000000004,0.25,0,10.0,10.0,,0,,0,,0
2018,3336,"RECHHAI, JABALPUR TUBE WELL/ HAND PUMP AT INDUSTRIAL AREA,",Madhya Pradesh,24.0,28.0,8.1,8.4,830.0,830.0,1.2,1.6,0.0,2.6,3.0,3.0,11.0,11.0,,,,,,,26.0,0,8.25,0,830.0,1.4,1.3,0,3.0,11.0,,0,,0,,0
2018,3337,CHHINDWARA TUBE WELL/ HAND PUMP AT INDL AREA SEONI,Madhya Pradesh,24.0,24.0,7.5,8.0,360.0,830.0,0.2,0.2,0.2,1.1,2.0,18.0,2.0,18.0,,,,,,,24.0,0,7.75,0,595.0,0.2,0.65,0,10.0,10.0,,0,,0,,0
2018,3338,"NEAR BARAPATTHAR HAND PUMP NEAR PANCHAYAT BHAWAN,",Madhya Pradesh,26.0,26.0,7.3,7.6,567.0,738.0,1.4,1.8,0.8,1.1,2.0,2.0,17.0,18.0,,,,,,,26.0,0,7.449999999999999,0,652.5,1.6,0.9500000000000001,0,2.0,17.5,,0,,0,,0
2018,3339,VILLAGE TINAWALI RAIRU TUBE WELL/ HAND PUMP NEAR MANGLIA,Madhya Pradesh,25.0,29.0,7.1,7.6,1335.0,2263.0,1.0,1.8,4.3,8.3,2.0,2.0,12.0,34.0,,,,,,,27.0,0,7.35,0,1799.0,1.4,6.300000000000001,0,2.0,23.0,,0,,0,,0
2018,3340,"INDUSTRIAL AREA , INDORE TUBE WELL AT NEAR TRENCHING GROUND,",Madhya Pradesh,25.0,30.0,7.6,7.9,2239.0,2500.0,0.7,1.0,10.3,110.3,2.0,2.0,5.0,6.0,,,,,,,27.5,0,7.75,0,2369.5,0.85,60.3,1,2.0,5.5,,0,,0,,0
2018,3341,"INDORE TUBE WELL AT SECTOR-III, PITHAMPUR",Madhya Pradesh,25.0,30.0,7.6,7.8,1565.0,3289.0,0.4,1.2,4.3,5.1,2.0,2.0,6.0,7.0,,,,,,,27.5,0,7.699999999999999,0,2427.0,0.8,4.699999999999999,0,2.0,6.5,,0,,0,,0
2018,3342,"INDUSTRIAL AREA BOREWELL WATER AT VILLAGE TARPUR, SECTOR-",Madhya Pradesh,25.0,30.0,7.9,8.3,610.0,620.0,0.8,1.2,1.9,2.2,2.0,2.0,3.0,12.0,,,,,,,27.5,0,8.100000000000001,0,615.0,1.0,2.05,0,2.0,7.5,,0,,0,,0
2018,3343,"II, PITHAMPUR, INDUSTRIAL AREA TUBE WELL NEAR INDUSTRIAL AREA UDYOG",Madhya Pradesh,26.0,30.0,7.0,7.3,1.0,3.0,0.8,1.0,3.4,5.2,2.0,2.0,6.0,14.0,,,,,,,28.0,0,7.15,0,2.0,0.9,4.3,0,2.0,10.0,,0,,0,,0
2018,3344,"SAMPLE FROM INDUSTRIAL VIHAR , CHURAT, REWA TUBEWELL AT INDL AREA, SHAHDOLU/G WATER",Madhya Pradesh,25.0,30.0,7.4,7.9,786.0,826.0,0.2,0.3,0.8,1.2,,,2.0,2.0,,,,,,,27.5,0,7.65,0,806.0,0.25,1.0,0,,2.0,,0,,0,,0
2018,3345,"TUBEWELL AT INDL AREA, ANUPPUR AREA,NARSARHA,DISTT. SHAHDOL(M.P.)",Madhya Pradesh,28.0,30.0,7.0,8.0,526.0,683.0,0.1,0.2,0.8,1.2,,,2.0,2.0,,,,,,,29.0,0,7.5,0,604.5,0.15000000000000002,1.0,0,,2.0,,0,,0,,0
2018,3822,"GROUND WATER NEAR BUS STAND, DIST",Madhya Pradesh,20.0,20.0,7.3,8.4,380.0,567.0,0.2,0.2,1.0,2.5,2.0,2.0,2.0,2.0,,,,,,,20.0,0,7.85,0,473.5,0.2,1.75,0,2.0,2.0,,0,,0,,0
2018,3823,"NARSINGPUR GROUND WATER NEAR BUS STAND, DIST",Madhya Pradesh,24.0,24.0,7.4,7.5,369.0,450.0,0.2,0.2,0.2,2.0,2.0,2.0,2.0,2.0,,,,,,,24.0,0,7.45,0,409.5,0.2,1.1,0,2.0,2.0,,0,,0,,0
2018,3824,"BALAGHAT GROUND WATER VILL BHEEMJORI, MALAJKH,",Madhya Pradesh,24.0,24.0,7.4,7.6,380.0,450.0,0.2,0.3,0.2,0.3,2.0,2.0,2.0,2.0,,,,,,,24.0,0,7.5,0,415.0,0.25,0.25,0,2.0,2.0,,0,,0,,0
2018,3825,"DIST BALAGHAT GROUND WATER NEAR BUS STAND, DIST",Madhya Pradesh,21.0,21.0,6.9,7.1,372.0,410.0,0.2,0.2,0.5,0.6,2.0,2.0,2.0,2.0,,,,,,,21.0,0,7.0,0,391.0,0.2,0.55,0,2.0,2.0,,0,,0,,0
2018,3826,"GROUND WATER NEAR BUS STAND, DIST SEONI MANDLA",Madhya Pradesh,24.0,24.0,6.4,7.5,360.0,411.0,0.2,0.2,0.2,0.8,2.0,2.0,2.0,2.0,,,,,,,24.0,0,6.95,0,385.5,0.2,0.5,0,2.0,2.0,,0,,0,,0
2018,3827,"GROUND WATER VILL IMALIA, DIST JABALPUR",Madhya Pradesh,22.0,22.0,7.2,7.6,450.0,460.0,0.3,0.4,0.3,0.3,2.0,2.0,2.0,2.0,,,,,,,22.0,0,7.4,0,455.0,0.35,0.3,0,2.0,2.0,,0,,0,,0
2018,3837,"GROUND WATER PRIMARY SCHOOL DHOBI GHAT,",Madhya Pradesh,21.0,21.0,7.5,7.5,280.0,290.0,,,,,,,,,,,,,,,21.0,0,7.5,0,285.0,,,0,,,,0,,0,,0
2018,3838,"DIST SINGROULI GROUND WATER NCL, JINGURDHA, QSHF-176",Madhya Pradesh,21.0,21.0,7.5,7.5,270.0,300.0,,,,,,,,,,,,,,,21.0,0,7.5,0,285.0,,,0,,,,0,,0,,0
2018,3839,"METENCE OFF, DIST SINGROULI GROUND WATER NEAR SHIV MANDIR, AMLORI",Madhya Pradesh,21.0,23.0,7.4,7.6,270.0,310.0,,,,,,,,,,,,,,,22.0,0,7.5,0,290.0,,,0,,,,0,,0,,0
2018,3840,GROUND WATER NEAR SUBJEE MANDI NCL,Madhya Pradesh,21.0,23.0,7.3,7.5,280.0,320.0,,,,,,,,,,,,,,,22.0,0,7.4,0,300.0,,,0,,,,0,,0,,0
2018,3841,"JAYANT (BESIDE POLICE STATION), SINGROULI GROUND WATER SARVESWAR RAJA COLONY",Madhya Pradesh,21.0,21.0,7.3,7.5,280.0,320.0,,,,,,,,,,,,,,,21.0,0,7.4,0,300.0,,,0,,,,0,,0,,0
2018,3842,"JAYANT, SINGROULI GROUND WATER NEAR SUB STATION SECTOR-B,",Madhya Pradesh,21.0,22.0,7.3,7.5,310.0,470.0,,,,,,,,,,,,,,,21.5,0,7.4,0,390.0,,,0,,,,0,,0,,0
2018,3843,"DUDHICHUA NCL PROJECT, SINGROULI GROUND WATER NEAR ENTRANCE GAGE OF",Madhya Pradesh,21.0,22.0,7.3,7.6,310.0,320.0,,,,,,,,,,,,,,,21.5,0,7.449999999999999,0,315.0,,,0,,,,0,,0,,0
2018,3844,"MOBILE NEAR BHARAT PETROL PUMP, VINDHYA VIVEKANANAD STATUE, NIGAHI, SINGROULI GROUND WATER NEAR COMMERCIAL AUTO",Madhya Pradesh,21.0,23.0,7.3,7.5,280.0,330.0,,,,,,,,,,,,,,,22.0,0,7.4,0,305.0,,,0,,,,0,,0,,0
2018,3854,"TUBE WELL WATER SAMPLE OF SIDHI CITY NAGAR, SINGROULI",Madhya Pradesh,26.0,30.0,7.0,7.8,1.0,1.0,0.9,1.1,2.2,3.9,2.0,2.0,7.0,12.0,,,,,,,28.0,0,7.4,0,1.0,1.0,3.05,0,2.0,9.5,,0,,0,,0
2018,1985,"KASHIMIRA,BHAYANDER, THANE",Maharashtra,30.0,30.0,8.0,8.1,3138.0,3213.0,3.0,3.8,1.0,1.0,2.0,2.0,5.0,17.0,,,,,,,30.0,0,8.05,0,3175.5,3.4,1.0,0,2.0,11.0,,0,,0,,0
2018,1986,"MOTAPADA,DAHANU, THANE",Maharashtra,28.0,30.0,7.8,8.4,149.0,541.0,3.0,3.2,0.2,1.5,4.0,8.0,21.0,94.0,,,,,,,29.0,0,8.1,0,345.0,3.1,0.85,0,6.0,57.5,,0,,0,,0
2018,1987,"GOKHIWARE,VASAI, THANE",Maharashtra,30.0,30.0,7.4,7.5,1974.0,2322.0,3.0,3.6,0.7,1.1,8.0,13.0,13.0,130.0,,,,,,,30.0,0,7.45,0,2148.0,3.3,0.9,0,10.5,71.5,,0,,0,,0
2018,1988,"GHARATWADI,ALIYALI,PALGHAR, THANE",Maharashtra,28.0,30.0,7.4,7.8,1613.0,2187.0,3.4,7.0,1.5,1.6,7.0,21.0,48.0,110.0,,,,,,,29.0,0,7.6,0,1900.0,5.2,1.55,0,14.0,79.0,,0,,0,,0
2018,1989,"MSW SITE, KARAWALA,TALOJA,PANVEL, RAIGAD",Maharashtra,28.0,29.0,7.4,7.8,287.0,1529.0,3.0,5.0,0.8,1.9,4.0,26.0,40.0,170.0,,,,,,,28.5,0,7.6,0,908.0,4.0,1.35,0,15.0,105.0,,0,,0,,0
2018,1991,"MSW SITE, PATHARDI, NASIK",Maharashtra,34.0,34.0,8.3,8.3,462.0,462.0,4.0,4.0,0.0,0.5,2.0,2.0,140.0,140.0,,,,,,,34.0,0,8.3,0,462.0,4.0,0.25,0,2.0,140.0,,0,,0,,0
2018,1992,"MSW SITE, MOSHI,PIMPRI-CHINCHWAD,",Maharashtra,26.0,30.0,7.9,8.4,88.0,838.0,2.6,8.5,0.1,5.4,35.0,55.0,425.0,550.0,,,,,,,28.0,0,8.15,0,463.0,5.55,2.75,0,45.0,487.5,,0,,0,,0
2018,1994,"TPS-DURGAPUR, CHANDRAPUR HAWELI,PUNE",Maharashtra,21.0,26.0,7.2,7.8,934.0,1145.0,4.2,5.3,0.1,3.6,2.0,26.0,26.0,140.0,,,,,,,23.5,0,7.5,0,1039.5,4.75,1.85,0,14.0,83.0,,0,,0,,0
2018,1995,"KHAPERKHEDA, SAONER,NAGPUR",Maharashtra,30.0,32.0,7.2,7.7,1012.0,1212.0,3.6,6.0,1.0,4.9,4.0,21.0,39.0,94.0,,,,,,,31.0,0,7.45,0,1112.0,4.8,2.95,0,12.5,66.5,,0,,0,,0
2018,1996,"KORADI, KAMPTEE,NAGPUR",Maharashtra,30.0,30.0,7.3,7.3,1254.0,1254.0,5.9,5.9,0.0,9.4,4.0,4.0,40.0,40.0,,,,,,,30.0,0,7.3,0,1254.0,5.9,4.7,0,4.0,40.0,,0,,0,,0
2018,1997,"RAIPUR,HINGNA NAGPUR",Maharashtra,27.0,27.0,8.0,8.0,992.0,992.0,3.4,3.4,0.0,0.7,,,,,,,,,,,27.0,0,8.0,0,992.0,3.4,0.35,0,,,,0,,0,,0
2018,1998,"BRHAMNI, KALMESHWAR, NAGPUR",Maharashtra,30.0,30.0,7.5,7.9,846.0,890.0,4.8,10.0,0.4,3.7,2.0,2.0,38.0,38.0,,,,,,,30.0,0,7.7,0,868.0,7.4,2.0500000000000003,0,2.0,38.0,,0,,0,,0
2018,1999,"CHANGERA, GONDIA",Maharashtra,,,7.8,8.2,880.0,1030.0,3.1,10.0,0.3,0.5,,,,,,,,,,,,0,8.0,0,955.0,6.55,0.4,0,,,,0,,0,,0
2018,2001,"PARATWADA, ACHALPUR, AMRAVATI",Maharashtra,23.0,23.0,7.6,7.6,960.0,960.0,5.4,5.4,0.0,10.3,2.0,2.0,8.0,8.0,,,,,,,23.0,0,7.6,0,960.0,5.4,5.15,0,2.0,8.0,,0,,0,,0
2018,2002,"ANJANGAON,AKOT, AKOLA",Maharashtra,25.0,27.0,7.5,8.1,686.0,865.0,3.0,5.1,0.5,0.9,4.0,13.0,26.0,50.0,,,,,,,26.0,0,7.8,0,775.5,4.05,0.7,0,8.5,38.0,,0,,0,,0
2018,2003,"SAWARGAON, YAVATMAL",Maharashtra,22.0,24.0,7.4,7.6,916.0,1790.0,5.4,56.4,6.8,7.9,21.0,46.0,170.0,220.0,,,,,,,23.0,0,7.5,0,1353.0,30.9,7.35,0,33.5,195.0,,0,,0,,0
2018,2004,"PARVATI INDL. ESTATE, YADRAV, SHIROL,",Maharashtra,,,7.3,7.4,1680.0,2623.0,2.2,2.4,0.6,1.3,9.0,9.0,120.0,120.0,,,,,,,,0,7.35,0,2151.5,2.3,0.95,0,9.0,120.0,,0,,0,,0
2018,2005,"KHANJIRENAGAR, HATKANANGALE, KOLHAPUR KOLHAPUR",Maharashtra,,,7.5,7.6,1091.0,2040.0,2.0,2.2,0.5,1.2,13.0,13.0,210.0,210.0,,,,,,,,0,7.55,0,1565.5,2.1,0.85,0,13.0,210.0,,0,,0,,0
2018,2006,"MIDC, SHINOLI, CHANDGAD, KOLHAPUR",Maharashtra,,,7.2,7.9,335.0,552.0,2.2,2.2,0.4,0.8,7.0,7.0,49.0,49.0,,,,,,,,0,7.550000000000001,0,443.5,2.2,0.6000000000000001,0,7.0,49.0,,0,,0,,0
2018,2007,"SAVALI, MIRAJ, SANGLI",Maharashtra,22.0,23.0,7.7,7.7,701.0,5826.0,2.0,2.4,0.8,0.9,5.0,14.0,49.0,120.0,,,,,,,22.5,0,7.7,0,3263.5,2.2,0.8500000000000001,0,9.5,84.5,,0,,0,,0
2018,2008,"RASULWADI-SAMBARWADI, MIRAJSANGLI",Maharashtra,20.0,22.0,7.6,7.8,958.0,2036.0,2.2,2.6,0.4,0.8,6.0,12.0,48.0,84.0,,,,,,,21.0,0,7.699999999999999,0,1497.0,2.4000000000000004,0.6000000000000001,0,9.0,66.0,,0,,0,,0
2018,2202,"OWNED BY SHRI RAJENDRA AMRE , KHED, DUG WELL AT GHANE KUNT, NEAR AWASTHI,",Maharashtra,23.0,28.0,6.3,7.5,106.0,542.0,2.0,2.6,0.4,0.4,4.0,9.0,22.0,34.0,,,,,,,25.5,0,6.9,0,324.0,2.3,0.4,0,6.5,28.0,,0,,0,,0
2018,2203,"PARISHAD PRIMARY SCHOOL, BHUGAON, HAND PUMP IN THE PREMISES OF ZILLA",Maharashtra,26.0,26.0,7.6,7.6,962.0,962.0,3.2,3.2,0.0,0.5,,,,,,,,,,,26.0,0,7.6,0,962.0,3.2,0.25,0,,,,0,,0,,0
2018,2819,"WARDHA DUG WELL OWNED BY SHRI DESHMUKH,",Maharashtra,29.0,30.0,8.1,8.2,2084.0,2592.0,3.4,8.5,2.5,9.2,30.0,200.0,350.0,1800.0,,,,,,,29.5,0,8.149999999999999,0,2338.0,5.95,5.85,0,115.0,1075.0,,0,,0,,0
2018,2820,"MALEGAON, BARAMATI, PUNE DUG WELL OWNED BY SHRI SHIVAJI BABAN",Maharashtra,26.0,30.0,8.2,8.5,452.0,1690.0,2.8,3.6,1.9,2.9,8.0,25.0,25.0,350.0,,,,,,,28.0,0,8.35,0,1071.0,3.2,2.4,0,16.5,187.5,,0,,0,,0
2018,2821,"PREMISES OWNED BY SHRI DIGAMBAR JOSHI, DAREKAR, SANASWADI, SHIRUR, PUNE BORE WELL AT BALE RAILWAY STATION",Maharashtra,35.0,35.0,8.1,8.1,658.0,658.0,6.4,6.4,0.0,1.7,30.0,30.0,550.0,550.0,,,,,,,35.0,0,8.1,0,658.0,6.4,0.85,0,30.0,550.0,,0,,0,,0
2018,2822,"BORE WELL NEAR CHINCHOLI, MOHOL, SOLAPUR DAHEGAON, NORTH SOLAPUR",Maharashtra,27.0,27.0,8.1,8.1,1545.0,1545.0,3.8,3.8,0.0,3.4,40.0,40.0,425.0,425.0,,,,,,,27.0,0,8.1,0,1545.0,3.8,1.7,0,40.0,425.0,,0,,0,,0
2018,2823,BORE WELL AT SHETE VASTI NEAR OLD TULJAPUR,Maharashtra,28.0,28.0,8.5,8.5,985.0,985.0,3.2,3.2,0.0,2.9,40.0,40.0,425.0,425.0,,,,,,,28.0,0,8.5,0,985.0,3.2,1.45,0,40.0,425.0,,0,,0,,0
2018,2826,"ROAD, TULJAPUR NAKA, SOLAPUR DUG WELL NEAR RAILWAY STATION, COTTON",Maharashtra,26.0,31.0,7.8,7.8,858.0,989.0,5.7,6.0,0.7,4.2,,,,,,,,,,,28.5,0,7.8,0,923.5,5.85,2.45,0,,,,0,,0,,0
2018,2828,"MARKET, WARDHA DUG WELL NEAR JILLA PARISHAD PRIMARY",Maharashtra,20.0,27.0,7.4,7.5,976.0,990.0,4.0,5.8,0.1,2.9,6.0,25.0,40.0,150.0,,,,,,,23.5,0,7.45,0,983.0,4.9,1.5,0,15.5,95.0,,0,,0,,0
2018,2829,"PRATIBHA ENTERPRISES, HATKANANGALE, SCHOOL, VISAPUR, BALLARPUR, CHANDRAPUR BORE WELL AT MIDC SHIROLI NEAR M/S",Maharashtra,,,7.6,8.0,694.0,2718.0,2.0,2.4,0.6,0.9,14.0,14.0,170.0,170.0,,,,,,,,0,7.8,0,1706.0,2.2,0.75,0,14.0,170.0,,0,,0,,0
2018,2830,"KOLHAPUR BORE WELL AT MIDC GOKUL-SHIRGAON, KARVIR,",Maharashtra,,,7.3,7.5,834.0,1140.0,2.0,2.6,0.4,1.1,8.0,8.0,84.0,84.0,,,,,,,,0,7.4,0,987.0,2.3,0.75,0,8.0,84.0,,0,,0,,0
2018,2831,"NEAR KRISHNA MILK INDUSTRY, WALWA, KOLHAPUR DUG WELL AT SAKHARALI NEAR MIDC ISLAMPUR",Maharashtra,20.0,24.0,7.5,7.7,2177.0,2330.0,2.0,2.2,0.7,1.0,6.0,14.0,47.0,110.0,,,,,,,22.0,0,7.6,0,2253.5,2.1,0.85,0,10.0,78.5,,0,,0,,0
2018,2832,SANGALI DUG WELL NO-1 AT BRAHMANWADI ANJANWEL,Maharashtra,23.0,28.0,7.2,7.4,98.0,321.0,2.2,2.6,0.3,0.3,4.0,11.0,31.0,58.0,,,,,,,25.5,0,7.300000000000001,0,209.5,2.4000000000000004,0.3,0,7.5,44.5,,0,,0,,0
2018,2833,"OWNED BY SHRI VAIDYA, GUHAGAR, RATNAGIRI DUG WELL NO-1 AT GROUP GRAM PANCHAYAT",Maharashtra,23.0,28.0,6.3,7.6,184.0,4526.0,2.6,6.0,0.4,0.6,5.0,12.0,26.0,41.0,,,,,,,25.5,0,6.949999999999999,0,2355.0,4.3,0.5,0,8.5,33.5,,0,,0,,0
2018,2834,"AT ARKETWADI NEAR MASJID, KHED, RATNAGIRI DUG WELL NO-2 AT ARKETWADI, KHED,",Maharashtra,23.0,28.0,6.6,7.3,383.0,4667.0,2.4,2.6,0.8,0.9,6.0,12.0,39.0,48.0,,,,,,,25.5,0,6.949999999999999,0,2525.0,2.5,0.8500000000000001,0,9.0,43.5,,0,,0,,0
2018,2835,"PANCHAYAT BRAHMANWADI, ANJANWEL, RATNAGIRI DUG WELL NO-2 OWNED BY GROUP GRAM",Maharashtra,23.0,28.0,7.2,7.6,225.0,276.0,2.0,2.4,0.5,0.6,4.0,11.0,33.0,33.0,,,,,,,25.5,0,7.4,0,250.5,2.2,0.55,0,7.5,33.0,,0,,0,,0
2018,1634,"POLICE BAZAR, SHILLONG (POLICE BAZAAR",Meghalaya,17.0,17.0,5.4,6.0,250.0,260.0,1.0,1.6,19.0,43.9,8.0,14.0,70.0,94.0,,,,,,,17.0,0,5.7,0,255.0,1.3,31.45,0,11.0,82.0,,0,,0,,0
2018,1635,"MAWLAI, SHILLONG (MAWPDANG SPRING) SPRING)",Meghalaya,18.0,18.0,5.7,5.7,288.0,288.0,1.9,1.9,27.6,27.6,6.0,6.0,44.0,44.0,,,,,,,18.0,0,5.7,0,288.0,1.9,27.6,0,6.0,44.0,,0,,0,,0
2018,1636,"INDUSTRIAL ESTATE, BYRNIHAT (NARBONG WELL",Meghalaya,20.0,23.0,6.1,6.1,99.0,120.0,1.6,2.1,0.3,0.4,2.0,6.0,33.0,34.0,,,,,,,21.5,0,6.1,0,109.5,1.85,0.35,0,4.0,33.5,,0,,0,,0
2018,1637,"- SPRING) SOHRA, CHERRAPUNJEE (WAH U DKHAR -",Meghalaya,14.0,17.0,6.2,6.3,107.0,112.0,1.0,6.8,2.5,3.1,2.0,2.0,4.0,11.0,,,,,,,15.5,0,6.25,0,109.5,3.9,2.8,0,2.0,7.5,,0,,0,,0
2018,1638,SHANGPUNG (UMSAHEP SPRING) SPRING),Meghalaya,18.0,19.0,5.0,5.2,145.0,155.0,1.0,1.5,0.3,9.4,2.0,2.0,2.0,18.0,,,,,,,18.5,0,5.1,0,150.0,1.25,4.8500000000000005,0,2.0,10.0,,0,,0,,0
2018,3385,MAWTHADRISHAN WELL AT MARKASA,Meghalaya,19.0,22.0,6.6,6.7,48.0,55.0,1.5,1.5,0.4,0.4,2.0,4.0,20.0,21.0,,,,,,,20.5,0,6.65,0,51.5,1.5,0.4,0,3.0,20.5,,0,,0,,0
2018,3386,JAKREM HOT SPRING AT JAKREM,Meghalaya,40.0,45.0,9.2,9.5,350.0,365.0,0.0,1.2,0.8,0.9,2.0,2.0,11.0,18.0,,,,,,,42.5,0,9.35,1,357.5,0.6,0.8500000000000001,0,2.0,14.5,,0,,0,,0
2018,2054,RAMHLUM (NORTHERN PART),Mizoram,18.0,23.0,5.7,7.2,102.0,181.0,0.4,1.4,0.0,0.2,2.0,2.0,53.0,53.0,,,,,,,20.5,0,6.45,0,141.5,0.8999999999999999,0.1,0,2.0,53.0,,0,,0,,0
2018,2055,MISSION VENGTHLANG (SOUTHERN PART),Mizoram,14.0,21.0,6.7,7.9,118.0,713.0,0.4,2.9,0.0,0.2,2.0,2.0,2400.0,2400.0,,,,,,,17.5,0,7.300000000000001,0,415.5,1.65,0.1,0,2.0,2400.0,,0,,0,,0
2018,3729,"BAWNGKAWN HAND PUMP,NEAR HB PETROL",Mizoram,18.0,22.0,5.8,7.2,114.0,739.0,0.5,1.8,0.0,0.3,,,,,,,,,,,20.0,0,6.5,0,426.5,1.15,0.15,0,,,,0,,0,,0
2018,3730,SELESIH HAND PUMP PUMP,Mizoram,17.0,23.0,5.8,7.9,113.0,745.0,0.5,1.7,0.0,0.2,,,,,,,,,,,20.0,0,6.85,0,429.0,1.1,0.1,0,,,,0,,0,,0
2018,3731,TUIKUAL HAND PUMP,Mizoram,19.0,23.0,6.2,7.8,105.0,721.0,0.4,0.9,0.0,0.2,,,,,,,,,,,21.0,0,7.0,0,413.0,0.65,0.1,0,,,,0,,0,,0
2018,3732,"CHALTLANG HAND PUMP, NEAR REMI TYRE",Mizoram,18.0,22.0,5.8,7.5,123.0,741.0,0.2,1.8,0.0,0.4,,,,,,,,,,,20.0,0,6.65,0,432.0,1.0,0.2,0,,,,0,,0,,0
2018,3733,S HLIMEN HAND PUMP WORKS,Mizoram,17.0,22.0,6.2,7.4,118.0,854.0,0.4,1.5,0.0,0.3,,,,,,,,,,,19.5,0,6.800000000000001,0,486.0,0.95,0.15,0,,,,0,,0,,0
2018,3734,"TLAWNG RIVER,UPSTREAM ZOBAWK,LUNGLEI",Mizoram,18.0,26.0,6.2,7.4,102.0,786.0,0.2,1.6,0.0,0.1,,,,,,,,,,,22.0,0,6.800000000000001,0,444.0,0.9,0.05,0,,,,0,,0,,0
2018,3735,MAT RIVER,Mizoram,17.0,27.0,6.7,7.2,103.0,524.0,0.6,1.4,0.0,0.1,,,,,,,,,,,22.0,0,6.95,0,313.5,1.0,0.05,0,,,,0,,0,,0
2018,3736,"TLAWNG RIVER,PIALTHLENG ZOTLANG, LUNGLEI",Mizoram,18.0,26.0,7.2,8.0,113.0,570.0,1.1,1.5,0.0,0.1,,,,,,,,,,,22.0,0,7.6,0,341.5,1.3,0.05,0,,,,0,,0,,0
2018,3737,"VAITUI TUIKHUR,THEIRIAT, LUNGLEI",Mizoram,9.0,25.0,7.0,7.4,111.0,1258.0,0.8,1.4,0.0,0.2,,,,,,,,,,,17.0,0,7.2,0,684.5,1.1,0.1,0,,,,0,,0,,0
2018,3738,"SAP TUIKHUR, SERKAWN NEARBY",Mizoram,8.0,24.0,6.8,7.2,114.0,505.0,0.9,1.6,0.0,0.1,,,,,,,,,,,16.0,0,7.0,0,309.5,1.25,0.05,0,,,,0,,0,,0
2018,3739,"ZOBAWK VENG HAND PUMP, LUNGLEI",Mizoram,17.0,25.0,7.0,7.4,107.0,471.0,0.5,2.1,0.0,0.3,,,,,,,,,,,21.0,0,7.2,0,289.0,1.3,0.15,0,,,,0,,0,,0
2018,3742,"CHANMARI HAND PUMP, LAWNGTLAI",Mizoram,17.0,26.0,6.2,7.6,108.0,731.0,0.4,1.5,0.0,0.1,,,,,,,,,,,21.5,0,6.9,0,419.5,0.95,0.05,0,,,,0,,0,,0
2018,4128,"HAND PUMP, NEW SAIHA BAZAR",Mizoram,16.0,23.0,6.7,7.4,127.0,171.0,0.9,1.9,0.0,0.1,,,,,,,,,,,19.5,0,7.050000000000001,0,149.0,1.4,0.05,0,,,,0,,0,,0
2018,1644,"JAGATPUR INDUSTRIAL AREA, CUTTACK",Odisha,25.0,28.0,8.0,8.2,689.0,819.0,0.2,0.3,8.1,8.3,2.0,2.0,2.0,2.0,,,,,,,26.5,0,8.1,0,754.0,0.25,8.2,0,2.0,2.0,,0,,0,,0
2018,1645,"MADHUPATNA- KALYAN NAGAR AREA, CUTTACK",Odisha,25.0,28.0,8.0,8.2,382.0,435.0,0.3,0.4,0.2,1.3,2.0,2.0,2.0,2.0,,,,,,,26.5,0,8.1,0,408.5,0.35,0.75,0,2.0,2.0,,0,,0,,0
2018,1646,"BIDANASHI - TULASIPUR AREA, CUTTACK",Odisha,25.0,27.0,7.9,8.0,153.0,175.0,0.4,0.6,0.2,1.4,2.0,2.0,2.0,2.0,,,,,,,26.0,0,7.95,0,164.0,0.5,0.7999999999999999,0,2.0,2.0,,0,,0,,0
2018,1647,"BADAMBARI AREA, CUTTACK",Odisha,24.0,28.0,7.7,8.4,218.0,403.0,0.6,0.7,0.6,1.2,2.0,2.0,2.0,2.0,,,,,,,26.0,0,8.05,0,310.5,0.6499999999999999,0.8999999999999999,0,2.0,2.0,,0,,0,,0
2018,1648,"RANIHAT- MANGALABAGH AREA, CUTTACK",Odisha,25.0,28.0,7.8,8.4,217.0,324.0,0.3,0.6,0.2,1.9,2.0,7.0,5.0,33.0,,,,,,,26.5,0,8.1,0,270.5,0.44999999999999996,1.05,0,4.5,19.0,,0,,0,,0
2018,1649,"KHANDAGIRI AREA, BHUBANESWAR",Odisha,26.0,28.0,5.4,7.4,382.0,624.0,0.4,0.6,1.6,4.8,2.0,2.0,2.0,2.0,,,,,,,27.0,0,6.4,0,503.0,0.5,3.2,0,2.0,2.0,,0,,0,,0
2018,1650,"CAPITAL HOSPITAL AREA, BHUBANESWAR",Odisha,26.0,30.0,6.2,6.7,91.0,263.0,0.3,0.7,0.7,2.7,2.0,130.0,2.0,350.0,,,,,,,28.0,0,6.45,0,177.0,0.5,1.7000000000000002,0,66.0,176.0,,0,,0,,0
2018,1651,"OLD TOWN- SAMANTARAAIPUR AREA,",Odisha,26.0,27.0,6.8,7.3,658.0,762.0,0.4,0.5,3.3,4.6,2.0,2.0,2.0,2.0,,,,,,,26.5,0,7.05,0,710.0,0.45,3.9499999999999997,0,2.0,2.0,,0,,0,,0
2018,1652,"KALPNA - LAXMINAGAR AREA, BHUBANESWAR BHUBANESWAR",Odisha,27.0,27.0,5.8,6.8,276.0,624.0,0.4,0.5,3.5,4.6,2.0,2.0,2.0,2.0,,,,,,,27.0,0,6.3,0,450.0,0.45,4.05,0,2.0,2.0,,0,,0,,0
2018,1653,"MANCHESWAR INDUSTRIAL AREA,",Odisha,25.0,27.0,6.6,6.8,84.0,197.0,0.3,0.6,0.9,1.0,2.0,2.0,2.0,2.0,,,,,,,26.0,0,6.699999999999999,0,140.5,0.44999999999999996,0.95,0,2.0,2.0,,0,,0,,0
2018,1654,BHUBANESWAR / CHANDRASHEKHARPUR SECRETARIAT- GOVERNOR HOUSE- OLDBUS,Odisha,26.0,26.0,6.7,7.2,302.0,329.0,0.6,0.6,1.2,2.0,2.0,540.0,2.0,920.0,,,,,,,26.0,0,6.95,0,315.5,0.6,1.6,0,271.0,461.0,,0,,0,,0
2018,1655,"NEAR SEA BEACH, PURI STAND AREA, BHUBANESWAR",Odisha,22.0,27.0,8.1,8.2,2480.0,18510.0,0.2,0.5,3.3,5.3,2.0,2.0,2.0,13.0,,,,,,,24.5,0,8.149999999999999,0,10495.0,0.35,4.3,0,2.0,7.5,,0,,0,,0
2018,1656,"NEAR JAGANNATH TEMPLE, PURI",Odisha,23.0,27.0,8.0,8.3,1013.0,1051.0,0.2,0.4,0.7,11.2,2.0,2.0,2.0,2.0,,,,,,,25.0,0,8.15,0,1032.0,0.30000000000000004,5.949999999999999,0,2.0,2.0,,0,,0,,0
2018,1657,HOSPITAL - BUS STAND- MAUSHIMA TEMPLE,Odisha,24.0,27.0,7.6,8.5,398.0,1122.0,0.2,0.8,0.5,3.2,2.0,2.0,2.0,2.0,,,,,,,25.5,0,8.05,0,760.0,0.5,1.85,0,2.0,2.0,,0,,0,,0
2018,1658,"NEAR RIVER KUSHABHADRA, PURI AREA, PURI",Odisha,23.0,27.0,7.0,8.4,335.0,594.0,0.6,0.7,0.4,1.5,2.0,2.0,2.0,2.0,,,,,,,25.0,0,7.7,0,464.5,0.6499999999999999,0.95,0,2.0,2.0,,0,,0,,0
2018,3964,"NEAR MKCG MEDICAL COLLEGE, BERHAMPUR",Odisha,22.0,26.0,7.8,8.1,264.0,854.0,0.3,0.7,0.1,1.3,2.0,940.0,2.0,2200.0,,,,,,,24.0,0,7.949999999999999,0,559.0,0.5,0.7000000000000001,0,471.0,1101.0,,0,,0,,0
2018,3965,"NEAR BUS STAND, BERHAMPUR",Odisha,22.0,22.0,7.7,7.7,1083.0,1232.0,0.4,0.6,0.1,1.8,2.0,2.0,2.0,2.0,,,,,,,22.0,0,7.7,0,1157.5,0.5,0.9500000000000001,0,2.0,2.0,,0,,0,,0
2018,3966,"NEAR BADABAZAR, BERHAMPUR",Odisha,18.0,20.0,7.4,7.9,904.0,1439.0,0.5,0.5,0.2,20.7,2.0,2.0,2.0,2.0,,,,,,,19.0,0,7.65,0,1171.5,0.5,10.45,0,2.0,2.0,,0,,0,,0
2018,3967,"NEAR RAILWAY STATION STAND, BERHAMPUR",Odisha,20.0,26.0,7.4,7.9,973.0,1545.0,0.4,0.8,0.4,7.6,2.0,2.0,2.0,2.0,,,,,,,23.0,0,7.65,0,1259.0,0.6000000000000001,4.0,0,2.0,2.0,,0,,0,,0
2018,3968,"NEAR VSS MEDICAL COLLEGE, BURLA,",Odisha,26.0,28.0,7.8,8.3,688.0,724.0,0.4,1.3,0.5,3.9,2.0,2.0,2.0,23.0,,,,,,,27.0,0,8.05,0,706.0,0.8500000000000001,2.2,0,2.0,12.5,,0,,0,,0
2018,3969,"NEAR RAILWAY STATION, SAMBALPUR SAMBALPUR",Odisha,27.0,28.0,7.5,8.1,1164.0,1268.0,0.2,0.4,5.8,7.1,2.0,2.0,2.0,2.0,,,,,,,27.5,0,7.8,0,1216.0,0.30000000000000004,6.449999999999999,0,2.0,2.0,,0,,0,,0
2018,3970,"NEAR PANTHANIVAS, SAMBALPUR",Odisha,26.0,28.0,6.8,8.0,375.0,466.0,0.4,0.6,4.8,7.1,2.0,2.0,2.0,2.0,,,,,,,27.0,0,7.4,0,420.5,0.5,5.949999999999999,0,2.0,2.0,,0,,0,,0
2018,3971,ANGUL TOWNSHIP,Odisha,26.0,27.0,7.3,7.8,1120.0,1136.0,0.3,0.6,2.4,7.8,2.0,5.0,2.0,23.0,,,,,,,26.5,0,7.55,0,1128.0,0.44999999999999996,5.1,0,3.5,12.5,,0,,0,,0
2018,3972,"NALCO TOWNSHIP, TALCHER",Odisha,25.0,27.0,7.9,8.1,519.0,703.0,0.5,0.5,0.9,1.7,2.0,5.0,2.0,5.0,,,,,,,26.0,0,8.0,0,611.0,0.5,1.3,0,3.5,3.5,,0,,0,,0
2018,3973,"MAHANADI COAL FIELD AREA, TALCHER",Odisha,24.0,26.0,7.3,8.0,395.0,571.0,0.2,0.4,1.0,1.5,2.0,2.0,2.0,2.0,,,,,,,25.0,0,7.65,0,483.0,0.30000000000000004,1.25,0,2.0,2.0,,0,,0,,0
2018,3974,"KANIHA, TALCHER",Odisha,26.0,27.0,7.6,8.5,515.0,538.0,0.2,0.4,0.8,1.1,2.0,2.0,2.0,2.0,,,,,,,26.5,0,8.05,0,526.5,0.30000000000000004,0.9500000000000001,0,2.0,2.0,,0,,0,,0
2018,3975,TALCHER TOWN,Odisha,26.0,27.0,7.0,8.4,927.0,989.0,0.2,0.5,4.5,9.7,2.0,2.0,2.0,2.0,,,,,,,26.5,0,7.7,0,958.0,0.35,7.1,0,2.0,2.0,,0,,0,,0
2018,3976,"MERAMUNDALI AREA, TALCHER",Odisha,26.0,26.0,7.8,8.1,920.0,1037.0,0.3,0.7,2.0,4.5,2.0,2.0,2.0,2.0,,,,,,,26.0,0,7.949999999999999,0,978.5,0.5,3.25,0,2.0,2.0,,0,,0,,0
2018,3977,TALCHER THERMAL AREA,Odisha,26.0,26.0,7.3,7.9,1383.0,1646.0,0.2,0.4,0.6,1.2,2.0,2.0,2.0,2.0,,,,,,,26.0,0,7.6,0,1514.5,0.30000000000000004,0.8999999999999999,0,2.0,2.0,,0,,0,,0
2018,3978,"BANARPAL, TALCHER",Odisha,23.0,26.0,7.4,7.9,901.0,993.0,0.2,0.4,0.1,5.1,2.0,2.0,2.0,2.0,,,,,,,24.5,0,7.65,0,947.0,0.30000000000000004,2.5999999999999996,0,2.0,2.0,,0,,0,,0
2018,3979,"KULAD, TALCHER",Odisha,26.0,26.0,7.9,8.5,611.0,736.0,0.3,0.3,0.5,9.4,2.0,2.0,2.0,2.0,,,,,,,26.0,0,8.2,0,673.5,0.3,4.95,0,2.0,2.0,,0,,0,,0
2018,3980,"THELKOI, JHARSUGUDA",Odisha,18.0,22.0,6.5,7.6,145.0,515.0,0.3,0.3,0.5,7.8,2.0,2.0,2.0,2.0,,,,,,,20.0,0,7.05,0,330.0,0.3,4.15,0,2.0,2.0,,0,,0,,0
2018,3981,"BURKHAMUNDA, JHARSUGUDA",Odisha,18.0,23.0,6.1,8.1,198.0,314.0,0.2,0.3,0.5,3.4,2.0,2.0,2.0,2.0,,,,,,,20.5,0,7.1,0,256.0,0.25,1.95,0,2.0,2.0,,0,,0,,0
2018,3982,"BADAMANI INDUSTRIAL ESTATE, JHARSUGUDA",Odisha,18.0,22.0,6.1,8.0,12.0,189.0,0.3,0.5,3.4,3.9,2.0,2.0,2.0,2.0,,,,,,,20.0,0,7.05,0,100.5,0.4,3.65,0,2.0,2.0,,0,,0,,0
2018,3983,"BUDHIPADAR, JHARSUGUDA",Odisha,17.0,21.0,5.9,7.8,157.0,176.0,0.1,0.4,3.7,6.5,2.0,2.0,2.0,2.0,,,,,,,19.0,0,6.85,0,166.5,0.25,5.1,0,2.0,2.0,,0,,0,,0
2018,3984,"BRAJARAJ NAGAR MINING BELT, JHARSUGUDA",Odisha,17.0,24.0,6.5,7.9,138.0,325.0,0.2,0.4,0.5,3.7,2.0,22.0,2.0,79.0,,,,,,,20.5,0,7.2,0,231.5,0.30000000000000004,2.1,0,12.0,40.5,,0,,0,,0
2018,3985,"RAMPUR AREA (WATER TANK), JHARSUGUDA",Odisha,17.0,26.0,6.6,8.1,187.0,329.0,0.5,1.8,0.2,0.6,2.0,2.0,2.0,2.0,,,,,,,21.5,0,7.35,0,258.0,1.15,0.4,0,2.0,2.0,,0,,0,,0
2018,3986,"IB THERMAL POWER STATION, JHARSUGUDA",Odisha,17.0,24.0,6.7,8.2,294.0,333.0,0.4,0.6,0.2,0.6,2.0,240.0,2.0,540.0,,,,,,,20.5,0,7.449999999999999,0,313.5,0.5,0.4,0,121.0,271.0,,0,,0,,0
2018,3987,"BELPAHAR AREA, JHARSUGUDA",Odisha,17.0,25.0,6.9,7.9,177.0,705.0,0.4,0.6,0.4,0.6,2.0,540.0,2.0,920.0,,,,,,,21.0,0,7.4,0,441.0,0.5,0.5,0,271.0,461.0,,0,,0,,0
2018,3988,"BADAPADIA MARKET COMPLEX, PARADEEP",Odisha,26.0,30.0,7.8,7.9,1937.0,1939.0,0.4,1.3,0.6,2.1,2.0,2.0,2.0,13.0,,,,,,,28.0,0,7.85,0,1938.0,0.8500000000000001,1.35,0,2.0,7.5,,0,,0,,0
2018,3989,"MUSADIHA, PARADEEP",Odisha,26.0,29.0,7.7,7.8,1365.0,2960.0,1.6,1.7,2.3,4.1,2.0,2.0,2.0,2.0,,,,,,,27.5,0,7.75,0,2162.5,1.65,3.1999999999999997,0,2.0,2.0,,0,,0,,0
2018,3990,"TISCO, SUKINDA",Odisha,23.0,24.0,7.8,8.3,285.0,312.0,0.3,0.7,3.5,3.7,2.0,540.0,5.0,1600.0,,,,,,,23.5,0,8.05,0,298.5,0.5,3.6,0,271.0,802.5,,0,,0,,0
2018,3991,"SARUABIL, SUKINDA",Odisha,22.0,24.0,7.0,7.0,257.0,298.0,0.2,0.8,2.3,4.0,2.0,2.0,2.0,2.0,,,,,,,23.0,0,7.0,0,277.5,0.5,3.15,0,2.0,2.0,,0,,0,,0
2018,3992,"KALIAPANI, SUKINDA",Odisha,23.0,23.0,7.5,7.7,234.0,234.0,0.2,0.4,0.3,1.1,2.0,2.0,2.0,8.0,,,,,,,23.0,0,7.6,0,234.0,0.30000000000000004,0.7000000000000001,0,2.0,5.0,,0,,0,,0
2018,3993,"KAMARDA, SUKINDA",Odisha,21.0,22.0,7.5,8.1,142.0,491.0,0.3,14.6,0.3,1.4,2.0,5.0,2.0,79.0,,,,,,,21.5,0,7.8,0,316.5,7.45,0.85,0,3.5,40.5,,0,,0,,0
2018,3994,"CHAKULIA, BALASORE",Odisha,24.0,26.0,6.8,8.1,339.0,459.0,0.3,1.3,1.5,1.6,2.0,2.0,2.0,13.0,,,,,,,25.0,0,7.449999999999999,0,399.0,0.8,1.55,0,2.0,7.5,,0,,0,,0
2018,3995,"KUANRPUR, BALASORE",Odisha,24.0,26.0,7.6,8.6,253.0,344.0,0.5,0.5,0.3,0.5,2.0,2.0,5.0,23.0,,,,,,,25.0,0,8.1,1,298.5,0.5,0.4,0,2.0,14.0,,0,,0,,0
2018,3996,"NAIGOPALPUR, BALASORE",Odisha,24.0,26.0,7.0,8.1,131.0,182.0,0.2,0.8,0.0,1.6,2.0,2.0,2.0,33.0,,,,,,,25.0,0,7.55,0,156.5,0.5,0.8,0,2.0,17.5,,0,,0,,0
2018,1397,WELL AT MUTHIALPET AREA(I) RAMAKRISHNA,Puducherry,30.0,32.0,6.3,7.0,376.0,458.0,0.0,0.0,5.4,9.2,2.0,2.0,2.0,2.0,,,,,,,31.0,0,6.65,0,417.0,0.0,7.3,0,2.0,2.0,,0,,0,,0
2018,1398,"WELL AT THENGAITHITTU AREA, (II) NAGAR/ KRISHNA NAGAR",Puducherry,31.0,33.0,6.7,7.6,1361.0,1438.0,0.0,0.0,0.0,0.3,2.0,2.0,2.0,2.0,,,,,,,32.0,0,7.15,0,1399.5,0.0,0.15,0,2.0,2.0,,0,,0,,0
2018,1453,WELL AT MUTHIRAPPALAYAM (PWD),Puducherry,30.0,31.0,6.6,7.6,625.0,695.0,0.0,0.0,2.5,2.7,2.0,2.0,50.0,50.0,,,,,,,30.5,0,7.1,0,660.0,0.0,2.6,0,2.0,50.0,,0,,0,,0
2018,1454,"WELL AT KALAPET, PONDI. UNIVERSITY ADMN.",Puducherry,30.0,31.0,6.9,7.3,302.0,349.0,0.0,0.0,0.8,1.3,2.0,2.0,2.0,280.0,,,,,,,30.5,0,7.1,0,325.5,0.0,1.05,0,2.0,141.0,,0,,0,,0
2018,1687,BLOCK WELL AT NEHRU STATUE MISSION ST. - CHETTY,Puducherry,30.0,30.0,7.3,7.4,1901.0,2120.0,0.0,0.0,1.8,2.5,33.0,33.0,280.0,280.0,,,,,,,30.0,0,7.35,0,2010.5,0.0,2.15,0,33.0,280.0,,0,,0,,0
2018,1688,WELL AT KATTERIKUPPAM KOIL,Puducherry,30.0,30.0,7.3,7.5,602.0,677.0,0.0,0.0,0.0,0.6,2.0,2.0,2.0,300.0,,,,,,,30.0,0,7.4,0,639.5,0.0,0.3,0,2.0,151.0,,0,,0,,0
2018,2009,WELL AT KURUMBAPET,Puducherry,31.0,31.0,6.5,7.7,560.0,574.0,0.0,0.0,2.9,6.0,2.0,2.0,130.0,170.0,,,,,,,31.0,0,7.1,0,567.0,0.0,4.45,0,2.0,150.0,,0,,0,,0
2018,2010,WELL AT METTUPALAYAM,Puducherry,31.0,32.0,6.5,7.6,1184.0,1200.0,0.0,0.0,0.6,0.6,2.0,2.0,2.0,300.0,,,,,,,31.5,0,7.05,0,1192.0,0.0,0.6,0,2.0,151.0,,0,,0,,0
2018,2011,WELL AT URUVAIYAR,Puducherry,31.0,32.0,7.6,8.1,5600.0,5710.0,0.0,0.0,0.0,0.0,2.0,2.0,110.0,300.0,,,,,,,31.5,0,7.85,0,5655.0,0.0,0.0,0,2.0,205.0,,0,,0,,0
2018,2012,"WELL AT MARUTHI SCHOOL, KARUVADIKUPPAM",Puducherry,30.0,31.0,7.0,7.7,1200.0,2600.0,0.0,0.0,0.6,0.7,13.0,13.0,500.0,500.0,,,,,,,30.5,0,7.35,0,1900.0,0.0,0.6499999999999999,0,13.0,500.0,,0,,0,,0
2018,2013,"WELL AT T.R.PATTINAM, KARAIKAL",Puducherry,29.0,35.0,8.3,8.4,1826.0,1920.0,0.0,0.0,0.7,1.5,,,,,,,,,,,32.0,0,8.350000000000001,0,1873.0,0.0,1.1,0,,,,0,,0,,0
2018,2014,"WELL AT VADAMATTAM, KARAIKAL",Puducherry,29.0,34.0,8.3,8.3,1236.0,1450.0,0.0,0.0,0.7,1.1,,,,,,,,,,,31.5,0,8.3,0,1343.0,0.0,0.9,0,,,,0,,0,,0
2018,2446,WELL AT PALLUR,Puducherry,28.0,28.0,6.2,6.2,328.0,328.0,0.0,0.0,11.5,11.5,,,,,,,,,,,28.0,0,6.2,0,328.0,0.0,11.5,0,,,,0,,0,,0
2018,2447,WELL AT PANTHAKKAL,Puducherry,28.0,28.0,6.2,6.2,142.0,142.0,0.0,0.0,2.2,2.2,,,,,,,,,,,28.0,0,6.2,0,142.0,0.0,2.2,0,,,,0,,0,,0
2018,3882,"WELL AT ECHANKADU, KIRUMAMBAKKAM",Puducherry,32.0,33.0,6.6,7.7,435.0,471.0,0.0,0.0,0.0,0.0,2.0,2.0,8.0,8.0,,,,,,,32.5,0,7.15,0,453.0,0.0,0.0,0,2.0,8.0,,0,,0,,0
2018,3883,WELL NEAR BY LAKE BAHOUR,Puducherry,31.0,31.0,7.0,7.6,361.0,370.0,0.0,0.0,0.0,0.0,2.0,170.0,2.0,300.0,,,,,,,31.0,0,7.3,0,365.5,0.0,0.0,0,86.0,151.0,,0,,0,,0
2018,3884,WELL AT CHEVALIER SELLANE GOVERNMENT,Puducherry,29.0,30.0,7.0,7.2,760.0,952.0,0.0,0.0,5.0,5.9,2.0,110.0,2.0,280.0,,,,,,,29.5,0,7.1,0,856.0,0.0,5.45,0,56.0,141.0,,0,,0,,0
2018,3885,"WELL AT DHANDERAR KULAM, SEDARAPET HIGH SECONDARY SCHOOL, KALAPET",Puducherry,30.0,32.0,7.0,7.6,1977.0,17409.0,0.0,0.0,0.4,0.9,2.0,2.0,2.0,280.0,,,,,,,31.0,0,7.3,0,9693.0,0.0,0.65,0,2.0,141.0,,0,,0,,0
2018,3886,"WELL AT KOTHAPURINATHAM,",Puducherry,31.0,32.0,7.7,7.7,1170.0,1240.0,0.0,0.0,2.3,2.6,2.0,2.0,2.0,240.0,,,,,,,31.5,0,7.7,0,1205.0,0.0,2.45,0,2.0,121.0,,0,,0,,0
2018,1415,"NAYAGAON, PALI, (U/S 1 KM. FROM PALI TOWN), WELL OF LOOMJI, CHAUDHARY, NEAR",Rajasthan,25.0,29.0,7.9,8.3,3300.0,11200.0,1.8,4.4,2.3,2.7,3.0,3.0,3.0,3.0,,,,,,,27.0,0,8.100000000000001,0,7250.0,3.1,2.5,0,3.0,3.0,,0,,0,,0
2018,1706,"RIICO PUMP HOUSE NEAR MONTO MOTORS,",Rajasthan,28.0,30.0,7.2,7.4,1080.0,1300.0,1.6,1.6,2.3,2.7,3.0,3.0,3.0,3.0,,,,,,,29.0,0,7.300000000000001,0,1190.0,1.6,2.5,0,3.0,3.0,,0,,0,,0
2018,1707,"MIA, ALWAR, RAJASTHAN BORE WELL IN MODI ALKALIS & CHEMICALS, MIA,",Rajasthan,29.0,29.0,7.1,7.5,2000.0,2300.0,1.3,1.7,0.3,2.1,3.0,3.0,4.0,4.0,,,,,,,29.0,0,7.3,0,2150.0,1.5,1.2,0,3.0,4.0,,0,,0,,0
2018,1708,"ALWAR, RAJASTHAN WELL KOTHI IN VILLAGE BAGAR RAJPUT, ALWAR,",Rajasthan,29.0,31.0,7.1,7.4,1400.0,1420.0,1.3,1.9,2.1,3.1,3.0,3.0,4.0,4.0,,,,,,,30.0,0,7.25,0,1410.0,1.6,2.6,0,3.0,4.0,,0,,0,,0
2018,1709,WELL AT VILLAGE SANTHLA VERY NEAR BHIWADI,Rajasthan,27.0,27.0,7.4,7.5,1620.0,2400.0,0.6,1.2,2.5,3.1,3.0,3.0,3.0,4.0,,,,,,,27.0,0,7.45,0,2010.0,0.8999999999999999,2.8,0,3.0,3.5,,0,,0,,0
2018,1710,"INDUSTRIAL AREA, BHIWADI, RAJASTHAN WELL AT VILLAGE ALUPUR, VERY NEAR BHIWADI",Rajasthan,26.0,29.0,7.2,7.5,2500.0,3600.0,1.8,1.9,2.4,2.7,3.0,3.0,3.0,4.0,,,,,,,27.5,0,7.35,0,3050.0,1.85,2.55,0,3.0,3.5,,0,,0,,0
2018,1711,"BHIWADI TO BHIWADI INDUSTRIAL AREA, INDUSTRIAL AREA, BHIWADI, RAJASTHAN WELL AT VILLAGE HARCHANDPUR, VERY NEAR,",Rajasthan,27.0,27.0,7.2,7.5,2700.0,3000.0,1.3,1.9,2.3,2.7,3.0,3.0,3.0,3.0,,,,,,,27.0,0,7.35,0,2850.0,1.6,2.5,0,3.0,3.0,,0,,0,,0
2018,1712,"BHIWADI TO BHIWADI INDUSTRIAL AREA, BHIWADI, RAJASTHAN WELL AT VILLAGE BHIWADI , VERY NEAR,",Rajasthan,26.0,28.0,7.3,7.5,1900.0,2200.0,0.1,1.8,2.1,2.2,3.0,3.0,3.0,3.0,,,,,,,27.0,0,7.4,0,2050.0,0.9500000000000001,2.1500000000000004,0,3.0,3.0,,0,,0,,0
2018,1713,"BHIWADI INDUSTRIAL AREA, BHIWADI, BHIWADI, RAJASTHAN WELL AT VILLAGE GATTAL, NEAR, BHIWADI TO",Rajasthan,26.0,28.0,7.2,7.6,650.0,940.0,1.3,1.8,2.4,2.7,3.0,3.0,3.0,3.0,,,,,,,27.0,0,7.4,0,795.0,1.55,2.55,0,3.0,3.0,,0,,0,,0
2018,1715,"300MT. FROM KANSUA NALLAH KOTA, HAND PUMP NEAR SECONDARY SCHOOL ABOUT",Rajasthan,25.0,28.0,6.9,7.4,1130.0,1230.0,0.6,2.9,2.3,2.5,3.0,3.0,3.0,3.0,,,,,,,26.5,0,7.15,0,1180.0,1.75,2.4,0,3.0,3.0,,0,,0,,0
2018,1720,"KOTAPUTALI NEAR ASSOCIATED ALCOHOL CHAUDHARY KA WELL VILLAGE PANIALA,",Rajasthan,27.0,28.0,7.5,7.8,930.0,1040.0,1.3,2.4,2.4,2.7,3.0,3.0,3.0,3.0,,,,,,,27.5,0,7.65,0,985.0,1.85,2.55,0,3.0,3.0,,0,,0,,0
2018,1721,"BREVERIES LTD JAIPUR, RAJASTHAN PHED WELL NEAR RAILWAY LINE JHOTAWARA,",Rajasthan,27.0,28.0,7.7,8.0,590.0,650.0,0.5,1.5,1.8,2.1,3.0,3.0,3.0,3.0,,,,,,,27.5,0,7.85,0,620.0,1.0,1.9500000000000002,0,3.0,3.0,,0,,0,,0
2018,1723,"JAIPUR, RAJASTHAN HAND PUMP OF VIDHANI VILLAGE GONER ROAD",Rajasthan,28.0,28.0,7.7,8.2,2100.0,3400.0,1.3,1.4,2.3,3.1,3.0,3.0,3.0,3.0,,,,,,,28.0,0,7.949999999999999,0,2750.0,1.35,2.7,0,3.0,3.0,,0,,0,,0
2018,1724,"JAIPUR, RAJASTHAN WELL OF GOOJARON KI TALAI, MOHANA ROAD",Rajasthan,28.0,30.0,8.0,8.3,470.0,2800.0,1.1,1.5,2.7,3.2,3.0,3.0,3.0,3.0,,,,,,,29.0,0,8.15,0,1635.0,1.3,2.95,0,3.0,3.0,,0,,0,,0
2018,1725,"SANGANER JAIPUR, RAJASTHAN PUBLIC HAND PUMP BEFORE SANGANER PULIA,",Rajasthan,27.0,29.0,7.4,8.0,510.0,2000.0,1.1,1.3,2.8,3.1,3.0,3.0,3.0,3.0,,,,,,,28.0,0,7.7,0,1255.0,1.2000000000000002,2.95,0,3.0,3.0,,0,,0,,0
2018,2015,"PABUPURA ROAD NEAR CIVIL AIR PORT,",Rajasthan,27.0,35.0,6.8,8.2,4500.0,5000.0,2.1,2.6,3.7,4.4,3.0,3.0,4.0,4.0,,,,,,,31.0,0,7.5,0,4750.0,2.35,4.050000000000001,0,3.0,4.0,,0,,0,,0
2018,2016,"VILLAGE VINAYAKIA, JODHPUR (HIRALAL",Rajasthan,22.0,30.0,6.7,8.5,2600.0,3200.0,1.2,8.3,2.3,2.8,3.0,3.0,4.0,4.0,,,,,,,26.0,0,7.6,0,2900.0,4.75,2.55,0,3.0,4.0,,0,,0,,0
2018,2017,"VILLAGE VINAYAKIA, JODHPUR (BADRI KUMHAR) KUMHAR)",Rajasthan,22.0,30.0,6.8,8.6,2800.0,2800.0,1.3,2.2,2.0,2.3,3.0,3.0,4.0,4.0,,,,,,,26.0,0,7.699999999999999,1,2800.0,1.75,2.15,0,3.0,4.0,,0,,0,,0
2018,2018,"VILLAGE VINAYAKIA, JODHPUR (HUKUM SINGH",Rajasthan,24.0,31.0,6.7,8.5,7600.0,7600.0,2.4,5.2,7.7,9.2,3.0,3.0,4.0,4.0,,,,,,,27.5,0,7.6,0,7600.0,3.8,8.45,0,3.0,4.0,,0,,0,,0
2018,2019,"NEAR UIT BRIDGE, UDAIPUR RATHORE)",Rajasthan,18.0,20.0,6.8,6.9,1400.0,2200.0,0.7,2.1,1.8,2.8,3.0,4.0,4.0,4.0,,,,,,,19.0,0,6.85,0,1800.0,1.4,2.3,0,3.5,4.0,,0,,0,,0
2018,2020,"NEW FATEHPURA, 200 FT.FROM PANCHWATI",Rajasthan,18.0,20.0,7.1,7.1,2100.0,2500.0,1.3,3.6,1.8,1.8,3.0,3.0,3.0,3.0,,,,,,,19.0,0,7.1,0,2300.0,2.45,1.8,0,3.0,3.0,,0,,0,,0
2018,2021,"NALLAH, UDAIPUR NEAR ARVIND GENERAL STORE, ALOO FACTORY,",Rajasthan,18.0,20.0,6.8,7.0,2300.0,2700.0,1.3,1.5,1.8,2.2,3.0,3.0,3.0,3.0,,,,,,,19.0,0,6.9,0,2500.0,1.4,2.0,0,3.0,3.0,,0,,0,,0
2018,2022,"KACCHI BASTI, SARDARPURA, UDAIPUR NEAR RANA PRATAP NAGAR, RAILWAY STATION,",Rajasthan,18.0,20.0,7.2,7.3,1510.0,1530.0,2.2,2.6,2.2,2.7,3.0,3.0,3.0,3.0,,,,,,,19.0,0,7.25,0,1520.0,2.4000000000000004,2.45,0,3.0,3.0,,0,,0,,0
2018,2023,"HOTEL ORIENT PLACE, SUBHAS NAGAR, UDAIPUR UDAIPUR",Rajasthan,20.0,22.0,7.2,7.3,1280.0,1400.0,1.3,2.1,2.1,2.8,3.0,3.0,4.0,4.0,,,,,,,21.0,0,7.25,0,1340.0,1.7000000000000002,2.45,0,3.0,4.0,,0,,0,,0
2018,2024,IN SIDE SHIV TEMPLE NEAR AIR FORCE STATION,Rajasthan,25.0,28.0,7.0,7.5,2400.0,3800.0,1.3,1.4,3.0,3.1,3.0,3.0,3.0,3.0,,,,,,,26.5,0,7.25,0,3100.0,1.35,3.05,0,3.0,3.0,,0,,0,,0
2018,2025,"AMER ROAD, JAIPUR NEAR SHREE KALYANESHWAR MAHADEV",Rajasthan,27.0,27.0,7.4,8.1,1900.0,1900.0,1.2,1.4,2.7,3.1,3.0,3.0,3.0,3.0,,,,,,,27.0,0,7.75,0,1900.0,1.2999999999999998,2.9000000000000004,0,3.0,3.0,,0,,0,,0
2018,2026,"TEMPLE, JAI SINGH PURA KHURD, JAIPUR. NEAR FOJI NAGAR, KACCHI BASTI, AMBABARI,",Rajasthan,27.0,27.0,8.1,8.1,1090.0,1090.0,1.3,1.3,2.5,2.5,,,,,,,,,,,27.0,0,8.1,0,1090.0,1.3,2.5,0,,,,0,,0,,0
2018,2027,"JAIPUR. NEAR ABN CENTRAL ACADEMY, SUSILPURA,",Rajasthan,26.0,26.0,7.3,8.0,1800.0,2200.0,0.5,2.0,2.4,3.1,3.0,3.0,3.0,3.0,,,,,,,26.0,0,7.65,0,2000.0,1.25,2.75,0,3.0,3.0,,0,,0,,0
2018,2028,"SODALA, JAIPUR. NEAR SAMSHAN VISHWAKARMA NAGAR,",Rajasthan,28.0,28.0,7.6,7.9,880.0,960.0,0.8,1.7,3.0,3.1,3.0,3.0,3.0,3.0,,,,,,,28.0,0,7.75,0,920.0,1.25,3.05,0,3.0,3.0,,0,,0,,0
2018,2029,"NEAR GANDHI BHWAN, AJMER MAHARANIFARM, JAIPUR",Rajasthan,26.0,27.0,7.8,8.2,760.0,1010.0,1.3,1.5,2.4,2.5,3.0,3.0,3.0,3.0,,,,,,,26.5,0,8.0,0,885.0,1.4,2.45,0,3.0,3.0,,0,,0,,0
2018,2030,"OPPOSITE PRIVATE BUS STAND, AJMER",Rajasthan,26.0,26.0,8.1,8.1,3200.0,3200.0,1.4,1.4,2.8,2.8,3.0,3.0,3.0,3.0,,,,,,,26.0,0,8.1,0,3200.0,1.4,2.8,0,3.0,3.0,,0,,0,,0
2018,2031,"NEAR 9 NO. PETROL PUMP, NEAR ADARSH",Rajasthan,26.0,27.0,7.9,8.1,550.0,1030.0,1.6,2.2,2.5,2.8,3.0,3.0,4.0,4.0,,,,,,,26.5,0,8.0,0,790.0,1.9000000000000001,2.65,0,3.0,4.0,,0,,0,,0
2018,2032,"NEAR KHANPURA TALAB, AJMER NAGAR GATE, AJMER",Rajasthan,26.0,28.0,7.8,8.2,420.0,1070.0,1.5,1.6,1.8,2.1,3.0,3.0,3.0,3.0,,,,,,,27.0,0,8.0,0,745.0,1.55,1.9500000000000002,0,3.0,3.0,,0,,0,,0
2018,2960,"WELL INFRONT OF SINGHANA POLICE STATION,",Rajasthan,28.0,29.0,7.4,8.0,3900.0,5200.0,1.5,1.7,2.7,3.0,3.0,3.0,4.0,4.0,,,,,,,28.5,0,7.7,0,4550.0,1.6,2.85,0,3.0,4.0,,0,,0,,0
2018,2961,"SINGHANA, JHUNJHUNU, RAJASTHAN WELL OF SH MNAGAL CHAND MEENA, MANPUR",Rajasthan,25.0,26.0,8.0,8.3,730.0,910.0,0.6,1.6,2.1,2.7,3.0,3.0,3.0,3.0,,,,,,,25.5,0,8.15,0,820.0,1.1,2.4000000000000004,0,3.0,3.0,,0,,0,,0
2018,2962,"MACHERI, JAIPUR, RAJASTHAN WELL OF SH MOOL CHAND RAIGER, MANPUR",Rajasthan,25.0,26.0,7.8,8.5,760.0,1100.0,0.6,1.2,2.3,3.1,3.0,3.0,4.0,4.0,,,,,,,25.5,0,8.15,0,930.0,0.8999999999999999,2.7,0,3.0,4.0,,0,,0,,0
2018,2963,"MACHERI, JAIPUR, RAJASTHAN WELL OF RIICO AT LEATHER COMPLEX, MANPUR",Rajasthan,27.0,27.0,7.6,8.0,1810.0,2200.0,0.8,1.3,2.8,3.0,3.0,3.0,3.0,3.0,,,,,,,27.0,0,7.8,0,2005.0,1.05,2.9,0,3.0,3.0,,0,,0,,0
2018,2964,"WELL AT INDIA PUBLIC SCHOOL, MANPUR",Rajasthan,27.0,27.0,7.6,7.8,1680.0,2100.0,0.7,1.3,2.2,2.8,3.0,3.0,3.0,3.0,,,,,,,27.0,0,7.699999999999999,0,1890.0,1.0,2.5,0,3.0,3.0,,0,,0,,0
2018,2965,"RIVER BRIDGE, PALI BYE PASS ROAD, PALI, MACHERI, JAIPUR, RAJASTHAN SHRI GIRDHARI SINGH CHOUDHARY NEAR BANDI",Rajasthan,25.0,28.0,8.4,8.6,4500.0,4700.0,0.7,1.9,2.7,3.1,3.0,3.0,3.0,3.0,,,,,,,26.5,0,8.5,1,4600.0,1.2999999999999998,2.9000000000000004,0,3.0,3.0,,0,,0,,0
2018,2966,"VILLAGE PUNAYATA, JODHPUR- SUMERPUR BYE SHRI GIRDHARI SINGH RAJPUROHIT NEAR",Rajasthan,23.0,28.0,8.2,8.4,6700.0,8600.0,2.1,2.4,2.7,2.8,3.0,3.0,4.0,4.0,,,,,,,25.5,0,8.3,0,7650.0,2.25,2.75,0,3.0,4.0,,0,,0,,0
2018,2967,"PASS ROAD, PALI, RAJASTHAN SH. POL SINGH PUROHIT, VILLAGE PUNAYATA,",Rajasthan,26.0,28.0,8.0,8.2,4300.0,6600.0,2.5,9.2,2.4,2.8,3.0,3.0,4.0,4.0,,,,,,,27.0,0,8.1,0,5450.0,5.85,2.5999999999999996,0,3.0,4.0,,0,,0,,0
2018,2968,"MAIN MANDIA ROAD, OPP. VILLAGE MANDIA, PALI, RAJASTHAN SH. BHANA RAM KALAL, DHARU NAGAR, NEAR",Rajasthan,24.0,27.0,8.1,8.4,6100.0,7100.0,0.6,2.3,2.6,3.1,3.0,3.0,4.0,4.0,,,,,,,25.5,0,8.25,0,6600.0,1.45,2.85,0,3.0,4.0,,0,,0,,0
2018,2969,"PALI, RAJASTHAN M/S SPECIALTY SILICA LTD., MIA ALWAR AGRO",Rajasthan,28.0,29.0,6.9,7.2,960.0,1050.0,1.1,2.0,1.8,2.5,3.0,3.0,3.0,3.0,,,,,,,28.5,0,7.050000000000001,0,1005.0,1.55,2.15,0,3.0,3.0,,0,,0,,0
2018,2970,"RIICO TUBE WELL, RIA, BEHROR, RAJASTHAN FOOD PARK, ALWAR, RAJASTHAN",Rajasthan,28.0,31.0,7.0,7.4,1460.0,1540.0,0.7,1.9,2.1,3.0,3.0,3.0,3.0,3.0,,,,,,,29.5,0,7.2,0,1500.0,1.2999999999999998,2.55,0,3.0,3.0,,0,,0,,0
2018,2971,"RIICO TUBE WELL, RIA, NEEMRANA, RAJASTHAN",Rajasthan,28.0,30.0,7.0,7.4,2000.0,2400.0,1.7,2.3,1.8,2.5,3.0,3.0,4.0,4.0,,,,,,,29.0,0,7.2,0,2200.0,2.0,2.15,0,3.0,4.0,,0,,0,,0
2018,2972,"RIICO TUBE WELL, RIA, SOTANALA, RAJASTHAN",Rajasthan,28.0,30.0,7.3,7.3,2800.0,2800.0,1.3,2.1,2.1,3.0,3.0,3.0,3.0,3.0,,,,,,,29.0,0,7.3,0,2800.0,1.7000000000000002,2.55,0,3.0,3.0,,0,,0,,0
2018,2973,"RIICO TUBE WELL, RIA, SHAHJAHANPUR,",Rajasthan,29.0,32.0,7.1,7.1,4100.0,5200.0,1.2,1.8,2.2,2.7,3.0,3.0,3.0,3.0,,,,,,,30.5,0,7.1,0,4650.0,1.5,2.45,0,3.0,3.0,,0,,0,,0
2018,2974,"VILLAGE AGYARA, TEHSIL- RAMGARH, ALWAR,",Rajasthan,28.0,29.0,7.2,8.0,1420.0,1460.0,1.2,1.5,2.3,3.0,3.0,3.0,3.0,3.0,,,,,,,28.5,0,7.6,0,1440.0,1.35,2.65,0,3.0,3.0,,0,,0,,0
2018,2975,"VILLAGE BAGER MEO, TEHSIL- RAMGARH,",Rajasthan,29.0,29.0,7.1,7.2,3300.0,3900.0,0.8,1.3,2.4,3.0,3.0,3.0,3.0,3.0,,,,,,,29.0,0,7.15,0,3600.0,1.05,2.7,0,3.0,3.0,,0,,0,,0
2018,2976,"SUJAN GANGA, BHARATPUR, RAJASTHAN ALWAR, RAJASTHAN",Rajasthan,28.0,31.0,7.9,8.4,7900.0,8900.0,18.3,24.9,13.1,15.4,150.0,150.0,,,,,,,,,29.5,0,8.15,0,8400.0,21.6,14.25,0,150.0,,,0,,0,,0
2018,2977,"WELL OF RAM CHANDRA DEWRA, VILLAGE-",Rajasthan,22.0,30.0,7.1,9.5,18000.0,20000.0,2.6,19.4,6.2,9.2,3.0,3.0,4.0,4.0,,,,,,,26.0,0,8.3,1,19000.0,11.0,7.699999999999999,0,3.0,4.0,,0,,0,,0
2018,2982,"SANGARIA, JODHPUR, RAJASTHAN WELL OF BIRMA RAM PATEL, SALAWAS,",Rajasthan,21.0,31.0,7.0,8.4,14000.0,14000.0,2.3,12.7,2.8,3.2,3.0,3.0,4.0,4.0,,,,,,,26.0,0,7.7,0,14000.0,7.5,3.0,0,3.0,4.0,,0,,0,,0
2018,2985,"JODHPUR, RAJASTHAN WELL OF GIRDHARI RAM MEGHWAL, VILLAGE-",Rajasthan,22.0,31.0,6.8,7.6,15000.0,16000.0,2.3,6.7,8.3,15.4,3.0,3.0,4.0,4.0,,,,,,,26.5,0,7.199999999999999,0,15500.0,4.5,11.850000000000001,0,3.0,4.0,,0,,0,,0
2018,2986,"NANDWAN, JODHPUR, RAJASTHAN TUBE WELL OF GIRDHARI LAL, BHITUJA,",Rajasthan,24.0,24.0,7.7,8.1,2000.0,3800.0,1.8,4.2,2.1,2.8,3.0,3.0,3.0,3.0,,,,,,,24.0,0,7.9,0,2900.0,3.0,2.45,0,3.0,3.0,,0,,0,,0
2018,2987,"CWR OF PHED, BHITUJA, RAJASTHAN",Rajasthan,24.0,24.0,7.8,7.8,6200.0,8700.0,1.8,1.8,1.8,2.8,3.0,3.0,3.0,3.0,,,,,,,24.0,0,7.8,0,7450.0,1.8,2.3,0,3.0,3.0,,0,,0,,0
2018,2988,"WELL OF PEMA RAM MALI, BHITUJA, RAJASTHAN",Rajasthan,24.0,24.0,7.6,8.4,5000.0,5500.0,1.3,1.9,1.7,2.8,3.0,3.0,3.0,3.0,,,,,,,24.0,0,8.0,0,5250.0,1.6,2.25,0,3.0,3.0,,0,,0,,0
2018,2989,"WELL OF BABULAL UKKAD JI MALI, SAKARNA",Rajasthan,24.0,24.0,7.6,8.4,7100.0,10200.0,1.9,5.7,1.8,2.8,3.0,3.0,4.0,7.0,,,,,,,24.0,0,8.0,0,8650.0,3.8,2.3,0,3.0,5.5,,0,,0,,0
2018,2990,"SAKARNA BERA, BALOTRA, JODHPUR, WELL OF BHIKSINGH S/O AMAR SINGH PUROHIT,",Rajasthan,25.0,25.0,8.1,8.4,14400.0,14400.0,1.8,16.4,1.8,3.1,3.0,3.0,4.0,7.0,,,,,,,25.0,0,8.25,0,14400.0,9.1,2.45,0,3.0,5.5,,0,,0,,0
2018,2991,"WELL OF BHAG JI LAXMAN RAM MALI, SAKARNA",Rajasthan,25.0,25.0,8.1,8.2,10500.0,10800.0,2.2,14.8,1.7,2.8,3.0,4.0,4.0,7.0,,,,,,,25.0,0,8.149999999999999,0,10650.0,8.5,2.25,0,3.5,5.5,,0,,0,,0
2018,2993,"BERA, BALOTRA, JODHPUR, RAJASTHAN WELL OF CHOUTHA RAM PUSA PAM, LEFT SIDE",Rajasthan,25.0,25.0,7.9,8.4,4400.0,8200.0,1.8,6.7,2.1,2.7,3.0,3.0,4.0,4.0,,,,,,,25.0,0,8.15,0,6300.0,4.25,2.4000000000000004,0,3.0,4.0,,0,,0,,0
2018,2999,"OF BRIDGE LUNI, BALOTRA, RAJASTHAN BORE WELL SH. PREM CHAND, VILLAGE PHALSHA",Rajasthan,26.0,26.0,7.0,7.5,1560.0,1610.0,0.3,2.2,2.2,2.6,3.0,3.0,3.0,3.0,,,,,,,26.0,0,7.25,0,1585.0,1.25,2.4000000000000004,0,3.0,3.0,,0,,0,,0
2018,3000,"HORIDWARI RAM 3A-16 UIT, BHIWADI, MODE RIA CHOPNADI, RAJASTHAN BORE WELL SH. UMESH KUMAR S/O SH.",Rajasthan,26.0,27.0,6.9,7.6,990.0,1020.0,0.5,1.3,2.3,3.1,3.0,3.0,3.0,3.0,,,,,,,26.5,0,7.25,0,1005.0,0.9,2.7,0,3.0,3.0,,0,,0,,0
2018,3001,"BORE WELL SH. BHRAM JEET SERVICE STATION,",Rajasthan,27.0,29.0,6.9,7.6,1260.0,1410.0,0.6,1.3,1.8,2.6,3.0,3.0,3.0,3.0,,,,,,,28.0,0,7.25,0,1335.0,0.95,2.2,0,3.0,3.0,,0,,0,,0
2018,3002,"BHIWADI, RAJASTHAN BORE WELL M/S R.C. PALACE HOTEL, BHIWADI,",Rajasthan,26.0,29.0,7.1,7.6,1130.0,1560.0,0.6,1.3,2.3,2.7,3.0,3.0,3.0,3.0,,,,,,,27.5,0,7.35,0,1345.0,0.95,2.5,0,3.0,3.0,,0,,0,,0
2018,3003,"BORE WELL OFFICE OF RAJ. HOUSING BOARD,",Rajasthan,25.0,28.0,7.3,7.7,1290.0,1870.0,0.5,1.5,2.2,2.3,3.0,3.0,3.0,3.0,,,,,,,26.5,0,7.5,0,1580.0,1.0,2.25,0,3.0,3.0,,0,,0,,0
2018,3004,"BHIWADI, RAJASTHAN BORE WELL OF M/S MODERN PUBLIC SCHOOL,",Rajasthan,26.0,28.0,7.7,7.8,1240.0,1390.0,0.5,2.0,1.8,2.1,3.0,3.0,3.0,3.0,,,,,,,27.0,0,7.75,0,1315.0,1.25,1.9500000000000002,0,3.0,3.0,,0,,0,,0
2018,3005,"BHIWADI, RAJASTHAN BORE WELL OF M/S KUNDAN EDIBLE FOOD",Rajasthan,27.0,27.0,6.9,7.8,1010.0,1010.0,0.7,1.5,1.5,1.7,3.0,3.0,3.0,3.0,,,,,,,27.0,0,7.35,0,1010.0,1.1,1.6,0,3.0,3.0,,0,,0,,0
2018,3006,"PRODUCT, KHUSKHERA, RAJASTHAN HAND PUMP NEAR NEVTA TIRAHA, NEVTA DAM,",Rajasthan,26.0,26.0,7.6,8.3,2100.0,2300.0,1.5,1.8,2.6,2.7,3.0,3.0,3.0,3.0,,,,,,,26.0,0,7.95,0,2200.0,1.65,2.6500000000000004,0,3.0,3.0,,0,,0,,0
2018,4168,"HAND PUMP AT VILLAGE MANDAPIA, BHILWARA SANGANER, JAIPUR, RAJASTHAN",Rajasthan,17.0,17.0,7.5,7.5,5700.0,5700.0,1.3,1.3,3.0,3.0,,,,,,,,,,,17.0,0,7.5,0,5700.0,1.3,3.0,0,,,,0,,0,,0
2018,4169,"HAND PUMP AT VILLAGE MANGROP, BHILWARA",Rajasthan,18.0,21.0,7.3,7.6,1140.0,1390.0,1.2,2.0,1.8,2.5,4.0,4.0,11.0,11.0,,,,,,,19.5,0,7.449999999999999,0,1265.0,1.6,2.15,0,4.0,11.0,,0,,0,,0
2018,4170,"HAND PUMP AT VILLAGE ATOON, BHILWARA",Rajasthan,18.0,22.0,7.3,7.8,1290.0,1480.0,0.8,1.8,2.5,2.8,4.0,4.0,7.0,7.0,,,,,,,20.0,0,7.55,0,1385.0,1.3,2.65,0,4.0,7.0,,0,,0,,0
2018,4176,"HAND PUMP NEAR RIICO INUSTRIAL AREA,",Rajasthan,20.0,29.0,7.4,7.6,3100.0,3300.0,1.2,1.7,2.5,3.1,4.0,4.0,7.0,7.0,,,,,,,24.5,0,7.5,0,3200.0,1.45,2.8,0,4.0,7.0,,0,,0,,0
2018,4177,"SWAROOP NAGAR, UDAIPUR AAJOLIYON KA KHERA, GANGRAR, CHITTORGARH",Rajasthan,16.0,32.0,8.3,8.6,580.0,630.0,0.6,2.2,2.4,3.0,7.0,14.0,11.0,150.0,,,,,,,24.0,0,8.45,1,605.0,1.4000000000000001,2.7,0,10.5,80.5,,0,,0,,0
2018,4178,"GOVERDHAN SAGAR, UDAIPUR",Rajasthan,16.0,32.0,8.2,8.6,1050.0,1270.0,1.1,4.3,2.3,3.1,7.0,20.0,20.0,75.0,,,,,,,24.0,0,8.399999999999999,1,1160.0,2.7,2.7,0,13.5,47.5,,0,,0,,0
2018,4180,"VIDHYALAYA, NAYAGAON, RAMPUR MUNDANA, BOREWELL OF JYOTI UCHCH MADHYMIC",Rajasthan,26.0,26.0,7.8,7.8,1240.0,1240.0,0.4,0.4,1.1,1.1,3.0,3.0,4.0,4.0,,,,,,,26.0,0,7.8,0,1240.0,0.4,1.1,0,3.0,4.0,,0,,0,,0
2018,4181,"BHIWADI BOREWELL IN THE HOUSE AKRAM KHAN,",Rajasthan,27.0,27.0,7.7,7.7,1410.0,1410.0,1.2,1.2,1.1,1.1,3.0,3.0,4.0,4.0,,,,,,,27.0,0,7.7,0,1410.0,1.2,1.1,0,3.0,4.0,,0,,0,,0
2018,15,WELL AT KUYYURA,Telangana,29.0,29.0,7.3,7.3,880.0,880.0,2.0,2.0,0.0,1.3,24.0,24.0,700.0,700.0,,,,,,,29.0,0,7.3,0,880.0,2.0,0.65,0,24.0,700.0,,0,,0,,0
2018,16,WELL AT TADAVAI,Telangana,28.0,29.0,7.9,7.9,739.0,822.0,4.0,4.0,1.1,15.9,2.0,26.0,15.0,400.0,,,,,,,28.5,0,7.9,0,780.5,4.0,8.5,0,14.0,207.5,,0,,0,,0
2018,27,WELL AT PEDDAVOORA,Telangana,26.0,27.0,6.4,8.2,684.0,2606.0,3.0,3.0,0.7,32.6,8.0,50.0,45.0,400.0,,,,,,,26.5,0,7.3,0,1645.0,3.0,16.650000000000002,0,29.0,222.5,,0,,0,,0
2018,1515,"B/W. - NAGARAM(V), PALVONCHA, KHAMMAM",Telangana,30.0,30.0,7.2,7.3,1001.0,1170.0,6.0,7.0,7.9,25.4,2.0,26.0,18.0,3125.0,,,,,,,30.0,0,7.25,0,1085.5,6.5,16.65,0,14.0,1571.5,,0,,0,,0
2018,1525,"DIST. B/W - IDA , NEAR CHAITANYA CHLORIDES ,",Telangana,26.0,30.0,7.2,7.3,3050.0,3120.0,,,22.6,28.7,2.0,2.0,2.0,2.0,,,,,,,28.0,0,7.25,0,3085.0,,25.65,0,2.0,2.0,,0,,0,,0
2018,1791,"PASHAMAYLAM , MEDAK DIST. B/W. - EAST OF SAICHERUVU , PAIDIPALLY (V),",Telangana,28.0,31.0,7.2,7.3,1188.0,1528.0,8.0,12.0,3.7,8.2,2.0,25.0,12.0,12050.0,,,,,,,29.5,0,7.25,0,1358.0,10.0,5.949999999999999,0,13.5,6031.0,,0,,0,,0
2018,1792,"WARANGAL DIST. B/W -NEAR CKM COLLEGE , ENUMAMULA (V) ,",Telangana,28.0,30.0,7.0,8.0,1396.0,1511.0,4.0,6.0,14.5,18.3,2.0,27.0,13.0,14.0,,,,,,,29.0,0,7.5,0,1453.5,5.0,16.4,0,14.5,13.5,,0,,0,,0
2018,1793,"KUNDANPALLY (V) , RAMAGUNDAM , WARANGAL DIST. O/W - BHOOMAIAH NEAR ASHPONDS OF NTPC ,",Telangana,26.0,26.0,7.3,7.7,1692.0,1945.0,4.0,6.0,0.2,1.5,18.0,28.0,540.0,650.0,,,,,,,26.0,0,7.5,0,1818.5,5.0,0.85,0,23.0,595.0,,0,,0,,0
2018,1794,"B/W - MANAKONDUR (V) , KARIMNAGAR DIST. KARIMNAGAR",Telangana,26.0,28.0,7.2,7.3,1065.0,1161.0,6.0,7.0,0.0,4.3,2.0,22.0,230.0,550.0,,,,,,,27.0,0,7.25,0,1113.0,6.5,2.15,0,12.0,390.0,,0,,0,,0
2018,1795,"B/W. - PANCHAYAT OFFICE , , BOLLARAM (V)",Telangana,26.0,29.0,7.1,7.5,3560.0,3640.0,,,45.8,49.9,2.0,2.0,2.0,2.0,,,,,,,27.5,0,7.3,0,3600.0,,47.849999999999994,1,2.0,2.0,,0,,0,,0
2018,1810,"MEDAK DIST. B/W - SRI RAMNAGAR COLONY, SHAKKAR",Telangana,26.0,26.0,7.0,8.0,2918.0,2938.0,,,24.6,32.5,2.0,2.0,2.0,2.0,,,,,,,26.0,0,7.5,0,2928.0,,28.55,0,2.0,2.0,,0,,0,,0
2018,1811,"B/W. - PRIMARY SCHOOL - RUDRAVELLI (V) ,",Telangana,24.0,25.0,6.6,7.8,1845.0,2011.0,,,12.5,22.3,2.0,2.0,2.0,2.0,,,,,,,24.5,0,7.199999999999999,0,1928.0,,17.4,0,2.0,2.0,,0,,0,,0
2018,3088,"AREA, RAMAVARAM, NEAR MWS DUMPSITE, BIBINAGAR (M), NALGONDA DIST. B/W AT J.NARASIMHA RAO’S HOUSE, 14NOS.",Telangana,29.0,30.0,6.5,6.8,1674.0,1776.0,7.0,8.0,11.4,41.9,2.0,25.0,6.0,8025.0,,,,,,,29.5,0,6.65,0,1725.0,7.5,26.65,0,13.5,4015.5,,0,,0,,0
2018,3094,"KOTHAGUDEM, KHAMMAM B/W AT AKBARNAGAR, RAMAGUNDAM,",Telangana,26.0,29.0,7.8,7.9,855.0,889.0,4.0,6.0,,,8.0,26.0,130.0,600.0,,,,,,,27.5,0,7.85,0,872.0,5.0,,0,17.0,365.0,,0,,0,,0
2018,4260,"KARIMNAGAR BORE WELL NEAR MSW DUMP YARD, MEDAK",Telangana,31.0,31.0,7.7,7.8,1168.0,1250.0,2.0,3.0,6.7,6.8,,,,,,,,,,,31.0,0,7.75,0,1209.0,2.5,6.75,0,,,,0,,0,,0
2018,4261,"BOLLARAM, JINNARAM MANDAL, SANGAREDDY TOWN MEDAK DISTRICT BORE WELL AT M/S SHALINI STEELS LTD, IDA",Telangana,27.0,27.0,6.4,6.4,5560.0,5560.0,,,62.5,62.5,,,,,,,,,,,27.0,0,6.4,0,5560.0,,62.5,1,,,,0,,0,,0
2018,4262,"KISTAIPALLY VILLAGE JINNARM MANDAL, DISTRICT BOREWELL NEAR GRAMPANCHYAT OFFICE,",Telangana,27.0,28.0,6.9,6.9,1694.0,2117.0,3.0,3.0,20.5,62.5,,,,,,,,,,,27.5,0,6.9,0,1905.5,3.0,41.5,1,,,,0,,0,,0
2018,4263,"GADDAPOTHARAM VILLAGE, JINNARAM BOREWELL NEAR MPP SCHOOL",Telangana,27.0,32.0,7.0,7.3,3170.0,3590.0,,,25.3,30.3,,,,,,,,,,,29.5,0,7.15,0,3380.0,,27.8,0,,,,0,,0,,0
2018,4264,"SCHOOL BHUDAM POCHAMPALLY (V & M) MANDAL, SANGAREDDY DISTRICT BORE WELL WATER POINT AT ZP GIRLS HIGH",Telangana,27.0,27.0,6.6,7.6,2842.0,3380.0,,,21.1,48.2,,,,,,,,,,,27.0,0,7.1,0,3111.0,,34.650000000000006,1,,,,0,,0,,0
2018,4265,"YADADRI DISTRICT B/W AT GRAM PANCHAYATH OFFICE,",Telangana,26.0,27.0,6.9,7.0,1480.0,2034.0,,,47.2,63.3,,,,,,,,,,,26.5,0,6.95,0,1757.0,,55.25,1,,,,0,,0,,0
2018,4266,"YELLAREDDY (N) SADASHIVANAGAR (M) DOTHIGUDAM BOREWELL NEAR PRIMARY SCHOOL, ADLOOR",Telangana,28.0,28.0,6.9,6.9,1694.0,1694.0,3.0,3.0,62.5,62.5,,,,,,,,,,,28.0,0,6.9,0,1694.0,3.0,62.5,1,,,,0,,0,,0
2018,4267,BOREWELL IDA KATTEDAN KAMAREDDY DIST,Telangana,29.0,29.0,7.0,7.8,2036.0,3520.0,53.0,53.0,48.4,53.0,49.0,49.0,530.0,530.0,,,,,,,29.0,0,7.4,0,2778.0,53.0,50.7,1,49.0,530.0,,0,,0,,0
2018,4268,"RAO, H.NO. 2-42 875, ABESTOS COLONY, GANDHI BOREWELL LOCATED AT HOUSE OF SRI VITAL",Telangana,26.0,26.0,6.7,7.4,1401.0,1722.0,12.0,16.0,0.5,10.9,2.0,2.0,430.0,430.0,,,,,,,26.0,0,7.050000000000001,0,1561.5,14.0,5.7,0,2.0,430.0,,0,,0,,0
2018,4269,"NAGAR, BALANAGAR, MEDCHAL DISTRICT BOREWELL LOCATED AT HOUSE OF SRI P NEKATESH RAJU, PLOT NO 115,22 321, APIIC, CO-",Telangana,25.0,27.0,6.6,7.8,2676.0,3140.0,16.0,24.0,1.2,6.1,8.0,8.0,540.0,540.0,,,,,,,26.0,0,7.199999999999999,0,2908.0,20.0,3.65,0,8.0,540.0,,0,,0,,0
2018,4270,"[PERATIVE CONONY, JEEDIMETLA, QUTHBULLAPUR (M) MEDCHAL DISTRICT BOREWELL LOCATED AT HOUSE OF P. ANJANEYULU, PLOT NO,25, SHAKTHIPURAM,",Telangana,25.0,29.0,7.1,7.3,2264.0,2448.0,8.0,10.0,12.6,32.6,4.0,4.0,220.0,220.0,,,,,,,27.0,0,7.199999999999999,0,2356.0,9.0,22.6,0,4.0,220.0,,0,,0,,0
2018,4271,"SCHOOL, SY. NO 32 DHULAPALLY (V) PRASHANTH NAGAR, I. E. KUKATPALLY, MEDCHAL DISTRICT BOREWELL LOCATED AT GOVERNMENT PRIMARY",Telangana,26.0,28.0,6.9,7.3,1853.0,1883.0,10.0,12.0,25.6,28.1,6.0,6.0,540.0,540.0,,,,,,,27.0,0,7.1,0,1868.0,11.0,26.85,0,6.0,540.0,,0,,0,,0
2018,4272,"AHMEDGUDA, AMBEDKAR NAGAR, KAPRA QUTHBULLAPUR (M) MEDCHAL DISTRICT. BOREWELL LOCATED AT RAHIV GRUHA KA;PA,",Telangana,28.0,30.0,7.4,7.6,709.0,791.0,2.0,6.0,1.2,2.7,2.0,2.0,220.0,220.0,,,,,,,29.0,0,7.5,0,750.0,4.0,1.9500000000000002,0,2.0,220.0,,0,,0,,0
2018,4273,MEDCHAL DISTRICT. BOREWELL LOCATED AT THANDA DUNDIGAL (V),Telangana,28.0,32.0,6.8,7.2,2954.0,3030.0,16.0,22.0,17.5,23.9,10.0,10.0,280.0,280.0,,,,,,,30.0,0,7.0,0,2992.0,19.0,20.7,0,10.0,280.0,,0,,0,,0
2018,4274,DHUNDIGAL (M) MEDCHAL DISTRICT BOREWELL POINTS AT THE PERIPHERY OF THE,Telangana,28.0,33.0,7.1,7.6,1678.0,1953.0,3.0,10.0,18.3,20.7,2.0,2.0,540.0,540.0,,,,,,,30.5,0,7.35,0,1815.5,6.5,19.5,0,2.0,540.0,,0,,0,,0
2018,4275,"IDA, JEEDIMETLA BOREWELL POINTS AT THE PERIPHERY OF THE ISA",Telangana,28.0,28.0,7.4,7.4,2185.0,2185.0,18.0,18.0,11.2,11.2,2.0,2.0,430.0,430.0,,,,,,,28.0,0,7.4,0,2185.0,18.0,11.2,0,2.0,430.0,,0,,0,,0
2018,4276,"BALANAGAR BOREWELL NEAR GRAM PANCHAYAT OFFICE,",Telangana,27.0,29.0,7.5,7.8,1954.0,2036.0,,,48.4,55.5,,,,,,,,,,,28.0,0,7.65,0,1995.0,,51.95,1,,,,0,,0,,0
2018,4277,"B/W AT ZPHS SULTHANPUR KHAZIPALLY VILLAGE, SANGAREDDY DISTRIST",Telangana,28.0,32.0,6.5,6.7,5940.0,6980.0,,,50.8,61.0,7.0,7.0,38.0,38.0,,,,,,,30.0,0,6.6,0,6460.0,,55.9,1,7.0,38.0,,0,,0,,0
2018,4278,"B/W AT AUROBINDO, HATNUR, SANGAREDDY",Telangana,28.0,33.0,6.5,7.1,798.0,4340.0,,,7.6,30.7,,,,,,,,,,,30.5,0,6.8,0,2569.0,,19.15,0,,,,0,,0,,0
2018,1405,"WELL AT UDAIPUR (TUBEWELL), TRIPURA",Tripura,25.0,27.0,7.5,7.8,129.0,157.0,0.0,0.0,0.4,0.9,2.0,2.0,2.0,2.0,,,,,,,26.0,0,7.65,0,143.0,0.0,0.65,0,2.0,2.0,,0,,0,,0
2018,1406,"WELL AROUND UDAIPUR (TUBEWELL), TRIPURA",Tripura,25.0,28.0,5.9,6.5,134.0,181.0,0.0,0.0,0.3,0.4,2.0,2.0,2.0,2.0,,,,,,,26.5,0,6.2,0,157.5,0.0,0.35,0,2.0,2.0,,0,,0,,0
2018,1730,"KUNJBAN, AGARTALA, TRIPURA",Tripura,26.0,27.0,5.8,6.0,116.0,129.0,0.0,0.0,0.4,0.4,2.0,2.0,2.0,2.0,,,,,,,26.5,0,5.9,0,122.5,0.0,0.4,0,2.0,2.0,,0,,0,,0
2018,1731,"LANKAMURA, TRIPURA",Tripura,25.0,27.0,6.4,6.5,108.0,113.0,0.0,0.0,0.2,0.3,2.0,2.0,2.0,2.0,,,,,,,26.0,0,6.45,0,110.5,0.0,0.25,0,2.0,2.0,,0,,0,,0
2018,1732,"A.D.NAGAR, AGARTALA, TRIPURA",Tripura,26.0,27.0,5.9,6.0,124.0,131.0,0.0,0.0,0.3,0.4,2.0,2.0,2.0,2.0,,,,,,,26.5,0,5.95,0,127.5,0.0,0.35,0,2.0,2.0,,0,,0,,0
2018,1733,"SHIBNAGAR, AGARTALA, TRIPURA",Tripura,25.0,27.0,6.3,6.4,124.0,156.0,0.0,0.0,0.2,0.3,2.0,2.0,2.0,2.0,,,,,,,26.0,0,6.35,0,140.0,0.0,0.25,0,2.0,2.0,,0,,0,,0
2018,1734,"GANDHIGRAM, AGARTALA, TRIPURA",Tripura,25.0,27.0,6.7,6.8,118.0,131.0,0.0,0.0,0.2,0.4,2.0,2.0,2.0,2.0,,,,,,,26.0,0,6.75,0,124.5,0.0,0.30000000000000004,0,2.0,2.0,,0,,0,,0
2018,3423,"TUBE WELL AT HAPANIA, WEST TRIPURA",Tripura,26.0,28.0,6.4,6.8,137.0,138.0,0.0,0.0,0.3,0.4,2.0,2.0,2.0,2.0,,,,,,,27.0,0,6.6,0,137.5,0.0,0.35,0,2.0,2.0,,0,,0,,0
2018,3424,"TUBE WELL AT NAGICHERRA, WEST TRIPURA",Tripura,26.0,28.0,6.4,6.6,118.0,125.0,0.0,0.5,0.2,0.3,2.0,2.0,2.0,2.0,,,,,,,27.0,0,6.5,0,121.5,0.25,0.25,0,2.0,2.0,,0,,0,,0
2018,3425,,Tripura,27.0,28.0,6.2,6.9,135.0,147.0,0.0,0.0,0.3,0.3,2.0,2.0,2.0,2.0,,,,,,,27.5,0,6.550000000000001,0,141.0,0.0,0.3,0,2.0,2.0,,0,,0,,0
2018,3426,"TUBE WELL AT B.C.MANU, SOUTH TRIPURA",Tripura,25.0,27.0,6.2,6.3,118.0,137.0,0.0,0.0,0.2,0.3,2.0,2.0,2.0,2.0,,,,,,,26.0,0,6.25,0,127.5,0.0,0.25,0,2.0,2.0,,0,,0,,0
2018,3427,"TUBE WELL AT SHANTIR BAZAR, SOUTH TRIPURA",Tripura,27.0,27.0,6.4,6.4,109.0,122.0,0.0,0.5,0.2,0.2,2.0,2.0,2.0,2.0,,,,,,,27.0,0,6.4,0,115.5,0.25,0.2,0,2.0,2.0,,0,,0,,0
2018,3428,"TUBE WELL AT BAGAFA, SOUTH TRIPURA",Tripura,26.0,27.0,6.1,6.9,123.0,134.0,0.0,0.0,0.2,0.2,2.0,2.0,2.0,2.0,,,,,,,26.5,0,6.5,0,128.5,0.0,0.2,0,2.0,2.0,,0,,0,,0
2018,3429,"TUBE WELL AT 82 MILE, DHALAI",Tripura,26.0,27.0,6.3,6.6,128.0,145.0,0.0,0.2,0.2,0.2,2.0,2.0,2.0,2.0,,,,,,,26.5,0,6.449999999999999,0,136.5,0.1,0.2,0,2.0,2.0,,0,,0,,0
2018,3430,"TUBE WELL AT JAWAHANAGAR, DHALAI",Tripura,25.0,26.0,6.2,6.5,126.0,144.0,0.0,0.0,0.2,0.2,2.0,2.0,2.0,2.0,,,,,,,25.5,0,6.35,0,135.0,0.0,0.2,0,2.0,2.0,,0,,0,,0
2018,3431,"TUBE WELL AT KULAI, DHALAI",Tripura,26.0,27.0,5.9,5.9,122.0,137.0,0.0,0.4,0.1,0.2,2.0,2.0,2.0,2.0,,,,,,,26.5,0,5.9,0,129.5,0.2,0.15000000000000002,0,2.0,2.0,,0,,0,,0
2018,3432,TUBE WELL AT CHURAIBARI (INTERSTATE,Tripura,26.0,26.0,6.1,6.2,128.0,145.0,0.0,0.2,0.3,0.4,2.0,2.0,2.0,2.0,,,,,,,26.0,0,6.15,0,136.5,0.1,0.35,0,2.0,2.0,,0,,0,,0
2018,3433,"BOUNDRY), NORTH TRIPURA TUBE WELL AT KAMESWAR, INDUSTRIAL ESTATE",Tripura,25.0,26.0,6.3,6.6,138.0,177.0,0.0,0.4,0.3,0.3,2.0,2.0,2.0,2.0,,,,,,,25.5,0,6.449999999999999,0,157.5,0.2,0.3,0,2.0,2.0,,0,,0,,0
2018,3434,"AREA, NORTH TRIPURA TUBE WELL AT KUMARGHAT, INDUSTRIAL ESTATE",Tripura,26.0,26.0,6.2,6.9,132.0,151.0,0.0,0.0,0.3,0.4,2.0,2.0,2.0,2.0,,,,,,,26.0,0,6.550000000000001,0,141.5,0.0,0.35,0,2.0,2.0,,0,,0,,0
2018,3435,"TUBE WELL AT GOUR NAGAR, NORTH TRIPURA AREA, NORTH TRIPURA",Tripura,25.0,26.0,6.5,7.0,142.0,187.0,0.0,0.1,0.2,0.3,2.0,2.0,2.0,2.0,,,,,,,25.5,0,6.75,0,164.5,0.05,0.25,0,2.0,2.0,,0,,0,,0
2018,3436,"TUBE WELL AT KAILASHAHAR, NORTH TRIPURA",Tripura,26.0,26.0,5.9,6.1,184.0,206.0,0.0,0.2,0.3,0.4,2.0,2.0,2.0,2.0,,,,,,,26.0,0,6.0,0,195.0,0.1,0.35,0,2.0,2.0,,0,,0,,0
2018,4185,TUBE WELL AT JIRANIA,Tripura,26.0,26.0,7.1,7.1,135.0,135.0,0.2,0.2,0.2,0.2,,,,,,,,,,,26.0,0,7.1,0,135.0,0.2,0.2,0,,,,0,,0,,0
2018,4186,TUBE WELL AT DOKLI,Tripura,27.0,27.0,6.3,6.3,96.0,96.0,0.1,0.1,0.3,0.3,,,,,,,,,,,27.0,0,6.3,0,96.0,0.1,0.3,0,,,,0,,0,,0
2018,4187,TUBE WELL AT BADHARGHAT,Tripura,27.0,27.0,7.0,7.0,96.0,96.0,0.1,0.1,0.3,0.3,,,,,,,,,,,27.0,0,7.0,0,96.0,0.1,0.3,0,,,,0,,0,,0
2018,4188,TUBE WELL AT ARUNDHATI NAGAR,Tripura,26.0,26.0,7.2,7.2,108.0,108.0,0.2,0.2,0.2,0.2,,,,,,,,,,,26.0,0,7.2,0,108.0,0.2,0.2,0,,,,0,,0,,0
2018,4189,TUBE WELL AT NANADANNAGAR,Tripura,27.0,27.0,6.9,6.9,97.0,97.0,0.1,0.1,0.2,0.2,,,,,,,,,,,27.0,0,6.9,0,97.0,0.1,0.2,0,,,,0,,0,,0
2018,4190,TUBE WELL AT DEBENDRA CHANDRA NAGAR,Tripura,27.0,27.0,6.3,6.3,112.0,112.0,0.1,0.1,0.3,0.3,,,,,,,,,,,27.0,0,6.3,0,112.0,0.1,0.3,0,,,,0,,0,,0
2018,4191,TUBE WELL AT SURYAMONI NAGAR,Tripura,26.0,26.0,7.0,7.0,106.0,106.0,0.1,0.1,0.3,0.3,,,,,,,,,,,26.0,0,7.0,0,106.0,0.1,0.3,0,,,,0,,0,,0
2018,4200,TUBE WELL AT BISHALGARH,Tripura,26.0,26.0,6.9,6.9,137.0,137.0,0.0,0.0,0.2,0.2,,,,,,,,,,,26.0,0,6.9,0,137.0,0.0,0.2,0,,,,0,,0,,0
2018,4201,TUBE WELL AT SONAMURA,Tripura,27.0,27.0,5.9,5.9,143.0,143.0,0.1,0.1,0.2,0.2,,,,,,,,,,,27.0,0,5.9,0,143.0,0.1,0.2,0,,,,0,,0,,0
2018,4202,TUBE WELL AT BISHRAMGANJ,Tripura,27.0,27.0,5.7,5.7,157.0,157.0,0.1,0.1,0.2,0.2,2.0,2.0,2.0,2.0,,,,,,,27.0,0,5.7,0,157.0,0.1,0.2,0,2.0,2.0,,0,,0,,0
2018,4203,TUBE WELL AT KARBOOK,Tripura,26.0,26.0,6.1,6.1,151.0,151.0,0.1,0.1,0.3,0.3,2.0,2.0,2.0,2.0,,,,,,,26.0,0,6.1,0,151.0,0.1,0.3,0,2.0,2.0,,0,,0,,0
2018,4204,TUBE WELL AT AMARPUR,Tripura,26.0,26.0,6.2,6.2,149.0,149.0,0.1,0.1,0.3,0.3,2.0,2.0,2.0,2.0,,,,,,,26.0,0,6.2,0,149.0,0.1,0.3,0,2.0,2.0,,0,,0,,0
2018,4205,"TUBE WELL AT AMAR SAGAR, UDAIPUR",Tripura,27.0,27.0,6.3,6.3,144.0,144.0,0.1,0.1,0.4,0.4,2.0,2.0,2.0,2.0,,,,,,,27.0,0,6.3,0,144.0,0.1,0.4,0,2.0,2.0,,0,,0,,0
2018,4206,"TUBE WELL AT DHANI SAGAR, UDAIPUR",Tripura,27.0,27.0,5.9,5.9,137.0,137.0,0.1,0.1,0.5,0.5,2.0,2.0,2.0,2.0,,,,,,,27.0,0,5.9,0,137.0,0.1,0.5,0,2.0,2.0,,0,,0,,0
2018,4207,TUBE WELL AT SABROOM,Tripura,27.0,27.0,6.5,6.5,148.0,148.0,0.1,0.1,0.3,0.3,2.0,2.0,2.0,2.0,,,,,,,27.0,0,6.5,0,148.0,0.1,0.3,0,2.0,2.0,,0,,0,,0
2018,4208,TUBE WELL AT JOLAIBARI,Tripura,26.0,26.0,6.3,6.3,189.0,189.0,0.1,0.1,0.4,0.4,2.0,2.0,2.0,2.0,,,,,,,26.0,0,6.3,0,189.0,0.1,0.4,0,2.0,2.0,,0,,0,,0
2018,4209,TUBE WELL AT BELONIA,Tripura,27.0,27.0,6.5,6.5,151.0,151.0,0.0,0.0,0.3,0.3,2.0,2.0,2.0,2.0,,,,,,,27.0,0,6.5,0,151.0,0.0,0.3,0,2.0,2.0,,0,,0,,0
2018,4210,TUBE WELL AT AMBASSA,Tripura,26.0,26.0,6.1,6.1,145.0,145.0,0.1,0.1,0.3,0.3,2.0,2.0,2.0,2.0,,,,,,,26.0,0,6.1,0,145.0,0.1,0.3,0,2.0,2.0,,0,,0,,0
2018,4211,TUBE WELL AT KAMALPUR,Tripura,26.0,26.0,6.3,6.3,150.0,150.0,0.0,0.0,0.3,0.3,2.0,2.0,2.0,2.0,,,,,,,26.0,0,6.3,0,150.0,0.0,0.3,0,2.0,2.0,,0,,0,,0
2018,4212,TUBE WELL AT CHAWMANU,Tripura,26.0,26.0,6.3,6.3,157.0,157.0,0.1,0.1,0.4,0.4,2.0,2.0,2.0,2.0,,,,,,,26.0,0,6.3,0,157.0,0.1,0.4,0,2.0,2.0,,0,,0,,0
2018,4213,TUBE WELL AT TELIAMURA,Tripura,27.0,27.0,6.3,6.3,135.0,135.0,0.2,0.2,0.3,0.3,2.0,2.0,2.0,2.0,,,,,,,27.0,0,6.3,0,135.0,0.2,0.3,0,2.0,2.0,,0,,0,,0
2018,4214,TUBE WELL AT KHOWAI,Tripura,26.0,26.0,5.5,5.5,157.0,157.0,0.0,0.0,0.4,0.4,2.0,2.0,2.0,2.0,,,,,,,26.0,0,5.5,0,157.0,0.0,0.4,0,2.0,2.0,,0,,0,,0
2018,4215,TUBE WELL AT DHARMANAGAR,Tripura,26.0,26.0,5.4,5.4,183.0,183.0,0.0,0.0,0.4,0.4,2.0,2.0,2.0,2.0,,,,,,,26.0,0,5.4,0,183.0,0.0,0.4,0,2.0,2.0,,0,,0,,0
2018,4216,TUBE WELL AT DAMCHERRA,Tripura,27.0,27.0,5.8,5.8,151.0,151.0,0.1,0.1,0.2,0.2,2.0,2.0,2.0,2.0,,,,,,,27.0,0,5.8,0,151.0,0.1,0.2,0,2.0,2.0,,0,,0,,0
2018,4217,TUBE WELL AT KANCHANPUR,Tripura,26.0,26.0,6.1,6.1,165.0,165.0,0.0,0.0,0.2,0.2,2.0,2.0,2.0,2.0,,,,,,,26.0,0,6.1,0,165.0,0.0,0.2,0,2.0,2.0,,0,,0,,0
2018,4218,TUBE WELL AT PANISAGAR,Tripura,26.0,26.0,6.1,6.1,133.0,133.0,0.1,0.1,0.2,0.2,2.0,2.0,2.0,2.0,,,,,,,26.0,0,6.1,0,133.0,0.1,0.2,0,2.0,2.0,,0,,0,,0
2018,1736,GROUND WATER QUALITY STATION,Uttar Pradesh,20.0,26.0,5.2,7.6,142.0,990.0,1.4,5.6,,,180.0,200.0,360.0,400.0,,,,,,,23.0,0,6.4,0,566.0,3.5,,0,190.0,380.0,,0,,0,,0
2018,1737,"SARDARNAGAR, U.P GROUND WATER QUALITY STATION",Uttar Pradesh,23.0,28.0,5.7,8.4,482.0,670.0,3.1,4.6,0.0,0.3,180.0,2200.0,360.0,3400.0,,,,,,,25.5,0,7.050000000000001,0,576.0,3.8499999999999996,0.15,0,1190.0,1880.0,,0,,0,,0
2018,1738,"CAPTANGANJ, U.P SITE 1, INDUSTRIAL AREA NEAR M/S",Uttar Pradesh,29.0,29.0,7.5,7.5,868.0,868.0,0.1,0.1,0.9,0.9,2.0,2.0,2.0,2.0,,,,,,,29.0,0,7.5,0,868.0,0.1,0.9,0,2.0,2.0,,0,,0,,0
2018,1739,"WOODWARM CHEMICAL LTD., UNNAO, U.P SITE 2, INDUSTRIAL AREA NEAR M/S AMIN SONS,",Uttar Pradesh,29.0,29.0,7.2,7.2,1562.0,1562.0,2.7,2.7,0.8,0.8,2.0,2.0,2.0,2.0,,,,,,,29.0,0,7.2,0,1562.0,2.7,0.8,0,2.0,2.0,,0,,0,,0
2018,1740,"AT ROADWAYS BUS STATION, UNNAO, U.P UNNAO, U.P",Uttar Pradesh,29.0,29.0,7.3,7.3,2475.0,2475.0,0.0,0.0,0.6,0.6,2.0,2.0,23.0,23.0,,,,,,,29.0,0,7.3,0,2475.0,0.0,0.6,0,2.0,23.0,,0,,0,,0
2018,1741,MAGAWARA INDUSTRIAL AREA NEAR M/S,Uttar Pradesh,29.0,29.0,7.4,7.4,786.0,786.0,0.0,0.0,0.5,0.5,2.0,2.0,2.0,2.0,,,,,,,29.0,0,7.4,0,786.0,0.0,0.5,0,2.0,2.0,,0,,0,,0
2018,1742,"JAMJAM TANNERS, UNNAO, U.P CHINHAT INDUSTRIAL AREA IN LUCKNOW NEAR",Uttar Pradesh,,,7.7,7.7,620.0,620.0,0.5,0.5,0.3,0.3,2.0,2.0,2.0,2.0,,,,,,,,0,7.7,0,620.0,0.5,0.3,0,2.0,2.0,,0,,0,,0
2018,1743,"M/S INDIA PESTICIDES LUCKNOW, U.P AISHBAGH INDUSTRIAL AREA AT LUCKNOW NEAR",Uttar Pradesh,,,7.7,7.7,886.0,886.0,0.0,0.0,6.3,6.3,2.0,2.0,2.0,2.0,,,,,,,,0,7.7,0,886.0,0.0,6.3,0,2.0,2.0,,0,,0,,0
2018,1744,"JAJMAU INDUSTRIAL AREA NO. 6 KANPUR, U.P M/S EVEREADY INDUSTRIES LTD. LUCKNOW, U.P",Uttar Pradesh,30.0,30.0,7.1,7.1,2056.0,2056.0,,,,,2.0,2.0,2.0,2.0,,,,,,,30.0,0,7.1,0,2056.0,,,0,2.0,2.0,,0,,0,,0
2018,1745,PANKI INDUSTRIAL AREA NEAR INDUSTRY OF,Uttar Pradesh,30.0,30.0,7.3,7.3,1757.0,1757.0,,,,,2.0,2.0,2.0,2.0,,,,,,,30.0,0,7.3,0,1757.0,,,0,2.0,2.0,,0,,0,,0
2018,1746,"NAGAR PALIKA TUBE WELL, SULTANPUR, U.P AMMONIA FERTIZER KANPUR, U.P",Uttar Pradesh,18.0,18.0,7.7,7.8,802.0,891.0,,,0.1,0.1,,,,,,,,,,,18.0,0,7.75,0,846.5,,0.1,0,,,,0,,0,,0
2018,1747,INDIA MARKA HAND PUMP IN SAROWNI BLOCK,Uttar Pradesh,19.0,19.0,7.8,7.8,869.0,901.0,,,0.2,0.2,,,,,,,,,,,19.0,0,7.8,0,885.0,,0.2,0,,,,0,,0,,0
2018,1751,"AT RAIBAREILLY, U.P TUBE WELL IN INDUSTRIAL AREA AT GAJRAULA,",Uttar Pradesh,,,7.4,7.4,840.0,840.0,1.0,1.0,1.1,1.1,2.0,2.0,2.0,2.0,,,,,,,,0,7.4,0,840.0,1.0,1.1,0,2.0,2.0,,0,,0,,0
2018,1752,"SAHIBABAD INDUSTRIAL AREA, GHAZIABAD, U.P MORADABAD, U.P",Uttar Pradesh,23.0,24.0,7.3,7.4,1620.0,2060.0,1.0,1.1,0.4,0.4,2.0,2.0,2.0,2.0,,,,,,,23.5,0,7.35,0,1840.0,1.05,0.4,0,2.0,2.0,,0,,0,,0
2018,1753,"MEERUT ROAD INDUSTRIAL AREA GHAZIABAD,",Uttar Pradesh,23.0,24.0,7.1,7.3,527.0,576.0,0.3,0.3,0.4,0.4,2.0,2.0,2.0,2.0,,,,,,,23.5,0,7.199999999999999,0,551.5,0.3,0.4,0,2.0,2.0,,0,,0,,0
2018,1754,"HAPUR ROAD INDUSTRIAL AREA GHAZIABAD, U.P U.P",Uttar Pradesh,23.0,24.0,7.2,7.5,760.0,890.0,0.2,0.3,0.3,0.4,2.0,2.0,2.0,2.0,,,,,,,23.5,0,7.35,0,825.0,0.25,0.35,0,2.0,2.0,,0,,0,,0
2018,1755,"PILKHUA INDUSTRIAL AREA GHAZIABAD, U.P",Uttar Pradesh,0.0,24.0,7.2,7.5,1490.0,1525.0,0.2,0.2,0.3,0.3,2.0,2.0,2.0,2.0,,,,,,,12.0,0,7.35,0,1507.5,0.2,0.3,0,2.0,2.0,,0,,0,,0
2018,1756,"GOPIGANJ INDUSTRIAL AREA BHADOHI,",Uttar Pradesh,21.0,27.0,7.5,7.7,457.0,470.0,1.4,1.4,0.0,1.5,,,,,,,,,,,24.0,0,7.6,0,463.5,1.4,0.75,0,,,,0,,0,,0
2018,1758,"GROUND AROUND STP DINAPUR, VARANASI, U.P VARANASI, U.P",Uttar Pradesh,21.0,27.0,7.6,7.7,502.0,525.0,0.9,0.9,0.0,1.7,,,,,,,,,,,24.0,0,7.65,0,513.5,0.9,0.85,0,,,,0,,0,,0
2018,1759,"IFFCO, PHOOLPUR, ALLAHABAD, U.P",Uttar Pradesh,25.0,26.0,6.7,7.2,796.0,848.0,0.3,0.4,1.3,1.5,,,,,,,,,,,25.5,0,6.95,0,822.0,0.35,1.4,0,,,,0,,0,,0
2018,1766,"MINE PIT WATER ASSANSOL, WEST BENGAL",West Bengal,30.0,31.0,7.1,7.5,681.0,835.0,0.6,0.6,0.1,0.1,2.0,8.0,2.0,11.0,,,,,,,30.5,0,7.3,0,758.0,0.6,0.1,0,5.0,6.5,,0,,0,,0
2018,1767,"DURGAPUR TOWN, NEAR IISCO, BURDWAN, WEST BENGAL",West Bengal,28.0,28.0,7.2,7.7,167.0,324.0,0.5,0.6,0.4,0.7,4.0,8.0,7.0,11.0,,,,,,,28.0,0,7.45,0,245.5,0.55,0.55,0,6.0,9.0,,0,,0,,0
2018,1768,"DURGAPUR TOWN, BURDWAN, WEST BENGAL",West Bengal,28.0,31.0,7.3,7.5,737.0,810.0,0.5,0.7,0.9,1.0,2.0,4.0,2.0,8.0,,,,,,,29.5,0,7.4,0,773.5,0.6,0.95,0,3.0,5.0,,0,,0,,0
2018,1769,"INSIDE HINDUSTAN LIVER FACTORY, HALDIA, WEST BENGAL",West Bengal,33.0,35.0,7.3,7.4,1889.0,2025.0,0.6,0.7,0.2,0.3,2.0,2.0,2.0,2.0,,,,,,,34.0,0,7.35,0,1957.0,0.6499999999999999,0.25,0,2.0,2.0,,0,,0,,0
2018,1770,"NEAR IOC REFINERY HALDIA, WEST BENGAL",West Bengal,32.0,34.0,7.2,7.2,2327.0,2380.0,0.4,0.6,0.3,0.4,2.0,2.0,2.0,2.0,,,,,,,33.0,0,7.2,0,2353.5,0.5,0.35,0,2.0,2.0,,0,,0,,0
2018,1771,"KALYANI INDUSTRIAL AREA, NADIA, WEST BENGAL",West Bengal,28.0,28.0,7.8,8.1,834.0,1258.0,0.2,3.0,0.1,0.4,2.0,2.0,2.0,2.0,,,,,,,28.0,0,7.949999999999999,0,1046.0,1.6,0.25,0,2.0,2.0,,0,,0,,0
2018,1772,"BARSAT MUNICIPALITY NORTH 24-P, WEST BENGAL",West Bengal,27.0,29.0,7.0,7.8,1176.0,1216.0,0.2,0.5,0.2,2.3,2.0,2.0,2.0,2.0,,,,,,,28.0,0,7.4,0,1196.0,0.35,1.25,0,2.0,2.0,,0,,0,,0
2018,1773,"TANGRA, CALCUTTA , WEST BENGAL",West Bengal,29.0,32.0,7.2,8.0,1801.0,2087.0,0.6,1.9,0.3,0.4,130.0,220.0,350.0,900.0,,,,,,,30.5,0,7.6,0,1944.0,1.25,0.35,0,175.0,625.0,,0,,0,,0
2018,1774,"TOPSIA CALCUTTA, WEST BENGAL",West Bengal,29.0,34.0,6.9,7.2,1949.0,6070.0,1.4,2.2,0.3,0.4,2.0,4.0,2.0,11.0,,,,,,,31.5,0,7.050000000000001,0,4009.5,1.8,0.35,0,3.0,6.5,,0,,0,,0
2018,1775,"DHAPA CALCUTTA, WEST BENGAL",West Bengal,28.0,32.0,7.2,8.0,1823.0,2378.0,1.7,1.9,0.3,0.3,2.0,2.0,2.0,4.0,,,,,,,30.0,0,7.6,0,2100.5,1.7999999999999998,0.3,0,2.0,3.0,,0,,0,,0
2018,1776,"GARIA CALCUTTA, WEST BENGAL",West Bengal,27.0,29.0,7.4,7.7,921.0,930.0,1.0,1.4,0.1,0.3,2.0,2.0,2.0,2.0,,,,,,,28.0,0,7.550000000000001,0,925.5,1.2,0.2,0,2.0,2.0,,0,,0,,0
2018,1777,"BEHALA CALCUTTA, WEST BENGAL",West Bengal,27.0,28.0,7.6,7.9,981.0,1097.0,0.7,0.7,0.0,0.3,2.0,2.0,2.0,2.0,,,,,,,27.5,0,7.75,0,1039.0,0.7,0.15,0,2.0,2.0,,0,,0,,0
2018,1778,"DOMJUR HOWRAH, WEST BENGAL",West Bengal,28.0,30.0,7.6,7.6,664.0,797.0,0.6,1.7,0.0,0.5,2.0,13.0,2.0,23.0,,,,,,,29.0,0,7.6,0,730.5,1.15,0.25,0,7.5,12.5,,0,,0,,0
2018,1779,"DANKUNI (NEAR COAL COMPLEX), WEST BENGAL",West Bengal,26.0,28.0,7.9,8.2,976.0,1032.0,0.3,0.3,0.1,0.1,2.0,2.0,2.0,2.0,,,,,,,27.0,0,8.05,0,1004.0,0.3,0.1,0,2.0,2.0,,0,,0,,0
2018,1813,"RISHRA, WEST BENGAL",West Bengal,27.0,29.0,7.9,7.9,372.0,754.0,0.2,0.5,0.1,0.2,2.0,2.0,2.0,2.0,,,,,,,28.0,0,7.9,0,563.0,0.35,0.15000000000000002,0,2.0,2.0,,0,,0,,0
2018,1931,COSSIPORE - NORTH KOLKATA,West Bengal,27.0,33.0,7.4,8.2,270.0,2506.0,0.6,2.1,0.2,0.3,2.0,2.0,2.0,2.0,,,,,,,30.0,0,7.8,0,1388.0,1.35,0.25,0,2.0,2.0,,0,,0,,0
2018,1932,CENTRAL KOLKATA,West Bengal,27.0,28.0,7.8,8.5,758.0,897.0,0.8,2.2,0.4,0.8,2.0,2.0,2.0,2.0,,,,,,,27.5,0,8.15,0,827.5,1.5,0.6000000000000001,0,2.0,2.0,,0,,0,,0
2018,1933,"NEAR GALVANISATION UNIT, HOWRAH",West Bengal,27.0,28.0,7.5,7.5,1354.0,1472.0,0.4,0.6,0.2,0.2,2.0,8.0,11.0,70.0,,,,,,,27.5,0,7.5,0,1413.0,0.5,0.2,0,5.0,40.5,,0,,0,,0
2018,1934,CENTRAL HOWRAH-RESIDENTAIL AREA,West Bengal,28.0,28.0,7.6,7.8,2287.0,2546.0,1.3,1.5,0.3,0.4,2.0,2.0,2.0,2.0,,,,,,,28.0,0,7.699999999999999,0,2416.5,1.4,0.35,0,2.0,2.0,,0,,0,,0
2018,1935,INSIDE KOLKATA LEATHER COMPLEX,West Bengal,26.0,28.0,7.2,7.4,1611.0,1648.0,1.4,3.2,0.3,0.3,2.0,8.0,2.0,17.0,,,,,,,27.0,0,7.300000000000001,0,1629.5,2.3,0.3,0,5.0,9.5,,0,,0,,0
2018,1936,RESIDENTIAL AREA - SONARPUR,West Bengal,27.0,28.0,6.9,7.5,871.0,937.0,0.9,2.7,0.0,0.4,2.0,2.0,2.0,2.0,,,,,,,27.5,0,7.2,0,904.0,1.8,0.2,0,2.0,2.0,,0,,0,,0
2018,1937,RAJARHAT - NEW TOWNSHIP,West Bengal,27.0,31.0,7.5,8.3,294.0,2328.0,1.4,2.0,0.4,0.5,2.0,2.0,2.0,2.0,,,,,,,29.0,0,7.9,0,1311.0,1.7,0.45,0,2.0,2.0,,0,,0,,0
2018,1938,BSIRHAT MUNICIPALITY,West Bengal,28.0,31.0,8.1,8.7,1722.0,1749.0,0.9,1.3,0.1,1.2,2.0,2.0,2.0,2.0,,,,,,,29.5,0,8.399999999999999,1,1735.5,1.1,0.65,0,2.0,2.0,,0,,0,,0
2018,1939,BARRAKPORE MUNICIPALITY,West Bengal,28.0,29.0,7.3,8.5,367.0,408.0,0.1,0.3,0.1,0.1,2.0,2.0,2.0,2.0,,,,,,,28.5,0,7.9,0,387.5,0.2,0.1,0,2.0,2.0,,0,,0,,0
2018,1940,NEAR THE PHOSPHATE COMPANY-RISHRA,West Bengal,29.0,29.0,7.8,8.7,520.0,524.0,0.4,0.5,0.1,0.2,2.0,2.0,2.0,2.0,,,,,,,29.0,0,8.25,1,522.0,0.45,0.15000000000000002,0,2.0,2.0,,0,,0,,0
2018,1941,"NEAR FLY ASH DUMPING SITE-KUNTIGHAT, BANDEL",West Bengal,27.0,27.0,8.0,8.1,395.0,407.0,0.2,0.2,0.1,0.1,2.0,2.0,2.0,2.0,,,,,,,27.0,0,8.05,0,401.0,0.2,0.1,0,2.0,2.0,,0,,0,,0
2018,1942,NEAR EXIDE INDUSTRIES-HALDIA,West Bengal,31.0,32.0,7.2,7.5,1490.0,1501.0,0.4,0.5,0.2,0.4,2.0,2.0,2.0,2.0,,,,,,,31.5,0,7.35,0,1495.5,0.45,0.30000000000000004,0,2.0,2.0,,0,,0,,0
2018,1943,"INSIDE TATA METALIKS, KHARAGPUR",West Bengal,32.0,32.0,6.6,7.1,514.0,569.0,0.7,0.9,0.3,0.4,2.0,2.0,2.0,2.0,,,,,,,32.0,0,6.85,0,541.5,0.8,0.35,0,2.0,2.0,,0,,0,,0
2018,1944,KHARAGPUR INDUSTRIAL AREA,West Bengal,31.0,31.0,6.3,6.4,123.0,168.0,0.6,0.9,0.3,0.5,2.0,2.0,2.0,2.0,,,,,,,31.0,0,6.35,0,145.5,0.75,0.4,0,2.0,2.0,,0,,0,,0
2018,1945,ENGLISH BAZAR- MALDAH,West Bengal,23.0,24.0,7.1,7.9,602.0,610.0,0.1,0.7,0.1,0.1,2.0,2.0,2.0,2.0,,,,,,,23.5,0,7.5,0,606.0,0.39999999999999997,0.1,0,2.0,2.0,,0,,0,,0
2018,2510,GEOKHALI BUNGLOW MIDNAPUR-EAST,West Bengal,30.0,31.0,7.2,7.4,1035.0,1113.0,0.3,0.5,0.3,0.3,2.0,2.0,2.0,2.0,,,,,,,30.5,0,7.300000000000001,0,1074.0,0.4,0.3,0,2.0,2.0,,0,,0,,0
2018,2515,"SDO OFFICE, RANAGHAT",West Bengal,27.0,28.0,7.7,8.5,587.0,695.0,0.1,0.2,0.1,0.1,2.0,2.0,2.0,2.0,,,,,,,27.5,0,8.1,0,641.0,0.15000000000000002,0.1,0,2.0,2.0,,0,,0,,0
2018,2516,"SDO OFFICE, KRISHNANAGAR",West Bengal,28.0,28.0,7.7,7.8,748.0,748.0,0.2,0.4,0.1,0.1,2.0,2.0,2.0,2.0,,,,,,,28.0,0,7.75,0,748.0,0.30000000000000004,0.1,0,2.0,2.0,,0,,0,,0
2018,2526,FULBARI BARRAGE,West Bengal,18.0,29.0,6.2,7.1,180.0,181.0,0.4,1.6,0.4,0.6,70.0,110.0,260.0,350.0,,,,,,,23.5,0,6.65,0,180.5,1.0,0.5,0,90.0,305.0,,0,,0,,0
2018,2528,GROUND WATER POINT INSIDE BURDWAN UNIVERSITY,West Bengal,30.0,30.0,6.8,7.2,472.0,503.0,0.4,0.7,0.7,0.9,4.0,4.0,8.0,8.0,,,,,,,30.0,0,7.0,0,487.5,0.55,0.8,0,4.0,8.0,,0,,0,,0
2018,2529,GROUND WATER POINT NEAR BURDWAN STATION,West Bengal,28.0,29.0,6.8,8.0,862.0,957.0,0.5,0.8,0.6,1.0,2.0,2.0,2.0,2.0,,,,,,,28.5,0,7.4,0,909.5,0.65,0.8,0,2.0,2.0,,0,,0,,0
2018,2530,HOT SPRING AT BAKRESHWAR,West Bengal,62.0,69.0,8.4,8.4,551.0,581.0,0.4,0.6,0.5,0.8,2.0,2.0,2.0,2.0,,,,,,,65.5,1,8.4,0,566.0,0.5,0.65,0,2.0,2.0,,0,,0,,0
2018,2533,SURI TOWN NEAR BUS STAND,West Bengal,29.0,30.0,6.9,7.1,742.0,754.0,0.8,1.0,0.2,0.6,2.0,2.0,2.0,2.0,,,,,,,29.5,0,7.0,0,748.0,0.9,0.4,0,2.0,2.0,,0,,0,,0
2018,2535,VISVA BHARATI,West Bengal,29.0,31.0,7.0,7.4,491.0,498.0,0.7,0.9,0.1,1.0,4.0,4.0,7.0,7.0,,,,,,,30.0,0,7.2,0,494.5,0.8,0.55,0,4.0,7.0,,0,,0,,0
2018,2536,NALHATI RAILWAY STATION OF BIRBHUM,West Bengal,27.0,30.0,6.2,6.6,915.0,956.0,0.7,0.8,0.9,1.0,2.0,2.0,2.0,2.0,,,,,,,28.5,0,6.4,0,935.5,0.75,0.95,0,2.0,2.0,,0,,0,,0
2018,2537,BOLPUR NEAR RAILWAY STATION,West Bengal,29.0,29.0,6.7,6.8,434.0,887.0,0.8,0.9,0.9,1.0,2.0,2.0,2.0,2.0,,,,,,,29.0,0,6.75,0,660.5,0.8500000000000001,0.95,0,2.0,2.0,,0,,0,,0
2018,2538,MOREGRAM CROSSING,West Bengal,27.0,30.0,7.0,7.1,348.0,372.0,0.7,0.9,0.2,1.0,2.0,2.0,2.0,2.0,,,,,,,28.5,0,7.05,0,360.0,0.8,0.6,0,2.0,2.0,,0,,0,,0
2018,2540,SATI GHAT AT BANKURA TOWN,West Bengal,26.0,26.0,7.1,7.2,1308.0,1567.0,0.9,1.0,0.0,0.1,2.0,9.0,4.0,14.0,,,,,,,26.0,0,7.15,0,1437.5,0.95,0.05,0,5.5,9.0,,0,,0,,0
2018,2542,DWARIKA AT BISHNUPUR TOWN,West Bengal,26.0,27.0,7.5,7.6,977.0,1048.0,0.5,0.7,0.8,0.9,2.0,2.0,2.0,2.0,,,,,,,26.5,0,7.55,0,1012.5,0.6,0.8500000000000001,0,2.0,2.0,,0,,0,,0
2018,2543,SDO OFFICE AT BISHNUPUR TOWN,West Bengal,26.0,28.0,6.3,7.2,193.0,203.0,0.7,0.7,1.0,1.0,2.0,2.0,2.0,2.0,,,,,,,27.0,0,6.75,0,198.0,0.7,1.0,0,2.0,2.0,,0,,0,,0
2018,2545,GROUND WATER POINT AT PURULIA RK MISSION,West Bengal,28.0,33.0,6.7,7.0,1602.0,2097.0,0.6,0.8,0.2,1.0,2.0,4.0,2.0,9.0,,,,,,,30.5,0,6.85,0,1849.5,0.7,0.6,0,3.0,5.5,,0,,0,,0
2018,2546,ULUBERIA COLLEGE AT HOWRAH,West Bengal,28.0,29.0,7.4,7.8,937.0,959.0,0.5,2.1,0.2,0.3,2.0,2.0,2.0,2.0,,,,,,,28.5,0,7.6,0,948.0,1.3,0.25,0,2.0,2.0,,0,,0,,0
2018,2547,"AMTOLA ON DIAMOND HARBOUR ROAD, 24 PARGANAS (S)",West Bengal,27.0,32.0,7.2,7.7,9612.0,9631.0,0.8,1.2,0.0,0.4,8.0,8.0,11.0,11.0,,,,,,,29.5,0,7.45,0,9621.5,1.0,0.2,0,8.0,11.0,,0,,0,,0
2018,2548,"HIDCO OFFICE, RAJARHAT",West Bengal,29.0,30.0,7.7,8.5,395.0,2602.0,1.3,1.6,0.4,0.4,2.0,4.0,2.0,7.0,,,,,,,29.5,0,8.1,0,1498.5,1.4500000000000002,0.4,0,3.0,4.5,,0,,0,,0
